Date,Band,OfficialVenue,Notable Support,Festival? Y/N,Journal Key,Went With,Comments,Photos
20/02/2026,New Found Glory,Grimey's,,N,20/02/2026Grimey's,The Fans,Historical Artist Entry,
20/02/2026,New Found Glory,The End,,N,20/02/2026The End,The Fans,Historical Artist Entry,
09/12/2025,New Found Glory,The Station SC,,N,09/12/2025The Station SC,The Fans,Historical Artist Entry,
07/12/2025,New Found Glory,Brisbane Showgrounds,,N,07/12/2025Brisbane Showgrounds,The Fans,Historical Artist Entry,
07/12/2025,New Found Glory,Brisbane Showgrounds,,N,07/12/2025Brisbane Showgrounds,The Fans,Historical Artist Entry,
06/12/2025,New Found Glory,ENGIE Stadium,,N,06/12/2025ENGIE Stadium,The Fans,Historical Artist Entry,
05/12/2025,New Found Glory,Flemington Racecourse,,N,05/12/2025Flemington Racecourse,The Fans,Historical Artist Entry,
04/12/2025,New Found Glory,Pier Bandroom,,N,04/12/2025Pier Bandroom,The Fans,Historical Artist Entry,
03/12/2025,New Found Glory,The Governor Hindmarsh Hotel,,N,03/12/2025The Governor Hindmarsh Hotel,The Fans,Historical Artist Entry,
18/10/2025,New Found Glory,O2 Academy Brixton,,N,18/10/2025O2 Academy Brixton,The Fans,Historical Artist Entry,
17/10/2025,New Found Glory,O2 Academy Bournemouth,,N,17/10/2025O2 Academy Bournemouth,The Fans,Historical Artist Entry,
15/10/2025,New Found Glory,Rock City,,N,15/10/2025Rock City,The Fans,Historical Artist Entry,
14/10/2025,New Found Glory,O2 Academy Glasgow,,N,14/10/2025O2 Academy Glasgow,The Fans,Historical Artist Entry,
12/10/2025,New Found Glory,O2 City Hall Newcastle,,N,12/10/2025O2 City Hall Newcastle,The Fans,Historical Artist Entry,
11/10/2025,New Found Glory,O2 Victoria Warehouse,,N,11/10/2025O2 Victoria Warehouse,The Fans,Historical Artist Entry,
10/10/2025,New Found Glory,O2 Academy,,N,10/10/2025O2 Academy,The Fans,Historical Artist Entry,
06/10/2025,New Found Glory,America Gardens Theatre,,N,06/10/2025America Gardens Theatre,The Fans,Historical Artist Entry,
06/10/2025,New Found Glory,America Gardens Theatre,,N,06/10/2025America Gardens Theatre,The Fans,Historical Artist Entry,
06/10/2025,New Found Glory,America Gardens Theatre,,N,06/10/2025America Gardens Theatre,The Fans,Historical Artist Entry,
05/10/2025,New Found Glory,America Gardens Theatre,,N,05/10/2025America Gardens Theatre,The Fans,Historical Artist Entry,
05/10/2025,New Found Glory,America Gardens Theatre,,N,05/10/2025America Gardens Theatre,The Fans,Historical Artist Entry,
05/10/2025,New Found Glory,America Gardens Theatre,,N,05/10/2025America Gardens Theatre,The Fans,Historical Artist Entry,
07/09/2025,New Found Glory,Ball Arena,,N,07/09/2025Ball Arena,The Fans,Historical Artist Entry,
06/09/2025,New Found Glory,Utah First Credit Union Amphitheatre,,N,06/09/2025Utah First Credit Union Amphitheatre,The Fans,Historical Artist Entry,
04/09/2025,New Found Glory,Cascades Amphitheater,,N,04/09/2025Cascades Amphitheater,The Fans,Historical Artist Entry,
03/09/2025,New Found Glory,White River Amphitheatre,,N,03/09/2025White River Amphitheatre,The Fans,Historical Artist Entry,
31/08/2025,New Found Glory,Toyota Amphitheatre,,N,31/08/2025Toyota Amphitheatre,The Fans,Historical Artist Entry,
30/08/2025,New Found Glory,Shoreline Amphitheatre,,N,30/08/2025Shoreline Amphitheatre,The Fans,Historical Artist Entry,
29/08/2025,New Found Glory,Kia Forum,,N,29/08/2025Kia Forum,The Fans,Historical Artist Entry,
29/08/2025,New Found Glory,Kia Forum,,N,29/08/2025Kia Forum,The Fans,Historical Artist Entry,
27/08/2025,New Found Glory,Talking Stick Resort Amphitheatre,,N,27/08/2025Talking Stick Resort Amphitheatre,The Fans,Historical Artist Entry,
26/08/2025,New Found Glory,Isleta Amphitheater,,N,26/08/2025Isleta Amphitheater,The Fans,Historical Artist Entry,
24/08/2025,New Found Glory,Germania Insurance Amphitheater,,N,24/08/2025Germania Insurance Amphitheater,The Fans,Historical Artist Entry,
23/08/2025,New Found Glory,Cynthia Woods Mitchell Pavilion,,N,23/08/2025Cynthia Woods Mitchell Pavilion,The Fans,Historical Artist Entry,
22/08/2025,New Found Glory,Dos Equis Pavilion,,N,22/08/2025Dos Equis Pavilion,The Fans,Historical Artist Entry,
20/08/2025,New Found Glory,Thunder Ridge Nature Arena,,N,20/08/2025Thunder Ridge Nature Arena,The Fans,Historical Artist Entry,
18/08/2025,New Found Glory,Ozark Music Hall,,N,18/08/2025Ozark Music Hall,The Fans,Historical Artist Entry,
17/08/2025,New Found Glory,Hollywood Casino Amphitheatre,,N,17/08/2025Hollywood Casino Amphitheatre,The Fans,Historical Artist Entry,
16/08/2025,New Found Glory,Credit Union 1 Amphitheatre,,N,16/08/2025Credit Union 1 Amphitheatre,The Fans,Historical Artist Entry,
15/08/2025,New Found Glory,Target Center,,N,15/08/2025Target Center,The Fans,Historical Artist Entry,
13/08/2025,New Found Glory,Blossom Music Center,,N,13/08/2025Blossom Music Center,The Fans,Historical Artist Entry,
03/08/2025,New Found Glory,Northwell at Jones Beach Theater,,N,03/08/2025Northwell at Jones Beach Theater,The Fans,Historical Artist Entry,
03/08/2025,New Found Glory,Northwell at Jones Beach Theater,,N,03/08/2025Northwell at Jones Beach Theater,The Fans,Historical Artist Entry,
02/08/2025,New Found Glory,PNC Bank Arts Center,,N,02/08/2025PNC Bank Arts Center,The Fans,Historical Artist Entry,
01/08/2025,New Found Glory,Bethel Woods Center for the Arts,,N,01/08/2025Bethel Woods Center for the Arts,The Fans,Historical Artist Entry,
30/07/2025,New Found Glory,Xfinity Center,,N,30/07/2025Xfinity Center,The Fans,Historical Artist Entry,
29/07/2025,New Found Glory,Freedom Mortgage Pavilion,,N,29/07/2025Freedom Mortgage Pavilion,The Fans,Historical Artist Entry,
26/07/2025,New Found Glory,Ruoff Music Center,,N,26/07/2025Ruoff Music Center,The Fans,Historical Artist Entry,
25/07/2025,New Found Glory,Riverbend Music Center,,N,25/07/2025Riverbend Music Center,The Fans,Historical Artist Entry,
23/07/2025,New Found Glory,Budweiser Stage,,N,23/07/2025Budweiser Stage,The Fans,Historical Artist Entry,
22/07/2025,New Found Glory,Empower Federal Credit Union Amphitheater at Lakeview,,N,22/07/2025Empower Federal Credit Union Amphitheater at Lakeview,The Fans,Historical Artist Entry,
20/07/2025,New Found Glory,The Pavilion at Montage Mountain,,N,20/07/2025The Pavilion at Montage Mountain,The Fans,Historical Artist Entry,
19/07/2025,New Found Glory,Jiffy Lube Live,,N,19/07/2025Jiffy Lube Live,The Fans,Historical Artist Entry,
18/07/2025,New Found Glory,Veterans United Home Loans Amphitheater at Virginia Beach,,N,18/07/2025Veterans United Home Loans Amphitheater at Virginia Beach,The Fans,Historical Artist Entry,
16/07/2025,New Found Glory,Coastal Credit Union Music Park at Walnut Creek,,N,16/07/2025Coastal Credit Union Music Park at Walnut Creek,The Fans,Historical Artist Entry,
15/07/2025,New Found Glory,Ameris Bank Amphitheatre,,N,15/07/2025Ameris Bank Amphitheatre,The Fans,Historical Artist Entry,
14/07/2025,New Found Glory,Brooklyn Bowl Nashville,,N,14/07/2025Brooklyn Bowl Nashville,The Fans,Historical Artist Entry,
12/07/2025,New Found Glory,MidFlorida Credit Union Amphitheatre,,N,12/07/2025MidFlorida Credit Union Amphitheatre,The Fans,Historical Artist Entry,
11/07/2025,New Found Glory,iTHINK Financial Amphitheatre,,N,11/07/2025iTHINK Financial Amphitheatre,The Fans,Historical Artist Entry,
20/06/2025,New Found Glory,Legends Field,,N,20/06/2025Legends Field,The Fans,Historical Artist Entry,
02/06/2025,New Found Glory,Carroponte,,N,02/06/2025Carroponte,The Fans,Historical Artist Entry,
01/06/2025,New Found Glory,Komplex 457,,N,01/06/2025Komplex 457,The Fans,Historical Artist Entry,
31/05/2025,New Found Glory,"L'Amphithéâtre, Centre de Congrès",,N,"31/05/2025L'Amphithéâtre, Centre de Congrès",The Fans,Historical Artist Entry,
29/05/2025,New Found Glory,Live Music Hall,,N,29/05/2025Live Music Hall,The Fans,Historical Artist Entry,
28/05/2025,New Found Glory,Uebel & Gefährlich,,N,28/05/2025Uebel & Gefährlich,The Fans,Historical Artist Entry,
26/05/2025,New Found Glory,Chalk,,N,26/05/2025Chalk,The Fans,Historical Artist Entry,
25/05/2025,New Found Glory,Temple Newsam,,N,25/05/2025Temple Newsam,The Fans,Historical Artist Entry,
24/05/2025,New Found Glory,Hatfield Park,,N,24/05/2025Hatfield Park,The Fans,Historical Artist Entry,
16/05/2025,New Found Glory,Daytona International Speedway,,N,16/05/2025Daytona International Speedway,The Fans,Historical Artist Entry,
03/12/2024,New Found Glory,Wasted Grain,,N,03/12/2024Wasted Grain,The Fans,Historical Artist Entry,
23/10/2024,New Found Glory,Mission Ballroom,,N,23/10/2024Mission Ballroom,The Fans,Historical Artist Entry,
22/10/2024,New Found Glory,The Depot,,N,22/10/2024The Depot,The Fans,Historical Artist Entry,
20/10/2024,New Found Glory,Las Vegas Festival Grounds,,N,20/10/2024Las Vegas Festival Grounds,The Fans,Historical Artist Entry,
19/10/2024,New Found Glory,Las Vegas Festival Grounds,,N,19/10/2024Las Vegas Festival Grounds,The Fans,Historical Artist Entry,
18/10/2024,New Found Glory,Masonic Auditorium,,N,18/10/2024Masonic Auditorium,The Fans,Historical Artist Entry,
17/10/2024,New Found Glory,House of Blues,,N,17/10/2024House of Blues,The Fans,Historical Artist Entry,
17/10/2024,New Found Glory,House of Blues,,N,17/10/2024House of Blues,The Fans,Historical Artist Entry,
16/10/2024,New Found Glory,Wiltern Theatre,,N,16/10/2024Wiltern Theatre,The Fans,Historical Artist Entry,
15/10/2024,New Found Glory,The Observatory North Park,,N,15/10/2024The Observatory North Park,The Fans,Historical Artist Entry,
13/10/2024,New Found Glory,Marquee Theatre,,N,13/10/2024Marquee Theatre,The Fans,Historical Artist Entry,
11/10/2024,New Found Glory,House of Blues,,N,11/10/2024House of Blues,The Fans,Historical Artist Entry,
20/09/2024,New Found Glory,Douglass Park,,N,20/09/2024Douglass Park,The Fans,Historical Artist Entry,
19/09/2024,New Found Glory,The Salt Shed,,N,19/09/2024The Salt Shed,The Fans,Historical Artist Entry,
19/09/2024,New Found Glory,The Lounge,,N,19/09/2024The Lounge,The Fans,Historical Artist Entry,
01/09/2024,New Found Glory,Marathon Music Works,,N,01/09/2024Marathon Music Works,The Fans,Historical Artist Entry,
30/08/2024,New Found Glory,The Pageant,,N,30/08/2024The Pageant,The Fans,Historical Artist Entry,
29/08/2024,New Found Glory,Agora,,N,29/08/2024Agora,The Fans,Historical Artist Entry,
28/08/2024,New Found Glory,KEMBA Live!,,N,28/08/2024KEMBA Live!,The Fans,Historical Artist Entry,
27/08/2024,New Found Glory,The Fillmore Detroit,,N,27/08/2024The Fillmore Detroit,The Fans,Historical Artist Entry,
25/08/2024,New Found Glory,Buffalo RiverWorks,,N,25/08/2024Buffalo RiverWorks,The Fans,Historical Artist Entry,
24/08/2024,New Found Glory,Summer Stage,,N,24/08/2024Summer Stage,The Fans,Historical Artist Entry,
24/08/2024,New Found Glory,Summer Stage,,N,24/08/2024Summer Stage,The Fans,Historical Artist Entry,
23/08/2024,New Found Glory,Roadrunner,,N,23/08/2024Roadrunner,The Fans,Historical Artist Entry,
23/08/2024,New Found Glory,Roadrunner,,N,23/08/2024Roadrunner,The Fans,Historical Artist Entry,
22/08/2024,New Found Glory,The Fillmore Philadelphia,,N,22/08/2024The Fillmore Philadelphia,The Fans,Historical Artist Entry,
21/08/2024,New Found Glory,The Paramount,,N,21/08/2024The Paramount,The Fans,Historical Artist Entry,
19/08/2024,New Found Glory,The Fillmore Silver Spring,,N,19/08/2024The Fillmore Silver Spring,The Fans,Historical Artist Entry,
18/08/2024,New Found Glory,The Ritz,,N,18/08/2024The Ritz,The Fans,Historical Artist Entry,
17/08/2024,New Found Glory,Heaven,,N,17/08/2024Heaven,The Fans,Historical Artist Entry,
16/08/2024,New Found Glory,House of Blues,,N,16/08/2024House of Blues,The Fans,Historical Artist Entry,
22/10/2023,New Found Glory,Las Vegas Festival Grounds,,N,22/10/2023Las Vegas Festival Grounds,The Fans,Historical Artist Entry,
21/10/2023,New Found Glory,Las Vegas Festival Grounds,,N,21/10/2023Las Vegas Festival Grounds,The Fans,Historical Artist Entry,
14/10/2023,New Found Glory,The Zoo Amphitheatre,,N,14/10/2023The Zoo Amphitheatre,The Fans,Historical Artist Entry,
12/10/2023,New Found Glory,713 Music Hall,,N,12/10/2023713 Music Hall,The Fans,Historical Artist Entry,
11/10/2023,New Found Glory,South Side Ballroom,,N,11/10/2023South Side Ballroom,The Fans,Historical Artist Entry,
10/10/2023,New Found Glory,Walmart AMP,,N,10/10/2023Walmart AMP,The Fans,Historical Artist Entry,
08/10/2023,New Found Glory,El Rey Theater,,N,08/10/2023El Rey Theater,The Fans,Historical Artist Entry,
07/10/2023,New Found Glory,Talking Stick Resort Amphitheatre,,N,07/10/2023Talking Stick Resort Amphitheatre,The Fans,Historical Artist Entry,
06/10/2023,New Found Glory,Gallagher Square,,N,06/10/2023Gallagher Square,The Fans,Historical Artist Entry,
03/10/2023,New Found Glory,YouTube Theater,,N,03/10/2023YouTube Theater,The Fans,Historical Artist Entry,
02/10/2023,New Found Glory,Mechanics Bank Arena,,N,02/10/2023Mechanics Bank Arena,The Fans,Historical Artist Entry,
30/09/2023,New Found Glory,Toyota Amphitheatre,,N,30/09/2023Toyota Amphitheatre,The Fans,Historical Artist Entry,
29/09/2023,New Found Glory,Shoreline Amphitheatre,,N,29/09/2023Shoreline Amphitheatre,The Fans,Historical Artist Entry,
27/09/2023,New Found Glory,RV Inn Style Resorts Amphitheater,,N,27/09/2023RV Inn Style Resorts Amphitheater,The Fans,Historical Artist Entry,
26/09/2023,New Found Glory,WaMu Theater,,N,26/09/2023WaMu Theater,The Fans,Historical Artist Entry,
25/09/2023,New Found Glory,BECU Live at Northern Quest Resort & Casino,,N,25/09/2023BECU Live at Northern Quest Resort & Casino,The Fans,Historical Artist Entry,
23/09/2023,New Found Glory,Saltair,,N,23/09/2023Saltair,The Fans,Historical Artist Entry,
22/09/2023,New Found Glory,Fillmore Auditorium,,N,22/09/2023Fillmore Auditorium,The Fans,Historical Artist Entry,
27/08/2023,New Found Glory,Minneapolis Armory,,N,27/08/2023Minneapolis Armory,The Fans,Historical Artist Entry,
25/08/2023,New Found Glory,Nashville Municipal Auditorium,,N,25/08/2023Nashville Municipal Auditorium,The Fans,Historical Artist Entry,
24/08/2023,New Found Glory,TCU Amphitheater at White River State Park,,N,24/08/2023TCU Amphitheater at White River State Park,The Fans,Historical Artist Entry,
22/08/2023,New Found Glory,Michigan Lottery Amphitheatre at Freedom Hill,,N,22/08/2023Michigan Lottery Amphitheatre at Freedom Hill,The Fans,Historical Artist Entry,
21/08/2023,New Found Glory,Darien Lake Performing Arts Center,,N,21/08/2023Darien Lake Performing Arts Center,The Fans,Historical Artist Entry,
19/08/2023,New Found Glory,Hartford HealthCare Amphitheater,,N,19/08/2023Hartford HealthCare Amphitheater,The Fans,Historical Artist Entry,
18/08/2023,New Found Glory,MGM Music Hall at Fenway,,N,18/08/2023MGM Music Hall at Fenway,The Fans,Historical Artist Entry,
17/08/2023,New Found Glory,Skyline Stage at the Mann Center,,N,17/08/2023Skyline Stage at the Mann Center,The Fans,Historical Artist Entry,
15/08/2023,New Found Glory,PNC Bank Arts Center,,N,15/08/2023PNC Bank Arts Center,The Fans,Historical Artist Entry,
14/08/2023,New Found Glory,Red Hat Amphitheater,,N,14/08/2023Red Hat Amphitheater,The Fans,Historical Artist Entry,
12/08/2023,New Found Glory,Ameris Bank Amphitheatre,,N,12/08/2023Ameris Bank Amphitheatre,The Fans,Historical Artist Entry,
11/08/2023,New Found Glory,MidFlorida Credit Union Amphitheatre,,N,11/08/2023MidFlorida Credit Union Amphitheatre,The Fans,Historical Artist Entry,
02/07/2023,New Found Glory,BMO Stadium,,N,02/07/2023BMO Stadium,The Fans,Historical Artist Entry,
23/03/2023,New Found Glory,North Beach Bandshell,,N,23/03/2023North Beach Bandshell,The Fans,Historical Artist Entry,
22/03/2023,New Found Glory,The Plaza Theatre,,N,22/03/2023The Plaza Theatre,The Fans,Historical Artist Entry,
21/03/2023,New Found Glory,Center Stage,,N,21/03/2023Center Stage,The Fans,Historical Artist Entry,
20/03/2023,New Found Glory,Haw River Ballroom,,N,20/03/2023Haw River Ballroom,The Fans,Historical Artist Entry,
18/03/2023,New Found Glory,The Town Hall,,N,18/03/2023The Town Hall,The Fans,Historical Artist Entry,
17/03/2023,New Found Glory,Hackensack Meridian Health Theatre,,N,17/03/2023Hackensack Meridian Health Theatre,The Fans,Historical Artist Entry,
16/03/2023,New Found Glory,Somerville Theatre,,N,16/03/2023Somerville Theatre,The Fans,Historical Artist Entry,
16/03/2023,New Found Glory,Bridge Nine Warehouse,,N,16/03/2023Bridge Nine Warehouse,The Fans,Historical Artist Entry,
15/03/2023,New Found Glory,Sixth & I Historic Synagogue,,N,15/03/2023Sixth & I Historic Synagogue,The Fans,Historical Artist Entry,
14/03/2023,New Found Glory,Keswick Theatre,,N,14/03/2023Keswick Theatre,The Fans,Historical Artist Entry,
12/03/2023,New Found Glory,Flagstar Strand Theatre,,N,12/03/2023Flagstar Strand Theatre,The Fans,Historical Artist Entry,
11/03/2023,New Found Glory,Thalia Hall,,N,11/03/2023Thalia Hall,The Fans,Historical Artist Entry,
10/03/2023,New Found Glory,Franklin Theatre,,N,10/03/2023Franklin Theatre,The Fans,Historical Artist Entry,
11/02/2023,New Found Glory,Oriental Theater,,N,11/02/2023Oriental Theater,The Fans,Historical Artist Entry,
10/02/2023,New Found Glory,The Depot,,N,10/02/2023The Depot,The Fans,Historical Artist Entry,
08/02/2023,New Found Glory,Aladdin Theater,,N,08/02/2023Aladdin Theater,The Fans,Historical Artist Entry,
07/02/2023,New Found Glory,Neptune Theatre,,N,07/02/2023Neptune Theatre,The Fans,Historical Artist Entry,
05/02/2023,New Found Glory,August Hall,,N,05/02/2023August Hall,The Fans,Historical Artist Entry,
04/02/2023,New Found Glory,Programme Skate & Sound,,N,04/02/2023Programme Skate & Sound,The Fans,Historical Artist Entry,
04/02/2023,New Found Glory,Garden Amphitheatre,,N,04/02/2023Garden Amphitheatre,The Fans,Historical Artist Entry,
03/02/2023,New Found Glory,Garden Amphitheatre,,N,03/02/2023Garden Amphitheatre,The Fans,Historical Artist Entry,
02/02/2023,New Found Glory,Celebrity Theatre,,N,02/02/2023Celebrity Theatre,The Fans,Historical Artist Entry,
31/01/2023,New Found Glory,The Aztec Theatre,,N,31/01/2023The Aztec Theatre,The Fans,Historical Artist Entry,
29/01/2023,New Found Glory,Slowdown,,N,29/01/2023Slowdown,The Fans,Historical Artist Entry,
28/01/2023,New Found Glory,Delmar Hall,,N,28/01/2023Delmar Hall,The Fans,Historical Artist Entry,
11/11/2022,New Found Glory,Norwegian Jewel,,N,11/11/2022Norwegian Jewel,The Fans,Historical Artist Entry,
10/11/2022,New Found Glory,Norwegian Jewel,,N,10/11/2022Norwegian Jewel,The Fans,Historical Artist Entry,
08/11/2022,New Found Glory,Norwegian Jewel,,N,08/11/2022Norwegian Jewel,The Fans,Historical Artist Entry,
23/09/2022,New Found Glory,Sloss Furnaces,,N,23/09/2022Sloss Furnaces,The Fans,Historical Artist Entry,
11/09/2022,New Found Glory,Virginia International Raceway,,N,11/09/2022Virginia International Raceway,The Fans,Historical Artist Entry,
10/09/2022,New Found Glory,Riverbend Music Center,,N,10/09/2022Riverbend Music Center,The Fans,Historical Artist Entry,
09/09/2022,New Found Glory,Town Ballroom,,N,09/09/2022Town Ballroom,The Fans,Historical Artist Entry,
08/09/2022,New Found Glory,The Stone Pony,,N,08/09/2022The Stone Pony,The Fans,Historical Artist Entry,
07/09/2022,New Found Glory,Brooklyn Bowl Philadelphia,,N,07/09/2022Brooklyn Bowl Philadelphia,The Fans,Historical Artist Entry,
10/08/2022,New Found Glory,Paper Tiger,,N,10/08/2022Paper Tiger,The Fans,Historical Artist Entry,
09/08/2022,New Found Glory,Emo's,,N,09/08/2022Emo's,The Fans,Historical Artist Entry,
08/08/2022,New Found Glory,House of Blues,,N,08/08/2022House of Blues,The Fans,Historical Artist Entry,
06/08/2022,New Found Glory,Marquee Theatre,,N,06/08/2022Marquee Theatre,The Fans,Historical Artist Entry,
05/08/2022,New Found Glory,House of Blues,,N,05/08/2022House of Blues,The Fans,Historical Artist Entry,
04/08/2022,New Found Glory,Riverside Municipal Auditorium,,N,04/08/2022Riverside Municipal Auditorium,The Fans,Historical Artist Entry,
03/08/2022,New Found Glory,Brooklyn Bowl,,N,03/08/2022Brooklyn Bowl,The Fans,Historical Artist Entry,
02/08/2022,New Found Glory,The Observatory North Park,,N,02/08/2022The Observatory North Park,The Fans,Historical Artist Entry,
01/08/2022,New Found Glory,The UC Theatre Taube Family Music Hall,,N,01/08/2022The UC Theatre Taube Family Music Hall,The Fans,Historical Artist Entry,
01/08/2022,New Found Glory,The UC Theatre Taube Family Music Hall,,N,01/08/2022The UC Theatre Taube Family Music Hall,The Fans,Historical Artist Entry,
30/07/2022,New Found Glory,Roseland Theater,,N,30/07/2022Roseland Theater,The Fans,Historical Artist Entry,
29/07/2022,New Found Glory,The Showbox SoDo,,N,29/07/2022The Showbox SoDo,The Fans,Historical Artist Entry,
27/07/2022,New Found Glory,The Union Event Center,,N,27/07/2022The Union Event Center,The Fans,Historical Artist Entry,
26/07/2022,New Found Glory,Fillmore Auditorium,,N,26/07/2022Fillmore Auditorium,The Fans,Historical Artist Entry,
24/07/2022,New Found Glory,First Avenue,,N,24/07/2022First Avenue,The Fans,Historical Artist Entry,
23/07/2022,New Found Glory,The Rave,,N,23/07/2022The Rave,The Fans,Historical Artist Entry,
22/07/2022,New Found Glory,House of Blues,,N,22/07/2022House of Blues,The Fans,Historical Artist Entry,
11/06/2022,New Found Glory,Heaven,,N,11/06/2022Heaven,The Fans,Historical Artist Entry,
10/06/2022,New Found Glory,House of Blues,,N,10/06/2022House of Blues,The Fans,Historical Artist Entry,
08/06/2022,New Found Glory,House of Blues,,N,08/06/2022House of Blues,The Fans,Historical Artist Entry,
07/06/2022,New Found Glory,The Fillmore Silver Spring,,N,07/06/2022The Fillmore Silver Spring,The Fans,Historical Artist Entry,
05/06/2022,New Found Glory,Bader Field,,N,05/06/2022Bader Field,The Fans,Historical Artist Entry,
04/06/2022,New Found Glory,The Palladium Outdoors,,N,04/06/2022The Palladium Outdoors,The Fans,Historical Artist Entry,
03/06/2022,New Found Glory,Terminal 5,,N,03/06/2022Terminal 5,The Fans,Historical Artist Entry,
02/06/2022,New Found Glory,Empire Live,,N,02/06/2022Empire Live,The Fans,Historical Artist Entry,
01/06/2022,New Found Glory,Roxian Theatre,,N,01/06/2022Roxian Theatre,The Fans,Historical Artist Entry,
31/05/2022,New Found Glory,Bogart's,,N,31/05/2022Bogart's,The Fans,Historical Artist Entry,
29/05/2022,New Found Glory,Royal Oak Music Theatre,,N,29/05/2022Royal Oak Music Theatre,The Fans,Historical Artist Entry,
28/05/2022,New Found Glory,Riviera Theatre,,N,28/05/2022Riviera Theatre,The Fans,Historical Artist Entry,
27/05/2022,New Found Glory,Red Flag,,N,27/05/2022Red Flag,The Fans,Historical Artist Entry,
26/05/2022,New Found Glory,Liberty Hall,,N,26/05/2022Liberty Hall,The Fans,Historical Artist Entry,
17/10/2021,New Found Glory,House of Blues,,N,17/10/2021House of Blues,The Fans,Historical Artist Entry,
16/10/2021,New Found Glory,House of Blues,,N,16/10/2021House of Blues,The Fans,Historical Artist Entry,
15/10/2021,New Found Glory,Revolution Live,,N,15/10/2021Revolution Live,The Fans,Historical Artist Entry,
14/10/2021,New Found Glory,Jannus Live,,N,14/10/2021Jannus Live,The Fans,Historical Artist Entry,
12/10/2021,New Found Glory,Heaven,,N,12/10/2021Heaven,The Fans,Historical Artist Entry,
10/10/2021,New Found Glory,The Ritz,,N,10/10/2021The Ritz,The Fans,Historical Artist Entry,
09/10/2021,New Found Glory,Rams Head Live!,,N,09/10/2021Rams Head Live!,The Fans,Historical Artist Entry,
08/10/2021,New Found Glory,The Rooftop at Pier 17,,N,08/10/2021The Rooftop at Pier 17,The Fans,Historical Artist Entry,
06/10/2021,New Found Glory,The Palladium,,N,06/10/2021The Palladium,The Fans,Historical Artist Entry,
05/10/2021,New Found Glory,House of Blues,,N,05/10/2021House of Blues,The Fans,Historical Artist Entry,
03/10/2021,New Found Glory,Franklin Music Hall,,N,03/10/2021Franklin Music Hall,The Fans,Historical Artist Entry,
03/10/2021,New Found Glory,Franklin Music Hall,,N,03/10/2021Franklin Music Hall,The Fans,Historical Artist Entry,
02/10/2021,New Found Glory,Buffalo RiverWorks,,N,02/10/2021Buffalo RiverWorks,The Fans,Historical Artist Entry,
30/09/2021,New Found Glory,Brooklyn Steel,,N,30/09/2021Brooklyn Steel,The Fans,Historical Artist Entry,
29/09/2021,New Found Glory,Starland Ballroom,,N,29/09/2021Starland Ballroom,The Fans,Historical Artist Entry,
28/09/2021,New Found Glory,Stage AE,,N,28/09/2021Stage AE,The Fans,Historical Artist Entry,
26/09/2021,New Found Glory,The Fillmore Detroit,,N,26/09/2021The Fillmore Detroit,The Fans,Historical Artist Entry,
25/09/2021,New Found Glory,EXPRESS LIVE!,,N,25/09/2021EXPRESS LIVE!,The Fans,Historical Artist Entry,
23/09/2021,New Found Glory,The Factory,,N,23/09/2021The Factory,The Fans,Historical Artist Entry,
22/09/2021,New Found Glory,Uptown Theater,,N,22/09/2021Uptown Theater,The Fans,Historical Artist Entry,
21/09/2021,New Found Glory,Fillmore Minneapolis,,N,21/09/2021Fillmore Minneapolis,The Fans,Historical Artist Entry,
19/09/2021,New Found Glory,Douglass Park,,N,19/09/2021Douglass Park,The Fans,Historical Artist Entry,
18/09/2021,New Found Glory,Radius,,N,18/09/2021Radius,The Fans,Historical Artist Entry,
16/09/2021,New Found Glory,Fillmore Auditorium,,N,16/09/2021Fillmore Auditorium,The Fans,Historical Artist Entry,
15/09/2021,New Found Glory,Rockwell,,N,15/09/2021Rockwell,The Fans,Historical Artist Entry,
13/09/2021,New Found Glory,The Showbox SoDo,,N,13/09/2021The Showbox SoDo,The Fans,Historical Artist Entry,
12/09/2021,New Found Glory,Crystal Ballroom,,N,12/09/2021Crystal Ballroom,The Fans,Historical Artist Entry,
11/09/2021,New Found Glory,The UC Theatre Taube Family Music Hall,,N,11/09/2021The UC Theatre Taube Family Music Hall,The Fans,Historical Artist Entry,
09/09/2021,New Found Glory,House of Blues,,N,09/09/2021House of Blues,The Fans,Historical Artist Entry,
08/09/2021,New Found Glory,House of Blues,,N,08/09/2021House of Blues,The Fans,Historical Artist Entry,
06/09/2021,New Found Glory,SOMA,,N,06/09/2021SOMA,The Fans,Historical Artist Entry,
05/09/2021,New Found Glory,House of Blues,,N,05/09/2021House of Blues,The Fans,Historical Artist Entry,
04/09/2021,New Found Glory,Marquee Theatre,,N,04/09/2021Marquee Theatre,The Fans,Historical Artist Entry,
02/09/2021,New Found Glory,Downstairs,,N,02/09/2021Downstairs,The Fans,Historical Artist Entry,
01/09/2021,New Found Glory,Stubb's Bar-B-Q,,N,01/09/2021Stubb's Bar-B-Q,The Fans,Historical Artist Entry,
31/08/2021,New Found Glory,Gas Monkey Bar N' Grill,,N,31/08/2021Gas Monkey Bar N' Grill,The Fans,Historical Artist Entry,
17/04/2021,New Found Glory,Liberty Hall,,N,17/04/2021Liberty Hall,The Fans,Historical Artist Entry,
15/04/2021,New Found Glory,Riverfront Plaza,,N,15/04/2021Riverfront Plaza,The Fans,Historical Artist Entry,
14/04/2021,New Found Glory,The Pavilion at Old School Square,,N,14/04/2021The Pavilion at Old School Square,The Fans,Historical Artist Entry,
18/12/2020,New Found Glory,Private Venue,,N,18/12/2020Private Venue,The Fans,Historical Artist Entry,
30/10/2020,New Found Glory,Seatgeek Stadium,,N,30/10/2020Seatgeek Stadium,The Fans,Historical Artist Entry,
26/09/2020,New Found Glory,Elite Multimedia Productions,,N,26/09/2020Elite Multimedia Productions,The Fans,Historical Artist Entry,
19/06/2020,New Found Glory,Elite Multimedia Productions,,N,19/06/2020Elite Multimedia Productions,The Fans,Historical Artist Entry,
23/11/2019,New Found Glory,The National,,N,23/11/2019The National,The Fans,Historical Artist Entry,
22/11/2019,New Found Glory,The Paramount,,N,22/11/2019The Paramount,The Fans,Historical Artist Entry,
22/11/2019,New Found Glory,The Paramount,,N,22/11/2019The Paramount,The Fans,Historical Artist Entry,
21/11/2019,New Found Glory,The Stone Pony,,N,21/11/2019The Stone Pony,The Fans,Historical Artist Entry,
20/11/2019,New Found Glory,The Chameleon Club,,N,20/11/2019The Chameleon Club,The Fans,Historical Artist Entry,
19/11/2019,New Found Glory,Roxian Theatre,,N,19/11/2019Roxian Theatre,The Fans,Historical Artist Entry,
17/11/2019,New Found Glory,Paradise Rock Club,,N,17/11/2019Paradise Rock Club,The Fans,Historical Artist Entry,
16/11/2019,New Found Glory,Webster Theater,,N,16/11/2019Webster Theater,The Fans,Historical Artist Entry,
15/11/2019,New Found Glory,Anthology,,N,15/11/2019Anthology,The Fans,Historical Artist Entry,
14/11/2019,New Found Glory,L'Astral,,N,14/11/2019L'Astral,The Fans,Historical Artist Entry,
13/11/2019,New Found Glory,The Phoenix Concert Theatre,,N,13/11/2019The Phoenix Concert Theatre,The Fans,Historical Artist Entry,
12/11/2019,New Found Glory,The Intersection,,N,12/11/2019The Intersection,The Fans,Historical Artist Entry,
10/11/2019,New Found Glory,Bogart's,,N,10/11/2019Bogart's,The Fans,Historical Artist Entry,
09/11/2019,New Found Glory,The Castle Theatre,,N,09/11/2019The Castle Theatre,The Fans,Historical Artist Entry,
08/11/2019,New Found Glory,Majestic Theatre,,N,08/11/2019Majestic Theatre,The Fans,Historical Artist Entry,
07/11/2019,New Found Glory,Wooly's,,N,07/11/2019Wooly's,The Fans,Historical Artist Entry,
06/11/2019,New Found Glory,Slowdown,,N,06/11/2019Slowdown,The Fans,Historical Artist Entry,
05/11/2019,New Found Glory,Aggie Theatre,,N,05/11/2019Aggie Theatre,The Fans,Historical Artist Entry,
03/11/2019,New Found Glory,Tower Theatre,,N,03/11/2019Tower Theatre,The Fans,Historical Artist Entry,
02/11/2019,New Found Glory,George's Majestic Lounge,,N,02/11/2019George's Majestic Lounge,The Fans,Historical Artist Entry,
16/08/2019,New Found Glory,Sideouts,,N,16/08/2019Sideouts,The Fans,Historical Artist Entry,
15/07/2019,New Found Glory,Jannus Live,,N,15/07/2019Jannus Live,The Fans,Historical Artist Entry,
14/07/2019,New Found Glory,Revolution Live,,N,14/07/2019Revolution Live,The Fans,Historical Artist Entry,
13/07/2019,New Found Glory,House of Blues,,N,13/07/2019House of Blues,The Fans,Historical Artist Entry,
10/07/2019,New Found Glory,House of Blues,,N,10/07/2019House of Blues,The Fans,Historical Artist Entry,
09/07/2019,New Found Glory,Emo's,,N,09/07/2019Emo's,The Fans,Historical Artist Entry,
08/07/2019,New Found Glory,Gas Monkey Live,,N,08/07/2019Gas Monkey Live,The Fans,Historical Artist Entry,
06/07/2019,New Found Glory,The Van Buren,,N,06/07/2019The Van Buren,The Fans,Historical Artist Entry,
05/07/2019,New Found Glory,House of Blues,,N,05/07/2019House of Blues,The Fans,Historical Artist Entry,
03/07/2019,New Found Glory,House of Blues,,N,03/07/2019House of Blues,The Fans,Historical Artist Entry,
02/07/2019,New Found Glory,The Belasco,,N,02/07/2019The Belasco,The Fans,Historical Artist Entry,
30/06/2019,New Found Glory,House of Blues,,N,30/06/2019House of Blues,The Fans,Historical Artist Entry,
29/06/2019,New Found Glory,The UC Theatre Taube Family Music Hall,,N,29/06/2019The UC Theatre Taube Family Music Hall,The Fans,Historical Artist Entry,
27/06/2019,New Found Glory,The Union Event Center,,N,27/06/2019The Union Event Center,The Fans,Historical Artist Entry,
26/06/2019,New Found Glory,Ogden Theatre,,N,26/06/2019Ogden Theatre,The Fans,Historical Artist Entry,
25/06/2019,New Found Glory,Granada Theater,,N,25/06/2019Granada Theater,The Fans,Historical Artist Entry,
23/06/2019,New Found Glory,Concord Music Hall,,N,23/06/2019Concord Music Hall,The Fans,Historical Artist Entry,
22/06/2019,New Found Glory,The Rave,,N,22/06/2019The Rave,The Fans,Historical Artist Entry,
21/06/2019,New Found Glory,Varsity Theater,,N,21/06/2019Varsity Theater,The Fans,Historical Artist Entry,
19/06/2019,New Found Glory,Delmar Hall,,N,19/06/2019Delmar Hall,The Fans,Historical Artist Entry,
18/06/2019,New Found Glory,Egyptian Room at Old National Centre,,N,18/06/2019Egyptian Room at Old National Centre,The Fans,Historical Artist Entry,
16/06/2019,New Found Glory,Saint Andrew's Hall,,N,16/06/2019Saint Andrew's Hall,The Fans,Historical Artist Entry,
15/06/2019,New Found Glory,Newport Music Hall,,N,15/06/2019Newport Music Hall,The Fans,Historical Artist Entry,
14/06/2019,New Found Glory,House of Blues,,N,14/06/2019House of Blues,The Fans,Historical Artist Entry,
12/06/2019,New Found Glory,Town Ballroom,,N,12/06/2019Town Ballroom,The Fans,Historical Artist Entry,
11/06/2019,New Found Glory,PlayStation Theater,,N,11/06/2019PlayStation Theater,The Fans,Historical Artist Entry,
09/06/2019,New Found Glory,House of Blues,,N,09/06/2019House of Blues,The Fans,Historical Artist Entry,
08/06/2019,New Found Glory,Starland Ballroom,,N,08/06/2019Starland Ballroom,The Fans,Historical Artist Entry,
07/06/2019,New Found Glory,Franklin Music Hall,,N,07/06/2019Franklin Music Hall,The Fans,Historical Artist Entry,
06/06/2019,New Found Glory,Baltimore Soundstage,,N,06/06/2019Baltimore Soundstage,The Fans,Historical Artist Entry,
05/06/2019,New Found Glory,The NorVa,,N,05/06/2019The NorVa,The Fans,Historical Artist Entry,
04/06/2019,New Found Glory,The Underground,,N,04/06/2019The Underground,The Fans,Historical Artist Entry,
02/06/2019,New Found Glory,Liberty Hall,,N,02/06/2019Liberty Hall,The Fans,Historical Artist Entry,
31/05/2019,New Found Glory,Heaven,,N,31/05/2019Heaven,The Fans,Historical Artist Entry,
30/05/2019,New Found Glory,Music Farm,,N,30/05/2019Music Farm,The Fans,Historical Artist Entry,
26/05/2019,New Found Glory,Hatfield Park,,N,26/05/2019Hatfield Park,The Fans,Historical Artist Entry,
25/05/2019,New Found Glory,Temple Newsam,,N,25/05/2019Temple Newsam,The Fans,Historical Artist Entry,
03/05/2019,New Found Glory,The Conga Room,,N,03/05/2019The Conga Room,The Fans,Historical Artist Entry,
02/05/2019,New Found Glory,Amoeba Music,,N,02/05/2019Amoeba Music,The Fans,Historical Artist Entry,
11/03/2019,New Found Glory,Omni Hotel,,N,11/03/2019Omni Hotel,The Fans,Historical Artist Entry,
05/08/2018,New Found Glory,Coral Sky Amphitheatre,,N,05/08/2018Coral Sky Amphitheatre,The Fans,Historical Artist Entry,
04/08/2018,New Found Glory,MidFlorida Credit Union Amphitheatre,,N,04/08/2018MidFlorida Credit Union Amphitheatre,The Fans,Historical Artist Entry,
03/08/2018,New Found Glory,Tinker Field,,N,03/08/2018Tinker Field,The Fans,Historical Artist Entry,
24/06/2018,New Found Glory,Liberty Hall,,N,24/06/2018Liberty Hall,The Fans,Historical Artist Entry,
22/06/2018,New Found Glory,House of Blues,,N,22/06/2018House of Blues,The Fans,Historical Artist Entry,
21/06/2018,New Found Glory,Emo's,,N,21/06/2018Emo's,The Fans,Historical Artist Entry,
19/06/2018,New Found Glory,Marquee Theatre,,N,19/06/2018Marquee Theatre,The Fans,Historical Artist Entry,
17/06/2018,New Found Glory,House of Blues,,N,17/06/2018House of Blues,The Fans,Historical Artist Entry,
16/06/2018,New Found Glory,Wiltern Theatre,,N,16/06/2018Wiltern Theatre,The Fans,Historical Artist Entry,
15/06/2018,New Found Glory,Brooklyn Bowl,,N,15/06/2018Brooklyn Bowl,The Fans,Historical Artist Entry,
14/06/2018,New Found Glory,The Regency Ballroom,,N,14/06/2018The Regency Ballroom,The Fans,Historical Artist Entry,
12/06/2018,New Found Glory,Crystal Ballroom,,N,12/06/2018Crystal Ballroom,The Fans,Historical Artist Entry,
11/06/2018,New Found Glory,The Showbox SoDo,,N,11/06/2018The Showbox SoDo,The Fans,Historical Artist Entry,
09/06/2018,New Found Glory,The Grand,,N,09/06/2018The Grand,The Fans,Historical Artist Entry,
08/06/2018,New Found Glory,Ogden Theatre,,N,08/06/2018Ogden Theatre,The Fans,Historical Artist Entry,
06/06/2018,New Found Glory,The Pageant,,N,06/06/2018The Pageant,The Fans,Historical Artist Entry,
05/06/2018,New Found Glory,House of Blues,,N,05/06/2018House of Blues,The Fans,Historical Artist Entry,
04/06/2018,New Found Glory,House of Blues,,N,04/06/2018House of Blues,The Fans,Historical Artist Entry,
02/06/2018,New Found Glory,Bogart's,,N,02/06/2018Bogart's,The Fans,Historical Artist Entry,
01/06/2018,New Found Glory,The Crofoot,,N,01/06/2018The Crofoot,The Fans,Historical Artist Entry,
30/05/2018,New Found Glory,House of Blues,,N,30/05/2018House of Blues,The Fans,Historical Artist Entry,
29/05/2018,New Found Glory,PlayStation Theater,,N,29/05/2018PlayStation Theater,The Fans,Historical Artist Entry,
27/05/2018,New Found Glory,Convention Hall,,N,27/05/2018Convention Hall,The Fans,Historical Artist Entry,
26/05/2018,New Found Glory,The Phoenix Concert Theatre,,N,26/05/2018The Phoenix Concert Theatre,The Fans,Historical Artist Entry,
25/05/2018,New Found Glory,The Club at Stage AE,,N,25/05/2018The Club at Stage AE,The Fans,Historical Artist Entry,
23/05/2018,New Found Glory,Electric Factory,,N,23/05/2018Electric Factory,The Fans,Historical Artist Entry,
22/05/2018,New Found Glory,The Fillmore Silver Spring,,N,22/05/2018The Fillmore Silver Spring,The Fans,Historical Artist Entry,
20/05/2018,New Found Glory,The NorVa,,N,20/05/2018The NorVa,The Fans,Historical Artist Entry,
19/05/2018,New Found Glory,Cat's Cradle,,N,19/05/2018Cat's Cradle,The Fans,Historical Artist Entry,
18/05/2018,New Found Glory,Heaven,,N,18/05/2018Heaven,The Fans,Historical Artist Entry,
17/05/2018,New Found Glory,House of Blues,,N,17/05/2018House of Blues,The Fans,Historical Artist Entry,
16/05/2018,New Found Glory,Pompano Beach Amphitheater,,N,16/05/2018Pompano Beach Amphitheater,The Fans,Historical Artist Entry,
25/03/2018,New Found Glory,The Republik,,N,25/03/2018The Republik,The Fans,Historical Artist Entry,
23/03/2018,New Found Glory,STUDIO COAST,,N,23/03/2018STUDIO COAST,The Fans,Historical Artist Entry,
20/03/2018,New Found Glory,Umeda CLUB QUATTRO,,N,20/03/2018Umeda CLUB QUATTRO,The Fans,Historical Artist Entry,
03/12/2017,New Found Glory,The Basement East,,N,03/12/2017The Basement East,The Fans,Historical Artist Entry,
02/12/2017,New Found Glory,Saturn,,N,02/12/2017Saturn,The Fans,Historical Artist Entry,
01/12/2017,New Found Glory,House of Blues,,N,01/12/2017House of Blues,The Fans,Historical Artist Entry,
30/11/2017,New Found Glory,Downstairs,,N,30/11/2017Downstairs,The Fans,Historical Artist Entry,
28/11/2017,New Found Glory,Crescent Ballroom,,N,28/11/2017Crescent Ballroom,The Fans,Historical Artist Entry,
26/11/2017,New Found Glory,House of Blues,,N,26/11/2017House of Blues,The Fans,Historical Artist Entry,
25/11/2017,New Found Glory,House of Blues,,N,25/11/2017House of Blues,The Fans,Historical Artist Entry,
24/11/2017,New Found Glory,The Catalyst,,N,24/11/2017The Catalyst,The Fans,Historical Artist Entry,
22/11/2017,New Found Glory,Showbox,,N,22/11/2017Showbox,The Fans,Historical Artist Entry,
21/11/2017,New Found Glory,Showbox,,N,21/11/2017Showbox,The Fans,Historical Artist Entry,
20/11/2017,New Found Glory,Wonder Ballroom,,N,20/11/2017Wonder Ballroom,The Fans,Historical Artist Entry,
18/11/2017,New Found Glory,Knitting Factory,,N,18/11/2017Knitting Factory,The Fans,Historical Artist Entry,
17/11/2017,New Found Glory,Rockwell,,N,17/11/2017Rockwell,The Fans,Historical Artist Entry,
16/11/2017,New Found Glory,Aggie Theatre,,N,16/11/2017Aggie Theatre,The Fans,Historical Artist Entry,
15/11/2017,New Found Glory,Sokol Auditorium,,N,15/11/2017Sokol Auditorium,The Fans,Historical Artist Entry,
14/11/2017,New Found Glory,The Cabooze,,N,14/11/2017The Cabooze,The Fans,Historical Artist Entry,
11/11/2017,New Found Glory,The Rave,,N,11/11/2017The Rave,The Fans,Historical Artist Entry,
10/11/2017,New Found Glory,The Intersection,,N,10/11/2017The Intersection,The Fans,Historical Artist Entry,
09/11/2017,New Found Glory,House of Blues,,N,09/11/2017House of Blues,The Fans,Historical Artist Entry,
07/11/2017,New Found Glory,White Eagle Hall,,N,07/11/2017White Eagle Hall,The Fans,Historical Artist Entry,
06/11/2017,New Found Glory,Rex Theater,,N,06/11/2017Rex Theater,The Fans,Historical Artist Entry,
05/11/2017,New Found Glory,Rex Theater,,N,05/11/2017Rex Theater,The Fans,Historical Artist Entry,
04/11/2017,New Found Glory,The Opera House,,N,04/11/2017The Opera House,The Fans,Historical Artist Entry,
03/11/2017,New Found Glory,Town Ballroom,,N,03/11/2017Town Ballroom,The Fans,Historical Artist Entry,
01/11/2017,New Found Glory,The Strand Ballroom & Theatre,,N,01/11/2017The Strand Ballroom & Theatre,The Fans,Historical Artist Entry,
31/10/2017,New Found Glory,Toad's Place,,N,31/10/2017Toad's Place,The Fans,Historical Artist Entry,
29/10/2017,New Found Glory,Warsaw,,N,29/10/2017Warsaw,The Fans,Historical Artist Entry,
28/10/2017,New Found Glory,Warsaw,,N,28/10/2017Warsaw,The Fans,Historical Artist Entry,
27/10/2017,New Found Glory,Baltimore Soundstage,,N,27/10/2017Baltimore Soundstage,The Fans,Historical Artist Entry,
25/10/2017,New Found Glory,The Underground,,N,25/10/2017The Underground,The Fans,Historical Artist Entry,
24/10/2017,New Found Glory,Music Farm,,N,24/10/2017Music Farm,The Fans,Historical Artist Entry,
08/10/2017,New Found Glory,The Underworld,,N,08/10/2017The Underworld,The Fans,Historical Artist Entry,
07/10/2017,New Found Glory,Electric Ballroom,,N,07/10/2017Electric Ballroom,The Fans,Historical Artist Entry,
06/10/2017,New Found Glory,O2 Forum Kentish Town,,N,06/10/2017O2 Forum Kentish Town,The Fans,Historical Artist Entry,
05/10/2017,New Found Glory,O2 Academy Bristol,,N,05/10/2017O2 Academy Bristol,The Fans,Historical Artist Entry,
03/10/2017,New Found Glory,Rock City,,N,03/10/2017Rock City,The Fans,Historical Artist Entry,
02/10/2017,New Found Glory,O2 Academy Leeds,,N,02/10/2017O2 Academy Leeds,The Fans,Historical Artist Entry,
30/09/2017,New Found Glory,O2 Academy,,N,30/09/2017O2 Academy,The Fans,Historical Artist Entry,
29/09/2017,New Found Glory,Manchester Academy 1,,N,29/09/2017Manchester Academy 1,The Fans,Historical Artist Entry,
28/09/2017,New Found Glory,O2 Academy Newcastle,,N,28/09/2017O2 Academy Newcastle,The Fans,Historical Artist Entry,
27/09/2017,New Found Glory,O2 ABC,,N,27/09/2017O2 ABC,The Fans,Historical Artist Entry,
25/09/2017,New Found Glory,Portsmouth Pyramids Centre,,N,25/09/2017Portsmouth Pyramids Centre,The Fans,Historical Artist Entry,
23/09/2017,New Found Glory,O2 Forum Kentish Town,,N,23/09/2017O2 Forum Kentish Town,The Fans,Historical Artist Entry,
22/09/2017,New Found Glory,"Nick Rayns LCR, UEA",,N,"22/09/2017Nick Rayns LCR, UEA",The Fans,Historical Artist Entry,
21/09/2017,New Found Glory,O2 Academy Oxford,,N,21/09/2017O2 Academy Oxford,The Fans,Historical Artist Entry,
20/09/2017,New Found Glory,TramShed Cardiff,,N,20/09/2017TramShed Cardiff,The Fans,Historical Artist Entry,
16/09/2017,New Found Glory,Douglas Park,,N,16/09/2017Douglas Park,The Fans,Historical Artist Entry,
15/09/2017,New Found Glory,Concord Music Hall,,N,15/09/2017Concord Music Hall,The Fans,Historical Artist Entry,
20/08/2017,New Found Glory,Hall 4,,N,20/08/2017Hall 4,The Fans,Historical Artist Entry,
19/08/2017,New Found Glory,Fumin Kyousai SUPER Arena,,N,19/08/2017Fumin Kyousai SUPER Arena,The Fans,Historical Artist Entry,
16/08/2017,New Found Glory,Corner Hotel,,N,16/08/2017Corner Hotel,The Fans,Historical Artist Entry,
15/08/2017,New Found Glory,Corner Hotel,,N,15/08/2017Corner Hotel,The Fans,Historical Artist Entry,
14/08/2017,New Found Glory,Corner Hotel,,N,14/08/2017Corner Hotel,The Fans,Historical Artist Entry,
12/08/2017,New Found Glory,Eatons Hill Hotel & Function Centre,,N,12/08/2017Eatons Hill Hotel & Function Centre,The Fans,Historical Artist Entry,
11/08/2017,New Found Glory,Metro Theatre,,N,11/08/2017Metro Theatre,The Fans,Historical Artist Entry,
10/08/2017,New Found Glory,Metro Theatre,,N,10/08/2017Metro Theatre,The Fans,Historical Artist Entry,
09/08/2017,New Found Glory,The Governor Hindmarsh Hotel,,N,09/08/2017The Governor Hindmarsh Hotel,The Fans,Historical Artist Entry,
08/08/2017,New Found Glory,Metropolis Fremantle,,N,08/08/2017Metropolis Fremantle,The Fans,Historical Artist Entry,
20/07/2017,New Found Glory,The Basement East,,N,20/07/2017The Basement East,The Fans,Historical Artist Entry,
19/07/2017,New Found Glory,Hi-Tone,,N,19/07/2017Hi-Tone,The Fans,Historical Artist Entry,
18/07/2017,New Found Glory,Mercury Ballroom,,N,18/07/2017Mercury Ballroom,The Fans,Historical Artist Entry,
17/07/2017,New Found Glory,Newport Music Hall,,N,17/07/2017Newport Music Hall,The Fans,Historical Artist Entry,
15/07/2017,New Found Glory,Upstate Concert Hall,,N,15/07/2017Upstate Concert Hall,The Fans,Historical Artist Entry,
14/07/2017,New Found Glory,The Chameleon Club,,N,14/07/2017The Chameleon Club,The Fans,Historical Artist Entry,
13/07/2017,New Found Glory,Shorefront Park,,N,13/07/2017Shorefront Park,The Fans,Historical Artist Entry,
12/07/2017,New Found Glory,The Queen,,N,12/07/2017The Queen,The Fans,Historical Artist Entry,
11/07/2017,New Found Glory,The National,,N,11/07/2017The National,The Fans,Historical Artist Entry,
18/05/2017,New Found Glory,Exit/In,,N,18/05/2017Exit/In,The Fans,Historical Artist Entry,
17/05/2017,New Found Glory,Cat's Cradle,,N,17/05/2017Cat's Cradle,The Fans,Historical Artist Entry,
15/05/2017,New Found Glory,Heaven,,N,15/05/2017Heaven,The Fans,Historical Artist Entry,
14/05/2017,New Found Glory,House of Blues,,N,14/05/2017House of Blues,The Fans,Historical Artist Entry,
12/05/2017,New Found Glory,Revolution Live,,N,12/05/2017Revolution Live,The Fans,Historical Artist Entry,
10/05/2017,New Found Glory,The Social,,N,10/05/2017The Social,The Fans,Historical Artist Entry,
09/05/2017,New Found Glory,The Social,,N,09/05/2017The Social,The Fans,Historical Artist Entry,
08/05/2017,New Found Glory,The Social,,N,08/05/2017The Social,The Fans,Historical Artist Entry,
06/05/2017,New Found Glory,Mohawk,,N,06/05/2017Mohawk,The Fans,Historical Artist Entry,
05/05/2017,New Found Glory,The Door,,N,05/05/2017The Door,The Fans,Historical Artist Entry,
04/05/2017,New Found Glory,Mohawk,,N,04/05/2017Mohawk,The Fans,Historical Artist Entry,
02/05/2017,New Found Glory,Nile Theater,,N,02/05/2017Nile Theater,The Fans,Historical Artist Entry,
30/04/2017,New Found Glory,Troubadour,,N,30/04/2017Troubadour,The Fans,Historical Artist Entry,
29/04/2017,New Found Glory,Troubadour,,N,29/04/2017Troubadour,The Fans,Historical Artist Entry,
29/04/2017,New Found Glory,Space 15 Twenty,,N,29/04/2017Space 15 Twenty,The Fans,Historical Artist Entry,
28/04/2017,New Found Glory,Troubadour,,N,28/04/2017Troubadour,The Fans,Historical Artist Entry,
27/04/2017,New Found Glory,Slim's,,N,27/04/2017Slim's,The Fans,Historical Artist Entry,
26/04/2017,New Found Glory,Slim's,,N,26/04/2017Slim's,The Fans,Historical Artist Entry,
25/04/2017,New Found Glory,Slim's,,N,25/04/2017Slim's,The Fans,Historical Artist Entry,
23/04/2017,New Found Glory,House of Blues,,N,23/04/2017House of Blues,The Fans,Historical Artist Entry,
22/04/2017,New Found Glory,The Observatory,,N,22/04/2017The Observatory,The Fans,Historical Artist Entry,
21/04/2017,New Found Glory,The Observatory,,N,21/04/2017The Observatory,The Fans,Historical Artist Entry,
19/04/2017,New Found Glory,Marquis Theater,,N,19/04/2017Marquis Theater,The Fans,Historical Artist Entry,
18/04/2017,New Found Glory,Marquis Theater,,N,18/04/2017Marquis Theater,The Fans,Historical Artist Entry,
17/04/2017,New Found Glory,Marquis Theater,,N,17/04/2017Marquis Theater,The Fans,Historical Artist Entry,
15/04/2017,New Found Glory,Granada Theater,,N,15/04/2017Granada Theater,The Fans,Historical Artist Entry,
14/04/2017,New Found Glory,Delmar Hall,,N,14/04/2017Delmar Hall,The Fans,Historical Artist Entry,
13/04/2017,New Found Glory,Bottom Lounge,,N,13/04/2017Bottom Lounge,The Fans,Historical Artist Entry,
12/04/2017,New Found Glory,Bottom Lounge,,N,12/04/2017Bottom Lounge,The Fans,Historical Artist Entry,
11/04/2017,New Found Glory,Bottom Lounge,,N,11/04/2017Bottom Lounge,The Fans,Historical Artist Entry,
09/04/2017,New Found Glory,The Magic Stick,,N,09/04/2017The Magic Stick,The Fans,Historical Artist Entry,
08/04/2017,New Found Glory,The Magic Stick,,N,08/04/2017The Magic Stick,The Fans,Historical Artist Entry,
07/04/2017,New Found Glory,Bogart's,,N,07/04/2017Bogart's,The Fans,Historical Artist Entry,
05/04/2017,New Found Glory,Beachland Ballroom and Tavern,,N,05/04/2017Beachland Ballroom and Tavern,The Fans,Historical Artist Entry,
04/04/2017,New Found Glory,Beachland Ballroom and Tavern,,N,04/04/2017Beachland Ballroom and Tavern,The Fans,Historical Artist Entry,
02/04/2017,New Found Glory,Irving Plaza,,N,02/04/2017Irving Plaza,The Fans,Historical Artist Entry,
01/04/2017,New Found Glory,Irving Plaza,,N,01/04/2017Irving Plaza,The Fans,Historical Artist Entry,
31/03/2017,New Found Glory,Paradise Rock Club,,N,31/03/2017Paradise Rock Club,The Fans,Historical Artist Entry,
30/03/2017,New Found Glory,Paradise Rock Club,,N,30/03/2017Paradise Rock Club,The Fans,Historical Artist Entry,
29/03/2017,New Found Glory,Paradise Rock Club,,N,29/03/2017Paradise Rock Club,The Fans,Historical Artist Entry,
28/03/2017,New Found Glory,Starland Ballroom,,N,28/03/2017Starland Ballroom,The Fans,Historical Artist Entry,
27/03/2017,New Found Glory,Billboard Studios,,N,27/03/2017Billboard Studios,The Fans,Historical Artist Entry,
26/03/2017,New Found Glory,The Stone Pony,,N,26/03/2017The Stone Pony,The Fans,Historical Artist Entry,
25/03/2017,New Found Glory,The Stone Pony,,N,25/03/2017The Stone Pony,The Fans,Historical Artist Entry,
24/03/2017,New Found Glory,Union Transfer,,N,24/03/2017Union Transfer,The Fans,Historical Artist Entry,
23/03/2017,New Found Glory,Union Transfer,,N,23/03/2017Union Transfer,The Fans,Historical Artist Entry,
22/03/2017,New Found Glory,Baltimore Soundstage,,N,22/03/2017Baltimore Soundstage,The Fans,Historical Artist Entry,
28/01/2017,New Found Glory,First Direct Arena,,N,28/01/2017First Direct Arena,The Fans,Historical Artist Entry,
27/01/2017,New Found Glory,"The SSE Arena, Wembley",,N,"27/01/2017The SSE Arena, Wembley",The Fans,Historical Artist Entry,
25/01/2017,New Found Glory,Barclaycard Arena,,N,25/01/2017Barclaycard Arena,The Fans,Historical Artist Entry,
23/01/2017,New Found Glory,The SSE Hydro,,N,23/01/2017The SSE Hydro,The Fans,Historical Artist Entry,
22/01/2017,New Found Glory,Motorpoint Arena Cardiff,,N,22/01/2017Motorpoint Arena Cardiff,The Fans,Historical Artist Entry,
13/08/2016,New Found Glory,Portland Metropolitan Exposition Center,,N,13/08/2016Portland Metropolitan Exposition Center,The Fans,Historical Artist Entry,
12/08/2016,New Found Glory,White River Amphitheatre,,N,12/08/2016White River Amphitheatre,The Fans,Historical Artist Entry,
11/08/2016,New Found Glory,Ford Amphitheater,,N,11/08/2016Ford Amphitheater,The Fans,Historical Artist Entry,
09/08/2016,New Found Glory,The Backyard Outdoor Events Center at Hard Rock Hotel & Casino,,N,09/08/2016The Backyard Outdoor Events Center at Hard Rock Hotel & Casino,The Fans,Historical Artist Entry,
07/08/2016,New Found Glory,Fairplex,,N,07/08/2016Fairplex,The Fans,Historical Artist Entry,
06/08/2016,New Found Glory,Shoreline Amphitheatre,,N,06/08/2016Shoreline Amphitheatre,The Fans,Historical Artist Entry,
05/08/2016,New Found Glory,Qualcomm Stadium,,N,05/08/2016Qualcomm Stadium,The Fans,Historical Artist Entry,
04/08/2016,New Found Glory,Phoenix Event Complex,,N,04/08/2016Phoenix Event Complex,The Fans,Historical Artist Entry,
01/08/2016,New Found Glory,Balloon Fiesta Park,,N,01/08/2016Balloon Fiesta Park,The Fans,Historical Artist Entry,
31/07/2016,New Found Glory,Pepsi Center,,N,31/07/2016Pepsi Center,The Fans,Historical Artist Entry,
30/07/2016,New Found Glory,Utah State Fairpark,,N,30/07/2016Utah State Fairpark,The Fans,Historical Artist Entry,
28/07/2016,New Found Glory,Providence Medical Center Amphitheater,,N,28/07/2016Providence Medical Center Amphitheater,The Fans,Historical Artist Entry,
27/07/2016,New Found Glory,Hollywood Casino Amphitheatre,,N,27/07/2016Hollywood Casino Amphitheatre,The Fans,Historical Artist Entry,
26/07/2016,New Found Glory,Marcus Amphitheater,,N,26/07/2016Marcus Amphitheater,The Fans,Historical Artist Entry,
24/07/2016,New Found Glory,Canterbury Park,,N,24/07/2016Canterbury Park,The Fans,Historical Artist Entry,
23/07/2016,New Found Glory,Hollywood Casino Amphitheatre,,N,23/07/2016Hollywood Casino Amphitheatre,The Fans,Historical Artist Entry,
22/07/2016,New Found Glory,The Palace of Auburn Hills,,N,22/07/2016The Palace of Auburn Hills,The Fans,Historical Artist Entry,
21/07/2016,New Found Glory,Riverbend Music Center,,N,21/07/2016Riverbend Music Center,The Fans,Historical Artist Entry,
20/07/2016,New Found Glory,Blossom Music Center,,N,20/07/2016Blossom Music Center,The Fans,Historical Artist Entry,
19/07/2016,New Found Glory,Klipsch Music Center,,N,19/07/2016Klipsch Music Center,The Fans,Historical Artist Entry,
17/07/2016,New Found Glory,PNC Bank Arts Center,,N,17/07/2016PNC Bank Arts Center,The Fans,Historical Artist Entry,
16/07/2016,New Found Glory,Merriweather Post Pavilion,,N,16/07/2016Merriweather Post Pavilion,The Fans,Historical Artist Entry,
15/07/2016,New Found Glory,First Niagara Pavilion,,N,15/07/2016First Niagara Pavilion,The Fans,Historical Artist Entry,
14/07/2016,New Found Glory,Darien Lake Performing Arts Center,,N,14/07/2016Darien Lake Performing Arts Center,The Fans,Historical Artist Entry,
13/07/2016,New Found Glory,Xfinity Center,,N,13/07/2016Xfinity Center,The Fans,Historical Artist Entry,
11/07/2016,New Found Glory,The Pavilion at Montage Mountain,,N,11/07/2016The Pavilion at Montage Mountain,The Fans,Historical Artist Entry,
10/07/2016,New Found Glory,XFINITY Theatre,,N,10/07/2016XFINITY Theatre,The Fans,Historical Artist Entry,
09/07/2016,New Found Glory,Nikon at Jones Beach Theater,,N,09/07/2016Nikon at Jones Beach Theater,The Fans,Historical Artist Entry,
08/07/2016,New Found Glory,BB&T Pavilion,,N,08/07/2016BB&T Pavilion,The Fans,Historical Artist Entry,
07/07/2016,New Found Glory,New York State Fairgrounds,,N,07/07/2016New York State Fairgrounds,The Fans,Historical Artist Entry,
06/07/2016,New Found Glory,Veterans United Home Loans Amphitheater at Virginia Beach,,N,06/07/2016Veterans United Home Loans Amphitheater at Virginia Beach,The Fans,Historical Artist Entry,
05/07/2016,New Found Glory,PNC Music Pavilion,,N,05/07/2016PNC Music Pavilion,The Fans,Historical Artist Entry,
03/07/2016,New Found Glory,Perfect Vodka Amphitheatre,,N,03/07/2016Perfect Vodka Amphitheatre,The Fans,Historical Artist Entry,
02/07/2016,New Found Glory,Tinker Field,,N,02/07/2016Tinker Field,The Fans,Historical Artist Entry,
01/07/2016,New Found Glory,Vinoy Park,,N,01/07/2016Vinoy Park,The Fans,Historical Artist Entry,
30/06/2016,New Found Glory,Lakewood Amphitheatre,,N,30/06/2016Lakewood Amphitheatre,The Fans,Historical Artist Entry,
29/06/2016,New Found Glory,Tennessee State Fairgrounds,,N,29/06/2016Tennessee State Fairgrounds,The Fans,Historical Artist Entry,
27/06/2016,New Found Glory,Mardi Gras World,,N,27/06/2016Mardi Gras World,The Fans,Historical Artist Entry,
26/06/2016,New Found Glory,NRG Park,,N,26/06/2016NRG Park,The Fans,Historical Artist Entry,
25/06/2016,New Found Glory,AT&T Center,,N,25/06/2016AT&T Center,The Fans,Historical Artist Entry,
24/06/2016,New Found Glory,Gexa Energy Pavilion,,N,24/06/2016Gexa Energy Pavilion,The Fans,Historical Artist Entry,
30/05/2016,New Found Glory,The Forum Hertfordshire,,N,30/05/2016The Forum Hertfordshire,The Fans,Historical Artist Entry,
29/05/2016,New Found Glory,Genting Arena,,N,29/05/2016Genting Arena,The Fans,Historical Artist Entry,
28/05/2016,New Found Glory,Millennium Square,,N,28/05/2016Millennium Square,The Fans,Historical Artist Entry,
19/03/2016,New Found Glory,QuikTrip Park,,N,19/03/2016QuikTrip Park,The Fans,Historical Artist Entry,
11/03/2016,New Found Glory,Franklin Theatre,,N,11/03/2016Franklin Theatre,The Fans,Historical Artist Entry,
08/03/2016,New Found Glory,Norwegian Pearl,,N,08/03/2016Norwegian Pearl,The Fans,Historical Artist Entry,
06/03/2016,New Found Glory,Norwegian Pearl,,N,06/03/2016Norwegian Pearl,The Fans,Historical Artist Entry,
05/03/2016,New Found Glory,Norwegian Pearl,,N,05/03/2016Norwegian Pearl,The Fans,Historical Artist Entry,
04/03/2016,New Found Glory,Churchill's Pub,,N,04/03/2016Churchill's Pub,The Fans,Historical Artist Entry,
03/03/2016,New Found Glory,Culture Room,,N,03/03/2016Culture Room,The Fans,Historical Artist Entry,
02/03/2016,New Found Glory,Crowbar,,N,02/03/2016Crowbar,The Fans,Historical Artist Entry,
01/03/2016,New Found Glory,The Social,,N,01/03/2016The Social,The Fans,Historical Artist Entry,
28/02/2016,New Found Glory,1904 Music Hall,,N,28/02/20161904 Music Hall,The Fans,Historical Artist Entry,
27/02/2016,New Found Glory,High Dive,,N,27/02/2016High Dive,The Fans,Historical Artist Entry,
26/02/2016,New Found Glory,The Side Bar Theatre,,N,26/02/2016The Side Bar Theatre,The Fans,Historical Artist Entry,
25/02/2016,New Found Glory,The Handlebar,,N,25/02/2016The Handlebar,The Fans,Historical Artist Entry,
22/11/2015,New Found Glory,House of Blues,,N,22/11/2015House of Blues,The Fans,Historical Artist Entry,
21/11/2015,New Found Glory,Brooklyn Bowl,,N,21/11/2015Brooklyn Bowl,The Fans,Historical Artist Entry,
20/11/2015,New Found Glory,Wiltern Theatre,,N,20/11/2015Wiltern Theatre,The Fans,Historical Artist Entry,
18/11/2015,New Found Glory,House of Blues,,N,18/11/2015House of Blues,The Fans,Historical Artist Entry,
17/11/2015,New Found Glory,Ace of Spades,,N,17/11/2015Ace of Spades,The Fans,Historical Artist Entry,
15/11/2015,New Found Glory,The Regency Ballroom,,N,15/11/2015The Regency Ballroom,The Fans,Historical Artist Entry,
14/11/2015,New Found Glory,Roseland Theater,,N,14/11/2015Roseland Theater,The Fans,Historical Artist Entry,
13/11/2015,New Found Glory,Showbox,,N,13/11/2015Showbox,The Fans,Historical Artist Entry,
11/11/2015,New Found Glory,Rockwell,,N,11/11/2015Rockwell,The Fans,Historical Artist Entry,
10/11/2015,New Found Glory,Summit Music Hall,,N,10/11/2015Summit Music Hall,The Fans,Historical Artist Entry,
08/11/2015,New Found Glory,The Pageant,,N,08/11/2015The Pageant,The Fans,Historical Artist Entry,
07/11/2015,New Found Glory,Concord Music Hall,,N,07/11/2015Concord Music Hall,The Fans,Historical Artist Entry,
06/11/2015,New Found Glory,Concord Music Hall,,N,06/11/2015Concord Music Hall,The Fans,Historical Artist Entry,
05/11/2015,New Found Glory,Saint Andrew's Hall,,N,05/11/2015Saint Andrew's Hall,The Fans,Historical Artist Entry,
03/11/2015,New Found Glory,Headliners,,N,03/11/2015Headliners,The Fans,Historical Artist Entry,
02/11/2015,New Found Glory,House of Blues,,N,02/11/2015House of Blues,The Fans,Historical Artist Entry,
31/10/2015,New Found Glory,Sands Bethlehem Event Center,,N,31/10/2015Sands Bethlehem Event Center,The Fans,Historical Artist Entry,
30/10/2015,New Found Glory,The Palladium,,N,30/10/2015The Palladium,The Fans,Historical Artist Entry,
28/10/2015,New Found Glory,Starland Ballroom,,N,28/10/2015Starland Ballroom,The Fans,Historical Artist Entry,
27/10/2015,New Found Glory,Upstate Concert Hall,,N,27/10/2015Upstate Concert Hall,The Fans,Historical Artist Entry,
25/10/2015,New Found Glory,Danforth Music Hall,,N,25/10/2015Danforth Music Hall,The Fans,Historical Artist Entry,
24/10/2015,New Found Glory,PlayStation Theater,,N,24/10/2015PlayStation Theater,The Fans,Historical Artist Entry,
23/10/2015,New Found Glory,Electric Factory,,N,23/10/2015Electric Factory,The Fans,Historical Artist Entry,
22/10/2015,New Found Glory,The Fillmore Silver Spring,,N,22/10/2015The Fillmore Silver Spring,The Fans,Historical Artist Entry,
20/10/2015,New Found Glory,The NorVa,,N,20/10/2015The NorVa,The Fans,Historical Artist Entry,
18/10/2015,New Found Glory,The Ritz,,N,18/10/2015The Ritz,The Fans,Historical Artist Entry,
17/10/2015,New Found Glory,Heaven,,N,17/10/2015Heaven,The Fans,Historical Artist Entry,
16/10/2015,New Found Glory,House of Blues,,N,16/10/2015House of Blues,The Fans,Historical Artist Entry,
14/10/2015,New Found Glory,Revolution Live,,N,14/10/2015Revolution Live,The Fans,Historical Artist Entry,
13/10/2015,New Found Glory,Mavericks Live,,N,13/10/2015Mavericks Live,The Fans,Historical Artist Entry,
11/10/2015,New Found Glory,House of Blues,,N,11/10/2015House of Blues,The Fans,Historical Artist Entry,
10/10/2015,New Found Glory,Gas Monkey Live,,N,10/10/2015Gas Monkey Live,The Fans,Historical Artist Entry,
08/10/2015,New Found Glory,Livewire AZ,,N,08/10/2015Livewire AZ,The Fans,Historical Artist Entry,
29/08/2015,New Found Glory,Bramham Park,,N,29/08/2015Bramham Park,The Fans,Historical Artist Entry,
28/08/2015,New Found Glory,Little John's Farm,,N,28/08/2015Little John's Farm,The Fans,Historical Artist Entry,
26/08/2015,New Found Glory,Liquid Room,,N,26/08/2015Liquid Room,The Fans,Historical Artist Entry,
25/08/2015,New Found Glory,O2 Academy Islington,,N,25/08/2015O2 Academy Islington,The Fans,Historical Artist Entry,
24/08/2015,New Found Glory,O2 Academy Islington,,N,24/08/2015O2 Academy Islington,The Fans,Historical Artist Entry,
22/08/2015,New Found Glory,Na Bojišti,,N,22/08/2015Na Bojišti,The Fans,Historical Artist Entry,
21/08/2015,New Found Glory,Green Park,,N,21/08/2015Green Park,The Fans,Historical Artist Entry,
19/08/2015,New Found Glory,Szabadstrand,,N,19/08/2015Szabadstrand,The Fans,Historical Artist Entry,
22/07/2015,New Found Glory,Quicken Loans Arena,,N,22/07/2015Quicken Loans Arena,The Fans,Historical Artist Entry,
17/06/2015,New Found Glory,George M. Sullivan Arena,,N,17/06/2015George M. Sullivan Arena,The Fans,Historical Artist Entry,
12/04/2015,New Found Glory,Fitzgerald's,,N,12/04/2015Fitzgerald's,The Fans,Historical Artist Entry,
11/04/2015,New Found Glory,Tipitina's,,N,11/04/2015Tipitina's,The Fans,Historical Artist Entry,
10/04/2015,New Found Glory,Juanita's Cafe and Bar,,N,10/04/2015Juanita's Cafe and Bar,The Fans,Historical Artist Entry,
09/04/2015,New Found Glory,Mercy Lounge,,N,09/04/2015Mercy Lounge,The Fans,Historical Artist Entry,
07/04/2015,New Found Glory,Music Farm,,N,07/04/2015Music Farm,The Fans,Historical Artist Entry,
06/04/2015,New Found Glory,The Beacham,,N,06/04/2015The Beacham,The Fans,Historical Artist Entry,
04/04/2015,New Found Glory,The Roc Bar,,N,04/04/2015The Roc Bar,The Fans,Historical Artist Entry,
03/04/2015,New Found Glory,Cat's Cradle,,N,03/04/2015Cat's Cradle,The Fans,Historical Artist Entry,
02/04/2015,New Found Glory,The Fillmore Silver Spring,,N,02/04/2015The Fillmore Silver Spring,The Fans,Historical Artist Entry,
01/04/2015,New Found Glory,Toad's Place,,N,01/04/2015Toad's Place,The Fans,Historical Artist Entry,
31/03/2015,New Found Glory,The Met,,N,31/03/2015The Met,The Fans,Historical Artist Entry,
29/03/2015,New Found Glory,The Paramount,,N,29/03/2015The Paramount,The Fans,Historical Artist Entry,
28/03/2015,New Found Glory,Starland Ballroom,,N,28/03/2015Starland Ballroom,The Fans,Historical Artist Entry,
27/03/2015,New Found Glory,The Chameleon Club,,N,27/03/2015The Chameleon Club,The Fans,Historical Artist Entry,
26/03/2015,New Found Glory,Newport Music Hall,,N,26/03/2015Newport Music Hall,The Fans,Historical Artist Entry,
25/03/2015,New Found Glory,Bogart's,,N,25/03/2015Bogart's,The Fans,Historical Artist Entry,
24/03/2015,New Found Glory,The Loft,,N,24/03/2015The Loft,The Fans,Historical Artist Entry,
22/03/2015,New Found Glory,Durty Nellie's,,N,22/03/2015Durty Nellie's,The Fans,Historical Artist Entry,
21/03/2015,New Found Glory,The Rave,,N,21/03/2015The Rave,The Fans,Historical Artist Entry,
20/03/2015,New Found Glory,Varsity Theater,,N,20/03/2015Varsity Theater,The Fans,Historical Artist Entry,
19/03/2015,New Found Glory,Wooly's,,N,19/03/2015Wooly's,The Fans,Historical Artist Entry,
17/03/2015,New Found Glory,Granada Theater,,N,17/03/2015Granada Theater,The Fans,Historical Artist Entry,
16/03/2015,New Found Glory,The Black Sheep,,N,16/03/2015The Black Sheep,The Fans,Historical Artist Entry,
14/03/2015,New Found Glory,Oakland Metro Operahouse,,N,14/03/2015Oakland Metro Operahouse,The Fans,Historical Artist Entry,
13/03/2015,New Found Glory,The Glass House,,N,13/03/2015The Glass House,The Fans,Historical Artist Entry,
01/03/2015,New Found Glory,Stage 3,,N,01/03/2015Stage 3,The Fans,Historical Artist Entry,
28/02/2015,New Found Glory,Olympic Park,,N,28/02/2015Olympic Park,The Fans,Historical Artist Entry,
27/02/2015,New Found Glory,The Factory Theatre,,N,27/02/2015The Factory Theatre,The Fans,Historical Artist Entry,
24/02/2015,New Found Glory,The Hi-Fi,,N,24/02/2015The Hi-Fi,The Fans,Historical Artist Entry,
22/02/2015,New Found Glory,Royal Melbourne Showgrounds,,N,22/02/2015Royal Melbourne Showgrounds,The Fans,Historical Artist Entry,
21/02/2015,New Found Glory,Bonython Park,,N,21/02/2015Bonython Park,The Fans,Historical Artist Entry,
17/02/2015,New Found Glory,Umeda CLUB QUATTRO,,N,17/02/2015Umeda CLUB QUATTRO,The Fans,Historical Artist Entry,
16/02/2015,New Found Glory,Nagoya CLUB QUATTRO,,N,16/02/2015Nagoya CLUB QUATTRO,The Fans,Historical Artist Entry,
15/02/2015,New Found Glory,Bay Hall,,N,15/02/2015Bay Hall,The Fans,Historical Artist Entry,
14/02/2015,New Found Glory,Shibuya CLUB QUATTRO,,N,14/02/2015Shibuya CLUB QUATTRO,The Fans,Historical Artist Entry,
12/02/2015,New Found Glory,*SCAPE The Ground Theatre,,N,12/02/2015*SCAPE The Ground Theatre,The Fans,Historical Artist Entry,
10/02/2015,New Found Glory,Live House Studio,,N,10/02/2015Live House Studio,The Fans,Historical Artist Entry,
08/02/2015,New Found Glory,SM City North EDSA Skydome,,N,08/02/2015SM City North EDSA Skydome,The Fans,Historical Artist Entry,
06/02/2015,New Found Glory,Bentley Music Auditorium,,N,06/02/2015Bentley Music Auditorium,The Fans,Historical Artist Entry,
10/12/2014,New Found Glory,Penélope,,N,10/12/2014Penélope,The Fans,Historical Artist Entry,
08/12/2014,New Found Glory,Razzmatazz 2,,N,08/12/2014Razzmatazz 2,The Fans,Historical Artist Entry,
06/12/2014,New Found Glory,Tunnel,,N,06/12/2014Tunnel,The Fans,Historical Artist Entry,
04/12/2014,New Found Glory,Luxor,,N,04/12/2014Luxor,The Fans,Historical Artist Entry,
03/12/2014,New Found Glory,Knust,,N,03/12/2014Knust,The Fans,Historical Artist Entry,
02/12/2014,New Found Glory,Pandora,,N,02/12/2014Pandora,The Fans,Historical Artist Entry,
01/12/2014,New Found Glory,Trix,,N,01/12/2014Trix,The Fans,Historical Artist Entry,
30/11/2014,New Found Glory,Le Divan du Monde,,N,30/11/2014Le Divan du Monde,The Fans,Historical Artist Entry,
29/11/2014,New Found Glory,The Forum,,N,29/11/2014The Forum,The Fans,Historical Artist Entry,
29/11/2014,New Found Glory,The Forum,,N,29/11/2014The Forum,The Fans,Historical Artist Entry,
28/11/2014,New Found Glory,The Forum,,N,28/11/2014The Forum,The Fans,Historical Artist Entry,
26/11/2014,New Found Glory,Portsmouth Pyramids Centre,,N,26/11/2014Portsmouth Pyramids Centre,The Fans,Historical Artist Entry,
25/11/2014,New Found Glory,O2 Academy Bristol,,N,25/11/2014O2 Academy Bristol,The Fans,Historical Artist Entry,
23/11/2014,New Found Glory,Cardiff University Students' Union,,N,23/11/2014Cardiff University Students' Union,The Fans,Historical Artist Entry,
22/11/2014,New Found Glory,O2 Academy Leeds,,N,22/11/2014O2 Academy Leeds,The Fans,Historical Artist Entry,
21/11/2014,New Found Glory,Manchester Academy 1,,N,21/11/2014Manchester Academy 1,The Fans,Historical Artist Entry,
20/11/2014,New Found Glory,O2 Academy Liverpool,,N,20/11/2014O2 Academy Liverpool,The Fans,Historical Artist Entry,
18/11/2014,New Found Glory,Rock City,,N,18/11/2014Rock City,The Fans,Historical Artist Entry,
17/11/2014,New Found Glory,O2 ABC,,N,17/11/2014O2 ABC,The Fans,Historical Artist Entry,
16/11/2014,New Found Glory,O2 Academy Newcastle,,N,16/11/2014O2 Academy Newcastle,The Fans,Historical Artist Entry,
15/11/2014,New Found Glory,HMV Institute,,N,15/11/2014HMV Institute,The Fans,Historical Artist Entry,
13/11/2014,New Found Glory,Limelight,,N,13/11/2014Limelight,The Fans,Historical Artist Entry,
12/11/2014,New Found Glory,The Academy,,N,12/11/2014The Academy,The Fans,Historical Artist Entry,
08/11/2014,New Found Glory,The Catalyst,,N,08/11/2014The Catalyst,The Fans,Historical Artist Entry,
07/11/2014,New Found Glory,The Regency Ballroom,,N,07/11/2014The Regency Ballroom,The Fans,Historical Artist Entry,
05/11/2014,New Found Glory,Hawthorne Theatre,,N,05/11/2014Hawthorne Theatre,The Fans,Historical Artist Entry,
04/11/2014,New Found Glory,The Showbox SoDo,,N,04/11/2014The Showbox SoDo,The Fans,Historical Artist Entry,
02/11/2014,New Found Glory,Ace of Spades,,N,02/11/2014Ace of Spades,The Fans,Historical Artist Entry,
01/11/2014,New Found Glory,House of Blues,,N,01/11/2014House of Blues,The Fans,Historical Artist Entry,
31/10/2014,New Found Glory,Hard Rock Cafe,,N,31/10/2014Hard Rock Cafe,The Fans,Historical Artist Entry,
30/10/2014,New Found Glory,Sunshine Theater,,N,30/10/2014Sunshine Theater,The Fans,Historical Artist Entry,
29/10/2014,New Found Glory,Summit Music Hall,,N,29/10/2014Summit Music Hall,The Fans,Historical Artist Entry,
28/10/2014,New Found Glory,Bourbon Theatre,,N,28/10/2014Bourbon Theatre,The Fans,Historical Artist Entry,
26/10/2014,New Found Glory,The Ready Room,,N,26/10/2014The Ready Room,The Fans,Historical Artist Entry,
25/10/2014,New Found Glory,House of Blues,,N,25/10/2014House of Blues,The Fans,Historical Artist Entry,
24/10/2014,New Found Glory,Majestic Theatre,,N,24/10/2014Majestic Theatre,The Fans,Historical Artist Entry,
23/10/2014,New Found Glory,House of Blues,,N,23/10/2014House of Blues,The Fans,Historical Artist Entry,
22/10/2014,New Found Glory,Altar Bar,,N,22/10/2014Altar Bar,The Fans,Historical Artist Entry,
21/10/2014,New Found Glory,Town Ballroom,,N,21/10/2014Town Ballroom,The Fans,Historical Artist Entry,
19/10/2014,New Found Glory,Best Buy Theater,,N,19/10/2014Best Buy Theater,The Fans,Historical Artist Entry,
19/10/2014,New Found Glory,Looney Tunes CD Store,,N,19/10/2014Looney Tunes CD Store,The Fans,Historical Artist Entry,
18/10/2014,New Found Glory,Vintage Vinyl Records,,N,18/10/2014Vintage Vinyl Records,The Fans,Historical Artist Entry,
18/10/2014,New Found Glory,Starland Ballroom,,N,18/10/2014Starland Ballroom,The Fans,Historical Artist Entry,
17/10/2014,New Found Glory,Toad's Place,,N,17/10/2014Toad's Place,The Fans,Historical Artist Entry,
16/10/2014,New Found Glory,House of Blues,,N,16/10/2014House of Blues,The Fans,Historical Artist Entry,
15/10/2014,New Found Glory,The Theatre of Living Arts,,N,15/10/2014The Theatre of Living Arts,The Fans,Historical Artist Entry,
15/10/2014,New Found Glory,FYE,,N,15/10/2014FYE,The Fans,Historical Artist Entry,
14/10/2014,New Found Glory,The Sound Garden,,N,14/10/2014The Sound Garden,The Fans,Historical Artist Entry,
14/10/2014,New Found Glory,Rams Head Live!,,N,14/10/2014Rams Head Live!,The Fans,Historical Artist Entry,
12/10/2014,New Found Glory,Criminal Records,,N,12/10/2014Criminal Records,The Fans,Historical Artist Entry,
12/10/2014,New Found Glory,Heaven,,N,12/10/2014Heaven,The Fans,Historical Artist Entry,
11/10/2014,New Found Glory,FYE,,N,11/10/2014FYE,The Fans,Historical Artist Entry,
11/10/2014,New Found Glory,Revolution Live,,N,11/10/2014Revolution Live,The Fans,Historical Artist Entry,
10/10/2014,New Found Glory,Park Avenue CDs,,N,10/10/2014Park Avenue CDs,The Fans,Historical Artist Entry,
10/10/2014,New Found Glory,House of Blues,,N,10/10/2014House of Blues,The Fans,Historical Artist Entry,
09/10/2014,New Found Glory,The Orpheum,,N,09/10/2014The Orpheum,The Fans,Historical Artist Entry,
07/10/2014,New Found Glory,Emo's,,N,07/10/2014Emo's,The Fans,Historical Artist Entry,
05/10/2014,New Found Glory,Marquee Theatre,,N,05/10/2014Marquee Theatre,The Fans,Historical Artist Entry,
05/10/2014,New Found Glory,Zia Records,,N,05/10/2014Zia Records,The Fans,Historical Artist Entry,
04/10/2014,New Found Glory,Fingerprints Music,,N,04/10/2014Fingerprints Music,The Fans,Historical Artist Entry,
04/10/2014,New Found Glory,House of Blues,,N,04/10/2014House of Blues,The Fans,Historical Artist Entry,
03/10/2014,New Found Glory,M-Theory Records,,N,03/10/2014M-Theory Records,The Fans,Historical Artist Entry,
03/10/2014,New Found Glory,House of Blues,,N,03/10/2014House of Blues,The Fans,Historical Artist Entry,
01/10/2014,New Found Glory,Loveline,,N,01/10/2014Loveline,The Fans,Historical Artist Entry,
19/09/2014,New Found Glory,Sports Authority Field at Mile High,,N,19/09/2014Sports Authority Field at Mile High,The Fans,Historical Artist Entry,
14/09/2014,New Found Glory,Humboldt Park,,N,14/09/2014Humboldt Park,The Fans,Historical Artist Entry,
06/09/2014,New Found Glory,Downsview Park,,N,06/09/2014Downsview Park,The Fans,Historical Artist Entry,
31/08/2014,New Found Glory,Fashion Meets Music Festival,,N,31/08/2014Fashion Meets Music Festival,The Fans,Historical Artist Entry,
10/08/2014,New Found Glory,Seoul World Cup Stadium,,N,10/08/2014Seoul World Cup Stadium,The Fans,Historical Artist Entry,
21/07/2014,New Found Glory,Rock & Roll Hall of Fame,,N,21/07/2014Rock & Roll Hall of Fame,The Fans,Historical Artist Entry,
20/06/2014,New Found Glory,Marina de Montebello,,N,20/06/2014Marina de Montebello,The Fans,Historical Artist Entry,
07/06/2014,New Found Glory,Santa Anita Park,,N,07/06/2014Santa Anita Park,The Fans,Historical Artist Entry,
18/05/2014,New Found Glory,Berkeley Oceanfront Hotel,,N,18/05/2014Berkeley Oceanfront Hotel,The Fans,Historical Artist Entry,
03/05/2014,New Found Glory,De Vlessenhoeve,,N,03/05/2014De Vlessenhoeve,The Fans,Historical Artist Entry,
10/03/2014,New Found Glory,Norwegian Pearl,,N,10/03/2014Norwegian Pearl,The Fans,Historical Artist Entry,
08/03/2014,New Found Glory,Norwegian Pearl,,N,08/03/2014Norwegian Pearl,The Fans,Historical Artist Entry,
07/03/2014,New Found Glory,Norwegian Star - Stardust Theater,,N,07/03/2014Norwegian Star - Stardust Theater,The Fans,Historical Artist Entry,
06/03/2014,New Found Glory,The Talent Farm,,N,06/03/2014The Talent Farm,The Fans,Historical Artist Entry,
06/03/2014,New Found Glory,The Talent Farm,,N,06/03/2014The Talent Farm,The Fans,Historical Artist Entry,
08/12/2013,New Found Glory,Ellis Park,,N,08/12/2013Ellis Park,The Fans,Historical Artist Entry,
07/12/2013,New Found Glory,Birrarung Marr,,N,07/12/2013Birrarung Marr,The Fans,Historical Artist Entry,
06/12/2013,New Found Glory,Exhibition Park in Canberra,,N,06/12/2013Exhibition Park in Canberra,The Fans,Historical Artist Entry,
01/12/2013,New Found Glory,Barangaroo,,N,01/12/2013Barangaroo,The Fans,Historical Artist Entry,
30/11/2013,New Found Glory,Coffs Harbour Showground,,N,30/11/2013Coffs Harbour Showground,The Fans,Historical Artist Entry,
29/11/2013,New Found Glory,Brisbane Showgrounds,,N,29/11/2013Brisbane Showgrounds,The Fans,Historical Artist Entry,
23/11/2013,New Found Glory,Emo's,,N,23/11/2013Emo's,The Fans,Historical Artist Entry,
22/11/2013,New Found Glory,Diamond Ballroom,,N,22/11/2013Diamond Ballroom,The Fans,Historical Artist Entry,
21/11/2013,New Found Glory,The Blue Note,,N,21/11/2013The Blue Note,The Fans,Historical Artist Entry,
20/11/2013,New Found Glory,Bourbon Theatre,,N,20/11/2013Bourbon Theatre,The Fans,Historical Artist Entry,
19/11/2013,New Found Glory,First Avenue,,N,19/11/2013First Avenue,The Fans,Historical Artist Entry,
17/11/2013,New Found Glory,Aragon Ballroom,,N,17/11/2013Aragon Ballroom,The Fans,Historical Artist Entry,
16/11/2013,New Found Glory,Bogart's,,N,16/11/2013Bogart's,The Fans,Historical Artist Entry,
15/11/2013,New Found Glory,The Fillmore Detroit,,N,15/11/2013The Fillmore Detroit,The Fans,Historical Artist Entry,
14/11/2013,New Found Glory,Stage AE,,N,14/11/2013Stage AE,The Fans,Historical Artist Entry,
13/11/2013,New Found Glory,Electric Factory,,N,13/11/2013Electric Factory,The Fans,Historical Artist Entry,
13/11/2013,New Found Glory,Radio 104.5 Performance Theatre,,N,13/11/2013Radio 104.5 Performance Theatre,The Fans,Historical Artist Entry,
12/11/2013,New Found Glory,House of Blues,,N,12/11/2013House of Blues,The Fans,Historical Artist Entry,
10/11/2013,New Found Glory,Terminal 5,,N,10/11/2013Terminal 5,The Fans,Historical Artist Entry,
09/11/2013,New Found Glory,The Paramount,,N,09/11/2013The Paramount,The Fans,Historical Artist Entry,
08/11/2013,New Found Glory,Starland Ballroom,,N,08/11/2013Starland Ballroom,The Fans,Historical Artist Entry,
07/11/2013,New Found Glory,The Fillmore Silver Spring,,N,07/11/2013The Fillmore Silver Spring,The Fans,Historical Artist Entry,
06/11/2013,New Found Glory,The Fillmore,,N,06/11/2013The Fillmore,The Fans,Historical Artist Entry,
05/11/2013,New Found Glory,Center Stage,,N,05/11/2013Center Stage,The Fans,Historical Artist Entry,
04/11/2013,New Found Glory,House of Blues,,N,04/11/2013House of Blues,The Fans,Historical Artist Entry,
02/11/2013,New Found Glory,City Park,,N,02/11/2013City Park,The Fans,Historical Artist Entry,
01/11/2013,New Found Glory,Backstage Live,,N,01/11/2013Backstage Live,The Fans,Historical Artist Entry,
31/10/2013,New Found Glory,House of Blues,,N,31/10/2013House of Blues,The Fans,Historical Artist Entry,
30/10/2013,New Found Glory,House of Blues,,N,30/10/2013House of Blues,The Fans,Historical Artist Entry,
28/10/2013,New Found Glory,Marquee Theatre,,N,28/10/2013Marquee Theatre,The Fans,Historical Artist Entry,
27/10/2013,New Found Glory,SOMA,,N,27/10/2013SOMA,The Fans,Historical Artist Entry,
26/10/2013,New Found Glory,Club Nokia,,N,26/10/2013Club Nokia,The Fans,Historical Artist Entry,
25/10/2013,New Found Glory,House of Blues,,N,25/10/2013House of Blues,The Fans,Historical Artist Entry,
24/10/2013,New Found Glory,The Observatory,,N,24/10/2013The Observatory,The Fans,Historical Artist Entry,
23/10/2013,New Found Glory,The Warfield,,N,23/10/2013The Warfield,The Fans,Historical Artist Entry,
01/09/2013,New Found Glory,Arena Moscow,,N,01/09/2013Arena Moscow,The Fans,Historical Artist Entry,
30/08/2013,New Found Glory,Festivalgelände Schöllingstraße,,N,30/08/2013Festivalgelände Schöllingstraße,The Fans,Historical Artist Entry,
29/08/2013,New Found Glory,Circolo Magnolia,,N,29/08/2013Circolo Magnolia,The Fans,Historical Artist Entry,
28/08/2013,New Found Glory,Ninkasi Kao,,N,28/08/2013Ninkasi Kao,The Fans,Historical Artist Entry,
27/08/2013,New Found Glory,Le Divan du Monde,,N,27/08/2013Le Divan du Monde,The Fans,Historical Artist Entry,
26/08/2013,New Found Glory,Tivoli De Helling,,N,26/08/2013Tivoli De Helling,The Fans,Historical Artist Entry,
24/08/2013,New Found Glory,Bramham Park,,N,24/08/2013Bramham Park,The Fans,Historical Artist Entry,
23/08/2013,New Found Glory,Little John's Farm,,N,23/08/2013Little John's Farm,The Fans,Historical Artist Entry,
21/07/2013,New Found Glory,El Paso County Coliseum,,N,21/07/2013El Paso County Coliseum,The Fans,Historical Artist Entry,
08/06/2013,New Found Glory,Stramler Park,,N,08/06/2013Stramler Park,The Fans,Historical Artist Entry,
07/06/2013,New Found Glory,House of Blues,,N,07/06/2013House of Blues,The Fans,Historical Artist Entry,
06/06/2013,New Found Glory,The Majestic Ventura Theater,,N,06/06/2013The Majestic Ventura Theater,The Fans,Historical Artist Entry,
05/06/2013,New Found Glory,The Catalyst Atrium,,N,05/06/2013The Catalyst Atrium,The Fans,Historical Artist Entry,
03/06/2013,New Found Glory,Hawthorne Theatre,,N,03/06/2013Hawthorne Theatre,The Fans,Historical Artist Entry,
02/06/2013,New Found Glory,Showbox at the Market,,N,02/06/2013Showbox at the Market,The Fans,Historical Artist Entry,
01/06/2013,New Found Glory,Rickshaw Theatre,,N,01/06/2013Rickshaw Theatre,The Fans,Historical Artist Entry,
30/05/2013,New Found Glory,The Starlite Room,,N,30/05/2013The Starlite Room,The Fans,Historical Artist Entry,
29/05/2013,New Found Glory,"MacEwan Hall, University of Calgary",,N,"29/05/2013MacEwan Hall, University of Calgary",The Fans,Historical Artist Entry,
28/05/2013,New Found Glory,Louis',,N,28/05/2013Louis',The Fans,Historical Artist Entry,
26/05/2013,New Found Glory,Garrick Centre,,N,26/05/2013Garrick Centre,The Fans,Historical Artist Entry,
25/05/2013,New Found Glory,First Avenue,,N,25/05/2013First Avenue,The Fans,Historical Artist Entry,
24/05/2013,New Found Glory,The Rave,,N,24/05/2013The Rave,The Fans,Historical Artist Entry,
23/05/2013,New Found Glory,Thompson House,,N,23/05/2013Thompson House,The Fans,Historical Artist Entry,
22/05/2013,New Found Glory,Newport Music Hall,,N,22/05/2013Newport Music Hall,The Fans,Historical Artist Entry,
21/05/2013,New Found Glory,The Intersection,,N,21/05/2013The Intersection,The Fans,Historical Artist Entry,
19/05/2013,New Found Glory,Les Foufounes Électriques,,N,19/05/2013Les Foufounes Électriques,The Fans,Historical Artist Entry,
18/05/2013,New Found Glory,Toad's Place,,N,18/05/2013Toad's Place,The Fans,Historical Artist Entry,
17/05/2013,New Found Glory,The Club at Water Street,,N,17/05/2013The Club at Water Street,The Fans,Historical Artist Entry,
04/05/2013,New Found Glory,Florida State Fairgrounds,,N,04/05/2013Florida State Fairgrounds,The Fans,Historical Artist Entry,
30/03/2013,New Found Glory,Desert Breeze Skate Park,,N,30/03/2013Desert Breeze Skate Park,The Fans,Historical Artist Entry,
28/03/2013,New Found Glory,Chain Reaction,,N,28/03/2013Chain Reaction,The Fans,Historical Artist Entry,
27/03/2013,New Found Glory,Chain Reaction,,N,27/03/2013Chain Reaction,The Fans,Historical Artist Entry,
22/02/2013,New Found Glory,House of Blues,,N,22/02/2013House of Blues,The Fans,Historical Artist Entry,
16/12/2012,New Found Glory,Culture Room,,N,16/12/2012Culture Room,The Fans,Historical Artist Entry,
15/12/2012,New Found Glory,The Social,,N,15/12/2012The Social,The Fans,Historical Artist Entry,
14/12/2012,New Found Glory,The Social,,N,14/12/2012The Social,The Fans,Historical Artist Entry,
13/12/2012,New Found Glory,New Brookland Tavern,,N,13/12/2012New Brookland Tavern,The Fans,Historical Artist Entry,
12/12/2012,New Found Glory,Greene Street Club,,N,12/12/2012Greene Street Club,The Fans,Historical Artist Entry,
11/12/2012,New Found Glory,Recher Theatre,,N,11/12/2012Recher Theatre,The Fans,Historical Artist Entry,
09/12/2012,New Found Glory,The Theatre of Living Arts,,N,09/12/2012The Theatre of Living Arts,The Fans,Historical Artist Entry,
08/12/2012,New Found Glory,Irving Plaza,,N,08/12/2012Irving Plaza,The Fans,Historical Artist Entry,
07/12/2012,New Found Glory,Irving Plaza,,N,07/12/2012Irving Plaza,The Fans,Historical Artist Entry,
06/12/2012,New Found Glory,Paradise Rock Club,,N,06/12/2012Paradise Rock Club,The Fans,Historical Artist Entry,
05/12/2012,New Found Glory,The Met,,N,05/12/2012The Met,The Fans,Historical Artist Entry,
03/12/2012,New Found Glory,Grog Shop,,N,03/12/2012Grog Shop,The Fans,Historical Artist Entry,
03/12/2012,New Found Glory,Grog Shop,,N,03/12/2012Grog Shop,The Fans,Historical Artist Entry,
02/12/2012,New Found Glory,The Magic Stick,,N,02/12/2012The Magic Stick,The Fans,Historical Artist Entry,
01/12/2012,New Found Glory,Bottom Lounge,,N,01/12/2012Bottom Lounge,The Fans,Historical Artist Entry,
30/11/2012,New Found Glory,The Bottleneck,,N,30/11/2012The Bottleneck,The Fans,Historical Artist Entry,
29/11/2012,New Found Glory,Bluebird Theater,,N,29/11/2012Bluebird Theater,The Fans,Historical Artist Entry,
27/11/2012,New Found Glory,Hard Rock Cafe,,N,27/11/2012Hard Rock Cafe,The Fans,Historical Artist Entry,
26/11/2012,New Found Glory,The Glass House,,N,26/11/2012The Glass House,The Fans,Historical Artist Entry,
25/11/2012,New Found Glory,Troubadour,,N,25/11/2012Troubadour,The Fans,Historical Artist Entry,
24/11/2012,New Found Glory,Slim's,,N,24/11/2012Slim's,The Fans,Historical Artist Entry,
23/11/2012,New Found Glory,Bottom of the Hill,,N,23/11/2012Bottom of the Hill,The Fans,Historical Artist Entry,
10/11/2012,New Found Glory,Alexandra Palace,,N,10/11/2012Alexandra Palace,The Fans,Historical Artist Entry,
09/11/2012,New Found Glory,"The Great Hall, Cardiff University Students' Union",,N,"09/11/2012The Great Hall, Cardiff University Students' Union",The Fans,Historical Artist Entry,
08/11/2012,New Found Glory,"The LCR, UEA",,N,"08/11/2012The LCR, UEA",The Fans,Historical Artist Entry,
07/11/2012,New Found Glory,Barrowland,,N,07/11/2012Barrowland,The Fans,Historical Artist Entry,
06/11/2012,New Found Glory,Leeds University Union,,N,06/11/2012Leeds University Union,The Fans,Historical Artist Entry,
05/11/2012,New Found Glory,Manchester Academy 1,,N,05/11/2012Manchester Academy 1,The Fans,Historical Artist Entry,
04/11/2012,New Found Glory,Rock City,,N,04/11/2012Rock City,The Fans,Historical Artist Entry,
05/08/2012,New Found Glory,Rose Quarter Commons,,N,05/08/2012Rose Quarter Commons,The Fans,Historical Artist Entry,
04/08/2012,New Found Glory,White River Amphitheatre,,N,04/08/2012White River Amphitheatre,The Fans,Historical Artist Entry,
01/08/2012,New Found Glory,Marcus Amphitheater,,N,01/08/2012Marcus Amphitheater,The Fans,Historical Artist Entry,
31/07/2012,New Found Glory,Riverbend Music Center,,N,31/07/2012Riverbend Music Center,The Fans,Historical Artist Entry,
30/07/2012,New Found Glory,Verizon Wireless Amphitheatre,,N,30/07/2012Verizon Wireless Amphitheatre,The Fans,Historical Artist Entry,
29/07/2012,New Found Glory,Vinoy Park,,N,29/07/2012Vinoy Park,The Fans,Historical Artist Entry,
28/07/2012,New Found Glory,Cruzan Amphitheatre,,N,28/07/2012Cruzan Amphitheatre,The Fans,Historical Artist Entry,
27/07/2012,New Found Glory,Central Florida Fairgrounds,,N,27/07/2012Central Florida Fairgrounds,The Fans,Historical Artist Entry,
26/07/2012,New Found Glory,Aaron's Amphitheatre at Lakewood,,N,26/07/2012Aaron's Amphitheatre at Lakewood,The Fans,Historical Artist Entry,
25/07/2012,New Found Glory,Farm Bureau Live at Virginia Beach,,N,25/07/2012Farm Bureau Live at Virginia Beach,The Fans,Historical Artist Entry,
24/07/2012,New Found Glory,Merriweather Post Pavilion,,N,24/07/2012Merriweather Post Pavilion,The Fans,Historical Artist Entry,
22/07/2012,New Found Glory,Comcast Theatre,,N,22/07/2012Comcast Theatre,The Fans,Historical Artist Entry,
21/07/2012,New Found Glory,Nassau Veterans Memorial Coliseum Parking Lot,,N,21/07/2012Nassau Veterans Memorial Coliseum Parking Lot,The Fans,Historical Artist Entry,
20/07/2012,New Found Glory,Susquehanna Bank Center,,N,20/07/2012Susquehanna Bank Center,The Fans,Historical Artist Entry,
19/07/2012,New Found Glory,Comcast Center,,N,19/07/2012Comcast Center,The Fans,Historical Artist Entry,
18/07/2012,New Found Glory,Toyota Pavilion at Montage Mountain,,N,18/07/2012Toyota Pavilion at Montage Mountain,The Fans,Historical Artist Entry,
17/07/2012,New Found Glory,Darien Lake Performing Arts Center,,N,17/07/2012Darien Lake Performing Arts Center,The Fans,Historical Artist Entry,
15/07/2012,New Found Glory,The Flats at Molson Canadian Amphitheatre,,N,15/07/2012The Flats at Molson Canadian Amphitheatre,The Fans,Historical Artist Entry,
14/07/2012,New Found Glory,Parc Jean-Drapeau,,N,14/07/2012Parc Jean-Drapeau,The Fans,Historical Artist Entry,
13/07/2012,New Found Glory,PNC Bank Arts Center,,N,13/07/2012PNC Bank Arts Center,The Fans,Historical Artist Entry,
12/07/2012,New Found Glory,First Niagara Pavilion,,N,12/07/2012First Niagara Pavilion,The Fans,Historical Artist Entry,
11/07/2012,New Found Glory,Blossom Music Center,,N,11/07/2012Blossom Music Center,The Fans,Historical Artist Entry,
10/07/2012,New Found Glory,Klipsch Music Center,,N,10/07/2012Klipsch Music Center,The Fans,Historical Artist Entry,
09/07/2012,New Found Glory,Cricket Wireless Amphitheater,,N,09/07/2012Cricket Wireless Amphitheater,The Fans,Historical Artist Entry,
08/07/2012,New Found Glory,Canterbury Park,,N,08/07/2012Canterbury Park,The Fans,Historical Artist Entry,
07/07/2012,New Found Glory,First Midwest Bank Amphitheatre,,N,07/07/2012First Midwest Bank Amphitheatre,The Fans,Historical Artist Entry,
06/07/2012,New Found Glory,The Palace of Auburn Hills,,N,06/07/2012The Palace of Auburn Hills,The Fans,Historical Artist Entry,
05/07/2012,New Found Glory,Verizon Wireless Amphitheater,,N,05/07/2012Verizon Wireless Amphitheater,The Fans,Historical Artist Entry,
03/07/2012,New Found Glory,Gexa Energy Pavilion,,N,03/07/2012Gexa Energy Pavilion,The Fans,Historical Artist Entry,
01/07/2012,New Found Glory,Reliant Park,,N,01/07/2012Reliant Park,The Fans,Historical Artist Entry,
30/06/2012,New Found Glory,AT&T Center,,N,30/06/2012AT&T Center,The Fans,Historical Artist Entry,
29/06/2012,New Found Glory,"Intramural Fields, New Mexico State University",,N,"29/06/2012Intramural Fields, New Mexico State University",The Fans,Historical Artist Entry,
28/06/2012,New Found Glory,Camelback Ranch,,N,28/06/2012Camelback Ranch,The Fans,Historical Artist Entry,
27/06/2012,New Found Glory,Cricket Wireless Amphitheatre,,N,27/06/2012Cricket Wireless Amphitheatre,The Fans,Historical Artist Entry,
24/06/2012,New Found Glory,Ventura County Fairgrounds,,N,24/06/2012Ventura County Fairgrounds,The Fans,Historical Artist Entry,
23/06/2012,New Found Glory,AT&T Park,,N,23/06/2012AT&T Park,The Fans,Historical Artist Entry,
22/06/2012,New Found Glory,Fairplex,,N,22/06/2012Fairplex,The Fans,Historical Artist Entry,
21/06/2012,New Found Glory,Orange County Great Park,,N,21/06/2012Orange County Great Park,The Fans,Historical Artist Entry,
20/06/2012,New Found Glory,The Luxor Hotel Parking Lot,,N,20/06/2012The Luxor Hotel Parking Lot,The Fans,Historical Artist Entry,
17/06/2012,New Found Glory,Sports Authority Field at Mile High,,N,17/06/2012Sports Authority Field at Mile High,The Fans,Historical Artist Entry,
16/06/2012,New Found Glory,Utah State Fairpark,,N,16/06/2012Utah State Fairpark,The Fans,Historical Artist Entry,
10/04/2012,New Found Glory,Thebarton Theatre,,N,10/04/2012Thebarton Theatre,The Fans,Historical Artist Entry,
08/04/2012,New Found Glory,Festival Hall,,N,08/04/2012Festival Hall,The Fans,Historical Artist Entry,
07/04/2012,New Found Glory,Big Top Luna Park,,N,07/04/2012Big Top Luna Park,The Fans,Historical Artist Entry,
06/04/2012,New Found Glory,The Tivoli,,N,06/04/2012The Tivoli,The Fans,Historical Artist Entry,
05/04/2012,New Found Glory,The Tivoli,,N,05/04/2012The Tivoli,The Fans,Historical Artist Entry,
02/04/2012,New Found Glory,Zepp Nagoya,,N,02/04/2012Zepp Nagoya,The Fans,Historical Artist Entry,
01/04/2012,New Found Glory,WORLD Kinen Hall,,N,01/04/2012WORLD Kinen Hall,The Fans,Historical Artist Entry,
31/03/2012,New Found Glory,Hall 9,,N,31/03/2012Hall 9,The Fans,Historical Artist Entry,
03/03/2012,New Found Glory,Orange County Fairgrounds,,N,03/03/2012Orange County Fairgrounds,The Fans,Historical Artist Entry,
17/02/2012,New Found Glory,Roundhouse,,N,17/02/2012Roundhouse,The Fans,Historical Artist Entry,
17/02/2012,New Found Glory,Maida Vale Studios,,N,17/02/2012Maida Vale Studios,The Fans,Historical Artist Entry,
16/02/2012,New Found Glory,O2 Academy,,N,16/02/2012O2 Academy,The Fans,Historical Artist Entry,
15/02/2012,New Found Glory,Manchester Academy 1,,N,15/02/2012Manchester Academy 1,The Fans,Historical Artist Entry,
13/02/2012,New Found Glory,O2 ABC,,N,13/02/2012O2 ABC,The Fans,Historical Artist Entry,
12/02/2012,New Found Glory,O2 Academy Newcastle,,N,12/02/2012O2 Academy Newcastle,The Fans,Historical Artist Entry,
11/02/2012,New Found Glory,"The Great Hall, Cardiff University Students' Union",,N,"11/02/2012The Great Hall, Cardiff University Students' Union",The Fans,Historical Artist Entry,
10/02/2012,New Found Glory,O2 Academy Bristol,,N,10/02/2012O2 Academy Bristol,The Fans,Historical Artist Entry,
08/02/2012,New Found Glory,"The LCR, UEA",,N,"08/02/2012The LCR, UEA",The Fans,Historical Artist Entry,
07/02/2012,New Found Glory,Southampton Guildhall,,N,07/02/2012Southampton Guildhall,The Fans,Historical Artist Entry,
05/02/2012,New Found Glory,The Academy,,N,05/02/2012The Academy,The Fans,Historical Artist Entry,
04/02/2012,New Found Glory,The Academy,,N,04/02/2012The Academy,The Fans,Historical Artist Entry,
28/01/2012,New Found Glory,The Piazza at Schmidt's,,N,28/01/2012The Piazza at Schmidt's,The Fans,Historical Artist Entry,
21/01/2012,New Found Glory,Main Street Armory,,N,21/01/2012Main Street Armory,The Fans,Historical Artist Entry,
18/01/2012,New Found Glory,South Florida Fairgrounds,,N,18/01/2012South Florida Fairgrounds,The Fans,Historical Artist Entry,
15/01/2012,New Found Glory,Fundição Progresso,,N,15/01/2012Fundição Progresso,The Fans,Historical Artist Entry,
14/01/2012,New Found Glory,Carioca Club,,N,14/01/2012Carioca Club,The Fans,Historical Artist Entry,
12/01/2012,New Found Glory,John Bull Music Hall,,N,12/01/2012John Bull Music Hall,The Fans,Historical Artist Entry,
10/01/2012,New Found Glory,Bar Opinião,,N,10/01/2012Bar Opinião,The Fans,Historical Artist Entry,
08/01/2012,New Found Glory,Club Chocolate,,N,08/01/2012Club Chocolate,The Fans,Historical Artist Entry,
07/01/2012,New Found Glory,El Teatro Flores,,N,07/01/2012El Teatro Flores,The Fans,Historical Artist Entry,
11/12/2011,New Found Glory,Valley View Casino Center,,N,11/12/2011Valley View Casino Center,The Fans,Historical Artist Entry,
10/12/2011,New Found Glory,Gibson Amphitheatre,,N,10/12/2011Gibson Amphitheatre,The Fans,Historical Artist Entry,
03/12/2011,New Found Glory,Guitar Center,,N,03/12/2011Guitar Center,The Fans,Historical Artist Entry,
20/11/2011,New Found Glory,House of Blues,,N,20/11/2011House of Blues,The Fans,Historical Artist Entry,
20/11/2011,New Found Glory,XETRA-FM Studios,,N,20/11/2011XETRA-FM Studios,The Fans,Historical Artist Entry,
19/11/2011,New Found Glory,Hard Rock Cafe,,N,19/11/2011Hard Rock Cafe,The Fans,Historical Artist Entry,
18/11/2011,New Found Glory,House of Blues,,N,18/11/2011House of Blues,The Fans,Historical Artist Entry,
17/11/2011,New Found Glory,House of Blues,,N,17/11/2011House of Blues,The Fans,Historical Artist Entry,
16/11/2011,New Found Glory,The Regency Ballroom,,N,16/11/2011The Regency Ballroom,The Fans,Historical Artist Entry,
16/11/2011,New Found Glory,Studio B,,N,16/11/2011Studio B,The Fans,Historical Artist Entry,
14/11/2011,New Found Glory,Wonder Ballroom,,N,14/11/2011Wonder Ballroom,The Fans,Historical Artist Entry,
13/11/2011,New Found Glory,Showbox at the Market,,N,13/11/2011Showbox at the Market,The Fans,Historical Artist Entry,
11/11/2011,New Found Glory,The Grand,,N,11/11/2011The Grand,The Fans,Historical Artist Entry,
10/11/2011,New Found Glory,Ogden Theatre,,N,10/11/2011Ogden Theatre,The Fans,Historical Artist Entry,
09/11/2011,New Found Glory,The Midland by AMC,,N,09/11/2011The Midland by AMC,The Fans,Historical Artist Entry,
08/11/2011,New Found Glory,The Pageant,,N,08/11/2011The Pageant,The Fans,Historical Artist Entry,
08/11/2011,New Found Glory,KTVI-TV Studios,,N,08/11/2011KTVI-TV Studios,The Fans,Historical Artist Entry,
06/11/2011,New Found Glory,Blue Moose Tap House,,N,06/11/2011Blue Moose Tap House,The Fans,Historical Artist Entry,
05/11/2011,New Found Glory,Station 4,,N,05/11/2011Station 4,The Fans,Historical Artist Entry,
04/11/2011,New Found Glory,House of Blues,,N,04/11/2011House of Blues,The Fans,Historical Artist Entry,
04/11/2011,New Found Glory,JBTV Studios,,N,04/11/2011JBTV Studios,The Fans,Historical Artist Entry,
03/11/2011,New Found Glory,Royal Oak Music Theatre,,N,03/11/2011Royal Oak Music Theatre,The Fans,Historical Artist Entry,
01/11/2011,New Found Glory,House of Blues,,N,01/11/2011House of Blues,The Fans,Historical Artist Entry,
31/10/2011,New Found Glory,Altar Bar,,N,31/10/2011Altar Bar,The Fans,Historical Artist Entry,
29/10/2011,New Found Glory,Starland Ballroom,,N,29/10/2011Starland Ballroom,The Fans,Historical Artist Entry,
28/10/2011,New Found Glory,Best Buy Theater,,N,28/10/2011Best Buy Theater,The Fans,Historical Artist Entry,
27/10/2011,New Found Glory,House of Blues,,N,27/10/2011House of Blues,The Fans,Historical Artist Entry,
26/10/2011,New Found Glory,The Lost Horizon,,N,26/10/2011The Lost Horizon,The Fans,Historical Artist Entry,
26/10/2011,New Found Glory,SubCat Studios,,N,26/10/2011SubCat Studios,The Fans,Historical Artist Entry,
25/10/2011,New Found Glory,Town Ballroom,,N,25/10/2011Town Ballroom,The Fans,Historical Artist Entry,
23/10/2011,New Found Glory,Rams Head Live!,,N,23/10/2011Rams Head Live!,The Fans,Historical Artist Entry,
22/10/2011,New Found Glory,Electric Factory,,N,22/10/2011Electric Factory,The Fans,Historical Artist Entry,
21/10/2011,New Found Glory,The National,,N,21/10/2011The National,The Fans,Historical Artist Entry,
20/10/2011,New Found Glory,Amos' Southend,,N,20/10/2011Amos' Southend,The Fans,Historical Artist Entry,
19/10/2011,New Found Glory,Music Farm,,N,19/10/2011Music Farm,The Fans,Historical Artist Entry,
17/10/2011,New Found Glory,Jannus Live,,N,17/10/2011Jannus Live,The Fans,Historical Artist Entry,
16/10/2011,New Found Glory,Revolution Live,,N,16/10/2011Revolution Live,The Fans,Historical Artist Entry,
15/10/2011,New Found Glory,House of Blues,,N,15/10/2011House of Blues,The Fans,Historical Artist Entry,
14/10/2011,New Found Glory,Heaven,,N,14/10/2011Heaven,The Fans,Historical Artist Entry,
12/10/2011,New Found Glory,Fitzgerald's,,N,12/10/2011Fitzgerald's,The Fans,Historical Artist Entry,
11/10/2011,New Found Glory,Emo's East,,N,11/10/2011Emo's East,The Fans,Historical Artist Entry,
10/10/2011,New Found Glory,Trees,,N,10/10/2011Trees,The Fans,Historical Artist Entry,
08/10/2011,New Found Glory,Marquee Theatre,,N,08/10/2011Marquee Theatre,The Fans,Historical Artist Entry,
07/10/2011,New Found Glory,House of Blues,,N,07/10/2011House of Blues,The Fans,Historical Artist Entry,
06/10/2011,New Found Glory,The Catalyst,,N,06/10/2011The Catalyst,The Fans,Historical Artist Entry,
04/10/2011,New Found Glory,KROQ-FM Studios,,N,04/10/2011KROQ-FM Studios,The Fans,Historical Artist Entry,
03/10/2011,New Found Glory,Fuel TV Studio,,N,03/10/2011Fuel TV Studio,The Fans,Historical Artist Entry,
22/09/2011,New Found Glory,Looney Tunes CD Store,,N,22/09/2011Looney Tunes CD Store,The Fans,Historical Artist Entry,
21/09/2011,New Found Glory,MLB Fan Cave,,N,21/09/2011MLB Fan Cave,The Fans,Historical Artist Entry,
21/09/2011,New Found Glory,Music Choice TV Studio,,N,21/09/2011Music Choice TV Studio,The Fans,Historical Artist Entry,
09/09/2011,New Found Glory,Guitar Center Sessions,,N,09/09/2011Guitar Center Sessions,The Fans,Historical Artist Entry,
27/08/2011,New Found Glory,Bramham Park,,N,27/08/2011Bramham Park,The Fans,Historical Artist Entry,
26/08/2011,New Found Glory,Little John's Farm,,N,26/08/2011Little John's Farm,The Fans,Historical Artist Entry,
24/08/2011,New Found Glory,Concorde 2,,N,24/08/2011Concorde 2,The Fans,Historical Artist Entry,
23/08/2011,New Found Glory,Electric Ballroom,,N,23/08/2011Electric Ballroom,The Fans,Historical Artist Entry,
22/08/2011,New Found Glory,The Garage,,N,22/08/2011The Garage,The Fans,Historical Artist Entry,
21/08/2011,New Found Glory,O2 Academy 2,,N,21/08/2011O2 Academy 2,The Fans,Historical Artist Entry,
18/08/2011,New Found Glory,Cardiff University Students' Union,,N,18/08/2011Cardiff University Students' Union,The Fans,Historical Artist Entry,
06/08/2011,New Found Glory,Ballard Park,,N,06/08/2011Ballard Park,The Fans,Historical Artist Entry,
09/07/2011,New Found Glory,Buster's Billiards & Backroom,,N,09/07/2011Buster's Billiards & Backroom,The Fans,Historical Artist Entry,
08/07/2011,New Found Glory,Clay's Park Resort,,N,08/07/2011Clay's Park Resort,The Fans,Historical Artist Entry,
21/05/2011,New Found Glory,Woodbridge Center,,N,21/05/2011Woodbridge Center,The Fans,Historical Artist Entry,
30/04/2011,New Found Glory,Meadowlands Sports Complex,,N,30/04/2011Meadowlands Sports Complex,The Fans,Historical Artist Entry,
29/04/2011,New Found Glory,Meadowlands Sports Complex,,N,29/04/2011Meadowlands Sports Complex,The Fans,Historical Artist Entry,
27/04/2011,New Found Glory,Nassau Community College,,N,27/04/2011Nassau Community College,The Fans,Historical Artist Entry,
20/04/2011,New Found Glory,Montclair State University,,N,20/04/2011Montclair State University,The Fans,Historical Artist Entry,
16/04/2011,New Found Glory,University of Hartford,,N,16/04/2011University of Hartford,The Fans,Historical Artist Entry,
09/03/2011,New Found Glory,Aloha Tower Marketplace,,N,09/03/2011Aloha Tower Marketplace,The Fans,Historical Artist Entry,
07/03/2011,New Found Glory,Claremont Showground,,N,07/03/2011Claremont Showground,The Fans,Historical Artist Entry,
06/03/2011,New Found Glory,HQ Complex,,N,06/03/2011HQ Complex,The Fans,Historical Artist Entry,
05/03/2011,New Found Glory,Bonython Park,,N,05/03/2011Bonython Park,The Fans,Historical Artist Entry,
04/03/2011,New Found Glory,Royal Melbourne Showgrounds,,N,04/03/2011Royal Melbourne Showgrounds,The Fans,Historical Artist Entry,
02/03/2011,New Found Glory,Roundhouse,,N,02/03/2011Roundhouse,The Fans,Historical Artist Entry,
28/02/2011,New Found Glory,Billboard The Venue,,N,28/02/2011Billboard The Venue,The Fans,Historical Artist Entry,
27/02/2011,New Found Glory,Sydney Showground,,N,27/02/2011Sydney Showground,The Fans,Historical Artist Entry,
26/02/2011,New Found Glory,Brisbane Showgrounds,,N,26/02/2011Brisbane Showgrounds,The Fans,Historical Artist Entry,
23/02/2011,New Found Glory,Tennis Indoor Senayan,,N,23/02/2011Tennis Indoor Senayan,The Fans,Historical Artist Entry,
21/02/2011,New Found Glory,Thailand Cultural Centre,,N,21/02/2011Thailand Cultural Centre,The Fans,Historical Artist Entry,
17/02/2011,New Found Glory,Chain Reaction,,N,17/02/2011Chain Reaction,The Fans,Historical Artist Entry,
18/10/2010,New Found Glory,House of Blues,,N,18/10/2010House of Blues,The Fans,Historical Artist Entry,
19/09/2010,New Found Glory,Honda Center,,N,19/09/2010Honda Center,The Fans,Historical Artist Entry,
18/09/2010,New Found Glory,Viejas Arena,,N,18/09/2010Viejas Arena,The Fans,Historical Artist Entry,
17/09/2010,New Found Glory,HP Pavilion,,N,17/09/2010HP Pavilion,The Fans,Historical Artist Entry,
15/09/2010,New Found Glory,Dodge Theatre,,N,15/09/2010Dodge Theatre,The Fans,Historical Artist Entry,
13/09/2010,New Found Glory,Red Rocks Amphitheatre,,N,13/09/2010Red Rocks Amphitheatre,The Fans,Historical Artist Entry,
11/09/2010,New Found Glory,The Conservatory,,N,11/09/2010The Conservatory,The Fans,Historical Artist Entry,
10/09/2010,New Found Glory,Verizon Theatre at Grand Prairie,,N,10/09/2010Verizon Theatre at Grand Prairie,The Fans,Historical Artist Entry,
09/09/2010,New Found Glory,Las Palmas Race Park,,N,09/09/2010Las Palmas Race Park,The Fans,Historical Artist Entry,
08/09/2010,New Found Glory,Cynthia Woods Mitchell Pavilion,,N,08/09/2010Cynthia Woods Mitchell Pavilion,The Fans,Historical Artist Entry,
07/09/2010,New Found Glory,Kiefer UNO Lakefront Arena,,N,07/09/2010Kiefer UNO Lakefront Arena,The Fans,Historical Artist Entry,
05/09/2010,New Found Glory,UCF Arena,,N,05/09/2010UCF Arena,The Fans,Historical Artist Entry,
04/09/2010,New Found Glory,Bayfront Park Amphitheater,,N,04/09/2010Bayfront Park Amphitheater,The Fans,Historical Artist Entry,
02/09/2010,New Found Glory,St. Augustine Amphitheatre,,N,02/09/2010St. Augustine Amphitheatre,The Fans,Historical Artist Entry,
01/09/2010,New Found Glory,The Arena at Gwinnett Center,,N,01/09/2010The Arena at Gwinnett Center,The Fans,Historical Artist Entry,
31/08/2010,New Found Glory,Seville Party Plaza,,N,31/08/2010Seville Party Plaza,The Fans,Historical Artist Entry,
29/08/2010,New Found Glory,Floyd's Music Store,,N,29/08/2010Floyd's Music Store,The Fans,Historical Artist Entry,
28/08/2010,New Found Glory,New Brookland Tavern,,N,28/08/2010New Brookland Tavern,The Fans,Historical Artist Entry,
27/08/2010,New Found Glory,The Handlebar,,N,27/08/2010The Handlebar,The Fans,Historical Artist Entry,
26/08/2010,New Found Glory,Soapbox Laundro Lounge,,N,26/08/2010Soapbox Laundro Lounge,The Fans,Historical Artist Entry,
24/08/2010,New Found Glory,Zydeco,,N,24/08/2010Zydeco,The Fans,Historical Artist Entry,
22/08/2010,New Found Glory,Hi-Tone,,N,22/08/2010Hi-Tone,The Fans,Historical Artist Entry,
21/08/2010,New Found Glory,Nashville Municipal Auditorium,,N,21/08/2010Nashville Municipal Auditorium,The Fans,Historical Artist Entry,
20/08/2010,New Found Glory,Remington's,,N,20/08/2010Remington's,The Fans,Historical Artist Entry,
19/08/2010,New Found Glory,White River State Park,,N,19/08/2010White River State Park,The Fans,Historical Artist Entry,
18/08/2010,New Found Glory,Charter One Pavilion,,N,18/08/2010Charter One Pavilion,The Fans,Historical Artist Entry,
16/08/2010,New Found Glory,Blue Moose Tap House,,N,16/08/2010Blue Moose Tap House,The Fans,Historical Artist Entry,
15/08/2010,New Found Glory,Meadow Brook Music Festival,,N,15/08/2010Meadow Brook Music Festival,The Fans,Historical Artist Entry,
14/08/2010,New Found Glory,Marcus Amphitheater,,N,14/08/2010Marcus Amphitheater,The Fans,Historical Artist Entry,
13/08/2010,New Found Glory,MXTP,,N,13/08/2010MXTP,The Fans,Historical Artist Entry,
12/08/2010,New Found Glory,PNC Pavilion at Riverbend,,N,12/08/2010PNC Pavilion at Riverbend,The Fans,Historical Artist Entry,
10/08/2010,New Found Glory,Time Warner Cable Amphitheater at Tower City,,N,10/08/2010Time Warner Cable Amphitheater at Tower City,The Fans,Historical Artist Entry,
08/08/2010,New Found Glory,Darien Lake Performing Arts Center,,N,08/08/2010Darien Lake Performing Arts Center,The Fans,Historical Artist Entry,
07/08/2010,New Found Glory,Star Pavilion at Hersheypark Stadium,,N,07/08/2010Star Pavilion at Hersheypark Stadium,The Fans,Historical Artist Entry,
06/08/2010,New Found Glory,Nikon at Jones Beach Theater,,N,06/08/2010Nikon at Jones Beach Theater,The Fans,Historical Artist Entry,
04/08/2010,New Found Glory,Festival Pier at Penn's Landing,,N,04/08/2010Festival Pier at Penn's Landing,The Fans,Historical Artist Entry,
03/08/2010,New Found Glory,Meadowbrook U.S. Cellular Pavilion,,N,03/08/2010Meadowbrook U.S. Cellular Pavilion,The Fans,Historical Artist Entry,
02/08/2010,New Found Glory,The Stone Pony,,N,02/08/2010The Stone Pony,The Fans,Historical Artist Entry,
01/08/2010,New Found Glory,Glens Falls Civic Center,,N,01/08/2010Glens Falls Civic Center,The Fans,Historical Artist Entry,
31/07/2010,New Found Glory,Merriweather Post Pavilion,,N,31/07/2010Merriweather Post Pavilion,The Fans,Historical Artist Entry,
30/07/2010,New Found Glory,Ted Constant Convocation Center,,N,30/07/2010Ted Constant Convocation Center,The Fans,Historical Artist Entry,
28/07/2010,New Found Glory,Comcast Center,,N,28/07/2010Comcast Center,The Fans,Historical Artist Entry,
27/07/2010,New Found Glory,Toyota Presents the Oakdale Theatre,,N,27/07/2010Toyota Presents the Oakdale Theatre,The Fans,Historical Artist Entry,
25/07/2010,New Found Glory,Fred Jrs.,,N,25/07/2010Fred Jrs.,The Fans,Historical Artist Entry,
24/07/2010,New Found Glory,Delaware State Fairgrounds,,N,24/07/2010Delaware State Fairgrounds,The Fans,Historical Artist Entry,
23/07/2010,New Found Glory,Raleigh Amphitheater,,N,23/07/2010Raleigh Amphitheater,The Fans,Historical Artist Entry,
29/06/2010,New Found Glory,Charter One Pavilion,,N,29/06/2010Charter One Pavilion,The Fans,Historical Artist Entry,
31/05/2010,New Found Glory,O2 Academy Glasgow,,N,31/05/2010O2 Academy Glasgow,The Fans,Historical Artist Entry,
30/05/2010,New Found Glory,Leeds University Union,,N,30/05/2010Leeds University Union,The Fans,Historical Artist Entry,
29/05/2010,New Found Glory,The Forum Hertfordshire,,N,29/05/2010The Forum Hertfordshire,The Fans,Historical Artist Entry,
28/05/2010,New Found Glory,O2 Academy Bournemouth,,N,28/05/2010O2 Academy Bournemouth,The Fans,Historical Artist Entry,
27/05/2010,New Found Glory,The Fighting Cocks,,N,27/05/2010The Fighting Cocks,The Fans,Historical Artist Entry,
06/05/2010,New Found Glory,Recreation Center,,N,06/05/2010Recreation Center,The Fans,Historical Artist Entry,
01/05/2010,New Found Glory,Manhattan College,,N,01/05/2010Manhattan College,The Fans,Historical Artist Entry,
30/04/2010,New Found Glory,Medaille College,,N,30/04/2010Medaille College,The Fans,Historical Artist Entry,
25/04/2010,New Found Glory,Mullins Center,,N,25/04/2010Mullins Center,The Fans,Historical Artist Entry,
23/04/2010,New Found Glory,Iona College,,N,23/04/2010Iona College,The Fans,Historical Artist Entry,
13/04/2010,New Found Glory,Transmission Room,,N,13/04/2010Transmission Room,The Fans,Historical Artist Entry,
11/04/2010,New Found Glory,The Hi-Fi,,N,11/04/2010The Hi-Fi,The Fans,Historical Artist Entry,
10/04/2010,New Found Glory,Roundhouse,,N,10/04/2010Roundhouse,The Fans,Historical Artist Entry,
09/04/2010,New Found Glory,Billboard The Venue,,N,09/04/2010Billboard The Venue,The Fans,Historical Artist Entry,
09/04/2010,New Found Glory,Billboard The Venue,,N,09/04/2010Billboard The Venue,The Fans,Historical Artist Entry,
07/04/2010,New Found Glory,Capitol,,N,07/04/2010Capitol,The Fans,Historical Artist Entry,
04/04/2010,New Found Glory,Makuhari Messe Kokusai Tenjijou,,N,04/04/2010Makuhari Messe Kokusai Tenjijou,The Fans,Historical Artist Entry,
03/04/2010,New Found Glory,Zepp Nagoya,,N,03/04/2010Zepp Nagoya,The Fans,Historical Artist Entry,
02/04/2010,New Found Glory,Zepp Osaka,,N,02/04/2010Zepp Osaka,The Fans,Historical Artist Entry,
21/03/2010,New Found Glory,House of Blues,,N,21/03/2010House of Blues,The Fans,Historical Artist Entry,
20/03/2010,New Found Glory,House of Blues,,N,20/03/2010House of Blues,The Fans,Historical Artist Entry,
19/03/2010,New Found Glory,House of Blues,,N,19/03/2010House of Blues,The Fans,Historical Artist Entry,
18/03/2010,New Found Glory,House of Blues,,N,18/03/2010House of Blues,The Fans,Historical Artist Entry,
17/03/2010,New Found Glory,The Catalyst,,N,17/03/2010The Catalyst,The Fans,Historical Artist Entry,
16/03/2010,New Found Glory,Knitting Factory,,N,16/03/2010Knitting Factory,The Fans,Historical Artist Entry,
14/03/2010,New Found Glory,Senator Theatre,,N,14/03/2010Senator Theatre,The Fans,Historical Artist Entry,
13/03/2010,New Found Glory,The Regency Ballroom,,N,13/03/2010The Regency Ballroom,The Fans,Historical Artist Entry,
12/03/2010,New Found Glory,Wonder Ballroom,,N,12/03/2010Wonder Ballroom,The Fans,Historical Artist Entry,
11/03/2010,New Found Glory,Showbox at the Market,,N,11/03/2010Showbox at the Market,The Fans,Historical Artist Entry,
09/03/2010,New Found Glory,In the Venue,,N,09/03/2010In the Venue,The Fans,Historical Artist Entry,
07/03/2010,New Found Glory,Gothic Theatre,,N,07/03/2010Gothic Theatre,The Fans,Historical Artist Entry,
06/03/2010,New Found Glory,Bourbon Theatre,,N,06/03/2010Bourbon Theatre,The Fans,Historical Artist Entry,
05/03/2010,New Found Glory,House of Blues,,N,05/03/2010House of Blues,The Fans,Historical Artist Entry,
04/03/2010,New Found Glory,Royal Oak Music Theatre,,N,04/03/2010Royal Oak Music Theatre,The Fans,Historical Artist Entry,
03/03/2010,New Found Glory,Bogart's,,N,03/03/2010Bogart's,The Fans,Historical Artist Entry,
02/03/2010,New Found Glory,House of Blues,,N,02/03/2010House of Blues,The Fans,Historical Artist Entry,
28/02/2010,New Found Glory,Sound Academy,,N,28/02/2010Sound Academy,The Fans,Historical Artist Entry,
27/02/2010,New Found Glory,Newport Music Hall,,N,27/02/2010Newport Music Hall,The Fans,Historical Artist Entry,
26/02/2010,New Found Glory,Club Zoo,,N,26/02/2010Club Zoo,The Fans,Historical Artist Entry,
24/02/2010,New Found Glory,Webster Theater,,N,24/02/2010Webster Theater,The Fans,Historical Artist Entry,
23/02/2010,New Found Glory,The Chameleon Club,,N,23/02/2010The Chameleon Club,The Fans,Historical Artist Entry,
21/02/2010,New Found Glory,House of Blues,,N,21/02/2010House of Blues,The Fans,Historical Artist Entry,
20/02/2010,New Found Glory,Starland Ballroom,,N,20/02/2010Starland Ballroom,The Fans,Historical Artist Entry,
19/02/2010,New Found Glory,House of Blues,,N,19/02/2010House of Blues,The Fans,Historical Artist Entry,
18/02/2010,New Found Glory,Fillmore at Irving Plaza,,N,18/02/2010Fillmore at Irving Plaza,The Fans,Historical Artist Entry,
17/02/2010,New Found Glory,Electric Factory,,N,17/02/2010Electric Factory,The Fans,Historical Artist Entry,
16/02/2010,New Found Glory,Recher Theatre,,N,16/02/2010Recher Theatre,The Fans,Historical Artist Entry,
14/02/2010,New Found Glory,The National,,N,14/02/2010The National,The Fans,Historical Artist Entry,
12/02/2010,New Found Glory,Amos' Southend,,N,12/02/2010Amos' Southend,The Fans,Historical Artist Entry,
11/02/2010,New Found Glory,Music Farm,,N,11/02/2010Music Farm,The Fans,Historical Artist Entry,
10/02/2010,New Found Glory,House of Blues,,N,10/02/2010House of Blues,The Fans,Historical Artist Entry,
09/02/2010,New Found Glory,Revolution Live,,N,09/02/2010Revolution Live,The Fans,Historical Artist Entry,
08/02/2010,New Found Glory,Freebird Live,,N,08/02/2010Freebird Live,The Fans,Historical Artist Entry,
06/02/2010,New Found Glory,Heaven,,N,06/02/2010Heaven,The Fans,Historical Artist Entry,
05/02/2010,New Found Glory,The Village,,N,05/02/2010The Village,The Fans,Historical Artist Entry,
04/02/2010,New Found Glory,The Ballroom at Warehouse Live,,N,04/02/2010The Ballroom at Warehouse Live,The Fans,Historical Artist Entry,
03/02/2010,New Found Glory,Palladium Ballroom,,N,03/02/2010Palladium Ballroom,The Fans,Historical Artist Entry,
02/02/2010,New Found Glory,Emo's,,N,02/02/2010Emo's,The Fans,Historical Artist Entry,
31/01/2010,New Found Glory,Marquee Theatre,,N,31/01/2010Marquee Theatre,The Fans,Historical Artist Entry,
30/01/2010,New Found Glory,Rialto Theatre,,N,30/01/2010Rialto Theatre,The Fans,Historical Artist Entry,
29/01/2010,New Found Glory,House of Blues,,N,29/01/2010House of Blues,The Fans,Historical Artist Entry,
17/12/2009,New Found Glory,The Loft at Center Stage,,N,17/12/2009The Loft at Center Stage,The Fans,Historical Artist Entry,
15/12/2009,New Found Glory,The Social,,N,15/12/2009The Social,The Fans,Historical Artist Entry,
13/12/2009,New Found Glory,Ottobar,,N,13/12/2009Ottobar,The Fans,Historical Artist Entry,
12/12/2009,New Found Glory,Trocadero Theatre,,N,12/12/2009Trocadero Theatre,The Fans,Historical Artist Entry,
11/12/2009,New Found Glory,Highline Ballroom,,N,11/12/2009Highline Ballroom,The Fans,Historical Artist Entry,
10/12/2009,New Found Glory,Downstairs,,N,10/12/2009Downstairs,The Fans,Historical Artist Entry,
08/12/2009,New Found Glory,Saint Andrew's Hall,,N,08/12/2009Saint Andrew's Hall,The Fans,Historical Artist Entry,
07/12/2009,New Found Glory,Subterranean,,N,07/12/2009Subterranean,The Fans,Historical Artist Entry,
06/12/2009,New Found Glory,Slowdown,,N,06/12/2009Slowdown,The Fans,Historical Artist Entry,
04/12/2009,New Found Glory,In the Venue,,N,04/12/2009In the Venue,The Fans,Historical Artist Entry,
02/12/2009,New Found Glory,Slim's,,N,02/12/2009Slim's,The Fans,Historical Artist Entry,
01/12/2009,New Found Glory,The Glass House,,N,01/12/2009The Glass House,The Fans,Historical Artist Entry,
30/11/2009,New Found Glory,Troubadour,,N,30/11/2009Troubadour,The Fans,Historical Artist Entry,
07/11/2009,New Found Glory,Pop's,,N,07/11/2009Pop's,The Fans,Historical Artist Entry,
06/11/2009,New Found Glory,Emerson Theater,,N,06/11/2009Emerson Theater,The Fans,Historical Artist Entry,
05/11/2009,New Found Glory,New Daisy Theatre,,N,05/11/2009New Daisy Theatre,The Fans,Historical Artist Entry,
03/11/2009,New Found Glory,Station 4,,N,03/11/2009Station 4,The Fans,Historical Artist Entry,
02/11/2009,New Found Glory,Slowdown,,N,02/11/2009Slowdown,The Fans,Historical Artist Entry,
01/11/2009,New Found Glory,People's Court,,N,01/11/2009People's Court,The Fans,Historical Artist Entry,
31/10/2009,New Found Glory,The Rave,,N,31/10/2009The Rave,The Fans,Historical Artist Entry,
30/10/2009,New Found Glory,Southgate House,,N,30/10/2009Southgate House,The Fans,Historical Artist Entry,
28/10/2009,New Found Glory,Peabody's Down Under,,N,28/10/2009Peabody's Down Under,The Fans,Historical Artist Entry,
27/10/2009,New Found Glory,The Intersection,,N,27/10/2009The Intersection,The Fans,Historical Artist Entry,
25/10/2009,New Found Glory,Higher Ground Music Hall,,N,25/10/2009Higher Ground Music Hall,The Fans,Historical Artist Entry,
24/10/2009,New Found Glory,Eleanor Rigby's,,N,24/10/2009Eleanor Rigby's,The Fans,Historical Artist Entry,
23/10/2009,New Found Glory,Le Moyne College,,N,23/10/2009Le Moyne College,The Fans,Historical Artist Entry,
22/10/2009,New Found Glory,Northern Lights,,N,22/10/2009Northern Lights,The Fans,Historical Artist Entry,
21/10/2009,New Found Glory,The Chance,,N,21/10/2009The Chance,The Fans,Historical Artist Entry,
19/10/2009,New Found Glory,The Chameleon Club,,N,19/10/2009The Chameleon Club,The Fans,Historical Artist Entry,
18/10/2009,New Found Glory,Toad's Place,,N,18/10/2009Toad's Place,The Fans,Historical Artist Entry,
16/10/2009,New Found Glory,Solid Sound Studios,,N,16/10/2009Solid Sound Studios,The Fans,Historical Artist Entry,
30/08/2009,New Found Glory,Bramham Park,,N,30/08/2009Bramham Park,The Fans,Historical Artist Entry,
29/08/2009,New Found Glory,Rescue Rooms,,N,29/08/2009Rescue Rooms,The Fans,Historical Artist Entry,
28/08/2009,New Found Glory,Little John's Farm,,N,28/08/2009Little John's Farm,The Fans,Historical Artist Entry,
27/08/2009,New Found Glory,O2 Academy 2,,N,27/08/2009O2 Academy 2,The Fans,Historical Artist Entry,
25/08/2009,New Found Glory,The Garage,,N,25/08/2009The Garage,The Fans,Historical Artist Entry,
24/08/2009,New Found Glory,O2 Academy Newcastle,,N,24/08/2009O2 Academy Newcastle,The Fans,Historical Artist Entry,
23/08/2009,New Found Glory,"Club Academy, University of Manchester Students' Union",,N,"23/08/2009Club Academy, University of Manchester Students' Union",The Fans,Historical Artist Entry,
22/08/2009,New Found Glory,Relentless Garage,,N,22/08/2009Relentless Garage,The Fans,Historical Artist Entry,
21/08/2009,New Found Glory,Domein Kiewit,,N,21/08/2009Domein Kiewit,The Fans,Historical Artist Entry,
14/06/2009,New Found Glory,BilboRock,,N,14/06/2009BilboRock,The Fans,Historical Artist Entry,
13/06/2009,New Found Glory,Sala Apolo,,N,13/06/2009Sala Apolo,The Fans,Historical Artist Entry,
12/06/2009,New Found Glory,Sala Heineken,,N,12/06/2009Sala Heineken,The Fans,Historical Artist Entry,
10/06/2009,New Found Glory,Musicdrome,,N,10/06/2009Musicdrome,The Fans,Historical Artist Entry,
09/06/2009,New Found Glory,New Age,,N,09/06/2009New Age,The Fans,Historical Artist Entry,
08/06/2009,New Found Glory,Härterei Club,,N,08/06/2009Härterei Club,The Fans,Historical Artist Entry,
07/06/2009,New Found Glory,Nürburgring,,N,07/06/2009Nürburgring,The Fans,Historical Artist Entry,
05/06/2009,New Found Glory,Zeppelinfeld,,N,05/06/2009Zeppelinfeld,The Fans,Historical Artist Entry,
03/06/2009,New Found Glory,Knust,,N,03/06/2009Knust,The Fans,Historical Artist Entry,
02/06/2009,New Found Glory,Fritzclub im Postbahnhof,,N,02/06/2009Fritzclub im Postbahnhof,The Fans,Historical Artist Entry,
01/06/2009,New Found Glory,Club,,N,01/06/2009Club,The Fans,Historical Artist Entry,
31/05/2009,New Found Glory,Ancienne Belgique,,N,31/05/2009Ancienne Belgique,The Fans,Historical Artist Entry,
30/05/2009,New Found Glory,HMV Forum,,N,30/05/2009HMV Forum,The Fans,Historical Artist Entry,
29/05/2009,New Found Glory,Civic Hall,,N,29/05/2009Civic Hall,The Fans,Historical Artist Entry,
28/05/2009,New Found Glory,La Maroquinerie,,N,28/05/2009La Maroquinerie,The Fans,Historical Artist Entry,
27/05/2009,New Found Glory,The Max,,N,27/05/2009The Max,The Fans,Historical Artist Entry,
10/05/2009,New Found Glory,Rialto Theatre,,N,10/05/2009Rialto Theatre,The Fans,Historical Artist Entry,
09/05/2009,New Found Glory,Sunshine Theater,,N,09/05/2009Sunshine Theater,The Fans,Historical Artist Entry,
08/05/2009,New Found Glory,Diamond Ballroom,,N,08/05/2009Diamond Ballroom,The Fans,Historical Artist Entry,
07/05/2009,New Found Glory,Granada Theater,,N,07/05/2009Granada Theater,The Fans,Historical Artist Entry,
06/05/2009,New Found Glory,The Pageant,,N,06/05/2009The Pageant,The Fans,Historical Artist Entry,
05/05/2009,New Found Glory,Egyptian Room at the Murat Centre,,N,05/05/2009Egyptian Room at the Murat Centre,The Fans,Historical Artist Entry,
03/05/2009,New Found Glory,Newport Music Hall,,N,03/05/2009Newport Music Hall,The Fans,Historical Artist Entry,
02/05/2009,New Found Glory,Meadowlands Sports Complex,,N,02/05/2009Meadowlands Sports Complex,The Fans,Historical Artist Entry,
01/05/2009,New Found Glory,Meadowlands Sports Complex,,N,01/05/2009Meadowlands Sports Complex,The Fans,Historical Artist Entry,
30/04/2009,New Found Glory,House of Blues,,N,30/04/2009House of Blues,The Fans,Historical Artist Entry,
29/04/2009,New Found Glory,Webster Theater,,N,29/04/2009Webster Theater,The Fans,Historical Artist Entry,
28/04/2009,New Found Glory,The Phoenix Concert Theatre,,N,28/04/2009The Phoenix Concert Theatre,The Fans,Historical Artist Entry,
26/04/2009,New Found Glory,Royal Oak Music Theatre,,N,26/04/2009Royal Oak Music Theatre,The Fans,Historical Artist Entry,
25/04/2009,New Found Glory,House of Blues,,N,25/04/2009House of Blues,The Fans,Historical Artist Entry,
24/04/2009,New Found Glory,The Rave,,N,24/04/2009The Rave,The Fans,Historical Artist Entry,
23/04/2009,New Found Glory,Myth,,N,23/04/2009Myth,The Fans,Historical Artist Entry,
22/04/2009,New Found Glory,People's Court,,N,22/04/2009People's Court,The Fans,Historical Artist Entry,
20/04/2009,New Found Glory,Bogart's,,N,20/04/2009Bogart's,The Fans,Historical Artist Entry,
19/04/2009,New Found Glory,House of Blues,,N,19/04/2009House of Blues,The Fans,Historical Artist Entry,
19/04/2009,New Found Glory,Lava Room Recording Studios,,N,19/04/2009Lava Room Recording Studios,The Fans,Historical Artist Entry,
18/04/2009,New Found Glory,Trocadero Theatre,,N,18/04/2009Trocadero Theatre,The Fans,Historical Artist Entry,
17/04/2009,New Found Glory,Sonar,,N,17/04/2009Sonar,The Fans,Historical Artist Entry,
16/04/2009,New Found Glory,Amos' Southend,,N,16/04/2009Amos' Southend,The Fans,Historical Artist Entry,
15/04/2009,New Found Glory,House of Blues,,N,15/04/2009House of Blues,The Fans,Historical Artist Entry,
13/04/2009,New Found Glory,Revolution Live,,N,13/04/2009Revolution Live,The Fans,Historical Artist Entry,
11/04/2009,New Found Glory,Jannus Landing,,N,11/04/2009Jannus Landing,The Fans,Historical Artist Entry,
10/04/2009,New Found Glory,House of Blues,,N,10/04/2009House of Blues,The Fans,Historical Artist Entry,
08/04/2009,New Found Glory,The Ballroom at Warehouse Live,,N,08/04/2009The Ballroom at Warehouse Live,The Fans,Historical Artist Entry,
07/04/2009,New Found Glory,Emo's,,N,07/04/2009Emo's,The Fans,Historical Artist Entry,
06/04/2009,New Found Glory,The Loft,,N,06/04/2009The Loft,The Fans,Historical Artist Entry,
04/04/2009,New Found Glory,Gothic Theatre,,N,04/04/2009Gothic Theatre,The Fans,Historical Artist Entry,
03/04/2009,New Found Glory,In the Venue,,N,03/04/2009In the Venue,The Fans,Historical Artist Entry,
02/04/2009,New Found Glory,Knitting Factory,,N,02/04/2009Knitting Factory,The Fans,Historical Artist Entry,
01/04/2009,New Found Glory,Showbox at the Market,,N,01/04/2009Showbox at the Market,The Fans,Historical Artist Entry,
31/03/2009,New Found Glory,Hawthorne Theatre,,N,31/03/2009Hawthorne Theatre,The Fans,Historical Artist Entry,
29/03/2009,New Found Glory,The Regency Ballroom,,N,29/03/2009The Regency Ballroom,The Fans,Historical Artist Entry,
28/03/2009,New Found Glory,Avalon,,N,28/03/2009Avalon,The Fans,Historical Artist Entry,
27/03/2009,New Found Glory,House of Blues,,N,27/03/2009House of Blues,The Fans,Historical Artist Entry,
26/03/2009,New Found Glory,House of Blues,,N,26/03/2009House of Blues,The Fans,Historical Artist Entry,
25/03/2009,New Found Glory,Marquee Theatre,,N,25/03/2009Marquee Theatre,The Fans,Historical Artist Entry,
17/03/2009,New Found Glory,Ludo's,,N,17/03/2009Ludo's,The Fans,Historical Artist Entry,
07/03/2009,New Found Glory,STUDIO COAST,,N,07/03/2009STUDIO COAST,The Fans,Historical Artist Entry,
05/03/2009,New Found Glory,Zepp Nagoya,,N,05/03/2009Zepp Nagoya,The Fans,Historical Artist Entry,
04/03/2009,New Found Glory,Zepp Osaka,,N,04/03/2009Zepp Osaka,The Fans,Historical Artist Entry,
02/03/2009,New Found Glory,Bassendean Oval,,N,02/03/2009Bassendean Oval,The Fans,Historical Artist Entry,
28/02/2009,New Found Glory,Bonython Park,,N,28/02/2009Bonython Park,The Fans,Historical Artist Entry,
27/02/2009,New Found Glory,Royal Melbourne Showgrounds,,N,27/02/2009Royal Melbourne Showgrounds,The Fans,Historical Artist Entry,
25/02/2009,New Found Glory,Corner Hotel,,N,25/02/2009Corner Hotel,The Fans,Historical Artist Entry,
24/02/2009,New Found Glory,Manning Bar,,N,24/02/2009Manning Bar,The Fans,Historical Artist Entry,
22/02/2009,New Found Glory,Eastern Creek International Raceway,,N,22/02/2009Eastern Creek International Raceway,The Fans,Historical Artist Entry,
21/02/2009,New Found Glory,Brisbane Showgrounds,,N,21/02/2009Brisbane Showgrounds,The Fans,Historical Artist Entry,
31/01/2009,New Found Glory,Germain Arena,,N,31/01/2009Germain Arena,The Fans,Historical Artist Entry,
29/11/2008,New Found Glory,Rock City,,N,29/11/2008Rock City,The Fans,Historical Artist Entry,
28/11/2008,New Found Glory,Carling Academy Brixton,,N,28/11/2008Carling Academy Brixton,The Fans,Historical Artist Entry,
27/11/2008,New Found Glory,Carling Academy Bristol,,N,27/11/2008Carling Academy Bristol,The Fans,Historical Artist Entry,
26/11/2008,New Found Glory,Southampton Guildhall,,N,26/11/2008Southampton Guildhall,The Fans,Historical Artist Entry,
25/11/2008,New Found Glory,Carling Academy,,N,25/11/2008Carling Academy,The Fans,Historical Artist Entry,
23/11/2008,New Found Glory,Barrowland,,N,23/11/2008Barrowland,The Fans,Historical Artist Entry,
22/11/2008,New Found Glory,Carling Academy,,N,22/11/2008Carling Academy,The Fans,Historical Artist Entry,
21/11/2008,New Found Glory,Manchester Academy 1,,N,21/11/2008Manchester Academy 1,The Fans,Historical Artist Entry,
20/11/2008,New Found Glory,"The LCR, UEA",,N,"20/11/2008The LCR, UEA",The Fans,Historical Artist Entry,
19/11/2008,New Found Glory,"Club Academy, University of Manchester Students' Union",,N,"19/11/2008Club Academy, University of Manchester Students' Union",The Fans,Historical Artist Entry,
16/11/2008,New Found Glory,Circo Voador,,N,16/11/2008Circo Voador,The Fans,Historical Artist Entry,
15/11/2008,New Found Glory,Salão Social do Palestra Itália,,N,15/11/2008Salão Social do Palestra Itália,The Fans,Historical Artist Entry,
14/11/2008,New Found Glory,Capital Disco,,N,14/11/2008Capital Disco,The Fans,Historical Artist Entry,
12/11/2008,New Found Glory,Discoteca Vocé,,N,12/11/2008Discoteca Vocé,The Fans,Historical Artist Entry,
09/11/2008,New Found Glory,Club Cadillac,,N,09/11/2008Club Cadillac,The Fans,Historical Artist Entry,
07/11/2008,New Found Glory,Circo Volador,,N,07/11/2008Circo Volador,The Fans,Historical Artist Entry,
29/10/2008,New Found Glory,The Magic Stick,,N,29/10/2008The Magic Stick,The Fans,Historical Artist Entry,
12/10/2008,New Found Glory,House of Blues,,N,12/10/2008House of Blues,The Fans,Historical Artist Entry,
10/10/2008,New Found Glory,The Other Side Event Center,,N,10/10/2008The Other Side Event Center,The Fans,Historical Artist Entry,
09/10/2008,New Found Glory,The Blue Note,,N,09/10/2008The Blue Note,The Fans,Historical Artist Entry,
08/10/2008,New Found Glory,Rocketown,,N,08/10/2008Rocketown,The Fans,Historical Artist Entry,
07/10/2008,New Found Glory,The Loft at Center Stage,,N,07/10/2008The Loft at Center Stage,The Fans,Historical Artist Entry,
05/10/2008,New Found Glory,The Engine Room,,N,05/10/2008The Engine Room,The Fans,Historical Artist Entry,
04/10/2008,New Found Glory,Plush,,N,04/10/2008Plush,The Fans,Historical Artist Entry,
03/10/2008,New Found Glory,Music Farm,,N,03/10/2008Music Farm,The Fans,Historical Artist Entry,
02/10/2008,New Found Glory,Greene Street Club,,N,02/10/2008Greene Street Club,The Fans,Historical Artist Entry,
01/10/2008,New Found Glory,Toad's Place,,N,01/10/2008Toad's Place,The Fans,Historical Artist Entry,
30/09/2008,New Found Glory,Recher Theatre,,N,30/09/2008Recher Theatre,The Fans,Historical Artist Entry,
28/09/2008,New Found Glory,Lupo's Heartbreak Hotel,,N,28/09/2008Lupo's Heartbreak Hotel,The Fans,Historical Artist Entry,
26/09/2008,New Found Glory,Starland Ballroom,,N,26/09/2008Starland Ballroom,The Fans,Historical Artist Entry,
25/09/2008,New Found Glory,The Crazy Donkey,,N,25/09/2008The Crazy Donkey,The Fans,Historical Artist Entry,
24/09/2008,New Found Glory,Crocodile Rock Cafe,,N,24/09/2008Crocodile Rock Cafe,The Fans,Historical Artist Entry,
23/09/2008,New Found Glory,Mr. Smalls Theatre,,N,23/09/2008Mr. Smalls Theatre,The Fans,Historical Artist Entry,
21/09/2008,New Found Glory,Civic Music Hall,,N,21/09/2008Civic Music Hall,The Fans,Historical Artist Entry,
20/09/2008,New Found Glory,The Intersection,,N,20/09/2008The Intersection,The Fans,Historical Artist Entry,
19/09/2008,New Found Glory,Pop's,,N,19/09/2008Pop's,The Fans,Historical Artist Entry,
17/09/2008,New Found Glory,The Black Sheep,,N,17/09/2008The Black Sheep,The Fans,Historical Artist Entry,
16/09/2008,New Found Glory,Aggie Theatre,,N,16/09/2008Aggie Theatre,The Fans,Historical Artist Entry,
14/09/2008,New Found Glory,New Oasis,,N,14/09/2008New Oasis,The Fans,Historical Artist Entry,
13/09/2008,New Found Glory,Phoenix Theatre,,N,13/09/2008Phoenix Theatre,The Fans,Historical Artist Entry,
12/09/2008,New Found Glory,The Catalyst,,N,12/09/2008The Catalyst,The Fans,Historical Artist Entry,
11/09/2008,New Found Glory,Bakersfield Dome,,N,11/09/2008Bakersfield Dome,The Fans,Historical Artist Entry,
30/08/2008,New Found Glory,Liacouras Center,,N,30/08/2008Liacouras Center,The Fans,Historical Artist Entry,
10/08/2008,New Found Glory,Maishima,,N,10/08/2008Maishima,The Fans,Historical Artist Entry,
09/08/2008,New Found Glory,Hall 7-8,,N,09/08/2008Hall 7-8,The Fans,Historical Artist Entry,
05/08/2008,New Found Glory,Arena,,N,05/08/2008Arena,The Fans,Historical Artist Entry,
04/08/2008,New Found Glory,Araneta Coliseum,,N,04/08/2008Araneta Coliseum,The Fans,Historical Artist Entry,
02/08/2008,New Found Glory,Fort Canning Park,,N,02/08/2008Fort Canning Park,The Fans,Historical Artist Entry,
31/07/2008,New Found Glory,Tennis Indoor Senayan,,N,31/07/2008Tennis Indoor Senayan,The Fans,Historical Artist Entry,
19/05/2008,New Found Glory,Safari Sam's,,N,19/05/2008Safari Sam's,The Fans,Historical Artist Entry,
17/05/2008,New Found Glory,Riverfront Park,,N,17/05/2008Riverfront Park,The Fans,Historical Artist Entry,
04/05/2008,New Found Glory,Quadrangle Club,,N,04/05/2008Quadrangle Club,The Fans,Historical Artist Entry,
03/05/2008,New Found Glory,Edinboro University,,N,03/05/2008Edinboro University,The Fans,Historical Artist Entry,
01/05/2008,New Found Glory,University of Idaho,,N,01/05/2008University of Idaho,The Fans,Historical Artist Entry,
26/04/2008,New Found Glory,Baldwin-Wallace College,,N,26/04/2008Baldwin-Wallace College,The Fans,Historical Artist Entry,
18/04/2008,New Found Glory,Titan Stadium,,N,18/04/2008Titan Stadium,The Fans,Historical Artist Entry,
05/04/2008,New Found Glory,Verizon Wireless Amphitheatre,,N,05/04/2008Verizon Wireless Amphitheatre,The Fans,Historical Artist Entry,
14/03/2008,New Found Glory,Saint Vincent College,,N,14/03/2008Saint Vincent College,The Fans,Historical Artist Entry,
21/02/2008,New Found Glory,Le Trabendo,,N,21/02/2008Le Trabendo,The Fans,Historical Artist Entry,
19/02/2008,New Found Glory,Backstage,,N,19/02/2008Backstage,The Fans,Historical Artist Entry,
17/02/2008,New Found Glory,Musicdrome,,N,17/02/2008Musicdrome,The Fans,Historical Artist Entry,
16/02/2008,New Found Glory,abart,,N,16/02/2008abart,The Fans,Historical Artist Entry,
15/02/2008,New Found Glory,Underground,,N,15/02/2008Underground,The Fans,Historical Artist Entry,
14/02/2008,New Found Glory,Carling Academy,,N,14/02/2008Carling Academy,The Fans,Historical Artist Entry,
13/02/2008,New Found Glory,De Montfort Hall,,N,13/02/2008De Montfort Hall,The Fans,Historical Artist Entry,
11/02/2008,New Found Glory,Rescue Rooms,,N,11/02/2008Rescue Rooms,The Fans,Historical Artist Entry,
09/02/2008,New Found Glory,Wedgewood Rooms,,N,09/02/2008Wedgewood Rooms,The Fans,Historical Artist Entry,
08/02/2008,New Found Glory,Kasbah,,N,08/02/2008Kasbah,The Fans,Historical Artist Entry,
07/02/2008,New Found Glory,The Cockpit,,N,07/02/2008The Cockpit,The Fans,Historical Artist Entry,
06/02/2008,New Found Glory,Carling Academy Bristol,,N,06/02/2008Carling Academy Bristol,The Fans,Historical Artist Entry,
05/02/2008,New Found Glory,Carling Academy,,N,05/02/2008Carling Academy,The Fans,Historical Artist Entry,
04/02/2008,New Found Glory,Carling Academy,,N,04/02/2008Carling Academy,The Fans,Historical Artist Entry,
02/02/2008,New Found Glory,Carling Academy Brixton,,N,02/02/2008Carling Academy Brixton,The Fans,Historical Artist Entry,
01/02/2008,New Found Glory,Carling Academy Brixton,,N,01/02/2008Carling Academy Brixton,The Fans,Historical Artist Entry,
31/01/2008,New Found Glory,Carling Academy Oxford,,N,31/01/2008Carling Academy Oxford,The Fans,Historical Artist Entry,
30/01/2008,New Found Glory,Carling Apollo Manchester,,N,30/01/2008Carling Apollo Manchester,The Fans,Historical Artist Entry,
29/01/2008,New Found Glory,Carling Apollo Manchester,,N,29/01/2008Carling Apollo Manchester,The Fans,Historical Artist Entry,
27/01/2008,New Found Glory,Tripod,,N,27/01/2008Tripod,The Fans,Historical Artist Entry,
24/11/2007,New Found Glory,House of Blues,,N,24/11/2007House of Blues,The Fans,Historical Artist Entry,
23/11/2007,New Found Glory,House of Blues,,N,23/11/2007House of Blues,The Fans,Historical Artist Entry,
21/11/2007,New Found Glory,The Glass House,,N,21/11/2007The Glass House,The Fans,Historical Artist Entry,
20/11/2007,New Found Glory,The Glass House,,N,20/11/2007The Glass House,The Fans,Historical Artist Entry,
18/11/2007,New Found Glory,Avalon,,N,18/11/2007Avalon,The Fans,Historical Artist Entry,
17/11/2007,New Found Glory,Avalon,,N,17/11/2007Avalon,The Fans,Historical Artist Entry,
16/11/2007,New Found Glory,The Catalyst,,N,16/11/2007The Catalyst,The Fans,Historical Artist Entry,
15/11/2007,New Found Glory,The Fillmore,,N,15/11/2007The Fillmore,The Fans,Historical Artist Entry,
13/11/2007,New Found Glory,Roseland Theater,,N,13/11/2007Roseland Theater,The Fans,Historical Artist Entry,
12/11/2007,New Found Glory,The Showbox SoDo,,N,12/11/2007The Showbox SoDo,The Fans,Historical Artist Entry,
10/11/2007,New Found Glory,In the Venue,,N,10/11/2007In the Venue,The Fans,Historical Artist Entry,
09/11/2007,New Found Glory,Ogden Theatre,,N,09/11/2007Ogden Theatre,The Fans,Historical Artist Entry,
08/11/2007,New Found Glory,Granada Theater,,N,08/11/2007Granada Theater,The Fans,Historical Artist Entry,
07/11/2007,New Found Glory,The Rave,,N,07/11/2007The Rave,The Fans,Historical Artist Entry,
06/11/2007,New Found Glory,Metro,,N,06/11/2007Metro,The Fans,Historical Artist Entry,
05/11/2007,New Found Glory,Metro,,N,05/11/2007Metro,The Fans,Historical Artist Entry,
03/11/2007,New Found Glory,The Fillmore Detroit,,N,03/11/2007The Fillmore Detroit,The Fans,Historical Artist Entry,
02/11/2007,New Found Glory,Bogart's,,N,02/11/2007Bogart's,The Fans,Historical Artist Entry,
01/11/2007,New Found Glory,Town Ballroom,,N,01/11/2007Town Ballroom,The Fans,Historical Artist Entry,
31/10/2007,New Found Glory,The Palladium,,N,31/10/2007The Palladium,The Fans,Historical Artist Entry,
30/10/2007,New Found Glory,Ohio Room,,N,30/10/2007Ohio Room,The Fans,Historical Artist Entry,
28/10/2007,New Found Glory,Nokia Theatre Times Square,,N,28/10/2007Nokia Theatre Times Square,The Fans,Historical Artist Entry,
27/10/2007,New Found Glory,House of Blues,,N,27/10/2007House of Blues,The Fans,Historical Artist Entry,
26/10/2007,New Found Glory,Electric Factory,,N,26/10/2007Electric Factory,The Fans,Historical Artist Entry,
25/10/2007,New Found Glory,Crocodile Rock Cafe,,N,25/10/2007Crocodile Rock Cafe,The Fans,Historical Artist Entry,
24/10/2007,New Found Glory,Rams Head Live!,,N,24/10/2007Rams Head Live!,The Fans,Historical Artist Entry,
22/10/2007,New Found Glory,The NorVa,,N,22/10/2007The NorVa,The Fans,Historical Artist Entry,
21/10/2007,New Found Glory,House of Blues,,N,21/10/2007House of Blues,The Fans,Historical Artist Entry,
20/10/2007,New Found Glory,Tremont Music Hall,,N,20/10/2007Tremont Music Hall,The Fans,Historical Artist Entry,
19/10/2007,New Found Glory,Center Stage,,N,19/10/2007Center Stage,The Fans,Historical Artist Entry,
16/10/2007,New Found Glory,Revolution Live,,N,16/10/2007Revolution Live,The Fans,Historical Artist Entry,
15/10/2007,New Found Glory,House of Blues,,N,15/10/2007House of Blues,The Fans,Historical Artist Entry,
13/10/2007,New Found Glory,House of Blues,,N,13/10/2007House of Blues,The Fans,Historical Artist Entry,
12/10/2007,New Found Glory,The Ballroom at Warehouse Live,,N,12/10/2007The Ballroom at Warehouse Live,The Fans,Historical Artist Entry,
11/10/2007,New Found Glory,Palladium Ballroom,,N,11/10/2007Palladium Ballroom,The Fans,Historical Artist Entry,
10/10/2007,New Found Glory,Cain's Ballroom,,N,10/10/2007Cain's Ballroom,The Fans,Historical Artist Entry,
09/10/2007,New Found Glory,La Zona Rosa,,N,09/10/2007La Zona Rosa,The Fans,Historical Artist Entry,
07/10/2007,New Found Glory,Sunshine Theater,,N,07/10/2007Sunshine Theater,The Fans,Historical Artist Entry,
06/10/2007,New Found Glory,Marquee Theatre,,N,06/10/2007Marquee Theatre,The Fans,Historical Artist Entry,
05/10/2007,New Found Glory,House of Blues,,N,05/10/2007House of Blues,The Fans,Historical Artist Entry,
03/10/2007,New Found Glory,Last Call with Carson Daly,,N,03/10/2007Last Call with Carson Daly,The Fans,Historical Artist Entry,
26/08/2007,New Found Glory,Little John's Farm,,N,26/08/2007Little John's Farm,The Fans,Historical Artist Entry,
24/08/2007,New Found Glory,Bramham Park,,N,24/08/2007Bramham Park,The Fans,Historical Artist Entry,
22/08/2007,New Found Glory,Selland Arena,,N,22/08/2007Selland Arena,The Fans,Historical Artist Entry,
19/08/2007,New Found Glory,Columbia Meadows,,N,19/08/2007Columbia Meadows,The Fans,Historical Artist Entry,
18/08/2007,New Found Glory,The Gorge Amphitheatre,,N,18/08/2007The Gorge Amphitheatre,The Fans,Historical Artist Entry,
17/08/2007,New Found Glory,Idaho Center Amphitheater,,N,17/08/2007Idaho Center Amphitheater,The Fans,Historical Artist Entry,
15/08/2007,New Found Glory,Verizon Wireless Amphitheater,,N,15/08/2007Verizon Wireless Amphitheater,The Fans,Historical Artist Entry,
12/08/2007,New Found Glory,Parc Jean-Drapeau,,N,12/08/2007Parc Jean-Drapeau,The Fans,Historical Artist Entry,
11/08/2007,New Found Glory,Molson Park,,N,11/08/2007Molson Park,The Fans,Historical Artist Entry,
10/08/2007,New Found Glory,Darien Lake Performing Arts Center,,N,10/08/2007Darien Lake Performing Arts Center,The Fans,Historical Artist Entry,
09/08/2007,New Found Glory,Tweeter Center for the Performing Arts,,N,09/08/2007Tweeter Center for the Performing Arts,The Fans,Historical Artist Entry,
08/08/2007,New Found Glory,Post-Gazette Pavilion,,N,08/08/2007Post-Gazette Pavilion,The Fans,Historical Artist Entry,
07/08/2007,New Found Glory,Verizon Wireless Music Center,,N,07/08/2007Verizon Wireless Music Center,The Fans,Historical Artist Entry,
05/08/2007,New Found Glory,Raceway Park,,N,05/08/2007Raceway Park,The Fans,Historical Artist Entry,
04/08/2007,New Found Glory,Nassau Veterans Memorial Coliseum,,N,04/08/2007Nassau Veterans Memorial Coliseum,The Fans,Historical Artist Entry,
03/08/2007,New Found Glory,Tweeter Center,,N,03/08/2007Tweeter Center,The Fans,Historical Artist Entry,
02/08/2007,New Found Glory,Tower City Amphitheater,,N,02/08/2007Tower City Amphitheater,The Fans,Historical Artist Entry,
01/08/2007,New Found Glory,Riverbend Music Center,,N,01/08/2007Riverbend Music Center,The Fans,Historical Artist Entry,
31/07/2007,New Found Glory,Marcus Amphitheater,,N,31/07/2007Marcus Amphitheater,The Fans,Historical Artist Entry,
29/07/2007,New Found Glory,HHH Metrodome Parking Lot,,N,29/07/2007HHH Metrodome Parking Lot,The Fans,Historical Artist Entry,
28/07/2007,New Found Glory,First Midwest Bank Amphitheatre,,N,28/07/2007First Midwest Bank Amphitheatre,The Fans,Historical Artist Entry,
27/07/2007,New Found Glory,Comerica Park,,N,27/07/2007Comerica Park,The Fans,Historical Artist Entry,
26/07/2007,New Found Glory,Toyota Pavilion at Montage Mountain,,N,26/07/2007Toyota Pavilion at Montage Mountain,The Fans,Historical Artist Entry,
25/07/2007,New Found Glory,Merriweather Post Pavilion,,N,25/07/2007Merriweather Post Pavilion,The Fans,Historical Artist Entry,
24/07/2007,New Found Glory,Verizon Wireless Amphitheater,,N,24/07/2007Verizon Wireless Amphitheater,The Fans,Historical Artist Entry,
23/07/2007,New Found Glory,Verizon Wireless Amphitheatre,,N,23/07/2007Verizon Wireless Amphitheatre,The Fans,Historical Artist Entry,
22/07/2007,New Found Glory,Tinker Field,,N,22/07/2007Tinker Field,The Fans,Historical Artist Entry,
21/07/2007,New Found Glory,Bicentennial Park,,N,21/07/2007Bicentennial Park,The Fans,Historical Artist Entry,
20/07/2007,New Found Glory,Vinoy Park,,N,20/07/2007Vinoy Park,The Fans,Historical Artist Entry,
19/07/2007,New Found Glory,Reynolds Park Yacht Center,,N,19/07/2007Reynolds Park Yacht Center,The Fans,Historical Artist Entry,
18/07/2007,New Found Glory,HiFi Buys Amphitheatre,,N,18/07/2007HiFi Buys Amphitheatre,The Fans,Historical Artist Entry,
16/07/2007,New Found Glory,Reliant Arena,,N,16/07/2007Reliant Arena,The Fans,Historical Artist Entry,
14/07/2007,New Found Glory,Smirnoff Music Centre,,N,14/07/2007Smirnoff Music Centre,The Fans,Historical Artist Entry,
13/07/2007,New Found Glory,Verizon Wireless Amphitheater,,N,13/07/2007Verizon Wireless Amphitheater,The Fans,Historical Artist Entry,
12/07/2007,New Found Glory,"Intramural Fields, New Mexico State University",,N,"12/07/2007Intramural Fields, New Mexico State University",The Fans,Historical Artist Entry,
11/07/2007,New Found Glory,Cricket Wireless Pavilion,,N,11/07/2007Cricket Wireless Pavilion,The Fans,Historical Artist Entry,
08/07/2007,New Found Glory,Invesco Field,,N,08/07/2007Invesco Field,The Fans,Historical Artist Entry,
07/07/2007,New Found Glory,Utah State Fairpark,,N,07/07/2007Utah State Fairpark,The Fans,Historical Artist Entry,
05/07/2007,New Found Glory,Race City Speedway,,N,05/07/2007Race City Speedway,The Fans,Historical Artist Entry,
03/07/2007,New Found Glory,Thunderbird Stadium,,N,03/07/2007Thunderbird Stadium,The Fans,Historical Artist Entry,
01/07/2007,New Found Glory,Shoreline Amphitheatre,,N,01/07/2007Shoreline Amphitheatre,The Fans,Historical Artist Entry,
30/06/2007,New Found Glory,Seaside Park,,N,30/06/2007Seaside Park,The Fans,Historical Artist Entry,
29/06/2007,New Found Glory,Fairplex,,N,29/06/2007Fairplex,The Fans,Historical Artist Entry,
06/05/2007,New Found Glory,Illick's Mill,,N,06/05/2007Illick's Mill,The Fans,Historical Artist Entry,
05/05/2007,New Found Glory,Meadowlands Sports Complex,,N,05/05/2007Meadowlands Sports Complex,The Fans,Historical Artist Entry,
04/05/2007,New Found Glory,Webster Theater,,N,04/05/2007Webster Theater,The Fans,Historical Artist Entry,
02/05/2007,New Found Glory,Leeds Metropolitan University,,N,02/05/2007Leeds Metropolitan University,The Fans,Historical Artist Entry,
01/05/2007,New Found Glory,ABC Glasgow,,N,01/05/2007ABC Glasgow,The Fans,Historical Artist Entry,
29/04/2007,New Found Glory,National Indoor Arena,,N,29/04/2007National Indoor Arena,The Fans,Historical Artist Entry,
28/04/2007,New Found Glory,Earls Court,,N,28/04/2007Earls Court,The Fans,Historical Artist Entry,
27/04/2007,New Found Glory,De Vlessenhoeve,,N,27/04/2007De Vlessenhoeve,The Fans,Historical Artist Entry,
26/04/2007,New Found Glory,Live Music Hall,,N,26/04/2007Live Music Hall,The Fans,Historical Artist Entry,
25/04/2007,New Found Glory,Élysée Montmartre,,N,25/04/2007Élysée Montmartre,The Fans,Historical Artist Entry,
24/04/2007,New Found Glory,The Max,,N,24/04/2007The Max,The Fans,Historical Artist Entry,
21/04/2007,New Found Glory,Student Union Ballroom at Nassau Community College,,N,21/04/2007Student Union Ballroom at Nassau Community College,The Fans,Historical Artist Entry,
20/04/2007,New Found Glory,Washington & Jefferson College,,N,20/04/2007Washington & Jefferson College,The Fans,Historical Artist Entry,
19/04/2007,New Found Glory,Albright College,,N,19/04/2007Albright College,The Fans,Historical Artist Entry,
11/04/2007,New Found Glory,Metro City Concert Club,,N,11/04/2007Metro City Concert Club,The Fans,Historical Artist Entry,
10/04/2007,New Found Glory,HQ Complex,,N,10/04/2007HQ Complex,The Fans,Historical Artist Entry,
08/04/2007,New Found Glory,The Palace Complex,,N,08/04/2007The Palace Complex,The Fans,Historical Artist Entry,
07/04/2007,New Found Glory,Billboard The Venue,,N,07/04/2007Billboard The Venue,The Fans,Historical Artist Entry,
06/04/2007,New Found Glory,Big Top Luna Park,,N,06/04/2007Big Top Luna Park,The Fans,Historical Artist Entry,
05/04/2007,New Found Glory,The Tivoli,,N,05/04/2007The Tivoli,The Fans,Historical Artist Entry,
01/04/2007,New Found Glory,Hall 9,,N,01/04/2007Hall 9,The Fans,Historical Artist Entry,
31/03/2007,New Found Glory,5 Goukan,,N,31/03/20075 Goukan,The Fans,Historical Artist Entry,
01/02/2007,New Found Glory,Lummus Park,,N,01/02/2007Lummus Park,The Fans,Historical Artist Entry,
20/01/2007,New Found Glory,Hard Rock Live,,N,20/01/2007Hard Rock Live,The Fans,Historical Artist Entry,
19/01/2007,New Found Glory,Tabernacle,,N,19/01/2007Tabernacle,The Fans,Historical Artist Entry,
18/01/2007,New Found Glory,Disco Rodeo,,N,18/01/2007Disco Rodeo,The Fans,Historical Artist Entry,
17/01/2007,New Found Glory,9:30 Club,,N,17/01/20079:30 Club,The Fans,Historical Artist Entry,
16/01/2007,New Found Glory,Hammerstein Ballroom,,N,16/01/2007Hammerstein Ballroom,The Fans,Historical Artist Entry,
14/01/2007,New Found Glory,Electric Factory,,N,14/01/2007Electric Factory,The Fans,Historical Artist Entry,
13/01/2007,New Found Glory,Avalon,,N,13/01/2007Avalon,The Fans,Historical Artist Entry,
12/01/2007,New Found Glory,Kool Haus,,N,12/01/2007Kool Haus,The Fans,Historical Artist Entry,
11/01/2007,New Found Glory,Agora,,N,11/01/2007Agora,The Fans,Historical Artist Entry,
10/01/2007,New Found Glory,The Pageant,,N,10/01/2007The Pageant,The Fans,Historical Artist Entry,
08/01/2007,New Found Glory,Fillmore Auditorium,,N,08/01/2007Fillmore Auditorium,The Fans,Historical Artist Entry,
07/01/2007,New Found Glory,Sunshine Theater,,N,07/01/2007Sunshine Theater,The Fans,Historical Artist Entry,
06/01/2007,New Found Glory,Marquee Theatre,,N,06/01/2007Marquee Theatre,The Fans,Historical Artist Entry,
05/01/2007,New Found Glory,The Grove of Anaheim,,N,05/01/2007The Grove of Anaheim,The Fans,Historical Artist Entry,
04/01/2007,New Found Glory,The Warfield,,N,04/01/2007The Warfield,The Fans,Historical Artist Entry,
17/12/2006,New Found Glory,HSBC Arena,,N,17/12/2006HSBC Arena,The Fans,Historical Artist Entry,
16/12/2006,New Found Glory,The Chance,,N,16/12/2006The Chance,The Fans,Historical Artist Entry,
15/12/2006,New Found Glory,Water Street Music Hall,,N,15/12/2006Water Street Music Hall,The Fans,Historical Artist Entry,
13/12/2006,New Found Glory,State Theatre,,N,13/12/2006State Theatre,The Fans,Historical Artist Entry,
06/12/2006,New Found Glory,Manchester Academy 1,,N,06/12/2006Manchester Academy 1,The Fans,Historical Artist Entry,
05/12/2006,New Found Glory,Carling Academy Glasgow,,N,05/12/2006Carling Academy Glasgow,The Fans,Historical Artist Entry,
03/12/2006,New Found Glory,Carling Academy,,N,03/12/2006Carling Academy,The Fans,Historical Artist Entry,
02/12/2006,New Found Glory,London Astoria,,N,02/12/2006London Astoria,The Fans,Historical Artist Entry,
01/12/2006,New Found Glory,London Astoria,,N,01/12/2006London Astoria,The Fans,Historical Artist Entry,
29/11/2006,New Found Glory,"The LCR, UEA",,N,"29/11/2006The LCR, UEA",The Fans,Historical Artist Entry,
28/11/2006,New Found Glory,Southampton Guildhall,,N,28/11/2006Southampton Guildhall,The Fans,Historical Artist Entry,
27/11/2006,New Found Glory,Carling Academy Bristol,,N,27/11/2006Carling Academy Bristol,The Fans,Historical Artist Entry,
26/11/2006,New Found Glory,Rock City,,N,26/11/2006Rock City,The Fans,Historical Artist Entry,
21/11/2006,New Found Glory,Zepp Osaka,,N,21/11/2006Zepp Osaka,The Fans,Historical Artist Entry,
20/11/2006,New Found Glory,Zepp Nagoya,,N,20/11/2006Zepp Nagoya,The Fans,Historical Artist Entry,
19/11/2006,New Found Glory,STUDIO COAST,,N,19/11/2006STUDIO COAST,The Fans,Historical Artist Entry,
16/11/2006,New Found Glory,RenMar Studios,,N,16/11/2006RenMar Studios,The Fans,Historical Artist Entry,
15/11/2006,New Found Glory,Avalon,,N,15/11/2006Avalon,The Fans,Historical Artist Entry,
14/11/2006,New Found Glory,Irving Plaza,,N,14/11/2006Irving Plaza,The Fans,Historical Artist Entry,
13/11/2006,New Found Glory,Teen People Offices,,N,13/11/2006Teen People Offices,The Fans,Historical Artist Entry,
12/11/2006,New Found Glory,Electric Factory,,N,12/11/2006Electric Factory,The Fans,Historical Artist Entry,
11/11/2006,New Found Glory,Rams Head Live!,,N,11/11/2006Rams Head Live!,The Fans,Historical Artist Entry,
10/11/2006,New Found Glory,House of Blues,,N,10/11/2006House of Blues,The Fans,Historical Artist Entry,
09/11/2006,New Found Glory,The NorVa,,N,09/11/2006The NorVa,The Fans,Historical Artist Entry,
08/11/2006,New Found Glory,Tremont Music Hall,,N,08/11/2006Tremont Music Hall,The Fans,Historical Artist Entry,
07/11/2006,New Found Glory,House of Blues,,N,07/11/2006House of Blues,The Fans,Historical Artist Entry,
07/11/2006,New Found Glory,WSSX-FM Studios,,N,07/11/2006WSSX-FM Studios,The Fans,Historical Artist Entry,
06/11/2006,New Found Glory,Heaven,,N,06/11/2006Heaven,The Fans,Historical Artist Entry,
04/11/2006,New Found Glory,Revolution Live,,N,04/11/2006Revolution Live,The Fans,Historical Artist Entry,
04/11/2006,New Found Glory,WIRK-FM Studios,,N,04/11/2006WIRK-FM Studios,The Fans,Historical Artist Entry,
03/11/2006,New Found Glory,House of Blues,,N,03/11/2006House of Blues,The Fans,Historical Artist Entry,
02/11/2006,New Found Glory,The Parish,,N,02/11/2006The Parish,The Fans,Historical Artist Entry,
01/11/2006,New Found Glory,La Zona Rosa,,N,01/11/2006La Zona Rosa,The Fans,Historical Artist Entry,
31/10/2006,New Found Glory,The Ballroom at Warehouse Live,,N,31/10/2006The Ballroom at Warehouse Live,The Fans,Historical Artist Entry,
30/10/2006,New Found Glory,Ridglea Theater,,N,30/10/2006Ridglea Theater,The Fans,Historical Artist Entry,
30/10/2006,New Found Glory,Kidd Kraddick in the Morning,,N,30/10/2006Kidd Kraddick in the Morning,The Fans,Historical Artist Entry,
28/10/2006,New Found Glory,Marquee Theatre,,N,28/10/2006Marquee Theatre,The Fans,Historical Artist Entry,
27/10/2006,New Found Glory,House of Blues,,N,27/10/2006House of Blues,The Fans,Historical Artist Entry,
26/10/2006,New Found Glory,House of Blues,,N,26/10/2006House of Blues,The Fans,Historical Artist Entry,
25/10/2006,New Found Glory,House of Blues,,N,25/10/2006House of Blues,The Fans,Historical Artist Entry,
24/10/2006,New Found Glory,House of Blues,,N,24/10/2006House of Blues,The Fans,Historical Artist Entry,
23/10/2006,New Found Glory,The Warfield,,N,23/10/2006The Warfield,The Fans,Historical Artist Entry,
21/10/2006,New Found Glory,El Corazón,,N,21/10/2006El Corazón,The Fans,Historical Artist Entry,
20/10/2006,New Found Glory,Roseland Theater,,N,20/10/2006Roseland Theater,The Fans,Historical Artist Entry,
18/10/2006,New Found Glory,In the Venue,,N,18/10/2006In the Venue,The Fans,Historical Artist Entry,
17/10/2006,New Found Glory,Ogden Theatre,,N,17/10/2006Ogden Theatre,The Fans,Historical Artist Entry,
15/10/2006,New Found Glory,Granada Theater,,N,15/10/2006Granada Theater,The Fans,Historical Artist Entry,
14/10/2006,New Found Glory,House of Blues,,N,14/10/2006House of Blues,The Fans,Historical Artist Entry,
13/10/2006,New Found Glory,Clutch Cargo's,,N,13/10/2006Clutch Cargo's,The Fans,Historical Artist Entry,
12/10/2006,New Found Glory,House of Blues,,N,12/10/2006House of Blues,The Fans,Historical Artist Entry,
11/10/2006,New Found Glory,The Phoenix Concert Theatre,,N,11/10/2006The Phoenix Concert Theatre,The Fans,Historical Artist Entry,
10/10/2006,New Found Glory,La Tulipe,,N,10/10/2006La Tulipe,The Fans,Historical Artist Entry,
09/10/2006,New Found Glory,WFLY-FM Studios,,N,09/10/2006WFLY-FM Studios,The Fans,Historical Artist Entry,
08/10/2006,New Found Glory,Higher Ground Music Hall,,N,08/10/2006Higher Ground Music Hall,The Fans,Historical Artist Entry,
07/10/2006,New Found Glory,Toad's Place,,N,07/10/2006Toad's Place,The Fans,Historical Artist Entry,
07/10/2006,New Found Glory,Dunkin Donuts Music Lounge at KISS 95.7,,N,07/10/2006Dunkin Donuts Music Lounge at KISS 95.7,The Fans,Historical Artist Entry,
06/10/2006,New Found Glory,Club Infinity,,N,06/10/2006Club Infinity,The Fans,Historical Artist Entry,
06/10/2006,New Found Glory,WKSE-FM Studios,,N,06/10/2006WKSE-FM Studios,The Fans,Historical Artist Entry,
05/10/2006,New Found Glory,Club Zoo,,N,05/10/2006Club Zoo,The Fans,Historical Artist Entry,
04/10/2006,New Found Glory,Madison Theater,,N,04/10/2006Madison Theater,The Fans,Historical Artist Entry,
02/10/2006,New Found Glory,DeSales University,,N,02/10/2006DeSales University,The Fans,Historical Artist Entry,
23/09/2006,New Found Glory,Virgin Megastore,,N,23/09/2006Virgin Megastore,The Fans,Historical Artist Entry,
21/09/2006,New Found Glory,KZON-FM Studios,,N,21/09/2006KZON-FM Studios,The Fans,Historical Artist Entry,
20/09/2006,New Found Glory,KBKS-FM Studios,,N,20/09/2006KBKS-FM Studios,The Fans,Historical Artist Entry,
20/09/2006,New Found Glory,"Easy Street Records, Queen Anne Store",,N,"20/09/2006Easy Street Records, Queen Anne Store",The Fans,Historical Artist Entry,
02/09/2006,New Found Glory,Downtown Oakland,,N,02/09/2006Downtown Oakland,The Fans,Historical Artist Entry,
01/09/2006,New Found Glory,AOL Sessions,,N,01/09/2006AOL Sessions,The Fans,Historical Artist Entry,
30/08/2006,New Found Glory,Vintage Vinyl Records,,N,30/08/2006Vintage Vinyl Records,The Fans,Historical Artist Entry,
29/08/2006,New Found Glory,Battery Park,,N,29/08/2006Battery Park,The Fans,Historical Artist Entry,
23/08/2006,New Found Glory,Syndicated Radio,,N,23/08/2006Syndicated Radio,The Fans,Historical Artist Entry,
23/08/2006,New Found Glory,The Metro Club,,N,23/08/2006The Metro Club,The Fans,Historical Artist Entry,
22/08/2006,New Found Glory,Total Rock Radio,,N,22/08/2006Total Rock Radio,The Fans,Historical Artist Entry,
22/08/2006,New Found Glory,Virgin Megastore,,N,22/08/2006Virgin Megastore,The Fans,Historical Artist Entry,
17/08/2006,New Found Glory,Fuse TV Studio,,N,17/08/2006Fuse TV Studio,The Fans,Historical Artist Entry,
16/08/2006,New Found Glory,MTV Studios,,N,16/08/2006MTV Studios,The Fans,Historical Artist Entry,
15/08/2006,New Found Glory,Fuse TV Studio,,N,15/08/2006Fuse TV Studio,The Fans,Historical Artist Entry,
11/08/2006,New Found Glory,Pepsi Smash,,N,11/08/2006Pepsi Smash,The Fans,Historical Artist Entry,
10/08/2006,New Found Glory,Tribune Studios,,N,10/08/2006Tribune Studios,The Fans,Historical Artist Entry,
20/05/2006,New Found Glory,Daskalakis Athletic Center,,N,20/05/2006Daskalakis Athletic Center,The Fans,Historical Artist Entry,
30/04/2006,New Found Glory,Pepsi Arena,,N,30/04/2006Pepsi Arena,The Fans,Historical Artist Entry,
29/04/2006,New Found Glory,Bentley College,,N,29/04/2006Bentley College,The Fans,Historical Artist Entry,
27/04/2006,New Found Glory,Schwartz Field House,,N,27/04/2006Schwartz Field House,The Fans,Historical Artist Entry,
22/04/2006,New Found Glory,Ohio Wesleyan University,,N,22/04/2006Ohio Wesleyan University,The Fans,Historical Artist Entry,
21/04/2006,New Found Glory,Stonehill College,,N,21/04/2006Stonehill College,The Fans,Historical Artist Entry,
20/04/2006,New Found Glory,Corbin J. Robertson Center,,N,20/04/2006Corbin J. Robertson Center,The Fans,Historical Artist Entry,
01/04/2006,New Found Glory,ICI Center,,N,01/04/2006ICI Center,The Fans,Historical Artist Entry,
11/09/2005,New Found Glory,The Palace of Auburn Hills,,N,11/09/2005The Palace of Auburn Hills,The Fans,Historical Artist Entry,
21/05/2005,New Found Glory,House of Blues,,N,21/05/2005House of Blues,The Fans,Historical Artist Entry,
19/05/2005,New Found Glory,Numbers,,N,19/05/2005Numbers,The Fans,Historical Artist Entry,
17/05/2005,New Found Glory,Concrete Street Amphitheater,,N,17/05/2005Concrete Street Amphitheater,The Fans,Historical Artist Entry,
15/05/2005,New Found Glory,Sunset Station,,N,15/05/2005Sunset Station,The Fans,Historical Artist Entry,
14/05/2005,New Found Glory,The Ballroom,,N,14/05/2005The Ballroom,The Fans,Historical Artist Entry,
13/05/2005,New Found Glory,Sunshine Theater,,N,13/05/2005Sunshine Theater,The Fans,Historical Artist Entry,
11/05/2005,New Found Glory,Coconuts,,N,11/05/2005Coconuts,The Fans,Historical Artist Entry,
10/05/2005,New Found Glory,Marquee Theatre,,N,10/05/2005Marquee Theatre,The Fans,Historical Artist Entry,
08/05/2005,New Found Glory,House of Blues,,N,08/05/2005House of Blues,The Fans,Historical Artist Entry,
07/05/2005,New Found Glory,SOMA,,N,07/05/2005SOMA,The Fans,Historical Artist Entry,
06/05/2005,New Found Glory,House of Blues,,N,06/05/2005House of Blues,The Fans,Historical Artist Entry,
05/05/2005,New Found Glory,House of Blues,,N,05/05/2005House of Blues,The Fans,Historical Artist Entry,
04/05/2005,New Found Glory,House of Blues,,N,04/05/2005House of Blues,The Fans,Historical Artist Entry,
03/05/2005,New Found Glory,House of Blues,,N,03/05/2005House of Blues,The Fans,Historical Artist Entry,
01/05/2005,New Found Glory,The Majestic Ventura Theater,,N,01/05/2005The Majestic Ventura Theater,The Fans,Historical Artist Entry,
30/04/2005,New Found Glory,Bakersfield Dome,,N,30/04/2005Bakersfield Dome,The Fans,Historical Artist Entry,
29/04/2005,New Found Glory,The Catalyst,,N,29/04/2005The Catalyst,The Fans,Historical Artist Entry,
28/04/2005,New Found Glory,Slim's,,N,28/04/2005Slim's,The Fans,Historical Artist Entry,
27/04/2005,New Found Glory,Slim's,,N,27/04/2005Slim's,The Fans,Historical Artist Entry,
26/04/2005,New Found Glory,Roseland Theater,,N,26/04/2005Roseland Theater,The Fans,Historical Artist Entry,
25/04/2005,New Found Glory,El Corazón,,N,25/04/2005El Corazón,The Fans,Historical Artist Entry,
23/04/2005,New Found Glory,El Corazón,,N,23/04/2005El Corazón,The Fans,Historical Artist Entry,
22/04/2005,New Found Glory,The Big Easy,,N,22/04/2005The Big Easy,The Fans,Historical Artist Entry,
21/04/2005,New Found Glory,In the Venue,,N,21/04/2005In the Venue,The Fans,Historical Artist Entry,
20/04/2005,New Found Glory,Boulder Theater,,N,20/04/2005Boulder Theater,The Fans,Historical Artist Entry,
19/04/2005,New Found Glory,Gothic Theatre,,N,19/04/2005Gothic Theatre,The Fans,Historical Artist Entry,
17/04/2005,New Found Glory,Rushmore Plaza Civic Center,,N,17/04/2005Rushmore Plaza Civic Center,The Fans,Historical Artist Entry,
16/04/2005,New Found Glory,Alerus Center,,N,16/04/2005Alerus Center,The Fans,Historical Artist Entry,
15/04/2005,New Found Glory,The Quest,,N,15/04/2005The Quest,The Fans,Historical Artist Entry,
14/04/2005,New Found Glory,Beaumont Club,,N,14/04/2005Beaumont Club,The Fans,Historical Artist Entry,
13/04/2005,New Found Glory,The Pageant,,N,13/04/2005The Pageant,The Fans,Historical Artist Entry,
12/04/2005,New Found Glory,Jillian's,,N,12/04/2005Jillian's,The Fans,Historical Artist Entry,
10/04/2005,New Found Glory,House of Blues,,N,10/04/2005House of Blues,The Fans,Historical Artist Entry,
09/04/2005,New Found Glory,House of Blues,,N,09/04/2005House of Blues,The Fans,Historical Artist Entry,
08/04/2005,New Found Glory,The Intersection,,N,08/04/2005The Intersection,The Fans,Historical Artist Entry,
07/04/2005,New Found Glory,House of Blues,,N,07/04/2005House of Blues,The Fans,Historical Artist Entry,
06/04/2005,New Found Glory,Saint Andrew's Hall,,N,06/04/2005Saint Andrew's Hall,The Fans,Historical Artist Entry,
05/04/2005,New Found Glory,Saint Andrew's Hall,,N,05/04/2005Saint Andrew's Hall,The Fans,Historical Artist Entry,
03/04/2005,New Found Glory,The Guvernment,,N,03/04/2005The Guvernment,The Fans,Historical Artist Entry,
02/04/2005,New Found Glory,Le Spectrum,,N,02/04/2005Le Spectrum,The Fans,Historical Artist Entry,
01/04/2005,New Found Glory,Webster Theater,,N,01/04/2005Webster Theater,The Fans,Historical Artist Entry,
31/03/2005,New Found Glory,Penn State Behrend,,N,31/03/2005Penn State Behrend,The Fans,Historical Artist Entry,
30/03/2005,New Found Glory,Trocadero Theatre,,N,30/03/2005Trocadero Theatre,The Fans,Historical Artist Entry,
29/03/2005,New Found Glory,Trocadero Theatre,,N,29/03/2005Trocadero Theatre,The Fans,Historical Artist Entry,
28/03/2005,New Found Glory,Fuse TV Studio,,N,28/03/2005Fuse TV Studio,The Fans,Historical Artist Entry,
26/03/2005,New Found Glory,Webster Hall,,N,26/03/2005Webster Hall,The Fans,Historical Artist Entry,
25/03/2005,New Found Glory,The Palladium,,N,25/03/2005The Palladium,The Fans,Historical Artist Entry,
24/03/2005,New Found Glory,Ottobar,,N,24/03/2005Ottobar,The Fans,Historical Artist Entry,
23/03/2005,New Found Glory,9:30 Club,,N,23/03/20059:30 Club,The Fans,Historical Artist Entry,
22/03/2005,New Found Glory,Starland Ballroom,,N,22/03/2005Starland Ballroom,The Fans,Historical Artist Entry,
21/03/2005,New Found Glory,The NorVa,,N,21/03/2005The NorVa,The Fans,Historical Artist Entry,
19/03/2005,New Found Glory,House of Blues,,N,19/03/2005House of Blues,The Fans,Historical Artist Entry,
18/03/2005,New Found Glory,Tremont Music Hall,,N,18/03/2005Tremont Music Hall,The Fans,Historical Artist Entry,
17/03/2005,New Found Glory,Jillian's,,N,17/03/2005Jillian's,The Fans,Historical Artist Entry,
16/03/2005,New Found Glory,Rocketown,,N,16/03/2005Rocketown,The Fans,Historical Artist Entry,
15/03/2005,New Found Glory,Heaven,,N,15/03/2005Heaven,The Fans,Historical Artist Entry,
13/03/2005,New Found Glory,Jannus Landing,,N,13/03/2005Jannus Landing,The Fans,Historical Artist Entry,
12/03/2005,New Found Glory,Plush,,N,12/03/2005Plush,The Fans,Historical Artist Entry,
11/03/2005,New Found Glory,House of Blues,,N,11/03/2005House of Blues,The Fans,Historical Artist Entry,
10/03/2005,New Found Glory,Revolution Live,,N,10/03/2005Revolution Live,The Fans,Historical Artist Entry,
16/02/2005,New Found Glory,Rock City,,N,16/02/2005Rock City,The Fans,Historical Artist Entry,
15/02/2005,New Found Glory,Hammersmith Palais,,N,15/02/2005Hammersmith Palais,The Fans,Historical Artist Entry,
15/02/2005,New Found Glory,HMV,,N,15/02/2005HMV,The Fans,Historical Artist Entry,
14/02/2005,New Found Glory,Carling Academy Liverpool,,N,14/02/2005Carling Academy Liverpool,The Fans,Historical Artist Entry,
14/02/2005,New Found Glory,HMV,,N,14/02/2005HMV,The Fans,Historical Artist Entry,
13/02/2005,New Found Glory,Carling Academy Bristol,,N,13/02/2005Carling Academy Bristol,The Fans,Historical Artist Entry,
12/02/2005,New Found Glory,Carling Academy 2,,N,12/02/2005Carling Academy 2,The Fans,Historical Artist Entry,
10/02/2005,New Found Glory,Scottish Exhibition and Conference Centre,,N,10/02/2005Scottish Exhibition and Conference Centre,The Fans,Historical Artist Entry,
10/02/2005,New Found Glory,Beat 106 Radio Studios,,N,10/02/2005Beat 106 Radio Studios,The Fans,Historical Artist Entry,
09/02/2005,New Found Glory,Manchester Academy 1,,N,09/02/2005Manchester Academy 1,The Fans,Historical Artist Entry,
08/02/2005,New Found Glory,Metro Radio Arena,,N,08/02/2005Metro Radio Arena,The Fans,Historical Artist Entry,
07/02/2005,New Found Glory,Carling Apollo Hammersmith,,N,07/02/2005Carling Apollo Hammersmith,The Fans,Historical Artist Entry,
06/02/2005,New Found Glory,Carling Apollo Hammersmith,,N,06/02/2005Carling Apollo Hammersmith,The Fans,Historical Artist Entry,
05/02/2005,New Found Glory,Brighton Centre,,N,05/02/2005Brighton Centre,The Fans,Historical Artist Entry,
03/02/2005,New Found Glory,Cardiff International Arena,,N,03/02/2005Cardiff International Arena,The Fans,Historical Artist Entry,
02/02/2005,New Found Glory,Plymouth Pavilions,,N,02/02/2005Plymouth Pavilions,The Fans,Historical Artist Entry,
31/01/2005,New Found Glory,Point Theatre,,N,31/01/2005Point Theatre,The Fans,Historical Artist Entry,
29/01/2005,New Found Glory,Manchester Evening News Arena,,N,29/01/2005Manchester Evening News Arena,The Fans,Historical Artist Entry,
28/01/2005,New Found Glory,Manchester Evening News Arena,,N,28/01/2005Manchester Evening News Arena,The Fans,Historical Artist Entry,
27/01/2005,New Found Glory,Nottingham Arena,,N,27/01/2005Nottingham Arena,The Fans,Historical Artist Entry,
26/01/2005,New Found Glory,Southampton Guildhall,,N,26/01/2005Southampton Guildhall,The Fans,Historical Artist Entry,
25/01/2005,New Found Glory,Carling Academy Brixton,,N,25/01/2005Carling Academy Brixton,The Fans,Historical Artist Entry,
24/01/2005,New Found Glory,Carling Academy Brixton,,N,24/01/2005Carling Academy Brixton,The Fans,Historical Artist Entry,
23/01/2005,New Found Glory,National Indoor Arena,,N,23/01/2005National Indoor Arena,The Fans,Historical Artist Entry,
21/01/2005,New Found Glory,Alsterdorfer Sporthalle,,N,21/01/2005Alsterdorfer Sporthalle,The Fans,Historical Artist Entry,
20/01/2005,New Found Glory,Philipshalle,,N,20/01/2005Philipshalle,The Fans,Historical Artist Entry,
19/01/2005,New Found Glory,Le Zénith,,N,19/01/2005Le Zénith,The Fans,Historical Artist Entry,
18/01/2005,New Found Glory,St. Jakobshalle,,N,18/01/2005St. Jakobshalle,The Fans,Historical Artist Entry,
16/01/2005,New Found Glory,FilaForum di Assago,,N,16/01/2005FilaForum di Assago,The Fans,Historical Artist Entry,
15/01/2005,New Found Glory,Sporthalle,,N,15/01/2005Sporthalle,The Fans,Historical Artist Entry,
14/01/2005,New Found Glory,Stadthalle,,N,14/01/2005Stadthalle,The Fans,Historical Artist Entry,
12/01/2005,New Found Glory,Heineken Music Hall,,N,12/01/2005Heineken Music Hall,The Fans,Historical Artist Entry,
11/01/2005,New Found Glory,Arena Berlin,,N,11/01/2005Arena Berlin,The Fans,Historical Artist Entry,
18/12/2004,New Found Glory,Kualoa Ranch,,N,18/12/2004Kualoa Ranch,The Fans,Historical Artist Entry,
16/12/2004,New Found Glory,The Gaelic Club,,N,16/12/2004The Gaelic Club,The Fans,Historical Artist Entry,
15/12/2004,New Found Glory,The Lookout,,N,15/12/2004The Lookout,The Fans,Historical Artist Entry,
14/12/2004,New Found Glory,Heaven,,N,14/12/2004Heaven,The Fans,Historical Artist Entry,
12/12/2004,New Found Glory,Corner Hotel,,N,12/12/2004Corner Hotel,The Fans,Historical Artist Entry,
11/12/2004,New Found Glory,Corner Hotel,,N,11/12/2004Corner Hotel,The Fans,Historical Artist Entry,
10/12/2004,New Found Glory,Roundhouse,,N,10/12/2004Roundhouse,The Fans,Historical Artist Entry,
09/12/2004,New Found Glory,The Tivoli,,N,09/12/2004The Tivoli,The Fans,Historical Artist Entry,
05/12/2004,New Found Glory,Palacio de los Deportes,,N,05/12/2004Palacio de los Deportes,The Fans,Historical Artist Entry,
04/12/2004,New Found Glory,Sound Advice Amphitheatre,,N,04/12/2004Sound Advice Amphitheatre,The Fans,Historical Artist Entry,
01/12/2004,New Found Glory,Hard Rock Live,,N,01/12/2004Hard Rock Live,The Fans,Historical Artist Entry,
24/11/2004,New Found Glory,Bill Graham Civic Auditorium,,N,24/11/2004Bill Graham Civic Auditorium,The Fans,Historical Artist Entry,
23/11/2004,New Found Glory,Long Beach Arena,,N,23/11/2004Long Beach Arena,The Fans,Historical Artist Entry,
21/11/2004,New Found Glory,Cox Arena,,N,21/11/2004Cox Arena,The Fans,Historical Artist Entry,
20/11/2004,New Found Glory,Centennial Garden and Convention Center,,N,20/11/2004Centennial Garden and Convention Center,The Fans,Historical Artist Entry,
18/11/2004,New Found Glory,Rose Garden Arena,,N,18/11/2004Rose Garden Arena,The Fans,Historical Artist Entry,
17/11/2004,New Found Glory,Pacific Coliseum,,N,17/11/2004Pacific Coliseum,The Fans,Historical Artist Entry,
16/11/2004,New Found Glory,Everett Events Center,,N,16/11/2004Everett Events Center,The Fans,Historical Artist Entry,
13/11/2004,New Found Glory,E Center,,N,13/11/2004E Center,The Fans,Historical Artist Entry,
12/11/2004,New Found Glory,Pepsi Center,,N,12/11/2004Pepsi Center,The Fans,Historical Artist Entry,
11/11/2004,New Found Glory,Sokol Auditorium,,N,11/11/2004Sokol Auditorium,The Fans,Historical Artist Entry,
10/11/2004,New Found Glory,Target Center,,N,10/11/2004Target Center,The Fans,Historical Artist Entry,
09/11/2004,New Found Glory,U.S. Cellular Arena,,N,09/11/2004U.S. Cellular Arena,The Fans,Historical Artist Entry,
08/11/2004,New Found Glory,UIC Pavilion,,N,08/11/2004UIC Pavilion,The Fans,Historical Artist Entry,
06/11/2004,New Found Glory,Cobo Arena,,N,06/11/2004Cobo Arena,The Fans,Historical Artist Entry,
05/11/2004,New Found Glory,Blue Cross Arena,,N,05/11/2004Blue Cross Arena,The Fans,Historical Artist Entry,
04/11/2004,New Found Glory,Centre Bell,,N,04/11/2004Centre Bell,The Fans,Historical Artist Entry,
03/11/2004,New Found Glory,Ottawa Civic Centre,,N,03/11/2004Ottawa Civic Centre,The Fans,Historical Artist Entry,
02/11/2004,New Found Glory,Air Canada Centre,,N,02/11/2004Air Canada Centre,The Fans,Historical Artist Entry,
31/10/2004,New Found Glory,Patriot Center,,N,31/10/2004Patriot Center,The Fans,Historical Artist Entry,
30/10/2004,New Found Glory,Continental Airlines Arena,,N,30/10/2004Continental Airlines Arena,The Fans,Historical Artist Entry,
29/10/2004,New Found Glory,Liacouras Center,,N,29/10/2004Liacouras Center,The Fans,Historical Artist Entry,
28/10/2004,New Found Glory,Worcester's Centrum Centre,,N,28/10/2004Worcester's Centrum Centre,The Fans,Historical Artist Entry,
27/10/2004,New Found Glory,Dewick-MacPhie Dining Center,,N,27/10/2004Dewick-MacPhie Dining Center,The Fans,Historical Artist Entry,
26/10/2004,New Found Glory,Giant Center,,N,26/10/2004Giant Center,The Fans,Historical Artist Entry,
24/10/2004,New Found Glory,Louisville Gardens,,N,24/10/2004Louisville Gardens,The Fans,Historical Artist Entry,
23/10/2004,New Found Glory,U.S. Bank Arena,,N,23/10/2004U.S. Bank Arena,The Fans,Historical Artist Entry,
22/10/2004,New Found Glory,The Arena at Gwinnett Center,,N,22/10/2004The Arena at Gwinnett Center,The Fans,Historical Artist Entry,
20/10/2004,New Found Glory,Reliant Arena,,N,20/10/2004Reliant Arena,The Fans,Historical Artist Entry,
19/10/2004,New Found Glory,Fort Worth Convention Center,,N,19/10/2004Fort Worth Convention Center,The Fans,Historical Artist Entry,
16/10/2004,New Found Glory,City Park,,N,16/10/2004City Park,The Fans,Historical Artist Entry,
28/09/2004,New Found Glory,Nanba Hatch,,N,28/09/2004Nanba Hatch,The Fans,Historical Artist Entry,
27/09/2004,New Found Glory,Club Diamond Hall,,N,27/09/2004Club Diamond Hall,The Fans,Historical Artist Entry,
26/09/2004,New Found Glory,Zepp Tokyo,,N,26/09/2004Zepp Tokyo,The Fans,Historical Artist Entry,
10/09/2004,New Found Glory,Stockholm Globe Arena,,N,10/09/2004Stockholm Globe Arena,The Fans,Historical Artist Entry,
08/09/2004,New Found Glory,Fabrik,,N,08/09/2004Fabrik,The Fans,Historical Artist Entry,
07/09/2004,New Found Glory,The Max,,N,07/09/2004The Max,The Fans,Historical Artist Entry,
05/09/2004,New Found Glory,Arena Parco Nord,,N,05/09/2004Arena Parco Nord,The Fans,Historical Artist Entry,
04/09/2004,New Found Glory,Metropolis,,N,04/09/2004Metropolis,The Fans,Historical Artist Entry,
03/09/2004,New Found Glory,Zeche Carl,,N,03/09/2004Zeche Carl,The Fans,Historical Artist Entry,
02/09/2004,New Found Glory,Élysée Montmartre,,N,02/09/2004Élysée Montmartre,The Fans,Historical Artist Entry,
31/08/2004,New Found Glory,The Forum,,N,31/08/2004The Forum,The Fans,Historical Artist Entry,
30/08/2004,New Found Glory,Rock City,,N,30/08/2004Rock City,The Fans,Historical Artist Entry,
29/08/2004,New Found Glory,American Airlines Arena,,N,29/08/2004American Airlines Arena,The Fans,Historical Artist Entry,
27/08/2004,New Found Glory,Bramham Park,,N,27/08/2004Bramham Park,The Fans,Historical Artist Entry,
25/08/2004,New Found Glory,Kerrang! Radio HQ,,N,25/08/2004Kerrang! Radio HQ,The Fans,Historical Artist Entry,
25/08/2004,New Found Glory,Carling Academy,,N,25/08/2004Carling Academy,The Fans,Historical Artist Entry,
24/08/2004,New Found Glory,Barrowland,,N,24/08/2004Barrowland,The Fans,Historical Artist Entry,
20/08/2004,New Found Glory,Gillette Stadium,,N,20/08/2004Gillette Stadium,The Fans,Historical Artist Entry,
19/08/2004,New Found Glory,Gillette Stadium,,N,19/08/2004Gillette Stadium,The Fans,Historical Artist Entry,
18/08/2004,New Found Glory,Darien Lake Performing Arts Center,,N,18/08/2004Darien Lake Performing Arts Center,The Fans,Historical Artist Entry,
17/08/2004,New Found Glory,Germain Amphitheater,,N,17/08/2004Germain Amphitheater,The Fans,Historical Artist Entry,
16/08/2004,New Found Glory,Annie's,,N,16/08/2004Annie's,The Fans,Historical Artist Entry,
16/08/2004,New Found Glory,Riverbend Music Center,,N,16/08/2004Riverbend Music Center,The Fans,Historical Artist Entry,
15/08/2004,New Found Glory,Pontiac Silverdome,,N,15/08/2004Pontiac Silverdome,The Fans,Historical Artist Entry,
14/08/2004,New Found Glory,Molson Park,,N,14/08/2004Molson Park,The Fans,Historical Artist Entry,
13/08/2004,New Found Glory,Parc Jean-Drapeau,,N,13/08/2004Parc Jean-Drapeau,The Fans,Historical Artist Entry,
12/08/2004,New Found Glory,Colisée Pepsi,,N,12/08/2004Colisée Pepsi,The Fans,Historical Artist Entry,
11/08/2004,New Found Glory,Musique Plus,,N,11/08/2004Musique Plus,The Fans,Historical Artist Entry,
10/08/2004,New Found Glory,Hersheypark Stadium,,N,10/08/2004Hersheypark Stadium,The Fans,Historical Artist Entry,
08/08/2004,New Found Glory,Raceway Park,,N,08/08/2004Raceway Park,The Fans,Historical Artist Entry,
07/08/2004,New Found Glory,Randall's Island Park,,N,07/08/2004Randall's Island Park,The Fans,Historical Artist Entry,
06/08/2004,New Found Glory,Tweeter Center,,N,06/08/2004Tweeter Center,The Fans,Historical Artist Entry,
05/08/2004,New Found Glory,Post-Gazette Pavilion,,N,05/08/2004Post-Gazette Pavilion,The Fans,Historical Artist Entry,
04/08/2004,New Found Glory,Nissan Pavilion,,N,04/08/2004Nissan Pavilion,The Fans,Historical Artist Entry,
04/08/2004,New Found Glory,,,N,04/08/2004,The Fans,Historical Artist Entry,
03/08/2004,New Found Glory,GTE Virginia Beach Amphitheater,,N,03/08/2004GTE Virginia Beach Amphitheater,The Fans,Historical Artist Entry,
02/08/2004,New Found Glory,Verizon Wireless Amphitheatre,,N,02/08/2004Verizon Wireless Amphitheatre,The Fans,Historical Artist Entry,
01/08/2004,New Found Glory,Jacksonville Fairgrounds,,N,01/08/2004Jacksonville Fairgrounds,The Fans,Historical Artist Entry,
31/07/2004,New Found Glory,94.9 Zeta FM Complex,,N,31/07/200494.9 Zeta FM Complex,The Fans,Historical Artist Entry,
31/07/2004,New Found Glory,Pompano Beach Amphitheater,,N,31/07/2004Pompano Beach Amphitheater,The Fans,Historical Artist Entry,
30/07/2004,New Found Glory,Vinoy Park,,N,30/07/2004Vinoy Park,The Fans,Historical Artist Entry,
29/07/2004,New Found Glory,Central Florida Fairgrounds,,N,29/07/2004Central Florida Fairgrounds,The Fans,Historical Artist Entry,
28/07/2004,New Found Glory,HiFi Buys Amphitheatre,,N,28/07/2004HiFi Buys Amphitheatre,The Fans,Historical Artist Entry,
26/07/2004,New Found Glory,Verizon Wireless Amphitheater,,N,26/07/2004Verizon Wireless Amphitheater,The Fans,Historical Artist Entry,
25/07/2004,New Found Glory,HHH Metrodome Parking Lot,,N,25/07/2004HHH Metrodome Parking Lot,The Fans,Historical Artist Entry,
24/07/2004,New Found Glory,Tweeter Center Chicago,,N,24/07/2004Tweeter Center Chicago,The Fans,Historical Artist Entry,
23/07/2004,New Found Glory,Tower City Amphitheater,,N,23/07/2004Tower City Amphitheater,The Fans,Historical Artist Entry,
22/07/2004,New Found Glory,Verizon Wireless Music Center,,N,22/07/2004Verizon Wireless Music Center,The Fans,Historical Artist Entry,
21/07/2004,New Found Glory,UMB Bank Pavilion,,N,21/07/2004UMB Bank Pavilion,The Fans,Historical Artist Entry,
20/07/2004,New Found Glory,Marcus Amphitheater,,N,20/07/2004Marcus Amphitheater,The Fans,Historical Artist Entry,
18/07/2004,New Found Glory,Invesco Field,,N,18/07/2004Invesco Field,The Fans,Historical Artist Entry,
17/07/2004,New Found Glory,Utah State Fairpark,,N,17/07/2004Utah State Fairpark,The Fans,Historical Artist Entry,
16/07/2004,New Found Glory,Gallatin County Fairgrounds,,N,16/07/2004Gallatin County Fairgrounds,The Fans,Historical Artist Entry,
15/07/2004,New Found Glory,Race City Speedway,,N,15/07/2004Race City Speedway,The Fans,Historical Artist Entry,
13/07/2004,New Found Glory,Thunderbird Stadium,,N,13/07/2004Thunderbird Stadium,The Fans,Historical Artist Entry,
11/07/2004,New Found Glory,Columbia Meadows,,N,11/07/2004Columbia Meadows,The Fans,Historical Artist Entry,
10/07/2004,New Found Glory,The Gorge Amphitheatre,,N,10/07/2004The Gorge Amphitheatre,The Fans,Historical Artist Entry,
09/07/2004,New Found Glory,Idaho Center Amphitheater,,N,09/07/2004Idaho Center Amphitheater,The Fans,Historical Artist Entry,
08/07/2004,New Found Glory,Sleep Train Amphitheatre,,N,08/07/2004Sleep Train Amphitheatre,The Fans,Historical Artist Entry,
07/07/2004,New Found Glory,Seaside Park,,N,07/07/2004Seaside Park,The Fans,Historical Artist Entry,
06/07/2004,New Found Glory,Coors Amphitheatre,,N,06/07/2004Coors Amphitheatre,The Fans,Historical Artist Entry,
04/07/2004,New Found Glory,Desert Breeze Skate Park,,N,04/07/2004Desert Breeze Skate Park,The Fans,Historical Artist Entry,
03/07/2004,New Found Glory,Pier 30/32,,N,03/07/2004Pier 30/32,The Fans,Historical Artist Entry,
02/07/2004,New Found Glory,"California State University, Fullerton",,N,"02/07/2004California State University, Fullerton",The Fans,Historical Artist Entry,
01/07/2004,New Found Glory,"California State University, Fullerton",,N,"01/07/2004California State University, Fullerton",The Fans,Historical Artist Entry,
30/06/2004,New Found Glory,Peoria Sports Complex,,N,30/06/2004Peoria Sports Complex,The Fans,Historical Artist Entry,
29/06/2004,New Found Glory,"Intramural Fields, New Mexico State University",,N,"29/06/2004Intramural Fields, New Mexico State University",The Fans,Historical Artist Entry,
28/06/2004,New Found Glory,Reliant Center Parking Lot,,N,28/06/2004Reliant Center Parking Lot,The Fans,Historical Artist Entry,
27/06/2004,New Found Glory,Verizon Wireless Amphitheater,,N,27/06/2004Verizon Wireless Amphitheater,The Fans,Historical Artist Entry,
26/06/2004,New Found Glory,Smirnoff Music Centre,,N,26/06/2004Smirnoff Music Centre,The Fans,Historical Artist Entry,
19/06/2004,New Found Glory,Tommy Hilfiger at Jones Beach Theater,,N,19/06/2004Tommy Hilfiger at Jones Beach Theater,The Fans,Historical Artist Entry,
18/06/2004,New Found Glory,Tweeter Center,,N,18/06/2004Tweeter Center,The Fans,Historical Artist Entry,
17/06/2004,New Found Glory,Station Park,,N,17/06/2004Station Park,The Fans,Historical Artist Entry,
16/06/2004,New Found Glory,Enormous Room,,N,16/06/2004Enormous Room,The Fans,Historical Artist Entry,
15/06/2004,New Found Glory,Hard Rock Live,,N,15/06/2004Hard Rock Live,The Fans,Historical Artist Entry,
12/06/2004,New Found Glory,Verizon Wireless Amphitheatre,,N,12/06/2004Verizon Wireless Amphitheatre,The Fans,Historical Artist Entry,
11/06/2004,New Found Glory,Shoreline Amphitheatre,,N,11/06/2004Shoreline Amphitheatre,The Fans,Historical Artist Entry,
01/06/2004,New Found Glory,MTV Beach House,,N,01/06/2004MTV Beach House,The Fans,Historical Artist Entry,
30/05/2004,New Found Glory,Tweeter Center for the Performing Arts,,N,30/05/2004Tweeter Center for the Performing Arts,The Fans,Historical Artist Entry,
29/05/2004,New Found Glory,The Chameleon Club,,N,29/05/2004The Chameleon Club,The Fans,Historical Artist Entry,
28/05/2004,New Found Glory,Post-Gazette Pavilion,,N,28/05/2004Post-Gazette Pavilion,The Fans,Historical Artist Entry,
27/05/2004,New Found Glory,The Staircase,,N,27/05/2004The Staircase,The Fans,Historical Artist Entry,
26/05/2004,New Found Glory,Webster Theater,,N,26/05/2004Webster Theater,The Fans,Historical Artist Entry,
25/05/2004,New Found Glory,Northern Lights,,N,25/05/2004Northern Lights,The Fans,Historical Artist Entry,
23/05/2004,New Found Glory,Bay Center at Ruddertowne,,N,23/05/2004Bay Center at Ruddertowne,The Fans,Historical Artist Entry,
22/05/2004,New Found Glory,Robert F. Kennedy Memorial Stadium,,N,22/05/2004Robert F. Kennedy Memorial Stadium,The Fans,Historical Artist Entry,
21/05/2004,New Found Glory,Tower City Amphitheater,,N,21/05/2004Tower City Amphitheater,The Fans,Historical Artist Entry,
19/05/2004,New Found Glory,Jimmy Kimmel Live,,N,19/05/2004Jimmy Kimmel Live,The Fans,Historical Artist Entry,
16/05/2004,New Found Glory,Pepsi Smash,,N,16/05/2004Pepsi Smash,The Fans,Historical Artist Entry,
13/05/2004,New Found Glory,XFM Radio Studios,,N,13/05/2004XFM Radio Studios,The Fans,Historical Artist Entry,
12/05/2004,New Found Glory,London Astoria,,N,12/05/2004London Astoria,The Fans,Historical Artist Entry,
23/04/2004,New Found Glory,AOL Sessions,,N,23/04/2004AOL Sessions,The Fans,Historical Artist Entry,
23/04/2004,New Found Glory,Sony Music Studios,,N,23/04/2004Sony Music Studios,The Fans,Historical Artist Entry,
22/04/2004,New Found Glory,Napster Sessions,,N,22/04/2004Napster Sessions,The Fans,Historical Artist Entry,
21/04/2004,New Found Glory,The Sharon Osbourne Show,,N,21/04/2004The Sharon Osbourne Show,The Fans,Historical Artist Entry,
05/04/2004,New Found Glory,Dream Nightclub,,N,05/04/2004Dream Nightclub,The Fans,Historical Artist Entry,
13/03/2004,New Found Glory,House of Blues,,N,13/03/2004House of Blues,The Fans,Historical Artist Entry,
04/03/2004,New Found Glory,The Highlands,,N,04/03/2004The Highlands,The Fans,Historical Artist Entry,
08/09/2003,New Found Glory,Chain Reaction,,N,08/09/2003Chain Reaction,The Fans,Historical Artist Entry,
31/08/2003,New Found Glory,Allentown Fairgrounds,,N,31/08/2003Allentown Fairgrounds,The Fans,Historical Artist Entry,
30/08/2003,New Found Glory,Convention Hall,,N,30/08/2003Convention Hall,The Fans,Historical Artist Entry,
14/08/2003,New Found Glory,Pipeline Cafe,,N,14/08/2003Pipeline Cafe,The Fans,Historical Artist Entry,
12/08/2003,New Found Glory,Thebarton Theatre,,N,12/08/2003Thebarton Theatre,The Fans,Historical Artist Entry,
11/08/2003,New Found Glory,Roundhouse,,N,11/08/2003Roundhouse,The Fans,Historical Artist Entry,
10/08/2003,New Found Glory,Roundhouse,,N,10/08/2003Roundhouse,The Fans,Historical Artist Entry,
09/08/2003,New Found Glory,Roundhouse,,N,09/08/2003Roundhouse,The Fans,Historical Artist Entry,
08/08/2003,New Found Glory,Brisbane Festival Hall,,N,08/08/2003Brisbane Festival Hall,The Fans,Historical Artist Entry,
06/08/2003,New Found Glory,Festival Hall,,N,06/08/2003Festival Hall,The Fans,Historical Artist Entry,
03/08/2003,New Found Glory,WTC Open Air Stadium,,N,03/08/2003WTC Open Air Stadium,The Fans,Historical Artist Entry,
02/08/2003,New Found Glory,Chiba Marine Stadium,,N,02/08/2003Chiba Marine Stadium,The Fans,Historical Artist Entry,
05/07/2003,New Found Glory,Del Mar Fairgrounds,,N,05/07/2003Del Mar Fairgrounds,The Fans,Historical Artist Entry,
08/06/2003,New Found Glory,Universal Amphitheatre,,N,08/06/2003Universal Amphitheatre,The Fans,Historical Artist Entry,
07/06/2003,New Found Glory,Universal Amphitheatre,,N,07/06/2003Universal Amphitheatre,The Fans,Historical Artist Entry,
06/06/2003,New Found Glory,Cox Arena,,N,06/06/2003Cox Arena,The Fans,Historical Artist Entry,
05/06/2003,New Found Glory,Santa Barbara Bowl,,N,05/06/2003Santa Barbara Bowl,The Fans,Historical Artist Entry,
04/06/2003,New Found Glory,Donald Bren Events Center,,N,04/06/2003Donald Bren Events Center,The Fans,Historical Artist Entry,
03/06/2003,New Found Glory,Mesa Amphitheatre,,N,03/06/2003Mesa Amphitheatre,The Fans,Historical Artist Entry,
01/06/2003,New Found Glory,Centennial Garden and Convention Center,,N,01/06/2003Centennial Garden and Convention Center,The Fans,Historical Artist Entry,
31/05/2003,New Found Glory,Event Center Arena,,N,31/05/2003Event Center Arena,The Fans,Historical Artist Entry,
30/05/2003,New Found Glory,Cox Pavilion,,N,30/05/2003Cox Pavilion,The Fans,Historical Artist Entry,
29/05/2003,New Found Glory,E Center,,N,29/05/2003E Center,The Fans,Historical Artist Entry,
28/05/2003,New Found Glory,Bank of America Center,,N,28/05/2003Bank of America Center,The Fans,Historical Artist Entry,
27/05/2003,New Found Glory,Portland Memorial Coliseum,,N,27/05/2003Portland Memorial Coliseum,The Fans,Historical Artist Entry,
26/05/2003,New Found Glory,Stadium Exhibition Center,,N,26/05/2003Stadium Exhibition Center,The Fans,Historical Artist Entry,
23/05/2003,New Found Glory,Red Rocks Amphitheatre,,N,23/05/2003Red Rocks Amphitheatre,The Fans,Historical Artist Entry,
22/05/2003,New Found Glory,Pershing Center,,N,22/05/2003Pershing Center,The Fans,Historical Artist Entry,
21/05/2003,New Found Glory,City Market,,N,21/05/2003City Market,The Fans,Historical Artist Entry,
20/05/2003,New Found Glory,Family Arena,,N,20/05/2003Family Arena,The Fans,Historical Artist Entry,
18/05/2003,New Found Glory,Sunken Gardens Theater,,N,18/05/2003Sunken Gardens Theater,The Fans,Historical Artist Entry,
17/05/2003,New Found Glory,Smirnoff Music Centre,,N,17/05/2003Smirnoff Music Centre,The Fans,Historical Artist Entry,
16/05/2003,New Found Glory,Reliant Arena,,N,16/05/2003Reliant Arena,The Fans,Historical Artist Entry,
15/05/2003,New Found Glory,State Palace Theatre,,N,15/05/2003State Palace Theatre,The Fans,Historical Artist Entry,
14/05/2003,New Found Glory,Boutwell Auditorium,,N,14/05/2003Boutwell Auditorium,The Fans,Historical Artist Entry,
13/05/2003,New Found Glory,TD Waterhouse Centre,,N,13/05/2003TD Waterhouse Centre,The Fans,Historical Artist Entry,
11/05/2003,New Found Glory,USF Sun Dome,,N,11/05/2003USF Sun Dome,The Fans,Historical Artist Entry,
10/05/2003,New Found Glory,Office Depot Center,,N,10/05/2003Office Depot Center,The Fans,Historical Artist Entry,
09/05/2003,New Found Glory,Walt Disney World,,N,09/05/2003Walt Disney World,The Fans,Historical Artist Entry,
08/05/2003,New Found Glory,Timmons Arena,,N,08/05/2003Timmons Arena,The Fans,Historical Artist Entry,
07/05/2003,New Found Glory,The Arena at Gwinnett Center,,N,07/05/2003The Arena at Gwinnett Center,The Fans,Historical Artist Entry,
06/05/2003,New Found Glory,Cricket Arena,,N,06/05/2003Cricket Arena,The Fans,Historical Artist Entry,
04/05/2003,New Found Glory,Patriot Center,,N,04/05/2003Patriot Center,The Fans,Historical Artist Entry,
03/05/2003,New Found Glory,PNC Bank Arts Center,,N,03/05/2003PNC Bank Arts Center,The Fans,Historical Artist Entry,
02/05/2003,New Found Glory,First Union Spectrum,,N,02/05/2003First Union Spectrum,The Fans,Historical Artist Entry,
01/05/2003,New Found Glory,Hampton Coliseum,,N,01/05/2003Hampton Coliseum,The Fans,Historical Artist Entry,
30/04/2003,New Found Glory,Marist College,,N,30/04/2003Marist College,The Fans,Historical Artist Entry,
29/04/2003,New Found Glory,Hammerstein Ballroom,,N,29/04/2003Hammerstein Ballroom,The Fans,Historical Artist Entry,
27/04/2003,New Found Glory,Siena College,,N,27/04/2003Siena College,The Fans,Historical Artist Entry,
26/04/2003,New Found Glory,Hartford Civic Center,,N,26/04/2003Hartford Civic Center,The Fans,Historical Artist Entry,
25/04/2003,New Found Glory,Cumberland County Civic Center,,N,25/04/2003Cumberland County Civic Center,The Fans,Historical Artist Entry,
24/04/2003,New Found Glory,Worcester's Centrum Centre,,N,24/04/2003Worcester's Centrum Centre,The Fans,Historical Artist Entry,
23/04/2003,New Found Glory,Auditorium de Verdun,,N,23/04/2003Auditorium de Verdun,The Fans,Historical Artist Entry,
22/04/2003,New Found Glory,Blue Cross Arena,,N,22/04/2003Blue Cross Arena,The Fans,Historical Artist Entry,
21/04/2003,New Found Glory,Giant Center,,N,21/04/2003Giant Center,The Fans,Historical Artist Entry,
19/04/2003,New Found Glory,Arrow Hall,,N,19/04/2003Arrow Hall,The Fans,Historical Artist Entry,
18/04/2003,New Found Glory,Tower City Amphitheater,,N,18/04/2003Tower City Amphitheater,The Fans,Historical Artist Entry,
17/04/2003,New Found Glory,Petersen Events Center,,N,17/04/2003Petersen Events Center,The Fans,Historical Artist Entry,
16/04/2003,New Found Glory,Hara Arena,,N,16/04/2003Hara Arena,The Fans,Historical Artist Entry,
15/04/2003,New Found Glory,Pepsi Coliseum,,N,15/04/2003Pepsi Coliseum,The Fans,Historical Artist Entry,
15/04/2003,New Found Glory,WNOU-FM Studios,,N,15/04/2003WNOU-FM Studios,The Fans,Historical Artist Entry,
13/04/2003,New Found Glory,The DeltaPlex Arena & Conference Center,,N,13/04/2003The DeltaPlex Arena & Conference Center,The Fans,Historical Artist Entry,
12/04/2003,New Found Glory,Cobo Arena,,N,12/04/2003Cobo Arena,The Fans,Historical Artist Entry,
11/04/2003,New Found Glory,Eagles Ballroom,,N,11/04/2003Eagles Ballroom,The Fans,Historical Artist Entry,
10/04/2003,New Found Glory,UIC Pavilion,,N,10/04/2003UIC Pavilion,The Fans,Historical Artist Entry,
09/04/2003,New Found Glory,Target Center,,N,09/04/2003Target Center,The Fans,Historical Artist Entry,
08/04/2003,New Found Glory,Alerus Center,,N,08/04/2003Alerus Center,The Fans,Historical Artist Entry,
24/03/2003,New Found Glory,Chain Reaction,,N,24/03/2003Chain Reaction,The Fans,Historical Artist Entry,
08/03/2003,New Found Glory,The Village at Blue Mountain,,N,08/03/2003The Village at Blue Mountain,The Fans,Historical Artist Entry,
06/03/2003,New Found Glory,Block at Orange Vans Skate Park,,N,06/03/2003Block at Orange Vans Skate Park,The Fans,Historical Artist Entry,
29/01/2003,New Found Glory,Jimmy Kimmel Live,,N,29/01/2003Jimmy Kimmel Live,The Fans,Historical Artist Entry,
16/01/2003,New Found Glory,Total Request Live,,N,16/01/2003Total Request Live,The Fans,Historical Artist Entry,
16/01/2003,New Found Glory,MTV Studios,,N,16/01/2003MTV Studios,The Fans,Historical Artist Entry,
13/01/2003,New Found Glory,Hiroshima CLUB QUATTRO,,N,13/01/2003Hiroshima CLUB QUATTRO,The Fans,Historical Artist Entry,
11/01/2003,New Found Glory,Shinsaibashi CLUB QUATTRO,,N,11/01/2003Shinsaibashi CLUB QUATTRO,The Fans,Historical Artist Entry,
10/01/2003,New Found Glory,Nagoya CLUB QUATTRO,,N,10/01/2003Nagoya CLUB QUATTRO,The Fans,Historical Artist Entry,
09/01/2003,New Found Glory,Shibuya CLUB QUATTRO,,N,09/01/2003Shibuya CLUB QUATTRO,The Fans,Historical Artist Entry,
08/01/2003,New Found Glory,SHIBUYA-AX,,N,08/01/2003SHIBUYA-AX,The Fans,Historical Artist Entry,
31/12/2002,New Found Glory,Venetian Hotel & Casino,,N,31/12/2002Venetian Hotel & Casino,The Fans,Historical Artist Entry,
17/12/2002,New Found Glory,Cobo Arena,,N,17/12/2002Cobo Arena,The Fans,Historical Artist Entry,
16/12/2002,New Found Glory,PromoWest Pavilion,,N,16/12/2002PromoWest Pavilion,The Fans,Historical Artist Entry,
15/12/2002,New Found Glory,First Union Spectrum,,N,15/12/2002First Union Spectrum,The Fans,Historical Artist Entry,
15/12/2002,New Found Glory,First Union Center,,N,15/12/2002First Union Center,The Fans,Historical Artist Entry,
14/12/2002,New Found Glory,The Pageant,,N,14/12/2002The Pageant,The Fans,Historical Artist Entry,
13/12/2002,New Found Glory,MCI Center,,N,13/12/2002MCI Center,The Fans,Historical Artist Entry,
12/12/2002,New Found Glory,Nassau Veterans Memorial Coliseum,,N,12/12/2002Nassau Veterans Memorial Coliseum,The Fans,Historical Artist Entry,
11/12/2002,New Found Glory,Avalon,,N,11/12/2002Avalon,The Fans,Historical Artist Entry,
10/12/2002,New Found Glory,Aragon Ballroom,,N,10/12/2002Aragon Ballroom,The Fans,Historical Artist Entry,
07/12/2002,New Found Glory,Universal Amphitheatre,,N,07/12/2002Universal Amphitheatre,The Fans,Historical Artist Entry,
06/12/2002,New Found Glory,Crystal Ballroom,,N,06/12/2002Crystal Ballroom,The Fans,Historical Artist Entry,
05/12/2002,New Found Glory,Bottom of the Hill,,N,05/12/2002Bottom of the Hill,The Fans,Historical Artist Entry,
30/11/2002,New Found Glory,Arrowhead Pond of Anaheim,,N,30/11/2002Arrowhead Pond of Anaheim,The Fans,Historical Artist Entry,
23/11/2002,New Found Glory,House of Blues,,N,23/11/2002House of Blues,The Fans,Historical Artist Entry,
22/11/2002,New Found Glory,House of Blues,,N,22/11/2002House of Blues,The Fans,Historical Artist Entry,
21/11/2002,New Found Glory,Club Rio,,N,21/11/2002Club Rio,The Fans,Historical Artist Entry,
20/11/2002,New Found Glory,Rialto Theatre,,N,20/11/2002Rialto Theatre,The Fans,Historical Artist Entry,
18/11/2002,New Found Glory,Emo's,,N,18/11/2002Emo's,The Fans,Historical Artist Entry,
17/11/2002,New Found Glory,Bronco Bowl,,N,17/11/2002Bronco Bowl,The Fans,Historical Artist Entry,
16/11/2002,New Found Glory,Engine Room,,N,16/11/2002Engine Room,The Fans,Historical Artist Entry,
13/11/2002,New Found Glory,Sportsplex,,N,13/11/2002Sportsplex,The Fans,Historical Artist Entry,
12/11/2002,New Found Glory,House of Blues,,N,12/11/2002House of Blues,The Fans,Historical Artist Entry,
11/11/2002,New Found Glory,Jannus Landing,,N,11/11/2002Jannus Landing,The Fans,Historical Artist Entry,
10/11/2002,New Found Glory,Tabernacle,,N,10/11/2002Tabernacle,The Fans,Historical Artist Entry,
09/11/2002,New Found Glory,House of Blues,,N,09/11/2002House of Blues,The Fans,Historical Artist Entry,
08/11/2002,New Found Glory,The Boathouse,,N,08/11/2002The Boathouse,The Fans,Historical Artist Entry,
07/11/2002,New Found Glory,Nation,,N,07/11/2002Nation,The Fans,Historical Artist Entry,
06/11/2002,New Found Glory,Electric Factory,,N,06/11/2002Electric Factory,The Fans,Historical Artist Entry,
05/11/2002,New Found Glory,Roseland Ballroom,,N,05/11/2002Roseland Ballroom,The Fans,Historical Artist Entry,
04/11/2002,New Found Glory,Last Call With Carson Daly,,N,04/11/2002Last Call With Carson Daly,The Fans,Historical Artist Entry,
03/11/2002,New Found Glory,Convention Hall,,N,03/11/2002Convention Hall,The Fans,Historical Artist Entry,
02/11/2002,New Found Glory,Webster Theater,,N,02/11/2002Webster Theater,The Fans,Historical Artist Entry,
01/11/2002,New Found Glory,The Palladium,,N,01/11/2002The Palladium,The Fans,Historical Artist Entry,
31/10/2002,New Found Glory,Harro East Ballroom,,N,31/10/2002Harro East Ballroom,The Fans,Historical Artist Entry,
30/10/2002,New Found Glory,Metropolis,,N,30/10/2002Metropolis,The Fans,Historical Artist Entry,
29/10/2002,New Found Glory,Kool Haus,,N,29/10/2002Kool Haus,The Fans,Historical Artist Entry,
27/10/2002,New Found Glory,Rock Jungle,,N,27/10/2002Rock Jungle,The Fans,Historical Artist Entry,
26/10/2002,New Found Glory,Agora,,N,26/10/2002Agora,The Fans,Historical Artist Entry,
25/10/2002,New Found Glory,State Theatre,,N,25/10/2002State Theatre,The Fans,Historical Artist Entry,
24/10/2002,New Found Glory,Bogart's,,N,24/10/2002Bogart's,The Fans,Historical Artist Entry,
23/10/2002,New Found Glory,The Pageant,,N,23/10/2002The Pageant,The Fans,Historical Artist Entry,
22/10/2002,New Found Glory,Riviera Theatre,,N,22/10/2002Riviera Theatre,The Fans,Historical Artist Entry,
21/10/2002,New Found Glory,House of Blues,,N,21/10/2002House of Blues,The Fans,Historical Artist Entry,
19/10/2002,New Found Glory,The Quest,,N,19/10/2002The Quest,The Fans,Historical Artist Entry,
18/10/2002,New Found Glory,Beaumont Club,,N,18/10/2002Beaumont Club,The Fans,Historical Artist Entry,
17/10/2002,New Found Glory,Fillmore Auditorium,,N,17/10/2002Fillmore Auditorium,The Fans,Historical Artist Entry,
16/10/2002,New Found Glory,McKay Events Center,,N,16/10/2002McKay Events Center,The Fans,Historical Artist Entry,
14/10/2002,New Found Glory,Showbox Comedy and Supper Club,,N,14/10/2002Showbox Comedy and Supper Club,The Fans,Historical Artist Entry,
13/10/2002,New Found Glory,Showbox Comedy and Supper Club,,N,13/10/2002Showbox Comedy and Supper Club,The Fans,Historical Artist Entry,
12/10/2002,New Found Glory,Roseland Theater,,N,12/10/2002Roseland Theater,The Fans,Historical Artist Entry,
11/10/2002,New Found Glory,The Concourse,,N,11/10/2002The Concourse,The Fans,Historical Artist Entry,
10/10/2002,New Found Glory,Brick Works,,N,10/10/2002Brick Works,The Fans,Historical Artist Entry,
08/10/2002,New Found Glory,Salon Juarez Dance Hall,,N,08/10/2002Salon Juarez Dance Hall,The Fans,Historical Artist Entry,
07/10/2002,New Found Glory,House of Blues,,N,07/10/2002House of Blues,The Fans,Historical Artist Entry,
06/10/2002,New Found Glory,The Majestic Ventura Theater,,N,06/10/2002The Majestic Ventura Theater,The Fans,Historical Artist Entry,
05/10/2002,New Found Glory,The Joint at Hard Rock Hotel,,N,05/10/2002The Joint at Hard Rock Hotel,The Fans,Historical Artist Entry,
04/10/2002,New Found Glory,Cox Arena,,N,04/10/2002Cox Arena,The Fans,Historical Artist Entry,
03/10/2002,New Found Glory,Hollywood Palladium,,N,03/10/2002Hollywood Palladium,The Fans,Historical Artist Entry,
28/09/2002,New Found Glory,HiFi Buys Amphitheatre,,N,28/09/2002HiFi Buys Amphitheatre,The Fans,Historical Artist Entry,
27/09/2002,New Found Glory,"The Patio, University of Miami",,N,"27/09/2002The Patio, University of Miami",The Fans,Historical Artist Entry,
26/09/2002,New Found Glory,Late Late Show With Craig Kilborn,,N,26/09/2002Late Late Show With Craig Kilborn,The Fans,Historical Artist Entry,
18/09/2002,New Found Glory,Ranch Bowl,,N,18/09/2002Ranch Bowl,The Fans,Historical Artist Entry,
14/09/2002,New Found Glory,Blockbuster Pavilion,,N,14/09/2002Blockbuster Pavilion,The Fans,Historical Artist Entry,
11/09/2002,New Found Glory,Shepherd's Bush Empire,,N,11/09/2002Shepherd's Bush Empire,The Fans,Historical Artist Entry,
10/09/2002,New Found Glory,The Max,,N,10/09/2002The Max,The Fans,Historical Artist Entry,
08/09/2002,New Found Glory,abart,,N,08/09/2002abart,The Fans,Historical Artist Entry,
06/09/2002,New Found Glory,Rainbow Club,,N,06/09/2002Rainbow Club,The Fans,Historical Artist Entry,
05/09/2002,New Found Glory,Metropolis,,N,05/09/2002Metropolis,The Fans,Historical Artist Entry,
04/09/2002,New Found Glory,Columbia Fritz,,N,04/09/2002Columbia Fritz,The Fans,Historical Artist Entry,
03/09/2002,New Found Glory,LOGO,,N,03/09/2002LOGO,The Fans,Historical Artist Entry,
02/09/2002,New Found Glory,Prime Club,,N,02/09/2002Prime Club,The Fans,Historical Artist Entry,
01/09/2002,New Found Glory,Le Zénith,,N,01/09/2002Le Zénith,The Fans,Historical Artist Entry,
30/08/2002,New Found Glory,"Manchester Academy 2, University of Manchester Students' Union",,N,"30/08/2002Manchester Academy 2, University of Manchester Students' Union",The Fans,Historical Artist Entry,
29/08/2002,New Found Glory,The Garage,,N,29/08/2002The Garage,The Fans,Historical Artist Entry,
28/08/2002,New Found Glory,The Leadmill,,N,28/08/2002The Leadmill,The Fans,Historical Artist Entry,
25/08/2002,New Found Glory,Evenemententerrein Walibi Holland,,N,25/08/2002Evenemententerrein Walibi Holland,The Fans,Historical Artist Entry,
24/08/2002,New Found Glory,Temple Newsam,,N,24/08/2002Temple Newsam,The Fans,Historical Artist Entry,
23/08/2002,New Found Glory,Little John's Farm,,N,23/08/2002Little John's Farm,The Fans,Historical Artist Entry,
22/08/2002,New Found Glory,Domein Kiewit,,N,22/08/2002Domein Kiewit,The Fans,Historical Artist Entry,
20/08/2002,New Found Glory,Rock & Roll Hall of Fame,,N,20/08/2002Rock & Roll Hall of Fame,The Fans,Historical Artist Entry,
18/08/2002,New Found Glory,Comerica Park,,N,18/08/2002Comerica Park,The Fans,Historical Artist Entry,
17/08/2002,New Found Glory,Molson Park,,N,17/08/2002Molson Park,The Fans,Historical Artist Entry,
16/08/2002,New Found Glory,Parc Jean-Drapeau,,N,16/08/2002Parc Jean-Drapeau,The Fans,Historical Artist Entry,
15/08/2002,New Found Glory,Suffolk Downs,,N,15/08/2002Suffolk Downs,The Fans,Historical Artist Entry,
14/08/2002,New Found Glory,LaSalle Park,,N,14/08/2002LaSalle Park,The Fans,Historical Artist Entry,
13/08/2002,New Found Glory,Post-Gazette Pavilion,,N,13/08/2002Post-Gazette Pavilion,The Fans,Historical Artist Entry,
12/08/2002,New Found Glory,Total Request Live,,N,12/08/2002Total Request Live,The Fans,Historical Artist Entry,
11/08/2002,New Found Glory,Stone Pony Lot,,N,11/08/2002Stone Pony Lot,The Fans,Historical Artist Entry,
10/08/2002,New Found Glory,Randall's Island Park,,N,10/08/2002Randall's Island Park,The Fans,Historical Artist Entry,
09/08/2002,New Found Glory,Tweeter Center,,N,09/08/2002Tweeter Center,The Fans,Historical Artist Entry,
08/08/2002,New Found Glory,Nissan Pavilion,,N,08/08/2002Nissan Pavilion,The Fans,Historical Artist Entry,
07/08/2002,New Found Glory,GTE Virginia Beach Amphitheater,,N,07/08/2002GTE Virginia Beach Amphitheater,The Fans,Historical Artist Entry,
06/08/2002,New Found Glory,Verizon Wireless Amphitheatre,,N,06/08/2002Verizon Wireless Amphitheatre,The Fans,Historical Artist Entry,
05/08/2002,New Found Glory,Jax Raceways,,N,05/08/2002Jax Raceways,The Fans,Historical Artist Entry,
04/08/2002,New Found Glory,USF Sun Dome Parking Lot,,N,04/08/2002USF Sun Dome Parking Lot,The Fans,Historical Artist Entry,
03/08/2002,New Found Glory,Pompano Beach Amphitheater,,N,03/08/2002Pompano Beach Amphitheater,The Fans,Historical Artist Entry,
02/08/2002,New Found Glory,Orlando Speedworld,,N,02/08/2002Orlando Speedworld,The Fans,Historical Artist Entry,
01/08/2002,New Found Glory,HiFi Buys Amphitheatre,,N,01/08/2002HiFi Buys Amphitheatre,The Fans,Historical Artist Entry,
31/07/2002,New Found Glory,Riverbend Music Center,,N,31/07/2002Riverbend Music Center,The Fans,Historical Artist Entry,
30/07/2002,New Found Glory,PromoWest Pavilion,,N,30/07/2002PromoWest Pavilion,The Fans,Historical Artist Entry,
28/07/2002,New Found Glory,Harriet Island Regional Park,,N,28/07/2002Harriet Island Regional Park,The Fans,Historical Artist Entry,
27/07/2002,New Found Glory,Tweeter Center Chicago,,N,27/07/2002Tweeter Center Chicago,The Fans,Historical Artist Entry,
26/07/2002,New Found Glory,Tower City Amphitheater,,N,26/07/2002Tower City Amphitheater,The Fans,Historical Artist Entry,
25/07/2002,New Found Glory,Verizon Wireless Music Center,,N,25/07/2002Verizon Wireless Music Center,The Fans,Historical Artist Entry,
24/07/2002,New Found Glory,Marcus Amphitheater,,N,24/07/2002Marcus Amphitheater,The Fans,Historical Artist Entry,
23/07/2002,New Found Glory,Fargodome,,N,23/07/2002Fargodome,The Fans,Historical Artist Entry,
22/07/2002,New Found Glory,Oscar's Park,,N,22/07/2002Oscar's Park,The Fans,Historical Artist Entry,
20/07/2002,New Found Glory,The Gorge Amphitheatre,,N,20/07/2002The Gorge Amphitheatre,The Fans,Historical Artist Entry,
19/07/2002,New Found Glory,Thunderbird Stadium,,N,19/07/2002Thunderbird Stadium,The Fans,Historical Artist Entry,
18/07/2002,New Found Glory,The Warehouse Studio,,N,18/07/2002The Warehouse Studio,The Fans,Historical Artist Entry,
17/07/2002,New Found Glory,Race City Speedway,,N,17/07/2002Race City Speedway,The Fans,Historical Artist Entry,
14/07/2002,New Found Glory,Pier 30/32,,N,14/07/2002Pier 30/32,The Fans,Historical Artist Entry,
13/07/2002,New Found Glory,Pier 30/32,,N,13/07/2002Pier 30/32,The Fans,Historical Artist Entry,
12/07/2002,New Found Glory,Seaside Park,,N,12/07/2002Seaside Park,The Fans,Historical Artist Entry,
11/07/2002,New Found Glory,Los Angeles Memorial Coliseum,,N,11/07/2002Los Angeles Memorial Coliseum,The Fans,Historical Artist Entry,
10/07/2002,New Found Glory,Los Angeles Memorial Coliseum,,N,10/07/2002Los Angeles Memorial Coliseum,The Fans,Historical Artist Entry,
09/07/2002,New Found Glory,The Tonight Show with Jay Leno,,N,09/07/2002The Tonight Show with Jay Leno,The Fans,Historical Artist Entry,
07/07/2002,New Found Glory,International Agri-Center,,N,07/07/2002International Agri-Center,The Fans,Historical Artist Entry,
06/07/2002,New Found Glory,Boreal Mountain Resort,,N,06/07/2002Boreal Mountain Resort,The Fans,Historical Artist Entry,
05/07/2002,New Found Glory,Sam Boyd Stadium,,N,05/07/2002Sam Boyd Stadium,The Fans,Historical Artist Entry,
03/07/2002,New Found Glory,Coors Amphitheatre,,N,03/07/2002Coors Amphitheatre,The Fans,Historical Artist Entry,
02/07/2002,New Found Glory,Peoria Sports Complex,,N,02/07/2002Peoria Sports Complex,The Fans,Historical Artist Entry,
30/06/2002,New Found Glory,Verizon Wireless Amphitheater,,N,30/06/2002Verizon Wireless Amphitheater,The Fans,Historical Artist Entry,
29/06/2002,New Found Glory,Reliant Center,,N,29/06/2002Reliant Center,The Fans,Historical Artist Entry,
28/06/2002,New Found Glory,Smirnoff Music Centre,,N,28/06/2002Smirnoff Music Centre,The Fans,Historical Artist Entry,
27/06/2002,New Found Glory,Verizon Wireless Amphitheater,,N,27/06/2002Verizon Wireless Amphitheater,The Fans,Historical Artist Entry,
26/06/2002,New Found Glory,UMB Bank Pavilion,,N,26/06/2002UMB Bank Pavilion,The Fans,Historical Artist Entry,
25/06/2002,New Found Glory,Westfair Amphitheater,,N,25/06/2002Westfair Amphitheater,The Fans,Historical Artist Entry,
24/06/2002,New Found Glory,KTCL-FM Studios,,N,24/06/2002KTCL-FM Studios,The Fans,Historical Artist Entry,
23/06/2002,New Found Glory,Adams County Fairgrounds,,N,23/06/2002Adams County Fairgrounds,The Fans,Historical Artist Entry,
22/06/2002,New Found Glory,Utah State Fairpark,,N,22/06/2002Utah State Fairpark,The Fans,Historical Artist Entry,
21/06/2002,New Found Glory,Idaho Center Amphitheater,,N,21/06/2002Idaho Center Amphitheater,The Fans,Historical Artist Entry,
15/06/2002,New Found Glory,Verizon Wireless Amphitheatre,,N,15/06/2002Verizon Wireless Amphitheatre,The Fans,Historical Artist Entry,
14/06/2002,New Found Glory,Shoreline Amphitheatre,,N,14/06/2002Shoreline Amphitheatre,The Fans,Historical Artist Entry,
13/06/2002,New Found Glory,Best Buy,,N,13/06/2002Best Buy,The Fans,Historical Artist Entry,
11/06/2002,New Found Glory,Tower Records,,N,11/06/2002Tower Records,The Fans,Historical Artist Entry,
11/06/2002,New Found Glory,Late Night With Conan O'Brien,,N,11/06/2002Late Night With Conan O'Brien,The Fans,Historical Artist Entry,
10/06/2002,New Found Glory,CBGB,,N,10/06/2002CBGB,The Fans,Historical Artist Entry,
09/06/2002,New Found Glory,CMGI Field,,N,09/06/2002CMGI Field,The Fans,Historical Artist Entry,
08/06/2002,New Found Glory,Tommy Hilfiger at Jones Beach Theater,,N,08/06/2002Tommy Hilfiger at Jones Beach Theater,The Fans,Historical Artist Entry,
05/06/2002,New Found Glory,The Opera House,,N,05/06/2002The Opera House,The Fans,Historical Artist Entry,
03/06/2002,New Found Glory,Café Campus,,N,03/06/2002Café Campus,The Fans,Historical Artist Entry,
30/05/2002,New Found Glory,AOL Sessions,,N,30/05/2002AOL Sessions,The Fans,Historical Artist Entry,
26/05/2002,New Found Glory,Robert F. Kennedy Memorial Stadium,,N,26/05/2002Robert F. Kennedy Memorial Stadium,The Fans,Historical Artist Entry,
25/05/2002,New Found Glory,Robert F. Kennedy Memorial Stadium,,N,25/05/2002Robert F. Kennedy Memorial Stadium,The Fans,Historical Artist Entry,
23/05/2002,New Found Glory,Station Park,,N,23/05/2002Station Park,The Fans,Historical Artist Entry,
21/05/2002,New Found Glory,The Garage,,N,21/05/2002The Garage,The Fans,Historical Artist Entry,
19/05/2002,New Found Glory,Frankenstadion,,N,19/05/2002Frankenstadion,The Fans,Historical Artist Entry,
18/05/2002,New Found Glory,Frankenstadion,,N,18/05/2002Frankenstadion,The Fans,Historical Artist Entry,
18/05/2002,New Found Glory,Nürburgring,,N,18/05/2002Nürburgring,The Fans,Historical Artist Entry,
16/05/2002,New Found Glory,Oude Zaal,,N,16/05/2002Oude Zaal,The Fans,Historical Artist Entry,
15/05/2002,New Found Glory,Le Trabendo,,N,15/05/2002Le Trabendo,The Fans,Historical Artist Entry,
14/05/2002,New Found Glory,LOGO,,N,14/05/2002LOGO,The Fans,Historical Artist Entry,
13/05/2002,New Found Glory,Prime Club,,N,13/05/2002Prime Club,The Fans,Historical Artist Entry,
12/05/2002,New Found Glory,Knaack,,N,12/05/2002Knaack,The Fans,Historical Artist Entry,
11/05/2002,New Found Glory,Metropolis,,N,11/05/2002Metropolis,The Fans,Historical Artist Entry,
09/05/2002,New Found Glory,Southampton Guildhall,,N,09/05/2002Southampton Guildhall,The Fans,Historical Artist Entry,
08/05/2002,New Found Glory,"The LCR, UEA",,N,"08/05/2002The LCR, UEA",The Fans,Historical Artist Entry,
07/05/2002,New Found Glory,University of Leicester,,N,07/05/2002University of Leicester,The Fans,Historical Artist Entry,
05/05/2002,New Found Glory,Barrowland,,N,05/05/2002Barrowland,The Fans,Historical Artist Entry,
04/05/2002,New Found Glory,Royal Court Theatre,,N,04/05/2002Royal Court Theatre,The Fans,Historical Artist Entry,
03/05/2002,New Found Glory,Octagon Centre,,N,03/05/2002Octagon Centre,The Fans,Historical Artist Entry,
02/05/2002,New Found Glory,The Forum,,N,02/05/2002The Forum,The Fans,Historical Artist Entry,
01/05/2002,New Found Glory,Carling Academy Bristol,,N,01/05/2002Carling Academy Bristol,The Fans,Historical Artist Entry,
20/04/2002,New Found Glory,The Theatre of Living Arts,,N,20/04/2002The Theatre of Living Arts,The Fans,Historical Artist Entry,
19/04/2002,New Found Glory,Convention Hall,,N,19/04/2002Convention Hall,The Fans,Historical Artist Entry,
18/04/2002,New Found Glory,9:30 Club,,N,18/04/20029:30 Club,The Fans,Historical Artist Entry,
14/04/2002,New Found Glory,Sierra-at-Tahoe Resort,,N,14/04/2002Sierra-at-Tahoe Resort,The Fans,Historical Artist Entry,
07/04/2002,New Found Glory,Dee Why Beach,,N,07/04/2002Dee Why Beach,The Fans,Historical Artist Entry,
06/04/2002,New Found Glory,Flemington Racecourse,,N,06/04/2002Flemington Racecourse,The Fans,Historical Artist Entry,
05/04/2002,New Found Glory,Memorial Drive Park,,N,05/04/2002Memorial Drive Park,The Fans,Historical Artist Entry,
03/04/2002,New Found Glory,Mornington Racecourse,,N,03/04/2002Mornington Racecourse,The Fans,Historical Artist Entry,
01/04/2002,New Found Glory,Milton Showground,,N,01/04/2002Milton Showground,The Fans,Historical Artist Entry,
30/03/2002,New Found Glory,Coffs Harbour Showground,,N,30/03/2002Coffs Harbour Showground,The Fans,Historical Artist Entry,
29/03/2002,New Found Glory,Gold Coast Parklands,,N,29/03/2002Gold Coast Parklands,The Fans,Historical Artist Entry,
20/12/2001,New Found Glory,London Astoria,,N,20/12/2001London Astoria,The Fans,Historical Artist Entry,
19/12/2001,New Found Glory,Electric Ballroom,,N,19/12/2001Electric Ballroom,The Fans,Historical Artist Entry,
18/12/2001,New Found Glory,Wedgewood Rooms,,N,18/12/2001Wedgewood Rooms,The Fans,Historical Artist Entry,
17/12/2001,New Found Glory,Rock City,,N,17/12/2001Rock City,The Fans,Historical Artist Entry,
16/12/2001,New Found Glory,Birmingham Academy,,N,16/12/2001Birmingham Academy,The Fans,Historical Artist Entry,
14/12/2001,New Found Glory,The Garage,,N,14/12/2001The Garage,The Fans,Historical Artist Entry,
13/12/2001,New Found Glory,Manchester Academy 1,,N,13/12/2001Manchester Academy 1,The Fans,Historical Artist Entry,
12/12/2001,New Found Glory,Newcastle University,,N,12/12/2001Newcastle University,The Fans,Historical Artist Entry,
11/12/2001,New Found Glory,Leeds Metropolitan University,,N,11/12/2001Leeds Metropolitan University,The Fans,Historical Artist Entry,
02/12/2001,New Found Glory,Coachman Park,,N,02/12/2001Coachman Park,The Fans,Historical Artist Entry,
01/12/2001,New Found Glory,Mars Music Amphitheatre,,N,01/12/2001Mars Music Amphitheatre,The Fans,Historical Artist Entry,
24/11/2001,New Found Glory,World Cafe,,N,24/11/2001World Cafe,The Fans,Historical Artist Entry,
20/11/2001,New Found Glory,House of Blues,,N,20/11/2001House of Blues,The Fans,Historical Artist Entry,
19/11/2001,New Found Glory,Club Rio,,N,19/11/2001Club Rio,The Fans,Historical Artist Entry,
18/11/2001,New Found Glory,Canes Bar & Grill,,N,18/11/2001Canes Bar & Grill,The Fans,Historical Artist Entry,
17/11/2001,New Found Glory,Canes Bar & Grill,,N,17/11/2001Canes Bar & Grill,The Fans,Historical Artist Entry,
16/11/2001,New Found Glory,Hollywood Palladium,,N,16/11/2001Hollywood Palladium,The Fans,Historical Artist Entry,
15/11/2001,New Found Glory,The Majestic Ventura Theater,,N,15/11/2001The Majestic Ventura Theater,The Fans,Historical Artist Entry,
14/11/2001,New Found Glory,Maritime Hall,,N,14/11/2001Maritime Hall,The Fans,Historical Artist Entry,
12/11/2001,New Found Glory,Roseland Theater,,N,12/11/2001Roseland Theater,The Fans,Historical Artist Entry,
11/11/2001,New Found Glory,Graceland,,N,11/11/2001Graceland,The Fans,Historical Artist Entry,
10/11/2001,New Found Glory,Graceland,,N,10/11/2001Graceland,The Fans,Historical Artist Entry,
08/11/2001,New Found Glory,Gothic Theatre,,N,08/11/2001Gothic Theatre,The Fans,Historical Artist Entry,
06/11/2001,New Found Glory,The Quest,,N,06/11/2001The Quest,The Fans,Historical Artist Entry,
05/11/2001,New Found Glory,The Rave,,N,05/11/2001The Rave,The Fans,Historical Artist Entry,
04/11/2001,New Found Glory,Bogart's,,N,04/11/2001Bogart's,The Fans,Historical Artist Entry,
03/11/2001,New Found Glory,Agora,,N,03/11/2001Agora,The Fans,Historical Artist Entry,
01/11/2001,New Found Glory,State Theatre,,N,01/11/2001State Theatre,The Fans,Historical Artist Entry,
31/10/2001,New Found Glory,Water Street Music Hall,,N,31/10/2001Water Street Music Hall,The Fans,Historical Artist Entry,
30/10/2001,New Found Glory,The Palladium,,N,30/10/2001The Palladium,The Fans,Historical Artist Entry,
28/10/2001,New Found Glory,Roseland Ballroom,,N,28/10/2001Roseland Ballroom,The Fans,Historical Artist Entry,
27/10/2001,New Found Glory,Electric Factory,,N,27/10/2001Electric Factory,The Fans,Historical Artist Entry,
26/10/2001,New Found Glory,The Boathouse,,N,26/10/2001The Boathouse,The Fans,Historical Artist Entry,
25/10/2001,New Found Glory,Cat's Cradle,,N,25/10/2001Cat's Cradle,The Fans,Historical Artist Entry,
24/10/2001,New Found Glory,Edge 2000,,N,24/10/2001Edge 2000,The Fans,Historical Artist Entry,
23/10/2001,New Found Glory,House of Blues,,N,23/10/2001House of Blues,The Fans,Historical Artist Entry,
22/10/2001,New Found Glory,Orbit,,N,22/10/2001Orbit,The Fans,Historical Artist Entry,
16/10/2001,New Found Glory,Oude Zaal,,N,16/10/2001Oude Zaal,The Fans,Historical Artist Entry,
15/10/2001,New Found Glory,La Boule Noire,,N,15/10/2001La Boule Noire,The Fans,Historical Artist Entry,
14/10/2001,New Found Glory,Remise,,N,14/10/2001Remise,The Fans,Historical Artist Entry,
13/10/2001,New Found Glory,Binario Zero,,N,13/10/2001Binario Zero,The Fans,Historical Artist Entry,
12/10/2001,New Found Glory,Metropolis,,N,12/10/2001Metropolis,The Fans,Historical Artist Entry,
10/10/2001,New Found Glory,Zeche Carl,,N,10/10/2001Zeche Carl,The Fans,Historical Artist Entry,
09/10/2001,New Found Glory,LOGO,,N,09/10/2001LOGO,The Fans,Historical Artist Entry,
08/10/2001,New Found Glory,Columbia Fritz,,N,08/10/2001Columbia Fritz,The Fans,Historical Artist Entry,
06/10/2001,New Found Glory,Rock City,,N,06/10/2001Rock City,The Fans,Historical Artist Entry,
05/10/2001,New Found Glory,London Astoria,,N,05/10/2001London Astoria,The Fans,Historical Artist Entry,
04/10/2001,New Found Glory,Wedgewood Rooms,,N,04/10/2001Wedgewood Rooms,The Fans,Historical Artist Entry,
03/10/2001,New Found Glory,Birmingham Academy 2,,N,03/10/2001Birmingham Academy 2,The Fans,Historical Artist Entry,
01/10/2001,New Found Glory,The Cockpit,,N,01/10/2001The Cockpit,The Fans,Historical Artist Entry,
30/09/2001,New Found Glory,Manchester University,,N,30/09/2001Manchester University,The Fans,Historical Artist Entry,
29/09/2001,New Found Glory,Newcastle University,,N,29/09/2001Newcastle University,The Fans,Historical Artist Entry,
28/09/2001,New Found Glory,The Garage,,N,28/09/2001The Garage,The Fans,Historical Artist Entry,
26/09/2001,New Found Glory,Electric Ballroom,,N,26/09/2001Electric Ballroom,The Fans,Historical Artist Entry,
21/09/2001,New Found Glory,Coors Amphitheatre,,N,21/09/2001Coors Amphitheatre,The Fans,Historical Artist Entry,
20/09/2001,New Found Glory,Arizona Veterans Memorial Coliseum,,N,20/09/2001Arizona Veterans Memorial Coliseum,The Fans,Historical Artist Entry,
19/09/2001,New Found Glory,Long Beach Arena,,N,19/09/2001Long Beach Arena,The Fans,Historical Artist Entry,
17/09/2001,New Found Glory,Jim Norick Arena,,N,17/09/2001Jim Norick Arena,The Fans,Historical Artist Entry,
16/09/2001,New Found Glory,Arrowhead Pond of Anaheim,,N,16/09/2001Arrowhead Pond of Anaheim,The Fans,Historical Artist Entry,
11/09/2001,New Found Glory,Skrappy's,,N,11/09/2001Skrappy's,The Fans,Historical Artist Entry,
09/09/2001,New Found Glory,Shoreline Amphitheatre,,N,09/09/2001Shoreline Amphitheatre,The Fans,Historical Artist Entry,
08/09/2001,New Found Glory,Sacramento Valley Amphitheater,,N,08/09/2001Sacramento Valley Amphitheater,The Fans,Historical Artist Entry,
03/09/2001,New Found Glory,ctnow.com Meadows Music Theatre,,N,03/09/2001ctnow.com Meadows Music Theatre,The Fans,Historical Artist Entry,
02/09/2001,New Found Glory,State Fair Grandstand,,N,02/09/2001State Fair Grandstand,The Fans,Historical Artist Entry,
01/09/2001,New Found Glory,Allentown Fairgrounds,,N,01/09/2001Allentown Fairgrounds,The Fans,Historical Artist Entry,
31/08/2001,New Found Glory,Champlain Valley Fairgrounds and Exposition Center,,N,31/08/2001Champlain Valley Fairgrounds and Exposition Center,The Fans,Historical Artist Entry,
30/08/2001,New Found Glory,Northern Lights,,N,30/08/2001Northern Lights,The Fans,Historical Artist Entry,
29/08/2001,New Found Glory,Parc Jean-Drapeau,,N,29/08/2001Parc Jean-Drapeau,The Fans,Historical Artist Entry,
28/08/2001,New Found Glory,Colisée Pepsi,,N,28/08/2001Colisée Pepsi,The Fans,Historical Artist Entry,
26/08/2001,New Found Glory,Ottawa Civic Centre,,N,26/08/2001Ottawa Civic Centre,The Fans,Historical Artist Entry,
25/08/2001,New Found Glory,Molson Amphitheatre,,N,25/08/2001Molson Amphitheatre,The Fans,Historical Artist Entry,
22/08/2001,New Found Glory,TELUS Field,,N,22/08/2001TELUS Field,The Fans,Historical Artist Entry,
21/08/2001,New Found Glory,Pengrowth Saddledome,,N,21/08/2001Pengrowth Saddledome,The Fans,Historical Artist Entry,
18/08/2001,New Found Glory,Thunderbird Stadium,,N,18/08/2001Thunderbird Stadium,The Fans,Historical Artist Entry,
17/08/2001,New Found Glory,The Gorge Amphitheatre,,N,17/08/2001The Gorge Amphitheatre,The Fans,Historical Artist Entry,
16/08/2001,New Found Glory,WOW Hall,,N,16/08/2001WOW Hall,The Fans,Historical Artist Entry,
15/08/2001,New Found Glory,Portland Memorial Coliseum,,N,15/08/2001Portland Memorial Coliseum,The Fans,Historical Artist Entry,
14/08/2001,New Found Glory,Idaho Center Amphitheater,,N,14/08/2001Idaho Center Amphitheater,The Fans,Historical Artist Entry,
13/08/2001,New Found Glory,E Center,,N,13/08/2001E Center,The Fans,Historical Artist Entry,
11/08/2001,New Found Glory,Fiddler's Green Amphitheatre,,N,11/08/2001Fiddler's Green Amphitheatre,The Fans,Historical Artist Entry,
11/08/2001,New Found Glory,KTCL-FM Studios,,N,11/08/2001KTCL-FM Studios,The Fans,Historical Artist Entry,
09/08/2001,New Found Glory,Verizon Wireless Amphitheater,,N,09/08/2001Verizon Wireless Amphitheater,The Fans,Historical Artist Entry,
08/08/2001,New Found Glory,Cynthia Woods Mitchell Pavilion,,N,08/08/2001Cynthia Woods Mitchell Pavilion,The Fans,Historical Artist Entry,
07/08/2001,New Found Glory,Smirnoff Music Centre,,N,07/08/2001Smirnoff Music Centre,The Fans,Historical Artist Entry,
05/08/2001,New Found Glory,AmSouth Amphitheater,,N,05/08/2001AmSouth Amphitheater,The Fans,Historical Artist Entry,
04/08/2001,New Found Glory,Sloss Furnaces,,N,04/08/2001Sloss Furnaces,The Fans,Historical Artist Entry,
03/08/2001,New Found Glory,Ice Palace,,N,03/08/2001Ice Palace,The Fans,Historical Artist Entry,
02/08/2001,New Found Glory,Mars Music Amphitheatre,,N,02/08/2001Mars Music Amphitheatre,The Fans,Historical Artist Entry,
01/08/2001,New Found Glory,House of Blues,,N,01/08/2001House of Blues,The Fans,Historical Artist Entry,
31/07/2001,New Found Glory,Alltel Pavilion at Walnut Creek,,N,31/07/2001Alltel Pavilion at Walnut Creek,The Fans,Historical Artist Entry,
29/07/2001,New Found Glory,Coors Light Amphitheatre at Montage Mountain,,N,29/07/2001Coors Light Amphitheatre at Montage Mountain,The Fans,Historical Artist Entry,
28/07/2001,New Found Glory,Suffolk Downs,,N,28/07/2001Suffolk Downs,The Fans,Historical Artist Entry,
27/07/2001,New Found Glory,Tweeter Center,,N,27/07/2001Tweeter Center,The Fans,Historical Artist Entry,
26/07/2001,New Found Glory,PNC Bank Arts Center,,N,26/07/2001PNC Bank Arts Center,The Fans,Historical Artist Entry,
24/07/2001,New Found Glory,Merriweather Post Pavilion,,N,24/07/2001Merriweather Post Pavilion,The Fans,Historical Artist Entry,
23/07/2001,New Found Glory,Darien Lake Performing Arts Center,,N,23/07/2001Darien Lake Performing Arts Center,The Fans,Historical Artist Entry,
22/07/2001,New Found Glory,Jones Beach Theater,,N,22/07/2001Jones Beach Theater,The Fans,Historical Artist Entry,
21/07/2001,New Found Glory,Jones Beach Theater,,N,21/07/2001Jones Beach Theater,The Fans,Historical Artist Entry,
20/07/2001,New Found Glory,The Chameleon Club,,N,20/07/2001The Chameleon Club,The Fans,Historical Artist Entry,
19/07/2001,New Found Glory,DTE Energy Music Theatre,,N,19/07/2001DTE Energy Music Theatre,The Fans,Historical Artist Entry,
18/07/2001,New Found Glory,DTE Energy Music Theatre,,N,18/07/2001DTE Energy Music Theatre,The Fans,Historical Artist Entry,
17/07/2001,New Found Glory,Post-Gazette Pavilion,,N,17/07/2001Post-Gazette Pavilion,The Fans,Historical Artist Entry,
15/07/2001,New Found Glory,Riverport Amphitheatre,,N,15/07/2001Riverport Amphitheatre,The Fans,Historical Artist Entry,
14/07/2001,New Found Glory,Float-Rite Park Amphitheatre,,N,14/07/2001Float-Rite Park Amphitheatre,The Fans,Historical Artist Entry,
13/07/2001,New Found Glory,Sandstone Amphitheater,,N,13/07/2001Sandstone Amphitheater,The Fans,Historical Artist Entry,
11/07/2001,New Found Glory,Blossom Music Center,,N,11/07/2001Blossom Music Center,The Fans,Historical Artist Entry,
10/07/2001,New Found Glory,Polaris Amphitheater,,N,10/07/2001Polaris Amphitheater,The Fans,Historical Artist Entry,
09/07/2001,New Found Glory,Riverbend Music Center,,N,09/07/2001Riverbend Music Center,The Fans,Historical Artist Entry,
07/07/2001,New Found Glory,Tweeter Center Chicago,,N,07/07/2001Tweeter Center Chicago,The Fans,Historical Artist Entry,
06/07/2001,New Found Glory,Verizon Wireless Music Center,,N,06/07/2001Verizon Wireless Music Center,The Fans,Historical Artist Entry,
05/07/2001,New Found Glory,Marcus Amphitheater,,N,05/07/2001Marcus Amphitheater,The Fans,Historical Artist Entry,
04/07/2001,New Found Glory,The MARK of the Quad Cities,,N,04/07/2001The MARK of the Quad Cities,The Fans,Historical Artist Entry,
03/07/2001,New Found Glory,The Gorge Amphitheatre,,N,03/07/2001The Gorge Amphitheatre,The Fans,Historical Artist Entry,
02/07/2001,New Found Glory,Idaho Center Amphitheater,,N,02/07/2001Idaho Center Amphitheater,The Fans,Historical Artist Entry,
01/07/2001,New Found Glory,Boreal Mountain Resort,,N,01/07/2001Boreal Mountain Resort,The Fans,Historical Artist Entry,
30/06/2001,New Found Glory,Pier 30/32,,N,30/06/2001Pier 30/32,The Fans,Historical Artist Entry,
29/06/2001,New Found Glory,Los Angeles Memorial Coliseum,,N,29/06/2001Los Angeles Memorial Coliseum,The Fans,Historical Artist Entry,
28/06/2001,New Found Glory,Seaside Park,,N,28/06/2001Seaside Park,The Fans,Historical Artist Entry,
27/06/2001,New Found Glory,Coors Amphitheatre,,N,27/06/2001Coors Amphitheatre,The Fans,Historical Artist Entry,
24/06/2001,New Found Glory,Fresno State University Amphitheater,,N,24/06/2001Fresno State University Amphitheater,The Fans,Historical Artist Entry,
23/06/2001,New Found Glory,Verizon Wireless Amphitheatre,,N,23/06/2001Verizon Wireless Amphitheatre,The Fans,Historical Artist Entry,
22/06/2001,New Found Glory,Peoria Sports Complex,,N,22/06/2001Peoria Sports Complex,The Fans,Historical Artist Entry,
17/06/2001,New Found Glory,Tucson Electric Park,,N,17/06/2001Tucson Electric Park,The Fans,Historical Artist Entry,
15/06/2001,New Found Glory,Shoreline Amphitheatre,,N,15/06/2001Shoreline Amphitheatre,The Fans,Historical Artist Entry,
02/06/2001,New Found Glory,3200 N. Sheffield Avenue,,N,02/06/20013200 N. Sheffield Avenue,The Fans,Historical Artist Entry,
27/05/2001,New Found Glory,Robert F. Kennedy Memorial Stadium,,N,27/05/2001Robert F. Kennedy Memorial Stadium,The Fans,Historical Artist Entry,
27/05/2001,New Found Glory,Robert F. Kennedy Memorial Stadium,,N,27/05/2001Robert F. Kennedy Memorial Stadium,The Fans,Historical Artist Entry,
26/05/2001,New Found Glory,Foxboro Stadium,,N,26/05/2001Foxboro Stadium,The Fans,Historical Artist Entry,
24/05/2001,New Found Glory,Rainbow,,N,24/05/2001Rainbow,The Fans,Historical Artist Entry,
21/05/2001,New Found Glory,Maida Vale Studios,,N,21/05/2001Maida Vale Studios,The Fans,Historical Artist Entry,
21/05/2001,New Found Glory,The Borderline,,N,21/05/2001The Borderline,The Fans,Historical Artist Entry,
20/05/2001,New Found Glory,The Foundry,,N,20/05/2001The Foundry,The Fans,Historical Artist Entry,
19/05/2001,New Found Glory,The Cathouse,,N,19/05/2001The Cathouse,The Fans,Historical Artist Entry,
19/05/2001,New Found Glory,The Garage,,N,19/05/2001The Garage,The Fans,Historical Artist Entry,
18/05/2001,New Found Glory,Roadhouse,,N,18/05/2001Roadhouse,The Fans,Historical Artist Entry,
17/05/2001,New Found Glory,Basement,,N,17/05/2001Basement,The Fans,Historical Artist Entry,
16/05/2001,New Found Glory,The Cockpit,,N,16/05/2001The Cockpit,The Fans,Historical Artist Entry,
12/05/2001,New Found Glory,Sam Boyd Stadium,,N,12/05/2001Sam Boyd Stadium,The Fans,Historical Artist Entry,
11/05/2001,New Found Glory,Sapphire Supper Club,,N,11/05/2001Sapphire Supper Club,The Fans,Historical Artist Entry,
05/05/2001,New Found Glory,102.1 KFMA Studio,,N,05/05/2001102.1 KFMA Studio,The Fans,Historical Artist Entry,
29/04/2001,New Found Glory,Hammond Stadium,,N,29/04/2001Hammond Stadium,The Fans,Historical Artist Entry,
27/04/2001,New Found Glory,Bayfront Park Amphitheater,,N,27/04/2001Bayfront Park Amphitheater,The Fans,Historical Artist Entry,
26/04/2001,New Found Glory,Metro,,N,26/04/2001Metro,The Fans,Historical Artist Entry,
25/04/2001,New Found Glory,Majestic Theatre,,N,25/04/2001Majestic Theatre,The Fans,Historical Artist Entry,
24/04/2001,New Found Glory,Reverb,,N,24/04/2001Reverb,The Fans,Historical Artist Entry,
22/04/2001,New Found Glory,University of Massachusetts Amherst,,N,22/04/2001University of Massachusetts Amherst,The Fans,Historical Artist Entry,
21/04/2001,New Found Glory,Valentine's Music Hall,,N,21/04/2001Valentine's Music Hall,The Fans,Historical Artist Entry,
20/04/2001,New Found Glory,The Palladium,,N,20/04/2001The Palladium,The Fans,Historical Artist Entry,
19/04/2001,New Found Glory,Tink's Entertainment Complex,,N,19/04/2001Tink's Entertainment Complex,The Fans,Historical Artist Entry,
18/04/2001,New Found Glory,Crowbar,,N,18/04/2001Crowbar,The Fans,Historical Artist Entry,
17/04/2001,New Found Glory,Bowery Ballroom,,N,17/04/2001Bowery Ballroom,The Fans,Historical Artist Entry,
17/04/2001,New Found Glory,Late Night With Conan O'Brien,,N,17/04/2001Late Night With Conan O'Brien,The Fans,Historical Artist Entry,
16/04/2001,New Found Glory,Irving Plaza,,N,16/04/2001Irving Plaza,The Fans,Historical Artist Entry,
14/04/2001,New Found Glory,Convention Hall,,N,14/04/2001Convention Hall,The Fans,Historical Artist Entry,
13/04/2001,New Found Glory,Rutgers University-Camden,,N,13/04/2001Rutgers University-Camden,The Fans,Historical Artist Entry,
11/04/2001,New Found Glory,Six Flags Marine World,,N,11/04/2001Six Flags Marine World,The Fans,Historical Artist Entry,
24/03/2001,New Found Glory,KNDD Studios,,N,24/03/2001KNDD Studios,The Fans,Historical Artist Entry,
17/03/2001,New Found Glory,Santa Anita Park,,N,17/03/2001Santa Anita Park,The Fans,Historical Artist Entry,
15/03/2001,New Found Glory,House of Blues,,N,15/03/2001House of Blues,The Fans,Historical Artist Entry,
14/03/2001,New Found Glory,Aerial Theater at Bayou Place,,N,14/03/2001Aerial Theater at Bayou Place,The Fans,Historical Artist Entry,
13/03/2001,New Found Glory,Bronco Bowl,,N,13/03/2001Bronco Bowl,The Fans,Historical Artist Entry,
11/03/2001,New Found Glory,Web Theatre,,N,11/03/2001Web Theatre,The Fans,Historical Artist Entry,
10/03/2001,New Found Glory,The Joint at Hard Rock Hotel,,N,10/03/2001The Joint at Hard Rock Hotel,The Fans,Historical Artist Entry,
09/03/2001,New Found Glory,The Palace,,N,09/03/2001The Palace,The Fans,Historical Artist Entry,
08/03/2001,New Found Glory,The Glass House,,N,08/03/2001The Glass House,The Fans,Historical Artist Entry,
07/03/2001,New Found Glory,The Palace,,N,07/03/2001The Palace,The Fans,Historical Artist Entry,
06/03/2001,New Found Glory,Maritime Hall,,N,06/03/2001Maritime Hall,The Fans,Historical Artist Entry,
06/03/2001,New Found Glory,,,N,06/03/2001,The Fans,Historical Artist Entry,
04/03/2001,New Found Glory,DV8,,N,04/03/2001DV8,The Fans,Historical Artist Entry,
03/03/2001,New Found Glory,Pine Street Theatre,,N,03/03/2001Pine Street Theatre,The Fans,Historical Artist Entry,
01/03/2001,New Found Glory,Utah State Fairpark,,N,01/03/2001Utah State Fairpark,The Fans,Historical Artist Entry,
28/02/2001,New Found Glory,Colorado Music Hall,,N,28/02/2001Colorado Music Hall,The Fans,Historical Artist Entry,
27/02/2001,New Found Glory,Paramount Theatre,,N,27/02/2001Paramount Theatre,The Fans,Historical Artist Entry,
26/02/2001,New Found Glory,The Union Bar,,N,26/02/2001The Union Bar,The Fans,Historical Artist Entry,
25/02/2001,New Found Glory,The Quest,,N,25/02/2001The Quest,The Fans,Historical Artist Entry,
24/02/2001,New Found Glory,Eagles Ballroom,,N,24/02/2001Eagles Ballroom,The Fans,Historical Artist Entry,
23/02/2001,New Found Glory,The Pageant,,N,23/02/2001The Pageant,The Fans,Historical Artist Entry,
22/02/2001,New Found Glory,Bogart's,,N,22/02/2001Bogart's,The Fans,Historical Artist Entry,
21/02/2001,New Found Glory,Club Laga,,N,21/02/2001Club Laga,The Fans,Historical Artist Entry,
20/02/2001,New Found Glory,Roseland Ballroom,,N,20/02/2001Roseland Ballroom,The Fans,Historical Artist Entry,
19/02/2001,New Found Glory,Electric Factory,,N,19/02/2001Electric Factory,The Fans,Historical Artist Entry,
18/02/2001,New Found Glory,Trax,,N,18/02/2001Trax,The Fans,Historical Artist Entry,
17/02/2001,New Found Glory,Nation,,N,17/02/2001Nation,The Fans,Historical Artist Entry,
16/02/2001,New Found Glory,The Boathouse,,N,16/02/2001The Boathouse,The Fans,Historical Artist Entry,
15/02/2001,New Found Glory,Heaven,,N,15/02/2001Heaven,The Fans,Historical Artist Entry,
31/01/2001,New Found Glory,9:30 Club,,N,31/01/20019:30 Club,The Fans,Historical Artist Entry,
19/01/2001,New Found Glory,North Community Park,,N,19/01/2001North Community Park,The Fans,Historical Artist Entry,
31/12/2000,New Found Glory,Cox Arena,,N,31/12/2000Cox Arena,The Fans,Historical Artist Entry,
23/12/2000,New Found Glory,The Chili Pepper in Coconut Grove,,N,23/12/2000The Chili Pepper in Coconut Grove,The Fans,Historical Artist Entry,
17/12/2000,New Found Glory,Fleischmann Park Community Center,,N,17/12/2000Fleischmann Park Community Center,The Fans,Historical Artist Entry,
16/12/2000,New Found Glory,State Theatre,,N,16/12/2000State Theatre,The Fans,Historical Artist Entry,
15/12/2000,New Found Glory,YMCA Camp McConnell,,N,15/12/2000YMCA Camp McConnell,The Fans,Historical Artist Entry,
14/12/2000,New Found Glory,Cat's Cradle,,N,14/12/2000Cat's Cradle,The Fans,Historical Artist Entry,
13/12/2000,New Found Glory,The Upstage,,N,13/12/2000The Upstage,The Fans,Historical Artist Entry,
12/12/2000,New Found Glory,Upstairs,,N,12/12/2000Upstairs,The Fans,Historical Artist Entry,
11/12/2000,New Found Glory,Micals Catering Hall,,N,11/12/2000Micals Catering Hall,The Fans,Historical Artist Entry,
10/12/2000,New Found Glory,Micals Catering Hall,,N,10/12/2000Micals Catering Hall,The Fans,Historical Artist Entry,
09/12/2000,New Found Glory,Club Bene,,N,09/12/2000Club Bene,The Fans,Historical Artist Entry,
08/12/2000,New Found Glory,St. Andrew's Episcopal Church,,N,08/12/2000St. Andrew's Episcopal Church,The Fans,Historical Artist Entry,
07/12/2000,New Found Glory,Twisters,,N,07/12/2000Twisters,The Fans,Historical Artist Entry,
06/12/2000,New Found Glory,New Brookland Tavern,,N,06/12/2000New Brookland Tavern,The Fans,Historical Artist Entry,
04/12/2000,New Found Glory,513 Club,,N,04/12/2000513 Club,The Fans,Historical Artist Entry,
02/12/2000,New Found Glory,The Oven,,N,02/12/2000The Oven,The Fans,Historical Artist Entry,
01/12/2000,New Found Glory,Emo's,,N,01/12/2000Emo's,The Fans,Historical Artist Entry,
30/11/2000,New Found Glory,The Door,,N,30/11/2000The Door,The Fans,Historical Artist Entry,
28/11/2000,New Found Glory,Nile Theater,,N,28/11/2000Nile Theater,The Fans,Historical Artist Entry,
27/11/2000,New Found Glory,Troubadour,,N,27/11/2000Troubadour,The Fans,Historical Artist Entry,
25/11/2000,New Found Glory,House of Blues,,N,25/11/2000House of Blues,The Fans,Historical Artist Entry,
24/11/2000,New Found Glory,Canes Bar & Grill,,N,24/11/2000Canes Bar & Grill,The Fans,Historical Artist Entry,
22/11/2000,New Found Glory,Slim's,,N,22/11/2000Slim's,The Fans,Historical Artist Entry,
21/11/2000,New Found Glory,Crest Theatre,,N,21/11/2000Crest Theatre,The Fans,Historical Artist Entry,
19/11/2000,New Found Glory,Silva Concert Hall,,N,19/11/2000Silva Concert Hall,The Fans,Historical Artist Entry,
18/11/2000,New Found Glory,Graceland,,N,18/11/2000Graceland,The Fans,Historical Artist Entry,
17/11/2000,New Found Glory,Croatian Cultural Centre,,N,17/11/2000Croatian Cultural Centre,The Fans,Historical Artist Entry,
15/11/2000,New Found Glory,Roseland Theater,,N,15/11/2000Roseland Theater,The Fans,Historical Artist Entry,
14/11/2000,New Found Glory,Sixth & Main,,N,14/11/2000Sixth & Main,The Fans,Historical Artist Entry,
13/11/2000,New Found Glory,DV8,,N,13/11/2000DV8,The Fans,Historical Artist Entry,
11/11/2000,New Found Glory,Gothic Theatre,,N,11/11/2000Gothic Theatre,The Fans,Historical Artist Entry,
10/11/2000,New Found Glory,Ranch Bowl,,N,10/11/2000Ranch Bowl,The Fans,Historical Artist Entry,
09/11/2000,New Found Glory,The Bottleneck,,N,09/11/2000The Bottleneck,The Fans,Historical Artist Entry,
08/11/2000,New Found Glory,The Blue Note,,N,08/11/2000The Blue Note,The Fans,Historical Artist Entry,
07/11/2000,New Found Glory,Firehouse,,N,07/11/2000Firehouse,The Fans,Historical Artist Entry,
05/11/2000,New Found Glory,Barrymore Theatre,,N,05/11/2000Barrymore Theatre,The Fans,Historical Artist Entry,
04/11/2000,New Found Glory,The Rave,,N,04/11/2000The Rave,The Fans,Historical Artist Entry,
03/11/2000,New Found Glory,The Quest,,N,03/11/2000The Quest,The Fans,Historical Artist Entry,
02/11/2000,New Found Glory,Concert Cafe,,N,02/11/2000Concert Cafe,The Fans,Historical Artist Entry,
01/11/2000,New Found Glory,Klub Phenomenon,,N,01/11/2000Klub Phenomenon,The Fans,Historical Artist Entry,
31/10/2000,New Found Glory,House of Blues,,N,31/10/2000House of Blues,The Fans,Historical Artist Entry,
29/10/2000,New Found Glory,The Intersection,,N,29/10/2000The Intersection,The Fans,Historical Artist Entry,
28/10/2000,New Found Glory,Clutch Cargo's,,N,28/10/2000Clutch Cargo's,The Fans,Historical Artist Entry,
27/10/2000,New Found Glory,Bogart's,,N,27/10/2000Bogart's,The Fans,Historical Artist Entry,
26/10/2000,New Found Glory,Newport Music Hall,,N,26/10/2000Newport Music Hall,The Fans,Historical Artist Entry,
25/10/2000,New Found Glory,The Odeon,,N,25/10/2000The Odeon,The Fans,Historical Artist Entry,
24/10/2000,New Found Glory,Club Laga,,N,24/10/2000Club Laga,The Fans,Historical Artist Entry,
21/10/2000,New Found Glory,Lion's Den,,N,21/10/2000Lion's Den,The Fans,Historical Artist Entry,
20/10/2000,New Found Glory,The Chance,,N,20/10/2000The Chance,The Fans,Historical Artist Entry,
19/10/2000,New Found Glory,Water Street Music Hall,,N,19/10/2000Water Street Music Hall,The Fans,Historical Artist Entry,
18/10/2000,New Found Glory,Showplace Theatre,,N,18/10/2000Showplace Theatre,The Fans,Historical Artist Entry,
15/10/2000,New Found Glory,Crowbar,,N,15/10/2000Crowbar,The Fans,Historical Artist Entry,
14/10/2000,New Found Glory,Northern Lights,,N,14/10/2000Northern Lights,The Fans,Historical Artist Entry,
13/10/2000,New Found Glory,Axis,,N,13/10/2000Axis,The Fans,Historical Artist Entry,
12/10/2000,New Found Glory,Lupo's Heartbreak Hotel,,N,12/10/2000Lupo's Heartbreak Hotel,The Fans,Historical Artist Entry,
11/10/2000,New Found Glory,Bowery Ballroom,,N,11/10/2000Bowery Ballroom,The Fans,Historical Artist Entry,
10/10/2000,New Found Glory,The Chameleon Club,,N,10/10/2000The Chameleon Club,The Fans,Historical Artist Entry,
08/10/2000,New Found Glory,The Theatre of Living Arts,,N,08/10/2000The Theatre of Living Arts,The Fans,Historical Artist Entry,
07/10/2000,New Found Glory,Birch Hill Nite Club,,N,07/10/2000Birch Hill Nite Club,The Fans,Historical Artist Entry,
05/10/2000,New Found Glory,9:30 Club,,N,05/10/20009:30 Club,The Fans,Historical Artist Entry,
05/10/2000,New Found Glory,MHz Networks Studio,,N,05/10/2000MHz Networks Studio,The Fans,Historical Artist Entry,
29/09/2000,New Found Glory,The Majestic Ventura Theater,,N,29/09/2000The Majestic Ventura Theater,The Fans,Historical Artist Entry,
28/09/2000,New Found Glory,The Glass House,,N,28/09/2000The Glass House,The Fans,Historical Artist Entry,
27/09/2000,New Found Glory,The Catalyst,,N,27/09/2000The Catalyst,The Fans,Historical Artist Entry,
26/09/2000,New Found Glory,Slim's,,N,26/09/2000Slim's,The Fans,Historical Artist Entry,
25/09/2000,New Found Glory,Bojangles,,N,25/09/2000Bojangles,The Fans,Historical Artist Entry,
23/09/2000,New Found Glory,Epicentre,,N,23/09/2000Epicentre,The Fans,Historical Artist Entry,
22/09/2000,New Found Glory,Rialto Theatre,,N,22/09/2000Rialto Theatre,The Fans,Historical Artist Entry,
20/09/2000,New Found Glory,DV8,,N,20/09/2000DV8,The Fans,Historical Artist Entry,
19/09/2000,New Found Glory,Ogden Theatre,,N,19/09/2000Ogden Theatre,The Fans,Historical Artist Entry,
18/09/2000,New Found Glory,Ranch Bowl,,N,18/09/2000Ranch Bowl,The Fans,Historical Artist Entry,
17/09/2000,New Found Glory,First Avenue,,N,17/09/2000First Avenue,The Fans,Historical Artist Entry,
16/09/2000,New Found Glory,The Rave,,N,16/09/2000The Rave,The Fans,Historical Artist Entry,
15/09/2000,New Found Glory,Vic Theatre,,N,15/09/2000Vic Theatre,The Fans,Historical Artist Entry,
14/09/2000,New Found Glory,Saint Andrew's Hall,,N,14/09/2000Saint Andrew's Hall,The Fans,Historical Artist Entry,
13/09/2000,New Found Glory,Bogart's,,N,13/09/2000Bogart's,The Fans,Historical Artist Entry,
12/09/2000,New Found Glory,Club Laga,,N,12/09/2000Club Laga,The Fans,Historical Artist Entry,
11/09/2000,New Found Glory,Crowbar,,N,11/09/2000Crowbar,The Fans,Historical Artist Entry,
10/09/2000,New Found Glory,The Palladium,,N,10/09/2000The Palladium,The Fans,Historical Artist Entry,
09/09/2000,New Found Glory,Irving Plaza,,N,09/09/2000Irving Plaza,The Fans,Historical Artist Entry,
08/09/2000,New Found Glory,Trocadero Theatre,,N,08/09/2000Trocadero Theatre,The Fans,Historical Artist Entry,
07/09/2000,New Found Glory,Trocadero Theatre,,N,07/09/2000Trocadero Theatre,The Fans,Historical Artist Entry,
06/09/2000,New Found Glory,9:30 Club,,N,06/09/20009:30 Club,The Fans,Historical Artist Entry,
05/09/2000,New Found Glory,Peabody's,,N,05/09/2000Peabody's,The Fans,Historical Artist Entry,
04/09/2000,New Found Glory,Heaven,,N,04/09/2000Heaven,The Fans,Historical Artist Entry,
03/09/2000,New Found Glory,618,,N,03/09/2000618,The Fans,Historical Artist Entry,
02/09/2000,New Found Glory,Chili Pepper,,N,02/09/2000Chili Pepper,The Fans,Historical Artist Entry,
01/09/2000,New Found Glory,House of Blues,,N,01/09/2000House of Blues,The Fans,Historical Artist Entry,
31/08/2000,New Found Glory,House of Blues,,N,31/08/2000House of Blues,The Fans,Historical Artist Entry,
30/08/2000,New Found Glory,Deep Ellum Live,,N,30/08/2000Deep Ellum Live,The Fans,Historical Artist Entry,
29/08/2000,New Found Glory,Backroom,,N,29/08/2000Backroom,The Fans,Historical Artist Entry,
27/08/2000,New Found Glory,Nile Theater,,N,27/08/2000Nile Theater,The Fans,Historical Artist Entry,
25/08/2000,New Found Glory,House of Blues,,N,25/08/2000House of Blues,The Fans,Historical Artist Entry,
23/08/2000,New Found Glory,Canes Bar & Grill,,N,23/08/2000Canes Bar & Grill,The Fans,Historical Artist Entry,
19/08/2000,New Found Glory,Homebase,,N,19/08/2000Homebase,The Fans,Historical Artist Entry,
18/08/2000,New Found Glory,The Ethical Humanist Society of Long Island,,N,18/08/2000The Ethical Humanist Society of Long Island,The Fans,Historical Artist Entry,
16/08/2000,New Found Glory,The Lost Horizon,,N,16/08/2000The Lost Horizon,The Fans,Historical Artist Entry,
15/08/2000,New Found Glory,El 'N' Gee,,N,15/08/2000El 'N' Gee,The Fans,Historical Artist Entry,
12/08/2000,New Found Glory,Sloss Furnaces,,N,12/08/2000Sloss Furnaces,The Fans,Historical Artist Entry,
06/08/2000,New Found Glory,El Paso County Coliseum,,N,06/08/2000El Paso County Coliseum,The Fans,Historical Artist Entry,
05/08/2000,New Found Glory,Sunken Gardens Theater,,N,05/08/2000Sunken Gardens Theater,The Fans,Historical Artist Entry,
04/08/2000,New Found Glory,Smirnoff Music Centre,,N,04/08/2000Smirnoff Music Centre,The Fans,Historical Artist Entry,
03/08/2000,New Found Glory,Astroarena,,N,03/08/2000Astroarena,The Fans,Historical Artist Entry,
01/08/2000,New Found Glory,AmSouth Amphitheater,,N,01/08/2000AmSouth Amphitheater,The Fans,Historical Artist Entry,
31/07/2000,New Found Glory,House of Blues,,N,31/07/2000House of Blues,The Fans,Historical Artist Entry,
30/07/2000,New Found Glory,Five Points South Music Hall,,N,30/07/2000Five Points South Music Hall,The Fans,Historical Artist Entry,
29/07/2000,New Found Glory,328 Performance Hall,,N,29/07/2000328 Performance Hall,The Fans,Historical Artist Entry,
28/07/2000,New Found Glory,New Daisy Theatre,,N,28/07/2000New Daisy Theatre,The Fans,Historical Artist Entry,
27/07/2000,New Found Glory,The Bottleneck,,N,27/07/2000The Bottleneck,The Fans,Historical Artist Entry,
26/07/2000,New Found Glory,Mississippi Nights,,N,26/07/2000Mississippi Nights,The Fans,Historical Artist Entry,
25/07/2000,New Found Glory,Main Event,,N,25/07/2000Main Event,The Fans,Historical Artist Entry,
24/07/2000,New Found Glory,The Shelter,,N,24/07/2000The Shelter,The Fans,Historical Artist Entry,
23/07/2000,New Found Glory,Newport Music Hall,,N,23/07/2000Newport Music Hall,The Fans,Historical Artist Entry,
22/07/2000,New Found Glory,Bogart's,,N,22/07/2000Bogart's,The Fans,Historical Artist Entry,
21/07/2000,New Found Glory,Crowbar,,N,21/07/2000Crowbar,The Fans,Historical Artist Entry,
20/07/2000,New Found Glory,Tink's Entertainment Complex,,N,20/07/2000Tink's Entertainment Complex,The Fans,Historical Artist Entry,
19/07/2000,New Found Glory,Webster Theater,,N,19/07/2000Webster Theater,The Fans,Historical Artist Entry,
18/07/2000,New Found Glory,South Beach Water Club,,N,18/07/2000South Beach Water Club,The Fans,Historical Artist Entry,
16/07/2000,New Found Glory,Peabody's,,N,16/07/2000Peabody's,The Fans,Historical Artist Entry,
15/07/2000,New Found Glory,Music Farm,,N,15/07/2000Music Farm,The Fans,Historical Artist Entry,
14/07/2000,New Found Glory,Tremont Music Hall,,N,14/07/2000Tremont Music Hall,The Fans,Historical Artist Entry,
13/07/2000,New Found Glory,The Flats,,N,13/07/2000The Flats,The Fans,Historical Artist Entry,
12/07/2000,New Found Glory,New World Music Theatre,,N,12/07/2000New World Music Theatre,The Fans,Historical Artist Entry,
11/07/2000,New Found Glory,HHH Metrodome Parking Lot,,N,11/07/2000HHH Metrodome Parking Lot,The Fans,Historical Artist Entry,
29/06/2000,New Found Glory,The Temple,,N,29/06/2000The Temple,The Fans,Historical Artist Entry,
04/06/2000,New Found Glory,Chili Pepper,,N,04/06/2000Chili Pepper,The Fans,Historical Artist Entry,
20/04/2000,New Found Glory,The Palladium,,N,20/04/2000The Palladium,The Fans,Historical Artist Entry,
17/04/2000,New Found Glory,Bowery Ballroom,,N,17/04/2000Bowery Ballroom,The Fans,Historical Artist Entry,
08/04/2000,New Found Glory,Saint Andrew's Hall,,N,08/04/2000Saint Andrew's Hall,The Fans,Historical Artist Entry,
07/04/2000,New Found Glory,Agora,,N,07/04/2000Agora,The Fans,Historical Artist Entry,
01/04/2000,New Found Glory,Club Laga,,N,01/04/2000Club Laga,The Fans,Historical Artist Entry,
31/03/2000,New Found Glory,Fletcher's,,N,31/03/2000Fletcher's,The Fans,Historical Artist Entry,
30/03/2000,New Found Glory,The Chameleon Club,,N,30/03/2000The Chameleon Club,The Fans,Historical Artist Entry,
29/03/2000,New Found Glory,Crowbar,,N,29/03/2000Crowbar,The Fans,Historical Artist Entry,
27/03/2000,New Found Glory,The Met Cafe,,N,27/03/2000The Met Cafe,The Fans,Historical Artist Entry,
26/03/2000,New Found Glory,Bowery Ballroom,,N,26/03/2000Bowery Ballroom,The Fans,Historical Artist Entry,
25/03/2000,New Found Glory,242 Main,,N,25/03/2000242 Main,The Fans,Historical Artist Entry,
22/03/2000,New Found Glory,Fireside Bowl,,N,22/03/2000Fireside Bowl,The Fans,Historical Artist Entry,
20/03/2000,New Found Glory,The Purple Underground,,N,20/03/2000The Purple Underground,The Fans,Historical Artist Entry,
19/03/2000,New Found Glory,,,N,19/03/2000,The Fans,Historical Artist Entry,
18/03/2000,New Found Glory,The Wired Frog,,N,18/03/2000The Wired Frog,The Fans,Historical Artist Entry,
17/03/2000,New Found Glory,Grog Shop,,N,17/03/2000Grog Shop,The Fans,Historical Artist Entry,
16/03/2000,New Found Glory,Millvale Industrial Theater,,N,16/03/2000Millvale Industrial Theater,The Fans,Historical Artist Entry,
15/03/2000,New Found Glory,Showplace Theatre,,N,15/03/2000Showplace Theatre,The Fans,Historical Artist Entry,
14/03/2000,New Found Glory,Upstairs,,N,14/03/2000Upstairs,The Fans,Historical Artist Entry,
12/03/2000,New Found Glory,The Swingset,,N,12/03/2000The Swingset,The Fans,Historical Artist Entry,
10/03/2000,New Found Glory,Pontiac Grille,,N,10/03/2000Pontiac Grille,The Fans,Historical Artist Entry,
09/03/2000,New Found Glory,Phantasmagoria,,N,09/03/2000Phantasmagoria,The Fans,Historical Artist Entry,
07/03/2000,New Found Glory,533 Uprisings,,N,07/03/2000533 Uprisings,The Fans,Historical Artist Entry,
06/03/2000,New Found Glory,Private Venue,,N,06/03/2000Private Venue,The Fans,Historical Artist Entry,
05/03/2000,New Found Glory,Cow Haus,,N,05/03/2000Cow Haus,The Fans,Historical Artist Entry,
04/03/2000,New Found Glory,State Theatre,,N,04/03/2000State Theatre,The Fans,Historical Artist Entry,
03/03/2000,New Found Glory,Fubar,,N,03/03/2000Fubar,The Fans,Historical Artist Entry,
02/03/2000,New Found Glory,Jack Rabbits,,N,02/03/2000Jack Rabbits,The Fans,Historical Artist Entry,
01/03/2000,New Found Glory,Sluggo's,,N,01/03/2000Sluggo's,The Fans,Historical Artist Entry,
29/02/2000,New Found Glory,Barnstormers Pizza,,N,29/02/2000Barnstormers Pizza,The Fans,Historical Artist Entry,
28/02/2000,New Found Glory,Underground Sounds,,N,28/02/2000Underground Sounds,The Fans,Historical Artist Entry,
27/02/2000,New Found Glory,Buck Nutty's Skate Ranch,,N,27/02/2000Buck Nutty's Skate Ranch,The Fans,Historical Artist Entry,
26/02/2000,New Found Glory,Instant Karma,,N,26/02/2000Instant Karma,The Fans,Historical Artist Entry,
25/02/2000,New Found Glory,Emo's,,N,25/02/2000Emo's,The Fans,Historical Artist Entry,
22/02/2000,New Found Glory,Nile Theater,,N,22/02/2000Nile Theater,The Fans,Historical Artist Entry,
20/02/2000,New Found Glory,The Cobalt Cafe,,N,20/02/2000The Cobalt Cafe,The Fans,Historical Artist Entry,
19/02/2000,New Found Glory,The Glass House,,N,19/02/2000The Glass House,The Fans,Historical Artist Entry,
18/02/2000,New Found Glory,Chain Reaction,,N,18/02/2000Chain Reaction,The Fans,Historical Artist Entry,
17/02/2000,New Found Glory,Skate Street,,N,17/02/2000Skate Street,The Fans,Historical Artist Entry,
16/02/2000,New Found Glory,Cactus Club,,N,16/02/2000Cactus Club,The Fans,Historical Artist Entry,
15/02/2000,New Found Glory,Bottom of the Hill,,N,15/02/2000Bottom of the Hill,The Fans,Historical Artist Entry,
13/02/2000,New Found Glory,Kilby Court,,N,13/02/2000Kilby Court,The Fans,Historical Artist Entry,
12/02/2000,New Found Glory,The Garage,,N,12/02/2000The Garage,The Fans,Historical Artist Entry,
11/02/2000,New Found Glory,The Raven,,N,11/02/2000The Raven,The Fans,Historical Artist Entry,
09/02/2000,New Found Glory,Creepy Crawl,,N,09/02/2000Creepy Crawl,The Fans,Historical Artist Entry,
08/02/2000,New Found Glory,Cog Factory,,N,08/02/2000Cog Factory,The Fans,Historical Artist Entry,
07/02/2000,New Found Glory,Private Venue,,N,07/02/2000Private Venue,The Fans,Historical Artist Entry,
06/02/2000,New Found Glory,Foxfire Lounge,,N,06/02/2000Foxfire Lounge,The Fans,Historical Artist Entry,
05/02/2000,New Found Glory,Private Venue,,N,05/02/2000Private Venue,The Fans,Historical Artist Entry,
04/02/2000,New Found Glory,Fireside Bowl,,N,04/02/2000Fireside Bowl,The Fans,Historical Artist Entry,
03/02/2000,New Found Glory,The Daily Grind,,N,03/02/2000The Daily Grind,The Fans,Historical Artist Entry,
29/01/2000,New Found Glory,Joe Mocha's,,N,29/01/2000Joe Mocha's,The Fans,Historical Artist Entry,
27/01/2000,New Found Glory,Fubar,,N,27/01/2000Fubar,The Fans,Historical Artist Entry,
25/01/2000,New Found Glory,Cow Haus,,N,25/01/2000Cow Haus,The Fans,Historical Artist Entry,
22/01/2000,New Found Glory,The Cue Ball,,N,22/01/2000The Cue Ball,The Fans,Historical Artist Entry,
21/01/2000,New Found Glory,Under the Couch,,N,21/01/2000Under the Couch,The Fans,Historical Artist Entry,
18/01/2000,New Found Glory,Oracle Lounge,,N,18/01/2000Oracle Lounge,The Fans,Historical Artist Entry,
16/01/2000,New Found Glory,First Unitarian Church,,N,16/01/2000First Unitarian Church,The Fans,Historical Artist Entry,
11/01/2000,New Found Glory,,,N,11/01/2000,The Fans,Historical Artist Entry,
10/01/2000,New Found Glory,"The Ratt, Siena College",,N,"10/01/2000The Ratt, Siena College",The Fans,Historical Artist Entry,
09/01/2000,New Found Glory,The Palladium,,N,09/01/2000The Palladium,The Fans,Historical Artist Entry,
08/01/2000,New Found Glory,The Chance,,N,08/01/2000The Chance,The Fans,Historical Artist Entry,
07/01/2000,New Found Glory,Manville-Hillsborough Elks Lodge #2119,,N,07/01/2000Manville-Hillsborough Elks Lodge #2119,The Fans,Historical Artist Entry,
31/12/1999,New Found Glory,Strathmore Bagels,,N,31/12/1999Strathmore Bagels,The Fans,Historical Artist Entry,
19/12/1999,New Found Glory,Bill's Bar,,N,19/12/1999Bill's Bar,The Fans,Historical Artist Entry,
18/12/1999,New Found Glory,Wayne Firehouse,,N,18/12/1999Wayne Firehouse,The Fans,Historical Artist Entry,
17/12/1999,New Found Glory,YMCA Camp McConnell,,N,17/12/1999YMCA Camp McConnell,The Fans,Historical Artist Entry,
05/12/1999,New Found Glory,The Che Cafe,,N,05/12/1999The Che Cafe,The Fans,Historical Artist Entry,
03/12/1999,New Found Glory,Chain Reaction,,N,03/12/1999Chain Reaction,The Fans,Historical Artist Entry,
02/12/1999,New Found Glory,Troubadour,,N,02/12/1999Troubadour,The Fans,Historical Artist Entry,
30/11/1999,New Found Glory,Skate Street,,N,30/11/1999Skate Street,The Fans,Historical Artist Entry,
29/11/1999,New Found Glory,The Hi-Bar,,N,29/11/1999The Hi-Bar,The Fans,Historical Artist Entry,
28/11/1999,New Found Glory,Bottom of the Hill,,N,28/11/1999Bottom of the Hill,The Fans,Historical Artist Entry,
13/11/1999,New Found Glory,,,N,13/11/1999,The Fans,Historical Artist Entry,
23/10/1999,New Found Glory,Fubar,,N,23/10/1999Fubar,The Fans,Historical Artist Entry,
22/09/1999,New Found Glory,Manville-Hillsborough Elks Lodge #2119,,N,22/09/1999Manville-Hillsborough Elks Lodge #2119,The Fans,Historical Artist Entry,
11/09/1999,New Found Glory,Rose's,,N,11/09/1999Rose's,The Fans,Historical Artist Entry,
16/08/1999,New Found Glory,Grog Shop,,N,16/08/1999Grog Shop,The Fans,Historical Artist Entry,
10/08/1999,New Found Glory,Downstairs,,N,10/08/1999Downstairs,The Fans,Historical Artist Entry,
31/07/1999,New Found Glory,Pompano Beach Ampitheater Grounds,,N,31/07/1999Pompano Beach Ampitheater Grounds,The Fans,Historical Artist Entry,
17/07/1999,New Found Glory,Crawford Hall,,N,17/07/1999Crawford Hall,The Fans,Historical Artist Entry,
06/06/1999,New Found Glory,South Florida Xtreme,,N,06/06/1999South Florida Xtreme,The Fans,Historical Artist Entry,
20/03/1999,New Found Glory,Jannus Landing,,N,20/03/1999Jannus Landing,The Fans,Historical Artist Entry,
18/03/1999,New Found Glory,The Button South,,N,18/03/1999The Button South,The Fans,Historical Artist Entry,
23/01/1999,New Found Glory,Coral Springs High School Football Field,,N,23/01/1999Coral Springs High School Football Field,The Fans,Historical Artist Entry,
21/12/1998,New Found Glory,Mega Rock Arena,,N,21/12/1998Mega Rock Arena,The Fans,Historical Artist Entry,
20/12/1998,New Found Glory,YMCA Camp McConnell,,N,20/12/1998YMCA Camp McConnell,The Fans,Historical Artist Entry,
28/11/1998,New Found Glory,Club Q,,N,28/11/1998Club Q,The Fans,Historical Artist Entry,
20/11/1998,New Found Glory,Club Q,,N,20/11/1998Club Q,The Fans,Historical Artist Entry,
23/10/1998,New Found Glory,Club Q,,N,23/10/1998Club Q,The Fans,Historical Artist Entry,
09/10/1998,New Found Glory,Dad's Donuts,,N,09/10/1998Dad's Donuts,The Fans,Historical Artist Entry,
19/09/1998,New Found Glory,Club Q,,N,19/09/1998Club Q,The Fans,Historical Artist Entry,
23/08/1998,New Found Glory,Spanky's,,N,23/08/1998Spanky's,The Fans,Historical Artist Entry,
10/08/1998,New Found Glory,Club Q,,N,10/08/1998Club Q,The Fans,Historical Artist Entry,
23/07/1998,New Found Glory,,,N,23/07/1998,The Fans,Historical Artist Entry,
20/07/1998,New Found Glory,,,N,20/07/1998,The Fans,Historical Artist Entry,
17/07/1998,New Found Glory,Gingerbread Castle,,N,17/07/1998Gingerbread Castle,The Fans,Historical Artist Entry,
15/07/1998,New Found Glory,Cafe Bourbon Street,,N,15/07/1998Cafe Bourbon Street,The Fans,Historical Artist Entry,
13/07/1998,New Found Glory,37 Center,,N,13/07/199837 Center,The Fans,Historical Artist Entry,
12/07/1998,New Found Glory,,,N,12/07/1998,The Fans,Historical Artist Entry,
04/07/1998,New Found Glory,Club Q,,N,04/07/1998Club Q,The Fans,Historical Artist Entry,
28/06/1998,New Found Glory,Club Q,,N,28/06/1998Club Q,The Fans,Historical Artist Entry,
19/06/1998,New Found Glory,Club Q,,N,19/06/1998Club Q,The Fans,Historical Artist Entry,
09/06/1998,New Found Glory,Vero Beach Woman's Club,,N,09/06/1998Vero Beach Woman's Club,The Fans,Historical Artist Entry,
07/06/1998,New Found Glory,South Beach Pub,,N,07/06/1998South Beach Pub,The Fans,Historical Artist Entry,
06/06/1998,New Found Glory,The Underground,,N,06/06/1998The Underground,The Fans,Historical Artist Entry,
29/05/1998,New Found Glory,Happy Days Cafe,,N,29/05/1998Happy Days Cafe,The Fans,Historical Artist Entry,
26/05/1998,New Found Glory,The Church,,N,26/05/1998The Church,The Fans,Historical Artist Entry,
25/05/1998,New Found Glory,403 Chaos,,N,25/05/1998403 Chaos,The Fans,Historical Artist Entry,
22/05/1998,New Found Glory,Club Q,,N,22/05/1998Club Q,The Fans,Historical Artist Entry,
15/05/1998,New Found Glory,Club Q,,N,15/05/1998Club Q,The Fans,Historical Artist Entry,
01/05/1998,New Found Glory,Club Q,,N,01/05/1998Club Q,The Fans,Historical Artist Entry,
24/04/1998,New Found Glory,Club Q,,N,24/04/1998Club Q,The Fans,Historical Artist Entry,
17/04/1998,New Found Glory,Club Q,,N,17/04/1998Club Q,The Fans,Historical Artist Entry,
09/04/1998,New Found Glory,Club Q,,N,09/04/1998Club Q,The Fans,Historical Artist Entry,
04/04/1998,New Found Glory,South Beach Pub,,N,04/04/1998South Beach Pub,The Fans,Historical Artist Entry,
27/03/1998,New Found Glory,Sapphire Supper Club,,N,27/03/1998Sapphire Supper Club,The Fans,Historical Artist Entry,
21/03/1998,New Found Glory,Chaminade Madonna High School,,N,21/03/1998Chaminade Madonna High School,The Fans,Historical Artist Entry,
14/03/1998,New Found Glory,Ground Zero,,N,14/03/1998Ground Zero,The Fans,Historical Artist Entry,
27/02/1998,New Found Glory,Club Q,,N,27/02/1998Club Q,The Fans,Historical Artist Entry,
17/01/1998,New Found Glory,Dad's Donuts,,N,17/01/1998Dad's Donuts,The Fans,Historical Artist Entry,
11/01/1998,New Found Glory,Club Q,,N,11/01/1998Club Q,The Fans,Historical Artist Entry,
04/01/1998,New Found Glory,Lions Club,,N,04/01/1998Lions Club,The Fans,Historical Artist Entry,
03/01/1998,New Found Glory,Ground Zero,,N,03/01/1998Ground Zero,The Fans,Historical Artist Entry,
21/12/1997,New Found Glory,YMCA Camp McConnell,,N,21/12/1997YMCA Camp McConnell,The Fans,Historical Artist Entry,
20/12/1997,New Found Glory,Club Q,,N,20/12/1997Club Q,The Fans,Historical Artist Entry,
25/09/1997,New Found Glory,JW`s House of Rock,,N,25/09/1997JW`s House of Rock,The Fans,Historical Artist Entry,
03/07/1997,New Found Glory,Cheers,,N,03/07/1997Cheers,The Fans,Historical Artist Entry,
29/06/1997,New Found Glory,Cheers,,N,29/06/1997Cheers,The Fans,Historical Artist Entry,
11/06/1997,New Found Glory,Cheers,,N,11/06/1997Cheers,The Fans,Historical Artist Entry,
