Date,Band,Notable Support,Venue,Price,Comments,Went With,Festival?,Festival Lineups,Photos,Journal Key,OfficialVenue,Year,Month,Day
07/12/2025,Weezer,,Brisbane Showgrounds,,Historical Artist Entry,The Fans,N,,,07/12/2025Brisbane Showgrounds,Brisbane Showgrounds,2025,12,07
06/12/2025,Weezer,,ENGIE Stadium,,Historical Artist Entry,The Fans,N,,,06/12/2025ENGIE Stadium,ENGIE Stadium,2025,12,06
05/12/2025,Weezer,,Flemington Racecourse,,Historical Artist Entry,The Fans,N,,,05/12/2025Flemington Racecourse,Flemington Racecourse,2025,12,05
16/11/2025,Weezer,,Autódromo Hermanos Rodríguez,,Historical Artist Entry,The Fans,N,,,16/11/2025Autódromo Hermanos Rodríguez,Autódromo Hermanos Rodríguez,2025,11,16
07/11/2025,Weezer,,Ciudad Empresarial,,Historical Artist Entry,The Fans,N,,,07/11/2025Ciudad Empresarial,Ciudad Empresarial,2025,11,07
05/11/2025,Weezer,,Movistar Arena,,Historical Artist Entry,The Fans,N,,,05/11/2025Movistar Arena,Movistar Arena,2025,11,05
02/11/2025,Weezer,,Parque do Ibirapuera,,Historical Artist Entry,The Fans,N,,,02/11/2025Parque do Ibirapuera,Parque do Ibirapuera,2025,11,02
19/10/2025,Weezer,,Las Vegas Festival Grounds,,Historical Artist Entry,The Fans,N,,,19/10/2025Las Vegas Festival Grounds,Las Vegas Festival Grounds,2025,10,19
18/10/2025,Weezer,,Las Vegas Festival Grounds,,Historical Artist Entry,The Fans,N,,,18/10/2025Las Vegas Festival Grounds,Las Vegas Festival Grounds,2025,10,18
28/09/2025,Weezer,,Ocean City Inlet Beach,,Historical Artist Entry,The Fans,N,,,28/09/2025Ocean City Inlet Beach,Ocean City Inlet Beach,2025,09,28
20/09/2025,Weezer,,Douglass Park,,Historical Artist Entry,The Fans,N,,,20/09/2025Douglass Park,Douglass Park,2025,09,20
10/09/2025,Weezer,,MGM Music Hall at Fenway,,Historical Artist Entry,The Fans,N,,,10/09/2025MGM Music Hall at Fenway,MGM Music Hall at Fenway,2025,09,10
30/08/2025,Weezer,,"Fountain Stage, Seattle Center",,Historical Artist Entry,The Fans,N,,,"30/08/2025Fountain Stage, Seattle Center","Fountain Stage, Seattle Center",2025,08,30
20/07/2025,Weezer,,Harrah's Stir Cove,,Historical Artist Entry,The Fans,N,,,20/07/2025Harrah's Stir Cove,Harrah's Stir Cove,2025,07,20
19/07/2025,Weezer,,Harriet Island Regional Park,,Historical Artist Entry,The Fans,N,,,19/07/2025Harriet Island Regional Park,Harriet Island Regional Park,2025,07,19
12/07/2025,Weezer,,Edmonton Exhibition Lands Racetrack Infield,,Historical Artist Entry,The Fans,N,,,12/07/2025Edmonton Exhibition Lands Racetrack Infield,Edmonton Exhibition Lands Racetrack Infield,2025,07,12
10/07/2025,Weezer,,Iberdrola Music,,Historical Artist Entry,The Fans,N,,,10/07/2025Iberdrola Music,Iberdrola Music,2025,07,10
09/07/2025,Weezer,,Razzmatazz,,Historical Artist Entry,The Fans,N,,,09/07/2025Razzmatazz,Razzmatazz,2025,07,09
06/07/2025,Weezer,,Le Zénith,,Historical Artist Entry,The Fans,N,,,06/07/2025Le Zénith,Le Zénith,2025,07,06
04/07/2025,Weezer,,Main Stage,,Historical Artist Entry,The Fans,N,,,04/07/2025Main Stage,Main Stage,2025,07,04
02/07/2025,Weezer,,Trinity College Dublin,,Historical Artist Entry,The Fans,N,,,02/07/2025Trinity College Dublin,Trinity College Dublin,2025,07,02
30/06/2025,Weezer,,The Piece Hall,,Historical Artist Entry,The Fans,N,,,30/06/2025The Piece Hall,The Piece Hall,2025,06,30
29/06/2025,Weezer,,Crystal Palace Park,,Historical Artist Entry,The Fans,N,,,29/06/2025Crystal Palace Park,Crystal Palace Park,2025,06,29
28/06/2025,Weezer,,Worthy Farm,,Historical Artist Entry,The Fans,N,,,28/06/2025Worthy Farm,Worthy Farm,2025,06,28
26/06/2025,Weezer,,Ekebergsletta,,Historical Artist Entry,The Fans,N,,,26/06/2025Ekebergsletta,Ekebergsletta,2025,06,26
24/06/2025,Weezer,,Gärdet,,Historical Artist Entry,The Fans,N,,,24/06/2025Gärdet,Gärdet,2025,06,24
22/06/2025,Weezer,,Store Vega,,Historical Artist Entry,The Fans,N,,,22/06/2025Store Vega,Store Vega,2025,06,22
20/06/2025,Weezer,,Megaland,,Historical Artist Entry,The Fans,N,,,20/06/2025Megaland,Megaland,2025,06,20
19/06/2025,Weezer,,Alsterdorfer Sporthalle,,Historical Artist Entry,The Fans,N,,,19/06/2025Alsterdorfer Sporthalle,Alsterdorfer Sporthalle,2025,06,19
17/06/2025,Weezer,,Halle 622,,Historical Artist Entry,The Fans,N,,,17/06/2025Halle 622,Halle 622,2025,06,17
15/06/2025,Weezer,,Visarno Arena Firenze,,Historical Artist Entry,The Fans,N,,,15/06/2025Visarno Arena Firenze,Visarno Arena Firenze,2025,06,15
13/06/2025,Weezer,,Apex Stage,,Historical Artist Entry,The Fans,N,,,13/06/2025Apex Stage,Apex Stage,2025,06,13
10/06/2025,Weezer,,Columbiahalle,,Historical Artist Entry,The Fans,N,,,10/06/2025Columbiahalle,Columbiahalle,2025,06,10
08/06/2025,Weezer,,Utopia Stage,,Historical Artist Entry,The Fans,N,,,08/06/2025Utopia Stage,Utopia Stage,2025,06,08
06/06/2025,Weezer,,Utopia Stage,,Historical Artist Entry,The Fans,N,,,06/06/2025Utopia Stage,Utopia Stage,2025,06,06
05/06/2025,Weezer,,Eskelunden,,Historical Artist Entry,The Fans,N,,,05/06/2025Eskelunden,Eskelunden,2025,06,05
24/05/2025,Weezer,,Mizner Park Amphitheater,,Historical Artist Entry,The Fans,N,,,24/05/2025Mizner Park Amphitheater,Mizner Park Amphitheater,2025,05,24
17/05/2025,Weezer,,Utah State Fairpark,,Historical Artist Entry,The Fans,N,,,17/05/2025Utah State Fairpark,Utah State Fairpark,2025,05,17
03/05/2025,Weezer,,Uptown,,Historical Artist Entry,The Fans,N,,,03/05/2025Uptown,Uptown,2025,05,03
12/04/2025,Weezer,,Empire Polo Club,,Historical Artist Entry,The Fans,N,,,12/04/2025Empire Polo Club,Empire Polo Club,2025,04,12
08/01/2025,Weezer,,Aichi-ken Geijutsu Gekijou,,Historical Artist Entry,The Fans,N,,,08/01/2025Aichi-ken Geijutsu Gekijou,Aichi-ken Geijutsu Gekijou,2025,01,08
07/01/2025,Weezer,,Zepp Osaka Bayside,,Historical Artist Entry,The Fans,N,,,07/01/2025Zepp Osaka Bayside,Zepp Osaka Bayside,2025,01,07
05/01/2025,Weezer,,Hall 7-8,,Historical Artist Entry,The Fans,N,,,05/01/2025Hall 7-8,Hall 7-8,2025,01,05
13/12/2024,Weezer,,Moon Palace Cancun Resort,,Historical Artist Entry,The Fans,N,,,13/12/2024Moon Palace Cancun Resort,Moon Palace Cancun Resort,2024,12,13
05/12/2024,Weezer,,Las Vegas Festival Grounds,,Historical Artist Entry,The Fans,N,,,05/12/2024Las Vegas Festival Grounds,Las Vegas Festival Grounds,2024,12,05
16/11/2024,Weezer,,Chase Field,,Historical Artist Entry,The Fans,N,,,16/11/2024Chase Field,Chase Field,2024,11,16
12/10/2024,Weezer,,Acrisure Arena,,Historical Artist Entry,The Fans,N,,,12/10/2024Acrisure Arena,Acrisure Arena,2024,10,12
11/10/2024,Weezer,,Intuit Dome,,Historical Artist Entry,The Fans,N,,,11/10/2024Intuit Dome,Intuit Dome,2024,10,11
09/10/2024,Weezer,,Chase Center,,Historical Artist Entry,The Fans,N,,,09/10/2024Chase Center,Chase Center,2024,10,09
08/10/2024,Weezer,,Golden 1 Center,,Historical Artist Entry,The Fans,N,,,08/10/2024Golden 1 Center,Golden 1 Center,2024,10,08
06/10/2024,Weezer,,Moda Center,,Historical Artist Entry,The Fans,N,,,06/10/2024Moda Center,Moda Center,2024,10,06
05/10/2024,Weezer,,Rogers Arena,,Historical Artist Entry,The Fans,N,,,05/10/2024Rogers Arena,Rogers Arena,2024,10,05
04/10/2024,Weezer,,Climate Pledge Arena,,Historical Artist Entry,The Fans,N,,,04/10/2024Climate Pledge Arena,Climate Pledge Arena,2024,10,04
01/10/2024,Weezer,,Blue Arena,,Historical Artist Entry,The Fans,N,,,01/10/2024Blue Arena,Blue Arena,2024,10,01
29/09/2024,Weezer,,American Airlines Center,,Historical Artist Entry,The Fans,N,,,29/09/2024American Airlines Center,American Airlines Center,2024,09,29
28/09/2024,Weezer,,Toyota Center,,Historical Artist Entry,The Fans,N,,,28/09/2024Toyota Center,Toyota Center,2024,09,28
27/09/2024,Weezer,,Moody Center,,Historical Artist Entry,The Fans,N,,,27/09/2024Moody Center,Moody Center,2024,09,27
21/09/2024,Weezer,,Hard Rock Live,,Historical Artist Entry,The Fans,N,,,21/09/2024Hard Rock Live,Hard Rock Live,2024,09,21
20/09/2024,Weezer,,Kia Center,,Historical Artist Entry,The Fans,N,,,20/09/2024Kia Center,Kia Center,2024,09,20
18/09/2024,Weezer,,Bon Secours Wellness Arena,,Historical Artist Entry,The Fans,N,,,18/09/2024Bon Secours Wellness Arena,Bon Secours Wellness Arena,2024,09,18
17/09/2024,Weezer,,Bridgestone Arena,,Historical Artist Entry,The Fans,N,,,17/09/2024Bridgestone Arena,Bridgestone Arena,2024,09,17
15/09/2024,Weezer,,The Anthem,,Historical Artist Entry,The Fans,N,,,15/09/2024The Anthem,The Anthem,2024,09,15
14/09/2024,Weezer,,The Anthem,,Historical Artist Entry,The Fans,N,,,14/09/2024The Anthem,The Anthem,2024,09,14
13/09/2024,Weezer,,Wells Fargo Center,,Historical Artist Entry,The Fans,N,,,13/09/2024Wells Fargo Center,Wells Fargo Center,2024,09,13
11/09/2024,Weezer,,Madison Square Garden,,Historical Artist Entry,The Fans,N,,,11/09/2024Madison Square Garden,Madison Square Garden,2024,09,11
10/09/2024,Weezer,,TD Garden,,Historical Artist Entry,The Fans,N,,,10/09/2024TD Garden,TD Garden,2024,09,10
08/09/2024,Weezer,,Scotiabank Arena,,Historical Artist Entry,The Fans,N,,,08/09/2024Scotiabank Arena,Scotiabank Arena,2024,09,08
07/09/2024,Weezer,,Nationwide Arena,,Historical Artist Entry,The Fans,N,,,07/09/2024Nationwide Arena,Nationwide Arena,2024,09,07
06/09/2024,Weezer,,Allstate Arena,,Historical Artist Entry,The Fans,N,,,06/09/2024Allstate Arena,Allstate Arena,2024,09,06
04/09/2024,Weezer,,Xcel Energy Center,,Historical Artist Entry,The Fans,N,,,04/09/2024Xcel Energy Center,Xcel Energy Center,2024,09,04
24/06/2024,Weezer,,Budweiser Stage,,Historical Artist Entry,The Fans,N,,,24/06/2024Budweiser Stage,Budweiser Stage,2024,06,24
14/06/2024,Weezer,,Cardiff Castle,,Historical Artist Entry,The Fans,N,,,14/06/2024Cardiff Castle,Cardiff Castle,2024,06,14
13/06/2024,Weezer,,Co-op Live,,Historical Artist Entry,The Fans,N,,,13/06/2024Co-op Live,Co-op Live,2024,06,13
12/06/2024,Weezer,,The OVO Hydro,,Historical Artist Entry,The Fans,N,,,12/06/2024The OVO Hydro,The OVO Hydro,2024,06,12
10/06/2024,Weezer,,3Arena,,Historical Artist Entry,The Fans,N,,,10/06/20243Arena,3Arena,2024,06,10
08/06/2024,Weezer,,The O2 Arena,,Historical Artist Entry,The Fans,N,,,08/06/2024The O2 Arena,The O2 Arena,2024,06,08
07/06/2024,Weezer,,Utilita Arena Birmingham,,Historical Artist Entry,The Fans,N,,,07/06/2024Utilita Arena Birmingham,Utilita Arena Birmingham,2024,06,07
01/06/2024,Weezer,,Naval Base San Diego,,Historical Artist Entry,The Fans,N,,,01/06/2024Naval Base San Diego,Naval Base San Diego,2024,06,01
13/05/2024,Weezer,,Spotify Studios,,Historical Artist Entry,The Fans,N,,,13/05/2024Spotify Studios,Spotify Studios,2024,05,13
11/05/2024,Weezer,,Embarcadero Marina Park North,,Historical Artist Entry,The Fans,N,,,11/05/2024Embarcadero Marina Park North,Embarcadero Marina Park North,2024,05,11
08/05/2024,Weezer,,John Mulaney Presents: Everybody's in L.A.,,Historical Artist Entry,The Fans,N,,,08/05/2024John Mulaney Presents: Everybody's in L.A.,John Mulaney Presents: Everybody's in L.A.,2024,05,08
04/05/2024,Weezer,,Central Park,,Historical Artist Entry,The Fans,N,,,04/05/2024Central Park,Central Park,2024,05,04
29/04/2024,Weezer,,Constellation Room,,Historical Artist Entry,The Fans,N,,,29/04/2024Constellation Room,Constellation Room,2024,04,29
11/04/2024,Weezer,,The Kelly Clarkson Show,,Historical Artist Entry,The Fans,N,,,11/04/2024The Kelly Clarkson Show,The Kelly Clarkson Show,2024,04,11
15/03/2024,Weezer,,Lodge Room,,Historical Artist Entry,The Fans,N,,,15/03/2024Lodge Room,Lodge Room,2024,03,15
09/01/2024,Weezer,,Zouk,,Historical Artist Entry,The Fans,N,,,09/01/2024Zouk,Zouk,2024,01,09
29/12/2023,Weezer,,Choctaw Grand Theater,,Historical Artist Entry,The Fans,N,,,29/12/2023Choctaw Grand Theater,Choctaw Grand Theater,2023,12,29
11/10/2023,Weezer,,The Star Theatre,,Historical Artist Entry,The Fans,N,,,11/10/2023The Star Theatre,The Star Theatre,2023,10,11
08/10/2023,Weezer,,Brisbane Entertainment Centre,,Historical Artist Entry,The Fans,N,,,08/10/2023Brisbane Entertainment Centre,Brisbane Entertainment Centre,2023,10,08
07/10/2023,Weezer,,Accor Stadium,,Historical Artist Entry,The Fans,N,,,07/10/2023Accor Stadium,Accor Stadium,2023,10,07
06/10/2023,Weezer,,John Cain Arena,,Historical Artist Entry,The Fans,N,,,06/10/2023John Cain Arena,John Cain Arena,2023,10,06
01/10/2023,Weezer,,Ocean City Inlet Beach,,Historical Artist Entry,The Fans,N,,,01/10/2023Ocean City Inlet Beach,Ocean City Inlet Beach,2023,10,01
21/09/2023,Weezer,,Highland Festival Grounds at the Kentucky Expo Center,,Historical Artist Entry,The Fans,N,,,21/09/2023Highland Festival Grounds at the Kentucky Expo Center,Highland Festival Grounds at the Kentucky Expo Center,2023,09,21
19/09/2023,Weezer,,Delta Center,,Historical Artist Entry,The Fans,N,,,19/09/2023Delta Center,Delta Center,2023,09,19
17/09/2023,Weezer,,Asbury Park Oceanfront,,Historical Artist Entry,The Fans,N,,,17/09/2023Asbury Park Oceanfront,Asbury Park Oceanfront,2023,09,17
03/09/2023,Weezer,,Gallagher Square,,Historical Artist Entry,The Fans,N,,,03/09/2023Gallagher Square,Gallagher Square,2023,09,03
02/09/2023,Weezer,,FivePoint Amphitheatre,,Historical Artist Entry,The Fans,N,,,02/09/2023FivePoint Amphitheatre,FivePoint Amphitheatre,2023,09,02
01/09/2023,Weezer,,Bakkt Theater,,Historical Artist Entry,The Fans,N,,,01/09/2023Bakkt Theater,Bakkt Theater,2023,09,01
30/08/2023,Weezer,,Arizona Financial Theatre,,Historical Artist Entry,The Fans,N,,,30/08/2023Arizona Financial Theatre,Arizona Financial Theatre,2023,08,30
28/08/2023,Weezer,,Fiddler's Green Amphitheatre,,Historical Artist Entry,The Fans,N,,,28/08/2023Fiddler's Green Amphitheatre,Fiddler's Green Amphitheatre,2023,08,28
27/08/2023,Weezer,,Saltair,,Historical Artist Entry,The Fans,N,,,27/08/2023Saltair,Saltair,2023,08,27
26/08/2023,Weezer,,Hillcrest Country Club,,Historical Artist Entry,The Fans,N,,,26/08/2023Hillcrest Country Club,Hillcrest Country Club,2023,08,26
24/08/2023,Weezer,,William Randolph Hearst Greek Theatre,,Historical Artist Entry,The Fans,N,,,24/08/2023William Randolph Hearst Greek Theatre,William Randolph Hearst Greek Theatre,2023,08,24
22/08/2023,Weezer,,Hayden Homes Amphitheater,,Historical Artist Entry,The Fans,N,,,22/08/2023Hayden Homes Amphitheater,Hayden Homes Amphitheater,2023,08,22
20/08/2023,Weezer,,White River Amphitheatre,,Historical Artist Entry,The Fans,N,,,20/08/2023White River Amphitheatre,White River Amphitheatre,2023,08,20
19/08/2023,Weezer,,Ambleside Park,,Historical Artist Entry,The Fans,N,,,19/08/2023Ambleside Park,Ambleside Park,2023,08,19
02/08/2023,Weezer,,Zepp DiverCity (TOKYO),,Historical Artist Entry,The Fans,N,,,02/08/2023Zepp DiverCity (TOKYO),Zepp DiverCity (TOKYO),2023,08,02
01/08/2023,Weezer,,Zepp Osaka Bayside,,Historical Artist Entry,The Fans,N,,,01/08/2023Zepp Osaka Bayside,Zepp Osaka Bayside,2023,08,01
30/07/2023,Weezer,,WHITE STAGE,,Historical Artist Entry,The Fans,N,,,30/07/2023WHITE STAGE,WHITE STAGE,2023,07,30
13/07/2023,Weezer,,Forest Hills Stadium,,Historical Artist Entry,The Fans,N,,,13/07/2023Forest Hills Stadium,Forest Hills Stadium,2023,07,13
11/07/2023,Weezer,,Stage AE,,Historical Artist Entry,The Fans,N,,,11/07/2023Stage AE,Stage AE,2023,07,11
09/07/2023,Weezer,,Hard Rock Live,,Historical Artist Entry,The Fans,N,,,09/07/2023Hard Rock Live,Hard Rock Live,2023,07,09
07/07/2023,Weezer,,LeBreton Flats Park,,Historical Artist Entry,The Fans,N,,,07/07/2023LeBreton Flats Park,LeBreton Flats Park,2023,07,07
06/07/2023,Weezer,,Plaines d'Abraham,,Historical Artist Entry,The Fans,N,,,06/07/2023Plaines d'Abraham,Plaines d'Abraham,2023,07,06
04/07/2023,Weezer,,Budweiser Stage,,Historical Artist Entry,The Fans,N,,,04/07/2023Budweiser Stage,Budweiser Stage,2023,07,04
03/07/2023,Weezer,,Constellation Brands – Marvin Sands Performing Arts Center,,Historical Artist Entry,The Fans,N,,,03/07/2023Constellation Brands – Marvin Sands Performing Arts Center,Constellation Brands – Marvin Sands Performing Arts Center,2023,07,03
01/07/2023,Weezer,,The Palladium Outdoors,,Historical Artist Entry,The Fans,N,,,01/07/2023The Palladium Outdoors,The Palladium Outdoors,2023,07,01
30/06/2023,Weezer,,Maine Savings Amphitheater,,Historical Artist Entry,The Fans,N,,,30/06/2023Maine Savings Amphitheater,Maine Savings Amphitheater,2023,06,30
28/06/2023,Weezer,,Hartford HealthCare Amphitheater,,Historical Artist Entry,The Fans,N,,,28/06/2023Hartford HealthCare Amphitheater,Hartford HealthCare Amphitheater,2023,06,28
27/06/2023,Weezer,,TD Pavilion at the Mann,,Historical Artist Entry,The Fans,N,,,27/06/2023TD Pavilion at the Mann,TD Pavilion at the Mann,2023,06,27
25/06/2023,Weezer,,Ameris Bank Amphitheatre,,Historical Artist Entry,The Fans,N,,,25/06/2023Ameris Bank Amphitheatre,Ameris Bank Amphitheatre,2023,06,25
24/06/2023,Weezer,,PNC Music Pavilion,,Historical Artist Entry,The Fans,N,,,24/06/2023PNC Music Pavilion,PNC Music Pavilion,2023,06,24
23/06/2023,Weezer,,Merriweather Post Pavilion,,Historical Artist Entry,The Fans,N,,,23/06/2023Merriweather Post Pavilion,Merriweather Post Pavilion,2023,06,23
18/06/2023,Weezer,,Pine Knob Music Theatre,,Historical Artist Entry,The Fans,N,,,18/06/2023Pine Knob Music Theatre,Pine Knob Music Theatre,2023,06,18
17/06/2023,Weezer,,Garfield Park,,Historical Artist Entry,The Fans,N,,,17/06/2023Garfield Park,Garfield Park,2023,06,17
16/06/2023,Weezer,,Blossom Music Center,,Historical Artist Entry,The Fans,N,,,16/06/2023Blossom Music Center,Blossom Music Center,2023,06,16
14/06/2023,Weezer,,Breese Stevens Field,,Historical Artist Entry,The Fans,N,,,14/06/2023Breese Stevens Field,Breese Stevens Field,2023,06,14
13/06/2023,Weezer,,Minneapolis Armory,,Historical Artist Entry,The Fans,N,,,13/06/2023Minneapolis Armory,Minneapolis Armory,2023,06,13
11/06/2023,Weezer,,Azura Amphitheater,,Historical Artist Entry,The Fans,N,,,11/06/2023Azura Amphitheater,Azura Amphitheater,2023,06,11
10/06/2023,Weezer,,The Zoo Amphitheatre,,Historical Artist Entry,The Fans,N,,,10/06/2023The Zoo Amphitheatre,The Zoo Amphitheatre,2023,06,10
08/06/2023,Weezer,,Germania Insurance Amphitheater,,Historical Artist Entry,The Fans,N,,,08/06/2023Germania Insurance Amphitheater,Germania Insurance Amphitheater,2023,06,08
06/06/2023,Weezer,,The Pavilion at Toyota Music Factory,,Historical Artist Entry,The Fans,N,,,06/06/2023The Pavilion at Toyota Music Factory,The Pavilion at Toyota Music Factory,2023,06,06
04/06/2023,Weezer,,The Orion Amphitheater,,Historical Artist Entry,The Fans,N,,,04/06/2023The Orion Amphitheater,The Orion Amphitheater,2023,06,04
03/06/2023,Weezer,,The Red Mile,,Historical Artist Entry,The Fans,N,,,03/06/2023The Red Mile,The Red Mile,2023,06,03
17/05/2023,Weezer,,Paramount Studios,,Historical Artist Entry,The Fans,N,,,17/05/2023Paramount Studios,Paramount Studios,2023,05,17
24/04/2023,Weezer,,The Glass House,,Historical Artist Entry,The Fans,N,,,24/04/2023The Glass House,The Glass House,2023,04,24
05/04/2023,Weezer,,Walt Disney World Swan and Dolphin,,Historical Artist Entry,The Fans,N,,,05/04/2023Walt Disney World Swan and Dolphin,Walt Disney World Swan and Dolphin,2023,04,05
18/03/2023,Weezer,,Raymond James Stadium Grounds,,Historical Artist Entry,The Fans,N,,,18/03/2023Raymond James Stadium Grounds,Raymond James Stadium Grounds,2023,03,18
15/03/2023,Weezer,,The Roxy,,Historical Artist Entry,The Fans,N,,,15/03/2023The Roxy,The Roxy,2023,03,15
27/02/2023,Weezer,,Pasadena Civic Auditorium,,Historical Artist Entry,The Fans,N,,,27/02/2023Pasadena Civic Auditorium,Pasadena Civic Auditorium,2023,02,27
25/02/2023,Weezer,,Home Plate Stage,,Historical Artist Entry,The Fans,N,,,25/02/2023Home Plate Stage,Home Plate Stage,2023,02,25
08/02/2023,Weezer,,Dolby Theatre,,Historical Artist Entry,The Fans,N,,,08/02/2023Dolby Theatre,Dolby Theatre,2023,02,08
27/01/2023,Weezer,,Gilley's Dallas,,Historical Artist Entry,The Fans,N,,,27/01/2023Gilley's Dallas,Gilley's Dallas,2023,01,27
29/11/2022,Weezer,,Peninsula Nusa Dua,,Historical Artist Entry,The Fans,N,,,29/11/2022Peninsula Nusa Dua,Peninsula Nusa Dua,2022,11,29
26/11/2022,Weezer,,Allianz Ecopark,,Historical Artist Entry,The Fans,N,,,26/11/2022Allianz Ecopark,Allianz Ecopark,2022,11,26
22/10/2022,Weezer,,Hollywood Bowl,,Historical Artist Entry,The Fans,N,,,22/10/2022Hollywood Bowl,Hollywood Bowl,2022,10,22
11/10/2022,Weezer,,Allegiant Stadium,,Historical Artist Entry,The Fans,N,,,11/10/2022Allegiant Stadium,Allegiant Stadium,2022,10,11
23/09/2022,Weezer,,The Woodlands of Dover International Speedway,,Historical Artist Entry,The Fans,N,,,23/09/2022The Woodlands of Dover International Speedway,The Woodlands of Dover International Speedway,2022,09,23
21/09/2022,Weezer,,Jimmy Kimmel Live,,Historical Artist Entry,The Fans,N,,,21/09/2022Jimmy Kimmel Live,Jimmy Kimmel Live,2022,09,21
19/09/2022,Weezer,,Troubadour,,Historical Artist Entry,The Fans,N,,,19/09/2022Troubadour,Troubadour,2022,09,19
07/08/2022,Weezer,,Golden Gate Park,,Historical Artist Entry,The Fans,N,,,07/08/2022Golden Gate Park,Golden Gate Park,2022,08,07
02/07/2022,Weezer,,Paris La Défense Arena,,Historical Artist Entry,The Fans,N,,,02/07/2022Paris La Défense Arena,Paris La Défense Arena,2022,07,02
29/06/2022,Weezer,,Bellahouston Park,,Historical Artist Entry,The Fans,N,,,29/06/2022Bellahouston Park,Bellahouston Park,2022,06,29
27/06/2022,Weezer,,Marlay Park,,Historical Artist Entry,The Fans,N,,,27/06/2022Marlay Park,Marlay Park,2022,06,27
25/06/2022,Weezer,,The John Smith's Stadium,,Historical Artist Entry,The Fans,N,,,25/06/2022The John Smith's Stadium,The John Smith's Stadium,2022,06,25
24/06/2022,Weezer,,London Stadium,,Historical Artist Entry,The Fans,N,,,24/06/2022London Stadium,London Stadium,2022,06,24
22/06/2022,Weezer,,Stadspark,,Historical Artist Entry,The Fans,N,,,22/06/2022Stadspark,Stadspark,2022,06,22
21/06/2022,Weezer,,Sportpaleis,,Historical Artist Entry,The Fans,N,,,21/06/2022Sportpaleis,Sportpaleis,2022,06,21
19/06/2022,Weezer,,Ernst Happel Stadion,,Historical Artist Entry,The Fans,N,,,19/06/2022Ernst Happel Stadion,Ernst Happel Stadion,2022,06,19
18/06/2022,Weezer,,Festivalpark,,Historical Artist Entry,The Fans,N,,,18/06/2022Festivalpark,Festivalpark,2022,06,18
16/06/2022,Weezer,,Visarno Arena Firenze,,Historical Artist Entry,The Fans,N,,,16/06/2022Visarno Arena Firenze,Visarno Arena Firenze,2022,06,16
15/06/2022,Weezer,,Ippodromo Snai La Maura,,Historical Artist Entry,The Fans,N,,,15/06/2022Ippodromo Snai La Maura,Ippodromo Snai La Maura,2022,06,15
11/06/2022,Weezer,,Tele2 Arena,,Historical Artist Entry,The Fans,N,,,11/06/2022Tele2 Arena,Tele2 Arena,2022,06,11
09/06/2022,Weezer,,Color Line Stadion,,Historical Artist Entry,The Fans,N,,,09/06/2022Color Line Stadion,Color Line Stadion,2022,06,09
04/06/2022,Weezer,,Zeppelinfeld,,Historical Artist Entry,The Fans,N,,,04/06/2022Zeppelinfeld,Zeppelinfeld,2022,06,04
03/06/2022,Weezer,,Utopia Stage,,Historical Artist Entry,The Fans,N,,,03/06/2022Utopia Stage,Utopia Stage,2022,06,03
01/06/2022,Weezer,,Parkbühne Wuhlheide,,Historical Artist Entry,The Fans,N,,,01/06/2022Parkbühne Wuhlheide,Parkbühne Wuhlheide,2022,06,01
29/05/2022,Weezer,,Harvard Athletic Complex,,Historical Artist Entry,The Fans,N,,,29/05/2022Harvard Athletic Complex,Harvard Athletic Complex,2022,05,29
24/05/2022,Weezer,,Gaylord Palms Resort & Convention Center,,Historical Artist Entry,The Fans,N,,,24/05/2022Gaylord Palms Resort & Convention Center,Gaylord Palms Resort & Convention Center,2022,05,24
13/05/2022,Weezer,,Redondo Beach Pier,,Historical Artist Entry,The Fans,N,,,13/05/2022Redondo Beach Pier,Redondo Beach Pier,2022,05,13
04/05/2022,Weezer,,Venetian Hotel & Casino,,Historical Artist Entry,The Fans,N,,,04/05/2022Venetian Hotel & Casino,Venetian Hotel & Casino,2022,05,04
03/05/2022,Weezer,,Byline Bank Aragon Ballroom,,Historical Artist Entry,The Fans,N,,,03/05/2022Byline Bank Aragon Ballroom,Byline Bank Aragon Ballroom,2022,05,03
01/05/2022,Weezer,,Fairgrounds in Liberty Park,,Historical Artist Entry,The Fans,N,,,01/05/2022Fairgrounds in Liberty Park,Fairgrounds in Liberty Park,2022,05,01
28/04/2022,Weezer,,Draft Theater,,Historical Artist Entry,The Fans,N,,,28/04/2022Draft Theater,Draft Theater,2022,04,28
21/03/2022,Weezer,,Jimmy Kimmel Live,,Historical Artist Entry,The Fans,N,,,21/03/2022Jimmy Kimmel Live,Jimmy Kimmel Live,2022,03,21
05/01/2022,Weezer,,Toshiba Plaza,,Historical Artist Entry,The Fans,N,,,05/01/2022Toshiba Plaza,Toshiba Plaza,2022,01,05
16/12/2021,Weezer,,Moon Palace Cancun Resort,,Historical Artist Entry,The Fans,N,,,16/12/2021Moon Palace Cancun Resort,Moon Palace Cancun Resort,2021,12,16
11/12/2021,Weezer,,Mesa Amphitheatre,,Historical Artist Entry,The Fans,N,,,11/12/2021Mesa Amphitheatre,Mesa Amphitheatre,2021,12,11
05/12/2021,Weezer,,Fort Lauderdale Beach Park,,Historical Artist Entry,The Fans,N,,,05/12/2021Fort Lauderdale Beach Park,Fort Lauderdale Beach Park,2021,12,05
04/12/2021,Weezer,,MidFlorida Credit Union Amphitheatre,,Historical Artist Entry,The Fans,N,,,04/12/2021MidFlorida Credit Union Amphitheatre,MidFlorida Credit Union Amphitheatre,2021,12,04
29/10/2021,Weezer,,,,Historical Artist Entry,The Fans,N,,,29/10/2021,,2021,10,29
23/10/2021,Weezer,,,,Historical Artist Entry,The Fans,N,,,23/10/2021,,2021,10,23
18/09/2021,Weezer,,Silverado Resort and Spa,,Historical Artist Entry,The Fans,N,,,18/09/2021Silverado Resort and Spa,Silverado Resort and Spa,2021,09,18
17/09/2021,Weezer,,T-Mobile Arena,,Historical Artist Entry,The Fans,N,,,17/09/2021T-Mobile Arena,T-Mobile Arena,2021,09,17
06/09/2021,Weezer,,T-Mobile Park,,Historical Artist Entry,The Fans,N,,,06/09/2021T-Mobile Park,T-Mobile Park,2021,09,06
03/09/2021,Weezer,,Dodger Stadium,,Historical Artist Entry,The Fans,N,,,03/09/2021Dodger Stadium,Dodger Stadium,2021,09,03
01/09/2021,Weezer,,American Family Insurance Amphitheater,,Historical Artist Entry,The Fans,N,,,01/09/2021American Family Insurance Amphitheater,American Family Insurance Amphitheater,2021,09,01
29/08/2021,Weezer,,Petco Park,,Historical Artist Entry,The Fans,N,,,29/08/2021Petco Park,Petco Park,2021,08,29
27/08/2021,Weezer,,Oracle Park,,Historical Artist Entry,The Fans,N,,,27/08/2021Oracle Park,Oracle Park,2021,08,27
25/08/2021,Weezer,,Dick's Sporting Goods Park,,Historical Artist Entry,The Fans,N,,,25/08/2021Dick's Sporting Goods Park,Dick's Sporting Goods Park,2021,08,25
23/08/2021,Weezer,,Target Field,,Historical Artist Entry,The Fans,N,,,23/08/2021Target Field,Target Field,2021,08,23
20/08/2021,Weezer,,Citizens Bank Park,,Historical Artist Entry,The Fans,N,,,20/08/2021Citizens Bank Park,Citizens Bank Park,2021,08,20
19/08/2021,Weezer,,PNC Park,,Historical Artist Entry,The Fans,N,,,19/08/2021PNC Park,PNC Park,2021,08,19
17/08/2021,Weezer,,Historic Crew Stadium,,Historical Artist Entry,The Fans,N,,,17/08/2021Historic Crew Stadium,Historic Crew Stadium,2021,08,17
15/08/2021,Weezer,,Wrigley Field,,Historical Artist Entry,The Fans,N,,,15/08/2021Wrigley Field,Wrigley Field,2021,08,15
13/08/2021,Weezer,,Hersheypark Stadium,,Historical Artist Entry,The Fans,N,,,13/08/2021Hersheypark Stadium,Hersheypark Stadium,2021,08,13
10/08/2021,Weezer,,Comerica Park,,Historical Artist Entry,The Fans,N,,,10/08/2021Comerica Park,Comerica Park,2021,08,10
08/08/2021,Weezer,,Nationals Park,,Historical Artist Entry,The Fans,N,,,08/08/2021Nationals Park,Nationals Park,2021,08,08
07/08/2021,Weezer,,Premier Theater at Foxwoods,,Historical Artist Entry,The Fans,N,,,07/08/2021Premier Theater at Foxwoods,Premier Theater at Foxwoods,2021,08,07
05/08/2021,Weezer,,Fenway Park,,Historical Artist Entry,The Fans,N,,,05/08/2021Fenway Park,Fenway Park,2021,08,05
04/08/2021,Weezer,,Citi Field,,Historical Artist Entry,The Fans,N,,,04/08/2021Citi Field,Citi Field,2021,08,04
01/08/2021,Weezer,,Hard Rock Stadium,,Historical Artist Entry,The Fans,N,,,01/08/2021Hard Rock Stadium,Hard Rock Stadium,2021,08,01
31/07/2021,Weezer,,TIAA Bank Field,,Historical Artist Entry,The Fans,N,,,31/07/2021TIAA Bank Field,TIAA Bank Field,2021,07,31
29/07/2021,Weezer,,Minute Maid Park,,Historical Artist Entry,The Fans,N,,,29/07/2021Minute Maid Park,Minute Maid Park,2021,07,29
27/07/2021,Weezer,,Truist Park,,Historical Artist Entry,The Fans,N,,,27/07/2021Truist Park,Truist Park,2021,07,27
24/07/2021,Weezer,,Globe Life Field,,Historical Artist Entry,The Fans,N,,,24/07/2021Globe Life Field,Globe Life Field,2021,07,24
16/07/2021,Weezer,,Good Morning America,,Historical Artist Entry,The Fans,N,,,16/07/2021Good Morning America,Good Morning America,2021,07,16
23/06/2021,Weezer,,Late Night with Seth Meyers,,Historical Artist Entry,The Fans,N,,,23/06/2021Late Night with Seth Meyers,Late Night with Seth Meyers,2021,06,23
10/06/2021,Weezer,,,,Historical Artist Entry,The Fans,N,,,10/06/2021,,2021,06,10
10/05/2021,Weezer,,The Tonight Show Starring Jimmy Fallon,,Historical Artist Entry,The Fans,N,,,10/05/2021The Tonight Show Starring Jimmy Fallon,The Tonight Show Starring Jimmy Fallon,2021,05,10
07/05/2021,Weezer,,iHeartRadio Theater,,Historical Artist Entry,The Fans,N,,,07/05/2021iHeartRadio Theater,iHeartRadio Theater,2021,05,07
16/04/2021,Weezer,,Walt Disney Concert Hall,,Historical Artist Entry,The Fans,N,,,16/04/2021Walt Disney Concert Hall,Walt Disney Concert Hall,2021,04,16
17/11/2020,Weezer,,32nd Annual Supercomputing Celebration,,Historical Artist Entry,The Fans,N,,,17/11/202032nd Annual Supercomputing Celebration,32nd Annual Supercomputing Celebration,2020,11,17
17/09/2020,Weezer,,Private Venue,,Historical Artist Entry,The Fans,N,,,17/09/2020Private Venue,Private Venue,2020,09,17
17/06/2020,Weezer,,Private Venue,,Historical Artist Entry,The Fans,N,,,17/06/2020Private Venue,Private Venue,2020,06,17
01/03/2020,Weezer,,Tempe Beach Park,,Historical Artist Entry,The Fans,N,,,01/03/2020Tempe Beach Park,Tempe Beach Park,2020,03,01
16/11/2019,Weezer,,Autódromo Hermanos Rodríguez,,Historical Artist Entry,The Fans,N,,,16/11/2019Autódromo Hermanos Rodríguez,Autódromo Hermanos Rodríguez,2019,11,16
01/11/2019,Weezer,,Brenton Skating Plaza,,Historical Artist Entry,The Fans,N,,,01/11/2019Brenton Skating Plaza,Brenton Skating Plaza,2019,11,01
18/10/2019,Weezer,,UAB Campus Green,,Historical Artist Entry,The Fans,N,,,18/10/2019UAB Campus Green,UAB Campus Green,2019,10,18
09/10/2019,Weezer,,Grand Hyatt Kauai Resort & Spa,,Historical Artist Entry,The Fans,N,,,09/10/2019Grand Hyatt Kauai Resort & Spa,Grand Hyatt Kauai Resort & Spa,2019,10,09
04/10/2019,Weezer,,Estadio Nacional de Costa Rica,,Historical Artist Entry,The Fans,N,,,04/10/2019Estadio Nacional de Costa Rica,Estadio Nacional de Costa Rica,2019,10,04
01/10/2019,Weezer,,Estadio El Campín,,Historical Artist Entry,The Fans,N,,,01/10/2019Estadio El Campín,Estadio El Campín,2019,10,01
28/09/2019,Weezer,,Parque Olímpico,,Historical Artist Entry,The Fans,N,,,28/09/2019Parque Olímpico,Parque Olímpico,2019,09,28
26/09/2019,Weezer,,Ginásio do Ibirapuera,,Historical Artist Entry,The Fans,N,,,26/09/2019Ginásio do Ibirapuera,Ginásio do Ibirapuera,2019,09,26
24/09/2019,Weezer,,Movistar Arena,,Historical Artist Entry,The Fans,N,,,24/09/2019Movistar Arena,Movistar Arena,2019,09,24
22/09/2019,Weezer,,Jockey Club del Perú,,Historical Artist Entry,The Fans,N,,,22/09/2019Jockey Club del Perú,Jockey Club del Perú,2019,09,22
18/09/2019,Weezer,,ACL Live at The Moody Theater,,Historical Artist Entry,The Fans,N,,,18/09/2019ACL Live at The Moody Theater,ACL Live at The Moody Theater,2019,09,18
11/09/2019,Weezer,,Jimmy Kimmel Live,,Historical Artist Entry,The Fans,N,,,11/09/2019Jimmy Kimmel Live,Jimmy Kimmel Live,2019,09,11
10/09/2019,Weezer,,Whisky A Go Go,,Historical Artist Entry,The Fans,N,,,10/09/2019Whisky A Go Go,Whisky A Go Go,2019,09,10
01/09/2019,Weezer,,Washington State Fair Events Center,,Historical Artist Entry,The Fans,N,,,01/09/2019Washington State Fair Events Center,Washington State Fair Events Center,2019,09,01
30/08/2019,Weezer,,Town Park,,Historical Artist Entry,The Fans,N,,,30/08/2019Town Park,Town Park,2019,08,30
29/08/2019,Weezer,,Mission Ballroom,,Historical Artist Entry,The Fans,N,,,29/08/2019Mission Ballroom,Mission Ballroom,2019,08,29
28/08/2019,Weezer,,Grand America Hotel,,Historical Artist Entry,The Fans,N,,,28/08/2019Grand America Hotel,Grand America Hotel,2019,08,28
26/08/2019,Weezer,,Boston Convention and Exhibition Center,,Historical Artist Entry,The Fans,N,,,26/08/2019Boston Convention and Exhibition Center,Boston Convention and Exhibition Center,2019,08,26
18/08/2019,Weezer,,Maishima,,Historical Artist Entry,The Fans,N,,,18/08/2019Maishima,Maishima,2019,08,18
16/08/2019,Weezer,,ZOZO Marine Stadium,,Historical Artist Entry,The Fans,N,,,16/08/2019ZOZO Marine Stadium,ZOZO Marine Stadium,2019,08,16
14/08/2019,Weezer,,Toyosu PIT,,Historical Artist Entry,The Fans,N,,,14/08/2019Toyosu PIT,Toyosu PIT,2019,08,14
11/08/2019,Weezer,,Songdo Moonlight Festival Park,,Historical Artist Entry,The Fans,N,,,11/08/2019Songdo Moonlight Festival Park,Songdo Moonlight Festival Park,2019,08,11
05/08/2019,Weezer,,Wind Creek Steel Stage at PNC Plaza,,Historical Artist Entry,The Fans,N,,,05/08/2019Wind Creek Steel Stage at PNC Plaza,Wind Creek Steel Stage at PNC Plaza,2019,08,05
03/08/2019,Weezer,,Parc Champigny,,Historical Artist Entry,The Fans,N,,,03/08/2019Parc Champigny,Parc Champigny,2019,08,03
27/07/2019,Weezer,,North Dakota State  Fair Grandstand,,Historical Artist Entry,The Fans,N,,,27/07/2019North Dakota State  Fair Grandstand,North Dakota State  Fair Grandstand,2019,07,27
20/07/2019,Weezer,,Malakoff,,Historical Artist Entry,The Fans,N,,,20/07/2019Malakoff,Malakoff,2019,07,20
18/07/2019,Weezer,,Telegrafbukta,,Historical Artist Entry,The Fans,N,,,18/07/2019Telegrafbukta,Telegrafbukta,2019,07,18
16/07/2019,Weezer,,"Stora Scenen, Gröna Lund",,Historical Artist Entry,The Fans,N,,,"16/07/2019Stora Scenen, Gröna Lund","Stora Scenen, Gröna Lund",2019,07,16
13/07/2019,Weezer,,Kobetamendi,,Historical Artist Entry,The Fans,N,,,13/07/2019Kobetamendi,Kobetamendi,2019,07,13
11/07/2019,Weezer,,Passeio Marítimo de Algés,,Historical Artist Entry,The Fans,N,,,11/07/2019Passeio Marítimo de Algés,Passeio Marítimo de Algés,2019,07,11
08/07/2019,Weezer,,X-TRA,,Historical Artist Entry,The Fans,N,,,08/07/2019X-TRA,X-TRA,2019,07,08
07/07/2019,Weezer,,Arena Joe Strummer,,Historical Artist Entry,The Fans,N,,,07/07/2019Arena Joe Strummer,Arena Joe Strummer,2019,07,07
06/07/2019,Weezer,,Presqu'île de Malsaucy,,Historical Artist Entry,The Fans,N,,,06/07/2019Presqu'île de Malsaucy,Presqu'île de Malsaucy,2019,07,06
05/07/2019,Weezer,,Stade de France,,Historical Artist Entry,The Fans,N,,,05/07/2019Stade de France,Stade de France,2019,07,05
02/07/2019,Weezer,,Stadtpark Freilichtbühne,,Historical Artist Entry,The Fans,N,,,02/07/2019Stadtpark Freilichtbühne,Stadtpark Freilichtbühne,2019,07,02
01/07/2019,Weezer,,Ronda,,Historical Artist Entry,The Fans,N,,,01/07/2019Ronda,Ronda,2019,07,01
29/06/2019,Weezer,,O2 Academy Brixton,,Historical Artist Entry,The Fans,N,,,29/06/2019O2 Academy Brixton,O2 Academy Brixton,2019,06,29
28/06/2019,Weezer,,Festivalpark,,Historical Artist Entry,The Fans,N,,,28/06/2019Festivalpark,Festivalpark,2019,06,28
12/06/2019,Weezer,,Petco Park,,Historical Artist Entry,The Fans,N,,,12/06/2019Petco Park,Petco Park,2019,06,12
06/06/2019,Weezer,,Discovery Meadow,,Historical Artist Entry,The Fans,N,,,06/06/2019Discovery Meadow,Discovery Meadow,2019,06,06
29/05/2019,Weezer,,Ross's Landing,,Historical Artist Entry,The Fans,N,,,29/05/2019Ross's Landing,Ross's Landing,2019,05,29
19/05/2019,Weezer,,American Idol,,Historical Artist Entry,The Fans,N,,,19/05/2019American Idol,American Idol,2019,05,19
20/04/2019,Weezer,,Empire Polo Club,,Historical Artist Entry,The Fans,N,,,20/04/2019Empire Polo Club,Empire Polo Club,2019,04,20
15/04/2019,Weezer,,Jimmy Kimmel Live,,Historical Artist Entry,The Fans,N,,,15/04/2019Jimmy Kimmel Live,Jimmy Kimmel Live,2019,04,15
13/04/2019,Weezer,,Empire Polo Club,,Historical Artist Entry,The Fans,N,,,13/04/2019Empire Polo Club,Empire Polo Club,2019,04,13
12/04/2019,Weezer,,Mandalay Bay Events Center,,Historical Artist Entry,The Fans,N,,,12/04/2019Mandalay Bay Events Center,Mandalay Bay Events Center,2019,04,12
10/04/2019,Weezer,,Oracle Arena,,Historical Artist Entry,The Fans,N,,,10/04/2019Oracle Arena,Oracle Arena,2019,04,10
09/04/2019,Weezer,,Golden 1 Center,,Historical Artist Entry,The Fans,N,,,09/04/2019Golden 1 Center,Golden 1 Center,2019,04,09
07/04/2019,Weezer,,Rogers Arena,,Historical Artist Entry,The Fans,N,,,07/04/2019Rogers Arena,Rogers Arena,2019,04,07
06/04/2019,Weezer,,Moda Center,,Historical Artist Entry,The Fans,N,,,06/04/2019Moda Center,Moda Center,2019,04,06
05/04/2019,Weezer,,Ford Idaho Center Arena,,Historical Artist Entry,The Fans,N,,,05/04/2019Ford Idaho Center Arena,Ford Idaho Center Arena,2019,04,05
31/03/2019,Weezer,,Alliant Energy Center,,Historical Artist Entry,The Fans,N,,,31/03/2019Alliant Energy Center,Alliant Energy Center,2019,03,31
30/03/2019,Weezer,,Xcel Energy Center,,Historical Artist Entry,The Fans,N,,,30/03/2019Xcel Energy Center,Xcel Energy Center,2019,03,30
28/03/2019,Weezer,,Wells Fargo Arena,,Historical Artist Entry,The Fans,N,,,28/03/2019Wells Fargo Arena,Wells Fargo Arena,2019,03,28
27/03/2019,Weezer,,BOK Center,,Historical Artist Entry,The Fans,N,,,27/03/2019BOK Center,BOK Center,2019,03,27
26/03/2019,Weezer,,Sprint Center,,Historical Artist Entry,The Fans,N,,,26/03/2019Sprint Center,Sprint Center,2019,03,26
24/03/2019,Weezer,,Enterprise Center,,Historical Artist Entry,The Fans,N,,,24/03/2019Enterprise Center,Enterprise Center,2019,03,24
22/03/2019,Weezer,,FedExForum,,Historical Artist Entry,The Fans,N,,,22/03/2019FedExForum,FedExForum,2019,03,22
20/03/2019,Weezer,,Van Andel Arena,,Historical Artist Entry,The Fans,N,,,20/03/2019Van Andel Arena,Van Andel Arena,2019,03,20
19/03/2019,Weezer,,Value City Arena,,Historical Artist Entry,The Fans,N,,,19/03/2019Value City Arena,Value City Arena,2019,03,19
17/03/2019,Weezer,,Royal Farms Arena,,Historical Artist Entry,The Fans,N,,,17/03/2019Royal Farms Arena,Royal Farms Arena,2019,03,17
16/03/2019,Weezer,,Premier Theater at Foxwoods,,Historical Artist Entry,The Fans,N,,,16/03/2019Premier Theater at Foxwoods,Premier Theater at Foxwoods,2019,03,16
14/03/2019,Weezer,,Times Union Center,,Historical Artist Entry,The Fans,N,,,14/03/2019Times Union Center,Times Union Center,2019,03,14
13/03/2019,Weezer,,Centre Bell,,Historical Artist Entry,The Fans,N,,,13/03/2019Centre Bell,Centre Bell,2019,03,13
12/03/2019,Weezer,,Madison Square Garden,,Historical Artist Entry,The Fans,N,,,12/03/2019Madison Square Garden,Madison Square Garden,2019,03,12
10/03/2019,Weezer,,Colonial Life Arena,,Historical Artist Entry,The Fans,N,,,10/03/2019Colonial Life Arena,Colonial Life Arena,2019,03,10
08/03/2019,Weezer,,KFC Yum! Center,,Historical Artist Entry,The Fans,N,,,08/03/2019KFC Yum! Center,KFC Yum! Center,2019,03,08
01/03/2019,Weezer,,Good Morning America,,Historical Artist Entry,The Fans,N,,,01/03/2019Good Morning America,Good Morning America,2019,03,01
28/02/2019,Weezer,,iHeartRadio Theater,,Historical Artist Entry,The Fans,N,,,28/02/2019iHeartRadio Theater,iHeartRadio Theater,2019,02,28
27/02/2019,Weezer,,Tiny Desk Concerts,,Historical Artist Entry,The Fans,N,,,27/02/2019Tiny Desk Concerts,Tiny Desk Concerts,2019,02,27
27/02/2019,Weezer,,Black Cat,,Historical Artist Entry,The Fans,N,,,27/02/2019Black Cat,Black Cat,2019,02,27
26/02/2019,Weezer,,The Tonight Show Starring Jimmy Fallon,,Historical Artist Entry,The Fans,N,,,26/02/2019The Tonight Show Starring Jimmy Fallon,The Tonight Show Starring Jimmy Fallon,2019,02,26
08/02/2019,Weezer,,Hyatt Regency,,Historical Artist Entry,The Fans,N,,,08/02/2019Hyatt Regency,Hyatt Regency,2019,02,08
25/01/2019,Weezer,,Masonic Auditorium,,Historical Artist Entry,The Fans,N,,,25/01/2019Masonic Auditorium,Masonic Auditorium,2019,01,25
19/01/2019,Weezer,,Los Angeles Forum,,Historical Artist Entry,The Fans,N,,,19/01/2019Los Angeles Forum,Los Angeles Forum,2019,01,19
01/01/2019,Weezer,,Notre Dame Stadium,,Historical Artist Entry,The Fans,N,,,01/01/2019Notre Dame Stadium,Notre Dame Stadium,2019,01,01
31/12/2018,Weezer,,House of Blues,,Historical Artist Entry,The Fans,N,,,31/12/2018House of Blues,House of Blues,2018,12,31
31/12/2018,Weezer,,Times Square,,Historical Artist Entry,The Fans,N,,,31/12/2018Times Square,Times Square,2018,12,31
18/12/2018,Weezer,,The Theatre at Ace Hotel,,Historical Artist Entry,The Fans,N,,,18/12/2018The Theatre at Ace Hotel,The Theatre at Ace Hotel,2018,12,18
12/12/2018,Weezer,,Metropolitan Opera House,,Historical Artist Entry,The Fans,N,,,12/12/2018Metropolitan Opera House,Metropolitan Opera House,2018,12,12
08/12/2018,Weezer,,2 Poniente #301,,Historical Artist Entry,The Fans,N,,,08/12/20182 Poniente #301,2 Poniente #301,2018,12,08
01/12/2018,Weezer,,Daily's Place Amphitheater,,Historical Artist Entry,The Fans,N,,,01/12/2018Daily's Place Amphitheater,Daily's Place Amphitheater,2018,12,01
30/11/2018,Weezer,,Orlando Amphitheater,,Historical Artist Entry,The Fans,N,,,30/11/2018Orlando Amphitheater,Orlando Amphitheater,2018,11,30
25/09/2018,Weezer,,DNA Lounge,,Historical Artist Entry,The Fans,N,,,25/09/2018DNA Lounge,DNA Lounge,2018,09,25
14/09/2018,Weezer,,Douglas Park,,Historical Artist Entry,The Fans,N,,,14/09/2018Douglas Park,Douglas Park,2018,09,14
18/08/2018,Weezer,,Aksarben Village,,Historical Artist Entry,The Fans,N,,,18/08/2018Aksarben Village,Aksarben Village,2018,08,18
17/08/2018,Weezer,,Eagles Ballroom,,Historical Artist Entry,The Fans,N,,,17/08/2018Eagles Ballroom,Eagles Ballroom,2018,08,17
12/08/2018,Weezer,,Ak-Chin Pavilion,,Historical Artist Entry,The Fans,N,,,12/08/2018Ak-Chin Pavilion,Ak-Chin Pavilion,2018,08,12
11/08/2018,Weezer,,Mattress Firm Amphitheatre,,Historical Artist Entry,The Fans,N,,,11/08/2018Mattress Firm Amphitheatre,Mattress Firm Amphitheatre,2018,08,11
08/08/2018,Weezer,,Los Angeles Forum,,Historical Artist Entry,The Fans,N,,,08/08/2018Los Angeles Forum,Los Angeles Forum,2018,08,08
07/08/2018,Weezer,,Shoreline Amphitheatre,,Historical Artist Entry,The Fans,N,,,07/08/2018Shoreline Amphitheatre,Shoreline Amphitheatre,2018,08,07
04/08/2018,Weezer,,White River Amphitheatre,,Historical Artist Entry,The Fans,N,,,04/08/2018White River Amphitheatre,White River Amphitheatre,2018,08,04
01/08/2018,Weezer,,USANA Amphitheatre,,Historical Artist Entry,The Fans,N,,,01/08/2018USANA Amphitheatre,USANA Amphitheatre,2018,08,01
31/07/2018,Weezer,,Fiddler's Green Amphitheatre,,Historical Artist Entry,The Fans,N,,,31/07/2018Fiddler's Green Amphitheatre,Fiddler's Green Amphitheatre,2018,07,31
29/07/2018,Weezer,,Walmart AMP,,Historical Artist Entry,The Fans,N,,,29/07/2018Walmart AMP,Walmart AMP,2018,07,29
28/07/2018,Weezer,,Ascend Amphitheater,,Historical Artist Entry,The Fans,N,,,28/07/2018Ascend Amphitheater,Ascend Amphitheater,2018,07,28
27/07/2018,Weezer,,Cellairis Amphitheatre at Lakewood,,Historical Artist Entry,The Fans,N,,,27/07/2018Cellairis Amphitheatre at Lakewood,Cellairis Amphitheatre at Lakewood,2018,07,27
25/07/2018,Weezer,,PNC Music Pavilion,,Historical Artist Entry,The Fans,N,,,25/07/2018PNC Music Pavilion,PNC Music Pavilion,2018,07,25
24/07/2018,Weezer,,Coastal Credit Union Music Park at Walnut Creek,,Historical Artist Entry,The Fans,N,,,24/07/2018Coastal Credit Union Music Park at Walnut Creek,Coastal Credit Union Music Park at Walnut Creek,2018,07,24
22/07/2018,Weezer,,Jiffy Lube Live,,Historical Artist Entry,The Fans,N,,,22/07/2018Jiffy Lube Live,Jiffy Lube Live,2018,07,22
21/07/2018,Weezer,,BB&T Pavilion,,Historical Artist Entry,The Fans,N,,,21/07/2018BB&T Pavilion,BB&T Pavilion,2018,07,21
20/07/2018,Weezer,,PNC Bank Arts Center,,Historical Artist Entry,The Fans,N,,,20/07/2018PNC Bank Arts Center,PNC Bank Arts Center,2018,07,20
18/07/2018,Weezer,,Northwell Health at Jones Beach Theater,,Historical Artist Entry,The Fans,N,,,18/07/2018Northwell Health at Jones Beach Theater,Northwell Health at Jones Beach Theater,2018,07,18
17/07/2018,Weezer,,Xfinity Center,,Historical Artist Entry,The Fans,N,,,17/07/2018Xfinity Center,Xfinity Center,2018,07,17
15/07/2018,Weezer,,St. Joseph's Health Amphitheater at Lakeview,,Historical Artist Entry,The Fans,N,,,15/07/2018St. Joseph's Health Amphitheater at Lakeview,St. Joseph's Health Amphitheater at Lakeview,2018,07,15
14/07/2018,Weezer,,Budweiser Stage,,Historical Artist Entry,The Fans,N,,,14/07/2018Budweiser Stage,Budweiser Stage,2018,07,14
13/07/2018,Weezer,,DTE Energy Music Theatre,,Historical Artist Entry,The Fans,N,,,13/07/2018DTE Energy Music Theatre,DTE Energy Music Theatre,2018,07,13
11/07/2018,Weezer,,Blossom Music Center,,Historical Artist Entry,The Fans,N,,,11/07/2018Blossom Music Center,Blossom Music Center,2018,07,11
10/07/2018,Weezer,,KeyBank Pavilion,,Historical Artist Entry,The Fans,N,,,10/07/2018KeyBank Pavilion,KeyBank Pavilion,2018,07,10
08/07/2018,Weezer,,Ruoff Home Mortgage Music Center,,Historical Artist Entry,The Fans,N,,,08/07/2018Ruoff Home Mortgage Music Center,Ruoff Home Mortgage Music Center,2018,07,08
07/07/2018,Weezer,,Hollywood Casino Amphitheatre,,Historical Artist Entry,The Fans,N,,,07/07/2018Hollywood Casino Amphitheatre,Hollywood Casino Amphitheatre,2018,07,07
06/07/2018,Weezer,,Riverbend Music Center,,Historical Artist Entry,The Fans,N,,,06/07/2018Riverbend Music Center,Riverbend Music Center,2018,07,06
30/06/2018,Weezer,,Austin360 Amphitheater,,Historical Artist Entry,The Fans,N,,,30/06/2018Austin360 Amphitheater,Austin360 Amphitheater,2018,06,30
29/06/2018,Weezer,,Cynthia Woods Mitchell Pavilion,,Historical Artist Entry,The Fans,N,,,29/06/2018Cynthia Woods Mitchell Pavilion,Cynthia Woods Mitchell Pavilion,2018,06,29
27/06/2018,Weezer,,Dos Equis Pavilion,,Historical Artist Entry,The Fans,N,,,27/06/2018Dos Equis Pavilion,Dos Equis Pavilion,2018,06,27
26/06/2018,Weezer,,Bold Sphere Music at Champions Square,,Historical Artist Entry,The Fans,N,,,26/06/2018Bold Sphere Music at Champions Square,Bold Sphere Music at Champions Square,2018,06,26
23/06/2018,Weezer,,MidFlorida Credit Union Amphitheatre,,Historical Artist Entry,The Fans,N,,,23/06/2018MidFlorida Credit Union Amphitheatre,MidFlorida Credit Union Amphitheatre,2018,06,23
22/06/2018,Weezer,,Coral Sky Amphitheatre,,Historical Artist Entry,The Fans,N,,,22/06/2018Coral Sky Amphitheatre,Coral Sky Amphitheatre,2018,06,22
16/06/2018,Weezer,,Marina de Montebello,,Historical Artist Entry,The Fans,N,,,16/06/2018Marina de Montebello,Marina de Montebello,2018,06,16
11/06/2018,Weezer,,Jimmy Kimmel Live,,Historical Artist Entry,The Fans,N,,,11/06/2018Jimmy Kimmel Live,Jimmy Kimmel Live,2018,06,11
10/05/2018,Weezer,,The Lounge,,Historical Artist Entry,The Fans,N,,,10/05/2018The Lounge,The Lounge,2018,05,10
10/05/2018,Weezer,,The Armory,,Historical Artist Entry,The Fans,N,,,10/05/2018The Armory,The Armory,2018,05,10
13/03/2018,Weezer,,Los Angeles Firehouse Museum,,Historical Artist Entry,The Fans,N,,,13/03/2018Los Angeles Firehouse Museum,Los Angeles Firehouse Museum,2018,03,13
03/02/2018,Weezer,,Mount Smart Stadium,,Historical Artist Entry,The Fans,N,,,03/02/2018Mount Smart Stadium,Mount Smart Stadium,2018,02,03
30/01/2018,Weezer,,Etihad Stadium,,Historical Artist Entry,The Fans,N,,,30/01/2018Etihad Stadium,Etihad Stadium,2018,01,30
27/01/2018,Weezer,,ANZ Stadium,,Historical Artist Entry,The Fans,N,,,27/01/2018ANZ Stadium,ANZ Stadium,2018,01,27
25/01/2018,Weezer,,Suncorp Stadium,,Historical Artist Entry,The Fans,N,,,25/01/2018Suncorp Stadium,Suncorp Stadium,2018,01,25
23/01/2018,Weezer,,Coopers Stadium,,Historical Artist Entry,The Fans,N,,,23/01/2018Coopers Stadium,Coopers Stadium,2018,01,23
20/01/2018,Weezer,,nib Stadium,,Historical Artist Entry,The Fans,N,,,20/01/2018nib Stadium,nib Stadium,2018,01,20
12/12/2017,Weezer,,Crystal Ballroom,,Historical Artist Entry,The Fans,N,,,12/12/2017Crystal Ballroom,Crystal Ballroom,2017,12,12
10/12/2017,Weezer,,Los Angeles Forum,,Historical Artist Entry,The Fans,N,,,10/12/2017Los Angeles Forum,Los Angeles Forum,2017,12,10
09/12/2017,Weezer,,Oracle Arena,,Historical Artist Entry,The Fans,N,,,09/12/2017Oracle Arena,Oracle Arena,2017,12,09
02/12/2017,Weezer,,Fort Lauderdale Beach Park,,Historical Artist Entry,The Fans,N,,,02/12/2017Fort Lauderdale Beach Park,Fort Lauderdale Beach Park,2017,12,02
01/12/2017,Weezer,,The Block,,Historical Artist Entry,The Fans,N,,,01/12/2017The Block,The Block,2017,12,01
06/11/2017,Weezer,,The Late Late Show with James Corden,,Historical Artist Entry,The Fans,N,,,06/11/2017The Late Late Show with James Corden,The Late Late Show with James Corden,2017,11,06
02/11/2017,Weezer,,Winston House,,Historical Artist Entry,The Fans,N,,,02/11/2017Winston House,Winston House,2017,11,02
01/11/2017,Weezer,,Amoeba Music,,Historical Artist Entry,The Fans,N,,,01/11/2017Amoeba Music,Amoeba Music,2017,11,01
30/10/2017,Weezer,,Late Show With Stephen Colbert,,Historical Artist Entry,The Fans,N,,,30/10/2017Late Show With Stephen Colbert,Late Show With Stephen Colbert,2017,10,30
28/10/2017,Weezer,,BBC Radio 4 Studios,,Historical Artist Entry,The Fans,N,,,28/10/2017BBC Radio 4 Studios,BBC Radio 4 Studios,2017,10,28
28/10/2017,Weezer,,"The SSE Arena, Wembley",,Historical Artist Entry,The Fans,N,,,"28/10/2017The SSE Arena, Wembley","The SSE Arena, Wembley",2017,10,28
27/10/2017,Weezer,,O2 Academy,,Historical Artist Entry,The Fans,N,,,27/10/2017O2 Academy,O2 Academy,2017,10,27
25/10/2017,Weezer,,O2 Apollo Manchester,,Historical Artist Entry,The Fans,N,,,25/10/2017O2 Apollo Manchester,O2 Apollo Manchester,2017,10,25
24/10/2017,Weezer,,O2 Academy Glasgow,,Historical Artist Entry,The Fans,N,,,24/10/2017O2 Academy Glasgow,O2 Academy Glasgow,2017,10,24
23/10/2017,Weezer,,O2 Academy Leeds,,Historical Artist Entry,The Fans,N,,,23/10/2017O2 Academy Leeds,O2 Academy Leeds,2017,10,23
22/10/2017,Weezer,,Maida Vale Studios,,Historical Artist Entry,The Fans,N,,,22/10/2017Maida Vale Studios,Maida Vale Studios,2017,10,22
21/10/2017,Weezer,,Poppodium 013,,Historical Artist Entry,The Fans,N,,,21/10/2017Poppodium 013,Poppodium 013,2017,10,21
19/10/2017,Weezer,,L'Olympia Bruno Coquatrix,,Historical Artist Entry,The Fans,N,,,19/10/2017L'Olympia Bruno Coquatrix,L'Olympia Bruno Coquatrix,2017,10,19
18/10/2017,Weezer,,Ancienne Belgique,,Historical Artist Entry,The Fans,N,,,18/10/2017Ancienne Belgique,Ancienne Belgique,2017,10,18
16/10/2017,Weezer,,E-Werk,,Historical Artist Entry,The Fans,N,,,16/10/2017E-Werk,E-Werk,2017,10,16
15/10/2017,Weezer,,Columbiahalle,,Historical Artist Entry,The Fans,N,,,15/10/2017Columbiahalle,Columbiahalle,2017,10,15
07/10/2017,Weezer,,Red Rocks Amphitheatre,,Historical Artist Entry,The Fans,N,,,07/10/2017Red Rocks Amphitheatre,Red Rocks Amphitheatre,2017,10,07
06/10/2017,Weezer,,Silverado Resort and Spa,,Historical Artist Entry,The Fans,N,,,06/10/2017Silverado Resort and Spa,Silverado Resort and Spa,2017,10,06
05/10/2017,Weezer,,Grand Sierra Theatre,,Historical Artist Entry,The Fans,N,,,05/10/2017Grand Sierra Theatre,Grand Sierra Theatre,2017,10,05
17/09/2017,Weezer,,Citi Field,,Historical Artist Entry,The Fans,N,,,17/09/2017Citi Field,Citi Field,2017,09,17
16/09/2017,Weezer,,Piedmont Park,,Historical Artist Entry,The Fans,N,,,16/09/2017Piedmont Park,Piedmont Park,2017,09,16
15/09/2017,Weezer,,Del Mar Fairgrounds,,Historical Artist Entry,The Fans,N,,,15/09/2017Del Mar Fairgrounds,Del Mar Fairgrounds,2017,09,15
10/09/2017,Weezer,,Forest Park,,Historical Artist Entry,The Fans,N,,,10/09/2017Forest Park,Forest Park,2017,09,10
09/09/2017,Weezer,,Providence Medical Center Amphitheater,,Historical Artist Entry,The Fans,N,,,09/09/2017Providence Medical Center Amphitheater,Providence Medical Center Amphitheater,2017,09,09
08/09/2017,Weezer,,Edelweiss Cruises,,Historical Artist Entry,The Fans,N,,,08/09/2017Edelweiss Cruises,Edelweiss Cruises,2017,09,08
02/09/2017,Weezer,,Memorial Stadium,,Historical Artist Entry,The Fans,N,,,02/09/2017Memorial Stadium,Memorial Stadium,2017,09,02
26/08/2017,Weezer,,Parque Fundidora,,Historical Artist Entry,The Fans,N,,,26/08/2017Parque Fundidora,Parque Fundidora,2017,08,26
20/08/2017,Weezer,,Burl’s Creek Event Grounds,,Historical Artist Entry,The Fans,N,,,20/08/2017Burl’s Creek Event Grounds,Burl’s Creek Event Grounds,2017,08,20
23/07/2017,Weezer,,Cool River Ranch,,Historical Artist Entry,The Fans,N,,,23/07/2017Cool River Ranch,Cool River Ranch,2017,07,23
16/07/2017,Weezer,,Waterfront Park,,Historical Artist Entry,The Fans,N,,,16/07/2017Waterfront Park,Waterfront Park,2017,07,16
15/07/2017,Weezer,,Soaring Eagle Casino & Resort Outdoor Stage,,Historical Artist Entry,The Fans,N,,,15/07/2017Soaring Eagle Casino & Resort Outdoor Stage,Soaring Eagle Casino & Resort Outdoor Stage,2017,07,15
14/07/2017,Weezer,,Treasure Island Resort & Casino,,Historical Artist Entry,The Fans,N,,,14/07/2017Treasure Island Resort & Casino,Treasure Island Resort & Casino,2017,07,14
25/06/2017,Weezer,,Rose Bowl,,Historical Artist Entry,The Fans,N,,,25/06/2017Rose Bowl,Rose Bowl,2017,06,25
24/06/2017,Weezer,,Shoreline Amphitheatre,,Historical Artist Entry,The Fans,N,,,24/06/2017Shoreline Amphitheatre,Shoreline Amphitheatre,2017,06,24
17/06/2017,Weezer,,AT&T Park,,Historical Artist Entry,The Fans,N,,,17/06/2017AT&T Park,AT&T Park,2017,06,17
16/06/2017,Weezer,,The Woodlands of Dover International Speedway,,Historical Artist Entry,The Fans,N,,,16/06/2017The Woodlands of Dover International Speedway,The Woodlands of Dover International Speedway,2017,06,16
28/05/2017,Weezer,,Harvard Athletic Complex,,Historical Artist Entry,The Fans,N,,,28/05/2017Harvard Athletic Complex,Harvard Athletic Complex,2017,05,28
19/05/2017,Weezer,,The Hangout,,Historical Artist Entry,The Fans,N,,,19/05/2017The Hangout,The Hangout,2017,05,19
17/05/2017,Weezer,,The Mirage,,Historical Artist Entry,The Fans,N,,,17/05/2017The Mirage,The Mirage,2017,05,17
15/05/2017,Weezer,,The Tonight Show Starring Jimmy Fallon,,Historical Artist Entry,The Fans,N,,,15/05/2017The Tonight Show Starring Jimmy Fallon,The Tonight Show Starring Jimmy Fallon,2017,05,15
14/05/2017,Weezer,,Merriweather Post Pavilion,,Historical Artist Entry,The Fans,N,,,14/05/2017Merriweather Post Pavilion,Merriweather Post Pavilion,2017,05,14
13/05/2017,Weezer,,Classic Amphitheater,,Historical Artist Entry,The Fans,N,,,13/05/2017Classic Amphitheater,Classic Amphitheater,2017,05,13
12/05/2017,Weezer,,Charlotte Metro Credit Union Amphitheatre,,Historical Artist Entry,The Fans,N,,,12/05/2017Charlotte Metro Credit Union Amphitheatre,Charlotte Metro Credit Union Amphitheatre,2017,05,12
11/05/2017,Weezer,,Waterside District,,Historical Artist Entry,The Fans,N,,,11/05/2017Waterside District,Waterside District,2017,05,11
04/05/2017,Weezer,,St. Augustine Amphitheatre,,Historical Artist Entry,The Fans,N,,,04/05/2017St. Augustine Amphitheatre,St. Augustine Amphitheatre,2017,05,04
03/05/2017,Weezer,,West Palm Beach Waterfront,,Historical Artist Entry,The Fans,N,,,03/05/2017West Palm Beach Waterfront,West Palm Beach Waterfront,2017,05,03
09/04/2017,Weezer,,Showbox,,Historical Artist Entry,The Fans,N,,,09/04/2017Showbox,Showbox,2017,04,09
08/04/2017,Weezer,,South Okanagan Events Centre,,Historical Artist Entry,The Fans,N,,,08/04/2017South Okanagan Events Centre,South Okanagan Events Centre,2017,04,08
06/04/2017,Weezer,,Encana Events Centre,,Historical Artist Entry,The Fans,N,,,06/04/2017Encana Events Centre,Encana Events Centre,2017,04,06
05/04/2017,Weezer,,Grey Eagle Resort & Casino,,Historical Artist Entry,The Fans,N,,,05/04/2017Grey Eagle Resort & Casino,Grey Eagle Resort & Casino,2017,04,05
04/04/2017,Weezer,,Shaw Conference Centre,,Historical Artist Entry,The Fans,N,,,04/04/2017Shaw Conference Centre,Shaw Conference Centre,2017,04,04
02/04/2017,Weezer,,MTS Centre,,Historical Artist Entry,The Fans,N,,,02/04/2017MTS Centre,MTS Centre,2017,04,02
31/03/2017,Weezer,,SaskTel Centre,,Historical Artist Entry,The Fans,N,,,31/03/2017SaskTel Centre,SaskTel Centre,2017,03,31
21/03/2017,Weezer,,Jimmy Kimmel Live,,Historical Artist Entry,The Fans,N,,,21/03/2017Jimmy Kimmel Live,Jimmy Kimmel Live,2017,03,21
18/03/2017,Weezer,,Stubb's Bar-B-Q,,Historical Artist Entry,The Fans,N,,,18/03/2017Stubb's Bar-B-Q,Stubb's Bar-B-Q,2017,03,18
17/03/2017,Weezer,,Brazos Hall,,Historical Artist Entry,The Fans,N,,,17/03/2017Brazos Hall,Brazos Hall,2017,03,17
11/12/2016,Weezer,,Los Angeles Forum,,Historical Artist Entry,The Fans,N,,,11/12/2016Los Angeles Forum,Los Angeles Forum,2016,12,11
09/12/2016,Weezer,,Pearl Concert Theater,,Historical Artist Entry,The Fans,N,,,09/12/2016Pearl Concert Theater,Pearl Concert Theater,2016,12,09
07/12/2016,Weezer,,Revention Music Center,,Historical Artist Entry,The Fans,N,,,07/12/2016Revention Music Center,Revention Music Center,2016,12,07
06/12/2016,Weezer,,Verizon Theatre at Grand Prairie,,Historical Artist Entry,The Fans,N,,,06/12/2016Verizon Theatre at Grand Prairie,Verizon Theatre at Grand Prairie,2016,12,06
05/12/2016,Weezer,,Brady Theater,,Historical Artist Entry,The Fans,N,,,05/12/2016Brady Theater,Brady Theater,2016,12,05
03/12/2016,Weezer,,Sands Bethlehem Event Center,,Historical Artist Entry,The Fans,N,,,03/12/2016Sands Bethlehem Event Center,Sands Bethlehem Event Center,2016,12,03
02/12/2016,Weezer,,Brighton Music Hall,,Historical Artist Entry,The Fans,N,,,02/12/2016Brighton Music Hall,Brighton Music Hall,2016,12,02
01/12/2016,Weezer,,Aragon Ballroom,,Historical Artist Entry,The Fans,N,,,01/12/2016Aragon Ballroom,Aragon Ballroom,2016,12,01
03/11/2016,Weezer,,El Rey Theatre,,Historical Artist Entry,The Fans,N,,,03/11/2016El Rey Theatre,El Rey Theatre,2016,11,03
19/10/2016,Weezer,,The Late Late Show with James Corden,,Historical Artist Entry,The Fans,N,,,19/10/2016The Late Late Show with James Corden,The Late Late Show with James Corden,2016,10,19
16/10/2016,Weezer,,Pima County Fairgrounds,,Historical Artist Entry,The Fans,N,,,16/10/2016Pima County Fairgrounds,Pima County Fairgrounds,2016,10,16
10/09/2016,Weezer,,Bonney Field,,Historical Artist Entry,The Fans,N,,,10/09/2016Bonney Field,Bonney Field,2016,09,10
06/09/2016,Weezer,,Clive Davis Theater at the Grammy Museum,,Historical Artist Entry,The Fans,N,,,06/09/2016Clive Davis Theater at the Grammy Museum,Clive Davis Theater at the Grammy Museum,2016,09,06
03/09/2016,Weezer,,Minnesota State Fair Grandstand,,Historical Artist Entry,The Fans,N,,,03/09/2016Minnesota State Fair Grandstand,Minnesota State Fair Grandstand,2016,09,03
02/09/2016,Weezer,,Bluestem Amphitheater,,Historical Artist Entry,The Fans,N,,,02/09/2016Bluestem Amphitheater,Bluestem Amphitheater,2016,09,02
21/08/2016,Weezer,,Maishima Baseball Stadium,,Historical Artist Entry,The Fans,N,,,21/08/2016Maishima Baseball Stadium,Maishima Baseball Stadium,2016,08,21
20/08/2016,Weezer,,QVC Marine Field,,Historical Artist Entry,The Fans,N,,,20/08/2016QVC Marine Field,QVC Marine Field,2016,08,20
18/08/2016,Weezer,,STUDIO COAST,,Historical Artist Entry,The Fans,N,,,18/08/2016STUDIO COAST,STUDIO COAST,2016,08,18
15/08/2016,Weezer,,Suntec Singapore Convention & Exhibition Centre,,Historical Artist Entry,The Fans,N,,,15/08/2016Suntec Singapore Convention & Exhibition Centre,Suntec Singapore Convention & Exhibition Centre,2016,08,15
13/08/2016,Weezer,,Songdo Moonlight Festival Park,,Historical Artist Entry,The Fans,N,,,13/08/2016Songdo Moonlight Festival Park,Songdo Moonlight Festival Park,2016,08,13
06/08/2016,Weezer,,Irvine Meadows Amphitheatre,,Historical Artist Entry,The Fans,N,,,06/08/2016Irvine Meadows Amphitheatre,Irvine Meadows Amphitheatre,2016,08,06
05/08/2016,Weezer,,Santa Barbara Bowl,,Historical Artist Entry,The Fans,N,,,05/08/2016Santa Barbara Bowl,Santa Barbara Bowl,2016,08,05
03/08/2016,Weezer,,Sleep Train Amphitheatre,,Historical Artist Entry,The Fans,N,,,03/08/2016Sleep Train Amphitheatre,Sleep Train Amphitheatre,2016,08,03
02/08/2016,Weezer,,Ak-Chin Pavilion,,Historical Artist Entry,The Fans,N,,,02/08/2016Ak-Chin Pavilion,Ak-Chin Pavilion,2016,08,02
31/07/2016,Weezer,,Shoreline Amphitheatre,,Historical Artist Entry,The Fans,N,,,31/07/2016Shoreline Amphitheatre,Shoreline Amphitheatre,2016,07,31
30/07/2016,Weezer,,McMenamins Historic Edgefield Manor,,Historical Artist Entry,The Fans,N,,,30/07/2016McMenamins Historic Edgefield Manor,McMenamins Historic Edgefield Manor,2016,07,30
29/07/2016,Weezer,,Marymoor Park,,Historical Artist Entry,The Fans,N,,,29/07/2016Marymoor Park,Marymoor Park,2016,07,29
28/07/2016,Weezer,,Deer Lake Park,,Historical Artist Entry,The Fans,N,,,28/07/2016Deer Lake Park,Deer Lake Park,2016,07,28
26/07/2016,Weezer,,USANA Amphitheatre,,Historical Artist Entry,The Fans,N,,,26/07/2016USANA Amphitheatre,USANA Amphitheatre,2016,07,26
24/07/2016,Weezer,,Fiddler's Green Amphitheatre,,Historical Artist Entry,The Fans,N,,,24/07/2016Fiddler's Green Amphitheatre,Fiddler's Green Amphitheatre,2016,07,24
23/07/2016,Weezer,,Harrah's Stir Cove,,Historical Artist Entry,The Fans,N,,,23/07/2016Harrah's Stir Cove,Harrah's Stir Cove,2016,07,23
22/07/2016,Weezer,,Badlands Motor Speedway,,Historical Artist Entry,The Fans,N,,,22/07/2016Badlands Motor Speedway,Badlands Motor Speedway,2016,07,22
20/07/2016,Weezer,,Starlight Theater,,Historical Artist Entry,The Fans,N,,,20/07/2016Starlight Theater,Starlight Theater,2016,07,20
17/07/2016,Weezer,,Walmart AMP,,Historical Artist Entry,The Fans,N,,,17/07/2016Walmart AMP,Walmart AMP,2016,07,17
16/07/2016,Weezer,,The Zoo Amphitheatre,,Historical Artist Entry,The Fans,N,,,16/07/2016The Zoo Amphitheatre,The Zoo Amphitheatre,2016,07,16
15/07/2016,Weezer,,Gexa Energy Pavilion,,Historical Artist Entry,The Fans,N,,,15/07/2016Gexa Energy Pavilion,Gexa Energy Pavilion,2016,07,15
13/07/2016,Weezer,,Ascend Amphitheater,,Historical Artist Entry,The Fans,N,,,13/07/2016Ascend Amphitheater,Ascend Amphitheater,2016,07,13
12/07/2016,Weezer,,Klipsch Music Center,,Historical Artist Entry,The Fans,N,,,12/07/2016Klipsch Music Center,Klipsch Music Center,2016,07,12
10/07/2016,Weezer,,Hollywood Casino Amphitheatre,,Historical Artist Entry,The Fans,N,,,10/07/2016Hollywood Casino Amphitheatre,Hollywood Casino Amphitheatre,2016,07,10
09/07/2016,Weezer,,Marcus Amphitheater,,Historical Artist Entry,The Fans,N,,,09/07/2016Marcus Amphitheater,Marcus Amphitheater,2016,07,09
08/07/2016,Weezer,,DTE Energy Music Theatre,,Historical Artist Entry,The Fans,N,,,08/07/2016DTE Energy Music Theatre,DTE Energy Music Theatre,2016,07,08
06/07/2016,Weezer,,Molson Amphitheatre,,Historical Artist Entry,The Fans,N,,,06/07/2016Molson Amphitheatre,Molson Amphitheatre,2016,07,06
05/07/2016,Weezer,,Radio 104.5 Performance Theatre,,Historical Artist Entry,The Fans,N,,,05/07/2016Radio 104.5 Performance Theatre,Radio 104.5 Performance Theatre,2016,07,05
05/07/2016,Weezer,,BB&T Pavilion,,Historical Artist Entry,The Fans,N,,,05/07/2016BB&T Pavilion,BB&T Pavilion,2016,07,05
03/07/2016,Weezer,,Stage AE,,Historical Artist Entry,The Fans,N,,,03/07/2016Stage AE,Stage AE,2016,07,03
02/07/2016,Weezer,,PNC Bank Arts Center,,Historical Artist Entry,The Fans,N,,,02/07/2016PNC Bank Arts Center,PNC Bank Arts Center,2016,07,02
01/07/2016,Weezer,,Xfinity Center,,Historical Artist Entry,The Fans,N,,,01/07/2016Xfinity Center,Xfinity Center,2016,07,01
30/06/2016,Weezer,,Nikon at Jones Beach Theater,,Historical Artist Entry,The Fans,N,,,30/06/2016Nikon at Jones Beach Theater,Nikon at Jones Beach Theater,2016,06,30
28/06/2016,Weezer,,Bank of New Hampshire Pavilion at Meadowbrook,,Historical Artist Entry,The Fans,N,,,28/06/2016Bank of New Hampshire Pavilion at Meadowbrook,Bank of New Hampshire Pavilion at Meadowbrook,2016,06,28
26/06/2016,Weezer,,The Pavilion at Montage Mountain,,Historical Artist Entry,The Fans,N,,,26/06/2016The Pavilion at Montage Mountain,The Pavilion at Montage Mountain,2016,06,26
25/06/2016,Weezer,,Constellation Brands – Marvin Sands Performing Arts Center,,Historical Artist Entry,The Fans,N,,,25/06/2016Constellation Brands – Marvin Sands Performing Arts Center,Constellation Brands – Marvin Sands Performing Arts Center,2016,06,25
24/06/2016,Weezer,,Jiffy Lube Live,,Historical Artist Entry,The Fans,N,,,24/06/2016Jiffy Lube Live,Jiffy Lube Live,2016,06,24
22/06/2016,Weezer,,Veterans United Home Loans Amphitheater at Virginia Beach,,Historical Artist Entry,The Fans,N,,,22/06/2016Veterans United Home Loans Amphitheater at Virginia Beach,Veterans United Home Loans Amphitheater at Virginia Beach,2016,06,22
21/06/2016,Weezer,,Coastal Credit Union Music Park at Walnut Creek,,Historical Artist Entry,The Fans,N,,,21/06/2016Coastal Credit Union Music Park at Walnut Creek,Coastal Credit Union Music Park at Walnut Creek,2016,06,21
20/06/2016,Weezer,,PNC Music Pavilion,,Historical Artist Entry,The Fans,N,,,20/06/2016PNC Music Pavilion,PNC Music Pavilion,2016,06,20
19/06/2016,Weezer,,Volvo Car Stadium,,Historical Artist Entry,The Fans,N,,,19/06/2016Volvo Car Stadium,Volvo Car Stadium,2016,06,19
16/06/2016,Weezer,,Lakewood Amphitheatre,,Historical Artist Entry,The Fans,N,,,16/06/2016Lakewood Amphitheatre,Lakewood Amphitheatre,2016,06,16
15/06/2016,Weezer,,MidFlorida Credit Union Amphitheatre,,Historical Artist Entry,The Fans,N,,,15/06/2016MidFlorida Credit Union Amphitheatre,MidFlorida Credit Union Amphitheatre,2016,06,15
14/06/2016,Weezer,,Bayfront Park Amphitheater,,Historical Artist Entry,The Fans,N,,,14/06/2016Bayfront Park Amphitheater,Bayfront Park Amphitheater,2016,06,14
12/06/2016,Weezer,,Bold Sphere Music at Champions Square,,Historical Artist Entry,The Fans,N,,,12/06/2016Bold Sphere Music at Champions Square,Bold Sphere Music at Champions Square,2016,06,12
11/06/2016,Weezer,,Concrete Street Amphitheater,,Historical Artist Entry,The Fans,N,,,11/06/2016Concrete Street Amphitheater,Concrete Street Amphitheater,2016,06,11
10/06/2016,Weezer,,Cynthia Woods Mitchell Pavilion,,Historical Artist Entry,The Fans,N,,,10/06/2016Cynthia Woods Mitchell Pavilion,Cynthia Woods Mitchell Pavilion,2016,06,10
14/05/2016,Weezer,,Irvine Meadows Amphitheatre,,Historical Artist Entry,The Fans,N,,,14/05/2016Irvine Meadows Amphitheatre,Irvine Meadows Amphitheatre,2016,05,14
29/04/2016,Weezer,,Tom Lee Park,,Historical Artist Entry,The Fans,N,,,29/04/2016Tom Lee Park,Tom Lee Park,2016,04,29
25/04/2016,Weezer,,Troubadour,,Historical Artist Entry,The Fans,N,,,25/04/2016Troubadour,Troubadour,2016,04,25
08/04/2016,Weezer,,Heineken Music Hall,,Historical Artist Entry,The Fans,N,,,08/04/2016Heineken Music Hall,Heineken Music Hall,2016,04,08
05/04/2016,Weezer,,O2 Academy Brixton,,Historical Artist Entry,The Fans,N,,,05/04/2016O2 Academy Brixton,O2 Academy Brixton,2016,04,05
03/04/2016,Weezer,,Manchester Academy 1,,Historical Artist Entry,The Fans,N,,,03/04/2016Manchester Academy 1,Manchester Academy 1,2016,04,03
01/04/2016,Weezer,,Rough Trade NYC,,Historical Artist Entry,The Fans,N,,,01/04/2016Rough Trade NYC,Rough Trade NYC,2016,04,01
01/04/2016,Weezer,,Good Morning America,,Historical Artist Entry,The Fans,N,,,01/04/2016Good Morning America,Good Morning America,2016,04,01
31/03/2016,Weezer,,The Tonight Show Starring Jimmy Fallon,,Historical Artist Entry,The Fans,N,,,31/03/2016The Tonight Show Starring Jimmy Fallon,The Tonight Show Starring Jimmy Fallon,2016,03,31
31/03/2016,Weezer,,Spotify Offices,,Historical Artist Entry,The Fans,N,,,31/03/2016Spotify Offices,Spotify Offices,2016,03,31
30/03/2016,Weezer,,Warsaw,,Historical Artist Entry,The Fans,N,,,30/03/2016Warsaw,Warsaw,2016,03,30
23/03/2016,Weezer,,The Linq,,Historical Artist Entry,The Fans,N,,,23/03/2016The Linq,The Linq,2016,03,23
22/03/2016,Weezer,,Red Bull Sound Space KROQ,,Historical Artist Entry,The Fans,N,,,22/03/2016Red Bull Sound Space KROQ,Red Bull Sound Space KROQ,2016,03,22
10/03/2016,Weezer,,Pier 48,,Historical Artist Entry,The Fans,N,,,10/03/2016Pier 48,Pier 48,2016,03,10
19/01/2016,Weezer,,Jimmy Kimmel Live,,Historical Artist Entry,The Fans,N,,,19/01/2016Jimmy Kimmel Live,Jimmy Kimmel Live,2016,01,19
15/01/2016,Weezer,,Warner Bros. Studios,,Historical Artist Entry,The Fans,N,,,15/01/2016Warner Bros. Studios,Warner Bros. Studios,2016,01,15
06/01/2016,Weezer,,Hard Rock Live,,Historical Artist Entry,The Fans,N,,,06/01/2016Hard Rock Live,Hard Rock Live,2016,01,06
12/12/2015,Weezer,,Los Angeles Forum,,Historical Artist Entry,The Fans,N,,,12/12/2015Los Angeles Forum,Los Angeles Forum,2015,12,12
11/12/2015,Weezer,,Oracle Arena,,Historical Artist Entry,The Fans,N,,,11/12/2015Oracle Arena,Oracle Arena,2015,12,11
10/12/2015,Weezer,,Eagles Ballroom,,Historical Artist Entry,The Fans,N,,,10/12/2015Eagles Ballroom,Eagles Ballroom,2015,12,10
08/12/2015,Weezer,,Peabody Opera House,,Historical Artist Entry,The Fans,N,,,08/12/2015Peabody Opera House,Peabody Opera House,2015,12,08
03/12/2015,Weezer,,Conan,,Historical Artist Entry,The Fans,N,,,03/12/2015Conan,Conan,2015,12,03
21/10/2015,Weezer,,iHeartRadio Theater,,Historical Artist Entry,The Fans,N,,,21/10/2015iHeartRadio Theater,iHeartRadio Theater,2015,10,21
09/10/2015,Weezer,,Reunion Park,,Historical Artist Entry,The Fans,N,,,09/10/2015Reunion Park,Reunion Park,2015,10,09
27/09/2015,Weezer,,Downtown Las Vegas Fremont Street,,Historical Artist Entry,The Fans,N,,,27/09/2015Downtown Las Vegas Fremont Street,Downtown Las Vegas Fremont Street,2015,09,27
26/09/2015,Weezer,,The Park at Harlinsdale Farm,,Historical Artist Entry,The Fans,N,,,26/09/2015The Park at Harlinsdale Farm,The Park at Harlinsdale Farm,2015,09,26
20/09/2015,Weezer,,Downsview Park,,Historical Artist Entry,The Fans,N,,,20/09/2015Downsview Park,Downsview Park,2015,09,20
19/09/2015,Weezer,,Downsview Park,,Historical Artist Entry,The Fans,N,,,19/09/2015Downsview Park,Downsview Park,2015,09,19
12/09/2015,Weezer,,Freedom Hill Amphitheatre,,Historical Artist Entry,The Fans,N,,,12/09/2015Freedom Hill Amphitheatre,Freedom Hill Amphitheatre,2015,09,12
06/09/2015,Weezer,,Del Mar Racetrack,,Historical Artist Entry,The Fans,N,,,06/09/2015Del Mar Racetrack,Del Mar Racetrack,2015,09,06
02/08/2015,Weezer,,Seaside Park,,Historical Artist Entry,The Fans,N,,,02/08/2015Seaside Park,Seaside Park,2015,08,02
01/08/2015,Weezer,,Parc Jean-Drapeau,,Historical Artist Entry,The Fans,N,,,01/08/2015Parc Jean-Drapeau,Parc Jean-Drapeau,2015,08,01
31/07/2015,Weezer,,Maine State Pier,,Historical Artist Entry,The Fans,N,,,31/07/2015Maine State Pier,Maine State Pier,2015,07,31
24/07/2015,Weezer,,Lifestyle Communities Pavilion,,Historical Artist Entry,The Fans,N,,,24/07/2015Lifestyle Communities Pavilion,Lifestyle Communities Pavilion,2015,07,24
23/07/2015,Weezer,,The Shoe,,Historical Artist Entry,The Fans,N,,,23/07/2015The Shoe,The Shoe,2015,07,23
22/07/2015,Weezer,,Quicken Loans Arena,,Historical Artist Entry,The Fans,N,,,22/07/2015Quicken Loans Arena,Quicken Loans Arena,2015,07,22
19/07/2015,Weezer,,Zidell Yards,,Historical Artist Entry,The Fans,N,,,19/07/2015Zidell Yards,Zidell Yards,2015,07,19
18/07/2015,Weezer,,Festival Site,,Historical Artist Entry,The Fans,N,,,18/07/2015Festival Site,Festival Site,2015,07,18
11/07/2015,Weezer,,Western Gateway Park,,Historical Artist Entry,The Fans,N,,,11/07/2015Western Gateway Park,Western Gateway Park,2015,07,11
10/07/2015,Weezer,,The Basilica of Saint Mary,,Historical Artist Entry,The Fans,N,,,10/07/2015The Basilica of Saint Mary,The Basilica of Saint Mary,2015,07,10
08/07/2015,Weezer,,Petrillo Music Shell,,Historical Artist Entry,The Fans,N,,,08/07/2015Petrillo Music Shell,Petrillo Music Shell,2015,07,08
27/06/2015,Weezer,,Santa Fe St,,Historical Artist Entry,The Fans,N,,,27/06/2015Santa Fe St,Santa Fe St,2015,06,27
26/06/2015,Weezer,,Country Jam Ranch,,Historical Artist Entry,The Fans,N,,,26/06/2015Country Jam Ranch,Country Jam Ranch,2015,06,26
13/06/2015,Weezer,,Spencer Smith Park,,Historical Artist Entry,The Fans,N,,,13/06/2015Spencer Smith Park,Spencer Smith Park,2015,06,13
07/06/2015,Weezer,,NRG Park,,Historical Artist Entry,The Fans,N,,,07/06/2015NRG Park,NRG Park,2015,06,07
06/06/2015,Weezer,,Global Event Center at WinStar World Resort,,Historical Artist Entry,The Fans,N,,,06/06/2015Global Event Center at WinStar World Resort,Global Event Center at WinStar World Resort,2015,06,06
11/04/2015,Weezer,,3Labs,,Historical Artist Entry,The Fans,N,,,11/04/20153Labs,3Labs,2015,04,11
10/04/2015,Weezer,,Camp Pendleton,,Historical Artist Entry,The Fans,N,,,10/04/2015Camp Pendleton,Camp Pendleton,2015,04,10
03/04/2015,Weezer,,White River State Park,,Historical Artist Entry,The Fans,N,,,03/04/2015White River State Park,White River State Park,2015,04,03
28/03/2015,Weezer,,The Observatory,,Historical Artist Entry,The Fans,N,,,28/03/2015The Observatory,The Observatory,2015,03,28
17/01/2015,Weezer,,WaMu Theater,,Historical Artist Entry,The Fans,N,,,17/01/2015WaMu Theater,WaMu Theater,2015,01,17
17/12/2014,Weezer,,The Observatory,,Historical Artist Entry,The Fans,N,,,17/12/2014The Observatory,The Observatory,2014,12,17
14/12/2014,Weezer,,Los Angeles Forum,,Historical Artist Entry,The Fans,N,,,14/12/2014Los Angeles Forum,Los Angeles Forum,2014,12,14
10/12/2014,Weezer,,Roseland Theater,,Historical Artist Entry,The Fans,N,,,10/12/2014Roseland Theater,Roseland Theater,2014,12,10
09/12/2014,Weezer,,KeyArena,,Historical Artist Entry,The Fans,N,,,09/12/2014KeyArena,KeyArena,2014,12,09
07/12/2014,Weezer,,Central Florida Fairgrounds,,Historical Artist Entry,The Fans,N,,,07/12/2014Central Florida Fairgrounds,Central Florida Fairgrounds,2014,12,07
06/12/2014,Weezer,,Tabernacle,,Historical Artist Entry,The Fans,N,,,06/12/2014Tabernacle,Tabernacle,2014,12,06
05/12/2014,Weezer,,Metropolitan Park,,Historical Artist Entry,The Fans,N,,,05/12/2014Metropolitan Park,Metropolitan Park,2014,12,05
03/12/2014,Weezer,,Verizon Theatre at Grand Prairie,,Historical Artist Entry,The Fans,N,,,03/12/2014Verizon Theatre at Grand Prairie,Verizon Theatre at Grand Prairie,2014,12,03
02/12/2014,Weezer,,Austin Music Hall,,Historical Artist Entry,The Fans,N,,,02/12/2014Austin Music Hall,Austin Music Hall,2014,12,02
07/11/2014,Weezer,,The Belasco,,Historical Artist Entry,The Fans,N,,,07/11/2014The Belasco,The Belasco,2014,11,07
07/11/2014,Weezer,,Venice Beach,,Historical Artist Entry,The Fans,N,,,07/11/2014Venice Beach,Venice Beach,2014,11,07
06/11/2014,Weezer,,The Glass House,,Historical Artist Entry,The Fans,N,,,06/11/2014The Glass House,The Glass House,2014,11,06
04/11/2014,Weezer,,Austin Convention Center,,Historical Artist Entry,The Fans,N,,,04/11/2014Austin Convention Center,Austin Convention Center,2014,11,04
02/11/2014,Weezer,,Slim's,,Historical Artist Entry,The Fans,N,,,02/11/2014Slim's,Slim's,2014,11,02
28/10/2014,Weezer,,SiriusXM Studios,,Historical Artist Entry,The Fans,N,,,28/10/2014SiriusXM Studios,SiriusXM Studios,2014,10,28
27/10/2014,Weezer,,Bowery Ballroom,,Historical Artist Entry,The Fans,N,,,27/10/2014Bowery Ballroom,Bowery Ballroom,2014,10,27
26/10/2014,Weezer,,The Sinclair,,Historical Artist Entry,The Fans,N,,,26/10/2014The Sinclair,The Sinclair,2014,10,26
25/10/2014,Weezer,,Trocadero Theatre,,Historical Artist Entry,The Fans,N,,,25/10/2014Trocadero Theatre,Trocadero Theatre,2014,10,25
24/10/2014,Weezer,,Premier Theater at Foxwoods,,Historical Artist Entry,The Fans,N,,,24/10/2014Premier Theater at Foxwoods,Premier Theater at Foxwoods,2014,10,24
19/10/2014,Weezer,,Plush,,Historical Artist Entry,The Fans,N,,,19/10/2014Plush,Plush,2014,10,19
16/10/2014,Weezer,,Arizona Veterans Memorial Coliseum,,Historical Artist Entry,The Fans,N,,,16/10/2014Arizona Veterans Memorial Coliseum,Arizona Veterans Memorial Coliseum,2014,10,16
11/10/2014,Weezer,,Autódromo Hermanos Rodríguez,,Historical Artist Entry,The Fans,N,,,11/10/2014Autódromo Hermanos Rodríguez,Autódromo Hermanos Rodríguez,2014,10,11
09/10/2014,Weezer,,Fingerprints Music,,Historical Artist Entry,The Fans,N,,,09/10/2014Fingerprints Music,Fingerprints Music,2014,10,09
07/10/2014,Weezer,,Jimmy Kimmel Live,,Historical Artist Entry,The Fans,N,,,07/10/2014Jimmy Kimmel Live,Jimmy Kimmel Live,2014,10,07
03/10/2014,Weezer,,Red Bull Sound Space KROQ,,Historical Artist Entry,The Fans,N,,,03/10/2014Red Bull Sound Space KROQ,Red Bull Sound Space KROQ,2014,10,03
02/10/2014,Weezer,,Event Center Arena,,Historical Artist Entry,The Fans,N,,,02/10/2014Event Center Arena,Event Center Arena,2014,10,02
20/09/2014,Weezer,,MGM Grand Garden Arena,,Historical Artist Entry,The Fans,N,,,20/09/2014MGM Grand Garden Arena,MGM Grand Garden Arena,2014,09,20
19/09/2014,Weezer,,Sports Authority Field at Mile High,,Historical Artist Entry,The Fans,N,,,19/09/2014Sports Authority Field at Mile High,Sports Authority Field at Mile High,2014,09,19
14/09/2014,Weezer,,Humboldt Park,,Historical Artist Entry,The Fans,N,,,14/09/2014Humboldt Park,Humboldt Park,2014,09,14
13/09/2014,Weezer,,Discovery Park,,Historical Artist Entry,The Fans,N,,,13/09/2014Discovery Park,Discovery Park,2014,09,13
12/09/2014,Weezer,,Vina Robles Amphitheatre,,Historical Artist Entry,The Fans,N,,,12/09/2014Vina Robles Amphitheatre,Vina Robles Amphitheatre,2014,09,12
07/09/2014,Weezer,,Walnut Creek Amphitheatre,,Historical Artist Entry,The Fans,N,,,07/09/2014Walnut Creek Amphitheatre,Walnut Creek Amphitheatre,2014,09,07
06/09/2014,Weezer,,PNC Music Pavilion,,Historical Artist Entry,The Fans,N,,,06/09/2014PNC Music Pavilion,PNC Music Pavilion,2014,09,06
05/09/2014,Weezer,,Sporting Park,,Historical Artist Entry,The Fans,N,,,05/09/2014Sporting Park,Sporting Park,2014,09,05
31/08/2014,Weezer,,Gloria Molina Grand Park,,Historical Artist Entry,The Fans,N,,,31/08/2014Gloria Molina Grand Park,Gloria Molina Grand Park,2014,08,31
14/08/2014,Weezer,,L'Auberge Event Center,,Historical Artist Entry,The Fans,N,,,14/08/2014L'Auberge Event Center,L'Auberge Event Center,2014,08,14
13/08/2014,Weezer,,Snowden Grove Amphitheater,,Historical Artist Entry,The Fans,N,,,13/08/2014Snowden Grove Amphitheater,Snowden Grove Amphitheater,2014,08,13
12/08/2014,Weezer,,Turner Field,,Historical Artist Entry,The Fans,N,,,12/08/2014Turner Field,Turner Field,2014,08,12
10/08/2014,Weezer,,Buffalo Outer Harbor,,Historical Artist Entry,The Fans,N,,,10/08/2014Buffalo Outer Harbor,Buffalo Outer Harbor,2014,08,10
09/08/2014,Weezer,,Sands Steel Stage at PNC Plaza,,Historical Artist Entry,The Fans,N,,,09/08/2014Sands Steel Stage at PNC Plaza,Sands Steel Stage at PNC Plaza,2014,08,09
02/08/2014,Weezer,,Del Mar Racetrack,,Historical Artist Entry,The Fans,N,,,02/08/2014Del Mar Racetrack,Del Mar Racetrack,2014,08,02
01/08/2014,Weezer,,The Chelsea,,Historical Artist Entry,The Fans,N,,,01/08/2014The Chelsea,The Chelsea,2014,08,01
26/07/2014,Weezer,,Parc Beauséjour,,Historical Artist Entry,The Fans,N,,,26/07/2014Parc Beauséjour,Parc Beauséjour,2014,07,26
25/07/2014,Weezer,,Empire Square,,Historical Artist Entry,The Fans,N,,,25/07/2014Empire Square,Empire Square,2014,07,25
24/07/2014,Weezer,,Harris Park,,Historical Artist Entry,The Fans,N,,,24/07/2014Harris Park,Harris Park,2014,07,24
23/07/2014,Weezer,,The Tonight Show Starring Jimmy Fallon,,Historical Artist Entry,The Fans,N,,,23/07/2014The Tonight Show Starring Jimmy Fallon,The Tonight Show Starring Jimmy Fallon,2014,07,23
22/06/2014,Weezer,,The Woodlands of Dover International Speedway,,Historical Artist Entry,The Fans,N,,,22/06/2014The Woodlands of Dover International Speedway,The Woodlands of Dover International Speedway,2014,06,22
21/06/2014,Weezer,,Main Street Armory,,Historical Artist Entry,The Fans,N,,,21/06/2014Main Street Armory,Main Street Armory,2014,06,21
20/06/2014,Weezer,,Marina de Montebello,,Historical Artist Entry,The Fans,N,,,20/06/2014Marina de Montebello,Marina de Montebello,2014,06,20
08/06/2014,Weezer,,Hard Rock Live,,Historical Artist Entry,The Fans,N,,,08/06/2014Hard Rock Live,Hard Rock Live,2014,06,08
07/06/2014,Weezer,,Tropicana Field,,Historical Artist Entry,The Fans,N,,,07/06/2014Tropicana Field,Tropicana Field,2014,06,07
06/06/2014,Weezer,,St. Augustine Amphitheatre,,Historical Artist Entry,The Fans,N,,,06/06/2014St. Augustine Amphitheatre,St. Augustine Amphitheatre,2014,06,06
05/06/2014,Weezer,,Durham Performing Arts Center,,Historical Artist Entry,The Fans,N,,,05/06/2014Durham Performing Arts Center,Durham Performing Arts Center,2014,06,05
31/05/2014,Weezer,,Napa Valley Expo,,Historical Artist Entry,The Fans,N,,,31/05/2014Napa Valley Expo,Napa Valley Expo,2014,05,31
06/04/2014,Weezer,,Third Man Records,,Historical Artist Entry,The Fans,N,,,06/04/2014Third Man Records,Third Man Records,2014,04,06
06/04/2014,Weezer,,Ryman Auditorium,,Historical Artist Entry,The Fans,N,,,06/04/2014Ryman Auditorium,Ryman Auditorium,2014,04,06
05/04/2014,Weezer,,Ryman Auditorium,,Historical Artist Entry,The Fans,N,,,05/04/2014Ryman Auditorium,Ryman Auditorium,2014,04,05
03/04/2014,Weezer,,The National,,Historical Artist Entry,The Fans,N,,,03/04/2014The National,The National,2014,04,03
02/04/2014,Weezer,,The Fillmore,,Historical Artist Entry,The Fans,N,,,02/04/2014The Fillmore,The Fillmore,2014,04,02
01/04/2014,Weezer,,House of Blues,,Historical Artist Entry,The Fans,N,,,01/04/2014House of Blues,House of Blues,2014,04,01
29/03/2014,Weezer,,Universal Studios,,Historical Artist Entry,The Fans,N,,,29/03/2014Universal Studios,Universal Studios,2014,03,29
28/03/2014,Weezer,,Baton Rouge River Center,,Historical Artist Entry,The Fans,N,,,28/03/2014Baton Rouge River Center,Baton Rouge River Center,2014,03,28
11/03/2014,Weezer,,The Ritz Carlton,,Historical Artist Entry,The Fans,N,,,11/03/2014The Ritz Carlton,The Ritz Carlton,2014,03,11
16/02/2014,Weezer,,Carnival Fascination,,Historical Artist Entry,The Fans,N,,,16/02/2014Carnival Fascination,Carnival Fascination,2014,02,16
15/02/2014,Weezer,,Carnival Fascination,,Historical Artist Entry,The Fans,N,,,15/02/2014Carnival Fascination,Carnival Fascination,2014,02,15
14/02/2014,Weezer,,Carnival Fascination,,Historical Artist Entry,The Fans,N,,,14/02/2014Carnival Fascination,Carnival Fascination,2014,02,14
09/02/2014,Weezer,,Powerade Centre,,Historical Artist Entry,The Fans,N,,,09/02/2014Powerade Centre,Powerade Centre,2014,02,09
31/01/2014,Weezer,,TPC Birds Nest,,Historical Artist Entry,The Fans,N,,,31/01/2014TPC Birds Nest,TPC Birds Nest,2014,01,31
27/12/2013,Weezer,,Belly Up,,Historical Artist Entry,The Fans,N,,,27/12/2013Belly Up,Belly Up,2013,12,27
26/12/2013,Weezer,,Belly Up,,Historical Artist Entry,The Fans,N,,,26/12/2013Belly Up,Belly Up,2013,12,26
24/11/2013,Weezer,,The Paramount,,Historical Artist Entry,The Fans,N,,,24/11/2013The Paramount,The Paramount,2013,11,24
23/11/2013,Weezer,,Sands Bethlehem Event Center,,Historical Artist Entry,The Fans,N,,,23/11/2013Sands Bethlehem Event Center,Sands Bethlehem Event Center,2013,11,23
22/11/2013,Weezer,,Casino Rama,,Historical Artist Entry,The Fans,N,,,22/11/2013Casino Rama,Casino Rama,2013,11,22
21/09/2013,Weezer,,Piedmont Park,,Historical Artist Entry,The Fans,N,,,21/09/2013Piedmont Park,Piedmont Park,2013,09,21
20/09/2013,Weezer,,The Shoe,,Historical Artist Entry,The Fans,N,,,20/09/2013The Shoe,The Shoe,2013,09,20
14/09/2013,Weezer,,Global Event Center at WinStar World Resort,,Historical Artist Entry,The Fans,N,,,14/09/2013Global Event Center at WinStar World Resort,Global Event Center at WinStar World Resort,2013,09,14
13/09/2013,Weezer,,Lucky Star Casino,,Historical Artist Entry,The Fans,N,,,13/09/2013Lucky Star Casino,Lucky Star Casino,2013,09,13
01/09/2013,Weezer,,Northlands Grounds,,Historical Artist Entry,The Fans,N,,,01/09/2013Northlands Grounds,Northlands Grounds,2013,09,01
31/08/2013,Weezer,,Fort Calgary Historic Park,,Historical Artist Entry,The Fans,N,,,31/08/2013Fort Calgary Historic Park,Fort Calgary Historic Park,2013,08,31
17/08/2013,Weezer,,Del Mar Fairgrounds,,Historical Artist Entry,The Fans,N,,,17/08/2013Del Mar Fairgrounds,Del Mar Fairgrounds,2013,08,17
02/08/2013,Weezer,,Jisan Forest Resort,,Historical Artist Entry,The Fans,N,,,02/08/2013Jisan Forest Resort,Jisan Forest Resort,2013,08,02
27/07/2013,Weezer,,Boulevard Pool at The Cosmopolitan,,Historical Artist Entry,The Fans,N,,,27/07/2013Boulevard Pool at The Cosmopolitan,Boulevard Pool at The Cosmopolitan,2013,07,27
26/07/2013,Weezer,,Pacific Amphitheatre,,Historical Artist Entry,The Fans,N,,,26/07/2013Pacific Amphitheatre,Pacific Amphitheatre,2013,07,26
25/07/2013,Weezer,,America's Cup Pavilion,,Historical Artist Entry,The Fans,N,,,25/07/2013America's Cup Pavilion,America's Cup Pavilion,2013,07,25
19/07/2013,Weezer,,San Diego Convention Center,,Historical Artist Entry,The Fans,N,,,19/07/2013San Diego Convention Center,San Diego Convention Center,2013,07,19
14/07/2013,Weezer,,Juan De Fuca Recreation Centre,,Historical Artist Entry,The Fans,N,,,14/07/2013Juan De Fuca Recreation Centre,Juan De Fuca Recreation Centre,2013,07,14
12/07/2013,Weezer,,Downsview Park,,Historical Artist Entry,The Fans,N,,,12/07/2013Downsview Park,Downsview Park,2013,07,12
11/07/2013,Weezer,,The Colosseum at Caesars Windsor,,Historical Artist Entry,The Fans,N,,,11/07/2013The Colosseum at Caesars Windsor,The Colosseum at Caesars Windsor,2013,07,11
10/07/2013,Weezer,,LeBreton Flats Park,,Historical Artist Entry,The Fans,N,,,10/07/2013LeBreton Flats Park,LeBreton Flats Park,2013,07,10
09/07/2013,Weezer,,Plaines d'Abraham,,Historical Artist Entry,The Fans,N,,,09/07/2013Plaines d'Abraham,Plaines d'Abraham,2013,07,09
08/07/2013,Weezer,,Hampton Beach Casino Ballroom,,Historical Artist Entry,The Fans,N,,,08/07/2013Hampton Beach Casino Ballroom,Hampton Beach Casino Ballroom,2013,07,08
22/06/2013,Weezer,,Woodfield Mall,,Historical Artist Entry,The Fans,N,,,22/06/2013Woodfield Mall,Woodfield Mall,2013,06,22
20/06/2013,Weezer,,Pioneer Courthouse Square,,Historical Artist Entry,The Fans,N,,,20/06/2013Pioneer Courthouse Square,Pioneer Courthouse Square,2013,06,20
08/06/2013,Weezer,,The Verve,,Historical Artist Entry,The Fans,N,,,08/06/2013The Verve,The Verve,2013,06,08
31/03/2013,Weezer,,Hall 9-10-11,,Historical Artist Entry,The Fans,N,,,31/03/2013Hall 9-10-11,Hall 9-10-11,2013,03,31
30/03/2013,Weezer,,WORLD Kinen Hall,,Historical Artist Entry,The Fans,N,,,30/03/2013WORLD Kinen Hall,WORLD Kinen Hall,2013,03,30
29/03/2013,Weezer,,Zepp Nagoya,,Historical Artist Entry,The Fans,N,,,29/03/2013Zepp Nagoya,Zepp Nagoya,2013,03,29
19/02/2013,Weezer,,Haze Nightclub,,Historical Artist Entry,The Fans,N,,,19/02/2013Haze Nightclub,Haze Nightclub,2013,02,19
23/01/2013,Weezer,,Perth Arena,,Historical Artist Entry,The Fans,N,,,23/01/2013Perth Arena,Perth Arena,2013,01,23
19/01/2013,Weezer,,Sydney Entertainment Centre,,Historical Artist Entry,The Fans,N,,,19/01/2013Sydney Entertainment Centre,Sydney Entertainment Centre,2013,01,19
17/01/2013,Weezer,,Palais Theatre,,Historical Artist Entry,The Fans,N,,,17/01/2013Palais Theatre,Palais Theatre,2013,01,17
16/01/2013,Weezer,,Sidney Myer Music Bowl,,Historical Artist Entry,The Fans,N,,,16/01/2013Sidney Myer Music Bowl,Sidney Myer Music Bowl,2013,01,16
13/01/2013,Weezer,,Brisbane Entertainment Centre,,Historical Artist Entry,The Fans,N,,,13/01/2013Brisbane Entertainment Centre,Brisbane Entertainment Centre,2013,01,13
11/01/2013,Weezer,,Vector Arena,,Historical Artist Entry,The Fans,N,,,11/01/2013Vector Arena,Vector Arena,2013,01,11
08/01/2013,Weezer,,Lapangan D Senayan,,Historical Artist Entry,The Fans,N,,,08/01/2013Lapangan D Senayan,Lapangan D Senayan,2013,01,08
11/11/2012,Weezer,,Hard Rock Live,,Historical Artist Entry,The Fans,N,,,11/11/2012Hard Rock Live,Hard Rock Live,2012,11,11
10/11/2012,Weezer,,Hard Rock Live,,Historical Artist Entry,The Fans,N,,,10/11/2012Hard Rock Live,Hard Rock Live,2012,11,10
09/11/2012,Weezer,,Mahaffey Theater,,Historical Artist Entry,The Fans,N,,,09/11/2012Mahaffey Theater,Mahaffey Theater,2012,11,09
08/11/2012,Weezer,,Hard Rock Live,,Historical Artist Entry,The Fans,N,,,08/11/2012Hard Rock Live,Hard Rock Live,2012,11,08
14/10/2012,Weezer,,Arizona Veterans Memorial Coliseum,,Historical Artist Entry,The Fans,N,,,14/10/2012Arizona Veterans Memorial Coliseum,Arizona Veterans Memorial Coliseum,2012,10,14
13/10/2012,Weezer,,Harrah's Rincon Casino,,Historical Artist Entry,The Fans,N,,,13/10/2012Harrah's Rincon Casino,Harrah's Rincon Casino,2012,10,13
12/10/2012,Weezer,,Zilker Park,,Historical Artist Entry,The Fans,N,,,12/10/2012Zilker Park,Zilker Park,2012,10,12
10/10/2012,Weezer,,Paul Paul Theater,,Historical Artist Entry,The Fans,N,,,10/10/2012Paul Paul Theater,Paul Paul Theater,2012,10,10
09/10/2012,Weezer,,Bill Graham Civic Auditorium,,Historical Artist Entry,The Fans,N,,,09/10/2012Bill Graham Civic Auditorium,Bill Graham Civic Auditorium,2012,10,09
29/09/2012,Weezer,,Christiana Mall,,Historical Artist Entry,The Fans,N,,,29/09/2012Christiana Mall,Christiana Mall,2012,09,29
15/09/2012,Weezer,,Harbor East Waterfront,,Historical Artist Entry,The Fans,N,,,15/09/2012Harbor East Waterfront,Harbor East Waterfront,2012,09,15
14/09/2012,Weezer,,Casino Rama,,Historical Artist Entry,The Fans,N,,,14/09/2012Casino Rama,Casino Rama,2012,09,14
11/08/2012,Weezer,,Warner Theatre,,Historical Artist Entry,The Fans,N,,,11/08/2012Warner Theatre,Warner Theatre,2012,08,11
29/07/2012,Weezer,,Harrah's Stir Cove,,Historical Artist Entry,The Fans,N,,,29/07/2012Harrah's Stir Cove,Harrah's Stir Cove,2012,07,29
27/07/2012,Weezer,,The Venue at The Horseshoe Casino,,Historical Artist Entry,The Fans,N,,,27/07/2012The Venue at The Horseshoe Casino,The Venue at The Horseshoe Casino,2012,07,27
14/07/2012,Weezer,,Sawyer Point Park,,Historical Artist Entry,The Fans,N,,,14/07/2012Sawyer Point Park,Sawyer Point Park,2012,07,14
13/07/2012,Weezer,,Erie Canal Harbor Central Wharf,,Historical Artist Entry,The Fans,N,,,13/07/2012Erie Canal Harbor Central Wharf,Erie Canal Harbor Central Wharf,2012,07,13
15/06/2012,Weezer,,Mandalay Bay Beach,,Historical Artist Entry,The Fans,N,,,15/06/2012Mandalay Bay Beach,Mandalay Bay Beach,2012,06,15
13/06/2012,Weezer,,Petco Park,,Historical Artist Entry,The Fans,N,,,13/06/2012Petco Park,Petco Park,2012,06,13
10/06/2012,Weezer,,Downtown Cedar Rapids,,Historical Artist Entry,The Fans,N,,,10/06/2012Downtown Cedar Rapids,Downtown Cedar Rapids,2012,06,10
09/06/2012,Weezer,,Cotton Bowl,,Historical Artist Entry,The Fans,N,,,09/06/2012Cotton Bowl,Cotton Bowl,2012,06,09
06/06/2012,Weezer,,The Roxy,,Historical Artist Entry,The Fans,N,,,06/06/2012The Roxy,The Roxy,2012,06,06
01/06/2012,Weezer,,Borgata Event Center,,Historical Artist Entry,The Fans,N,,,01/06/2012Borgata Event Center,Borgata Event Center,2012,06,01
31/05/2012,Weezer,,Mohegan Sun Arena,,Historical Artist Entry,The Fans,N,,,31/05/2012Mohegan Sun Arena,Mohegan Sun Arena,2012,05,31
21/01/2012,Weezer,,Carnival Destiny,,Historical Artist Entry,The Fans,N,,,21/01/2012Carnival Destiny,Carnival Destiny,2012,01,21
20/01/2012,Weezer,,Carnival Destiny,,Historical Artist Entry,The Fans,N,,,20/01/2012Carnival Destiny,Carnival Destiny,2012,01,20
19/01/2012,Weezer,,Carnival Destiny,,Historical Artist Entry,The Fans,N,,,19/01/2012Carnival Destiny,Carnival Destiny,2012,01,19
14/10/2011,Weezer,,Casino Beach,,Historical Artist Entry,The Fans,N,,,14/10/2011Casino Beach,Casino Beach,2011,10,14
12/10/2011,Weezer,,Park West,,Historical Artist Entry,The Fans,N,,,12/10/2011Park West,Park West,2011,10,12
09/10/2011,Weezer,,Congress Theater,,Historical Artist Entry,The Fans,N,,,09/10/2011Congress Theater,Congress Theater,2011,10,09
08/10/2011,Weezer,,Global Event Center at WinStar World Resort,,Historical Artist Entry,The Fans,N,,,08/10/2011Global Event Center at WinStar World Resort,Global Event Center at WinStar World Resort,2011,10,08
04/10/2011,Weezer,,Los Angeles Convention Center,,Historical Artist Entry,The Fans,N,,,04/10/2011Los Angeles Convention Center,Los Angeles Convention Center,2011,10,04
11/09/2011,Weezer,,Doheny State Beach,,Historical Artist Entry,The Fans,N,,,11/09/2011Doheny State Beach,Doheny State Beach,2011,09,11
08/09/2011,Weezer,,Showbox at the Market,,Historical Artist Entry,The Fans,N,,,08/09/2011Showbox at the Market,Showbox at the Market,2011,09,08
03/09/2011,Weezer,,Minnesota State Fair Grandstand,,Historical Artist Entry,The Fans,N,,,03/09/2011Minnesota State Fair Grandstand,Minnesota State Fair Grandstand,2011,09,03
27/08/2011,Weezer,,Fantasy Springs Resort Casino,,Historical Artist Entry,The Fans,N,,,27/08/2011Fantasy Springs Resort Casino,Fantasy Springs Resort Casino,2011,08,27
21/08/2011,Weezer,,Logger Sports Grounds,,Historical Artist Entry,The Fans,N,,,21/08/2011Logger Sports Grounds,Logger Sports Grounds,2011,08,21
20/08/2011,Weezer,,Fort Calgary Historic Park,,Historical Artist Entry,The Fans,N,,,20/08/2011Fort Calgary Historic Park,Fort Calgary Historic Park,2011,08,20
19/08/2011,Weezer,,WaMu Theater,,Historical Artist Entry,The Fans,N,,,19/08/2011WaMu Theater,WaMu Theater,2011,08,19
06/08/2011,Weezer,,Del Mar Fairgrounds,,Historical Artist Entry,The Fans,N,,,06/08/2011Del Mar Fairgrounds,Del Mar Fairgrounds,2011,08,06
05/08/2011,Weezer,,"The Sandbar, Red Rock Hotel and Casino",,Historical Artist Entry,The Fans,N,,,"05/08/2011The Sandbar, Red Rock Hotel and Casino","The Sandbar, Red Rock Hotel and Casino",2011,08,05
04/08/2011,Weezer,,Pacific Amphitheatre,,Historical Artist Entry,The Fans,N,,,04/08/2011Pacific Amphitheatre,Pacific Amphitheatre,2011,08,04
29/07/2011,Weezer,,Nikon at Jones Beach Theater,,Historical Artist Entry,The Fans,N,,,29/07/2011Nikon at Jones Beach Theater,Nikon at Jones Beach Theater,2011,07,29
28/07/2011,Weezer,,PNC Bank Arts Center,,Historical Artist Entry,The Fans,N,,,28/07/2011PNC Bank Arts Center,PNC Bank Arts Center,2011,07,28
16/07/2011,Weezer,,YOKOHAMA ARENA,,Historical Artist Entry,The Fans,N,,,16/07/2011YOKOHAMA ARENA,YOKOHAMA ARENA,2011,07,16
14/07/2011,Weezer,,Zepp Tokyo,,Historical Artist Entry,The Fans,N,,,14/07/2011Zepp Tokyo,Zepp Tokyo,2011,07,14
13/07/2011,Weezer,,Zepp Tokyo,,Historical Artist Entry,The Fans,N,,,13/07/2011Zepp Tokyo,Zepp Tokyo,2011,07,13
10/07/2011,Weezer,,Balado,,Historical Artist Entry,The Fans,N,,,10/07/2011Balado,Balado,2011,07,10
09/07/2011,Weezer,,Knebworth House,,Historical Artist Entry,The Fans,N,,,09/07/2011Knebworth House,Knebworth House,2011,07,09
08/07/2011,Weezer,,Punchestown Racecourse,,Historical Artist Entry,The Fans,N,,,08/07/2011Punchestown Racecourse,Punchestown Racecourse,2011,07,08
06/07/2011,Weezer,,O2 Academy Brixton,,Historical Artist Entry,The Fans,N,,,06/07/2011O2 Academy Brixton,O2 Academy Brixton,2011,07,06
03/07/2011,Weezer,,Centre Bell,,Historical Artist Entry,The Fans,N,,,03/07/2011Centre Bell,Centre Bell,2011,07,03
02/07/2011,Weezer,,Scène Molson Dry,,Historical Artist Entry,The Fans,N,,,02/07/2011Scène Molson Dry,Scène Molson Dry,2011,07,02
01/07/2011,Weezer,,Downsview Park,,Historical Artist Entry,The Fans,N,,,01/07/2011Downsview Park,Downsview Park,2011,07,01
07/06/2011,Weezer,,Stubb's Bar-B-Q,,Historical Artist Entry,The Fans,N,,,07/06/2011Stubb's Bar-B-Q,Stubb's Bar-B-Q,2011,06,07
06/06/2011,Weezer,,Stubb's Bar-B-Q,,Historical Artist Entry,The Fans,N,,,06/06/2011Stubb's Bar-B-Q,Stubb's Bar-B-Q,2011,06,06
05/06/2011,Weezer,,Eleanor Tinsley Park,,Historical Artist Entry,The Fans,N,,,05/06/2011Eleanor Tinsley Park,Eleanor Tinsley Park,2011,06,05
02/06/2011,Weezer,,Gaslamp Quarter,,Historical Artist Entry,The Fans,N,,,02/06/2011Gaslamp Quarter,Gaslamp Quarter,2011,06,02
29/05/2011,Weezer,,Stage AE,,Historical Artist Entry,The Fans,N,,,29/05/2011Stage AE,Stage AE,2011,05,29
28/05/2011,Weezer,,Comcast Theatre,,Historical Artist Entry,The Fans,N,,,28/05/2011Comcast Theatre,Comcast Theatre,2011,05,28
27/05/2011,Weezer,,Event Center,,Historical Artist Entry,The Fans,N,,,27/05/2011Event Center,Event Center,2011,05,27
21/05/2011,Weezer,,RFK Stadium Grounds,,Historical Artist Entry,The Fans,N,,,21/05/2011RFK Stadium Grounds,RFK Stadium Grounds,2011,05,21
20/05/2011,Weezer,,Festival Pier at Penn's Landing,,Historical Artist Entry,The Fans,N,,,20/05/2011Festival Pier at Penn's Landing,Festival Pier at Penn's Landing,2011,05,20
19/05/2011,Weezer,,Bank of America Pavilion,,Historical Artist Entry,The Fans,N,,,19/05/2011Bank of America Pavilion,Bank of America Pavilion,2011,05,19
12/05/2011,Weezer,,,,Historical Artist Entry,The Fans,N,,,12/05/2011,,2011,05,12
30/04/2011,Weezer,,Pizza Hut Park,,Historical Artist Entry,The Fans,N,,,30/04/2011Pizza Hut Park,Pizza Hut Park,2011,04,30
29/04/2011,Weezer,,Downtown Birmingham,,Historical Artist Entry,The Fans,N,,,29/04/2011Downtown Birmingham,Downtown Birmingham,2011,04,29
21/01/2011,Weezer,,The Joint at Hard Rock Hotel,,Historical Artist Entry,The Fans,N,,,21/01/2011The Joint at Hard Rock Hotel,The Joint at Hard Rock Hotel,2011,01,21
08/01/2011,Weezer,,Aragon Ballroom,,Historical Artist Entry,The Fans,N,,,08/01/2011Aragon Ballroom,Aragon Ballroom,2011,01,08
07/01/2011,Weezer,,Aragon Ballroom,,Historical Artist Entry,The Fans,N,,,07/01/2011Aragon Ballroom,Aragon Ballroom,2011,01,07
18/12/2010,Weezer,,Roseland Ballroom,,Historical Artist Entry,The Fans,N,,,18/12/2010Roseland Ballroom,Roseland Ballroom,2010,12,18
17/12/2010,Weezer,,Roseland Ballroom,,Historical Artist Entry,The Fans,N,,,17/12/2010Roseland Ballroom,Roseland Ballroom,2010,12,17
15/12/2010,Weezer,,Orpheum Theatre,,Historical Artist Entry,The Fans,N,,,15/12/2010Orpheum Theatre,Orpheum Theatre,2010,12,15
14/12/2010,Weezer,,Orpheum Theatre,,Historical Artist Entry,The Fans,N,,,14/12/2010Orpheum Theatre,Orpheum Theatre,2010,12,14
12/12/2010,Weezer,,Ford Park,,Historical Artist Entry,The Fans,N,,,12/12/2010Ford Park,Ford Park,2010,12,12
30/11/2010,Weezer,,Masonic Auditorium,,Historical Artist Entry,The Fans,N,,,30/11/2010Masonic Auditorium,Masonic Auditorium,2010,11,30
29/11/2010,Weezer,,Masonic Auditorium,,Historical Artist Entry,The Fans,N,,,29/11/2010Masonic Auditorium,Masonic Auditorium,2010,11,29
27/11/2010,Weezer,,Gibson Amphitheatre,,Historical Artist Entry,The Fans,N,,,27/11/2010Gibson Amphitheatre,Gibson Amphitheatre,2010,11,27
26/11/2010,Weezer,,Gibson Amphitheatre,,Historical Artist Entry,The Fans,N,,,26/11/2010Gibson Amphitheatre,Gibson Amphitheatre,2010,11,26
30/10/2010,Weezer,,Chastain Park Amphitheater,,Historical Artist Entry,The Fans,N,,,30/10/2010Chastain Park Amphitheater,Chastain Park Amphitheater,2010,10,30
29/10/2010,Weezer,,City Park,,Historical Artist Entry,The Fans,N,,,29/10/2010City Park,City Park,2010,10,29
01/10/2010,Weezer,,Bare Pool Lounge at The Mirage,,Historical Artist Entry,The Fans,N,,,01/10/2010Bare Pool Lounge at The Mirage,Bare Pool Lounge at The Mirage,2010,10,01
25/09/2010,Weezer,,Bradley University Arena,,Historical Artist Entry,The Fans,N,,,25/09/2010Bradley University Arena,Bradley University Arena,2010,09,25
24/09/2010,Weezer,,South Oval,,Historical Artist Entry,The Fans,N,,,24/09/2010South Oval,South Oval,2010,09,24
21/09/2010,Weezer,,Dunes Inn,,Historical Artist Entry,The Fans,N,,,21/09/2010Dunes Inn,Dunes Inn,2010,09,21
18/09/2010,Weezer,,Tempe Beach Park,,Historical Artist Entry,The Fans,N,,,18/09/2010Tempe Beach Park,Tempe Beach Park,2010,09,18
15/09/2010,Weezer,,The Tonight Show with Jay Leno,,Historical Artist Entry,The Fans,N,,,15/09/2010The Tonight Show with Jay Leno,The Tonight Show with Jay Leno,2010,09,15
09/09/2010,Weezer,,SiriusXM Studios,,Historical Artist Entry,The Fans,N,,,09/09/2010SiriusXM Studios,SiriusXM Studios,2010,09,09
05/09/2010,Weezer,,Memorial Stadium,,Historical Artist Entry,The Fans,N,,,05/09/2010Memorial Stadium,Memorial Stadium,2010,09,05
04/09/2010,Weezer,,Northlands Grounds,,Historical Artist Entry,The Fans,N,,,04/09/2010Northlands Grounds,Northlands Grounds,2010,09,04
02/09/2010,Weezer,,Champlain Valley Fairgrounds and Exposition Center,,Historical Artist Entry,The Fans,N,,,02/09/2010Champlain Valley Fairgrounds and Exposition Center,Champlain Valley Fairgrounds and Exposition Center,2010,09,02
01/09/2010,Weezer,,Allentown Fairgrounds,,Historical Artist Entry,The Fans,N,,,01/09/2010Allentown Fairgrounds,Allentown Fairgrounds,2010,09,01
29/08/2010,Weezer,,Little John's Farm,,Historical Artist Entry,The Fans,N,,,29/08/2010Little John's Farm,Little John's Farm,2010,08,29
28/08/2010,Weezer,,Bramham Park,,Historical Artist Entry,The Fans,N,,,28/08/2010Bramham Park,Bramham Park,2010,08,28
21/08/2010,Weezer,,Del Mar Fairgrounds,,Historical Artist Entry,The Fans,N,,,21/08/2010Del Mar Fairgrounds,Del Mar Fairgrounds,2010,08,21
15/08/2010,Weezer,,Dick's Sporting Goods Park,,Historical Artist Entry,The Fans,N,,,15/08/2010Dick's Sporting Goods Park,Dick's Sporting Goods Park,2010,08,15
14/08/2010,Weezer,,Westfair Amphitheater,,Historical Artist Entry,The Fans,N,,,14/08/2010Westfair Amphitheater,Westfair Amphitheater,2010,08,14
07/08/2010,Weezer,,Huntington Beach Pier,,Historical Artist Entry,The Fans,N,,,07/08/2010Huntington Beach Pier,Huntington Beach Pier,2010,08,07
01/08/2010,Weezer,,Parc Jean-Drapeau,,Historical Artist Entry,The Fans,N,,,01/08/2010Parc Jean-Drapeau,Parc Jean-Drapeau,2010,08,01
31/07/2010,Weezer,,Celeste Center,,Historical Artist Entry,The Fans,N,,,31/07/2010Celeste Center,Celeste Center,2010,07,31
29/07/2010,Weezer,,Paso Robles Event Center,,Historical Artist Entry,The Fans,N,,,29/07/2010Paso Robles Event Center,Paso Robles Event Center,2010,07,29
24/07/2010,Weezer,,Halifax Common,,Historical Artist Entry,The Fans,N,,,24/07/2010Halifax Common,Halifax Common,2010,07,24
22/07/2010,Weezer,,Mile One Centre,,Historical Artist Entry,The Fans,N,,,22/07/2010Mile One Centre,Mile One Centre,2010,07,22
18/07/2010,Weezer,,LeBreton Flats Park,,Historical Artist Entry,The Fans,N,,,18/07/2010LeBreton Flats Park,LeBreton Flats Park,2010,07,18
16/07/2010,Weezer,,Williamsburg Waterfront,,Historical Artist Entry,The Fans,N,,,16/07/2010Williamsburg Waterfront,Williamsburg Waterfront,2010,07,16
15/07/2010,Weezer,,MGM Grand at Foxwoods,,Historical Artist Entry,The Fans,N,,,15/07/2010MGM Grand at Foxwoods,MGM Grand at Foxwoods,2010,07,15
11/07/2010,Weezer,,Constellation Brands – Marvin Sands Performing Arts Center,,Historical Artist Entry,The Fans,N,,,11/07/2010Constellation Brands – Marvin Sands Performing Arts Center,Constellation Brands – Marvin Sands Performing Arts Center,2010,07,11
10/07/2010,Weezer,,Centennial Park,,Historical Artist Entry,The Fans,N,,,10/07/2010Centennial Park,Centennial Park,2010,07,10
09/07/2010,Weezer,,The Basilica of Saint Mary,,Historical Artist Entry,The Fans,N,,,09/07/2010The Basilica of Saint Mary,The Basilica of Saint Mary,2010,07,09
12/06/2010,Weezer,,Great Stage Park,,Historical Artist Entry,The Fans,N,,,12/06/2010Great Stage Park,Great Stage Park,2010,06,12
11/06/2010,Weezer,,Horseshoe Southern Indiana Outdoor Arena,,Historical Artist Entry,The Fans,N,,,11/06/2010Horseshoe Southern Indiana Outdoor Arena,Horseshoe Southern Indiana Outdoor Arena,2010,06,11
05/06/2010,Weezer,,Henry W. Maier Festival Park,,Historical Artist Entry,The Fans,N,,,05/06/2010Henry W. Maier Festival Park,Henry W. Maier Festival Park,2010,06,05
04/06/2010,Weezer,,City Market,,Historical Artist Entry,The Fans,N,,,04/06/2010City Market,City Market,2010,06,04
19/05/2010,Weezer,,The Ellen DeGeneres Show,,Historical Artist Entry,The Fans,N,,,19/05/2010The Ellen DeGeneres Show,The Ellen DeGeneres Show,2010,05,19
12/05/2010,Weezer,,Lopez Tonight,,Historical Artist Entry,The Fans,N,,,12/05/2010Lopez Tonight,Lopez Tonight,2010,05,12
02/05/2010,Weezer,,Meadowlands Sports Complex,,Historical Artist Entry,The Fans,N,,,02/05/2010Meadowlands Sports Complex,Meadowlands Sports Complex,2010,05,02
01/05/2010,Weezer,,Event Center,,Historical Artist Entry,The Fans,N,,,01/05/2010Event Center,Event Center,2010,05,01
30/04/2010,Weezer,,Byrd Stadium,,Historical Artist Entry,The Fans,N,,,30/04/2010Byrd Stadium,Byrd Stadium,2010,04,30
28/04/2010,Weezer,,West Palm Beach Waterfront,,Historical Artist Entry,The Fans,N,,,28/04/2010West Palm Beach Waterfront,West Palm Beach Waterfront,2010,04,28
26/04/2010,Weezer,,Thom Thom Club,,Historical Artist Entry,The Fans,N,,,26/04/2010Thom Thom Club,Thom Thom Club,2010,04,26
20/01/2010,Weezer,,Tallahassee-Leon City Civic Center,,Historical Artist Entry,The Fans,N,,,20/01/2010Tallahassee-Leon City Civic Center,Tallahassee-Leon City Civic Center,2010,01,20
05/12/2009,Weezer,,Air Canada Centre,,Historical Artist Entry,The Fans,N,,,05/12/2009Air Canada Centre,Air Canada Centre,2009,12,05
03/12/2009,Weezer,,Eagles Ballroom,,Historical Artist Entry,The Fans,N,,,03/12/2009Eagles Ballroom,Eagles Ballroom,2009,12,03
01/12/2009,Weezer,,Aragon Ballroom,,Historical Artist Entry,The Fans,N,,,01/12/2009Aragon Ballroom,Aragon Ballroom,2009,12,01
27/11/2009,Weezer,,Santa Monica Douglas Park,,Historical Artist Entry,The Fans,N,,,27/11/2009Santa Monica Douglas Park,Santa Monica Douglas Park,2009,11,27
24/11/2009,Weezer,,Tonight Show With Conan O'Brien,,Historical Artist Entry,The Fans,N,,,24/11/2009Tonight Show With Conan O'Brien,Tonight Show With Conan O'Brien,2009,11,24
31/10/2009,Weezer,,Hammerstein Ballroom,,Historical Artist Entry,The Fans,N,,,31/10/2009Hammerstein Ballroom,Hammerstein Ballroom,2009,10,31
29/10/2009,Weezer,,Late Show With David Letterman,,Historical Artist Entry,The Fans,N,,,29/10/2009Late Show With David Letterman,Late Show With David Letterman,2009,10,29
28/10/2009,Weezer,,P.C. Richard & Son Theater,,Historical Artist Entry,The Fans,N,,,28/10/2009P.C. Richard & Son Theater,P.C. Richard & Son Theater,2009,10,28
27/10/2009,Weezer,,Hard Rock Cafe,,Historical Artist Entry,The Fans,N,,,27/10/2009Hard Rock Cafe,Hard Rock Cafe,2009,10,27
26/10/2009,Weezer,,Late Show With David Letterman,,Historical Artist Entry,The Fans,N,,,26/10/2009Late Show With David Letterman,Late Show With David Letterman,2009,10,26
24/10/2009,Weezer,,Hollywood Palladium,,Historical Artist Entry,The Fans,N,,,24/10/2009Hollywood Palladium,Hollywood Palladium,2009,10,24
23/10/2009,Weezer,,Jimmy Kimmel Live,,Historical Artist Entry,The Fans,N,,,23/10/2009Jimmy Kimmel Live,Jimmy Kimmel Live,2009,10,23
22/10/2009,Weezer,,AOL Sessions,,Historical Artist Entry,The Fans,N,,,22/10/2009AOL Sessions,AOL Sessions,2009,10,22
21/10/2009,Weezer,,The Grand Ballroom at the Regency Center,,Historical Artist Entry,The Fans,N,,,21/10/2009The Grand Ballroom at the Regency Center,The Grand Ballroom at the Regency Center,2009,10,21
10/10/2009,Weezer,,Hot Topic Headquarters,,Historical Artist Entry,The Fans,N,,,10/10/2009Hot Topic Headquarters,Hot Topic Headquarters,2009,10,10
21/09/2009,Weezer,,The Roxy,,Historical Artist Entry,The Fans,N,,,21/09/2009The Roxy,The Roxy,2009,09,21
17/09/2009,Weezer,,Verizon Wireless Amphitheatre,,Historical Artist Entry,The Fans,N,,,17/09/2009Verizon Wireless Amphitheatre,Verizon Wireless Amphitheatre,2009,09,17
16/09/2009,Weezer,,Cricket Wireless Amphitheatre,,Historical Artist Entry,The Fans,N,,,16/09/2009Cricket Wireless Amphitheatre,Cricket Wireless Amphitheatre,2009,09,16
13/09/2009,Weezer,,Shoreline Amphitheatre,,Historical Artist Entry,The Fans,N,,,13/09/2009Shoreline Amphitheatre,Shoreline Amphitheatre,2009,09,13
12/09/2009,Weezer,,Sleep Train Amphitheatre,,Historical Artist Entry,The Fans,N,,,12/09/2009Sleep Train Amphitheatre,Sleep Train Amphitheatre,2009,09,12
10/09/2009,Weezer,,White River Amphitheatre,,Historical Artist Entry,The Fans,N,,,10/09/2009White River Amphitheatre,White River Amphitheatre,2009,09,10
06/09/2009,Weezer,,Fiddler's Green Amphitheatre,,Historical Artist Entry,The Fans,N,,,06/09/2009Fiddler's Green Amphitheatre,Fiddler's Green Amphitheatre,2009,09,06
04/09/2009,Weezer,,Capitol Federal Park at Sandstone Amphitheater,,Historical Artist Entry,The Fans,N,,,04/09/2009Capitol Federal Park at Sandstone Amphitheater,Capitol Federal Park at Sandstone Amphitheater,2009,09,04
31/08/2009,Weezer,,Saratoga Performing Arts Center,,Historical Artist Entry,The Fans,N,,,31/08/2009Saratoga Performing Arts Center,Saratoga Performing Arts Center,2009,08,31
30/08/2009,Weezer,,Merriweather Post Pavilion,,Historical Artist Entry,The Fans,N,,,30/08/2009Merriweather Post Pavilion,Merriweather Post Pavilion,2009,08,30
29/08/2009,Weezer,,Comcast Theatre,,Historical Artist Entry,The Fans,N,,,29/08/2009Comcast Theatre,Comcast Theatre,2009,08,29
27/08/2009,Weezer,,Susquehanna Bank Center,,Historical Artist Entry,The Fans,N,,,27/08/2009Susquehanna Bank Center,Susquehanna Bank Center,2009,08,27
26/08/2009,Weezer,,PNC Bank Arts Center,,Historical Artist Entry,The Fans,N,,,26/08/2009PNC Bank Arts Center,PNC Bank Arts Center,2009,08,26
25/08/2009,Weezer,,Nikon at Jones Beach Theater,,Historical Artist Entry,The Fans,N,,,25/08/2009Nikon at Jones Beach Theater,Nikon at Jones Beach Theater,2009,08,25
23/08/2009,Weezer,,Molson Amphitheatre,,Historical Artist Entry,The Fans,N,,,23/08/2009Molson Amphitheatre,Molson Amphitheatre,2009,08,23
26/07/2009,Weezer,,GREEN STAGE,,Historical Artist Entry,The Fans,N,,,26/07/2009GREEN STAGE,GREEN STAGE,2009,07,26
24/07/2009,Weezer,,Jisan Forest Resort,,Historical Artist Entry,The Fans,N,,,24/07/2009Jisan Forest Resort,Jisan Forest Resort,2009,07,24
16/05/2009,Weezer,,Verizon Wireless Amphitheatre,,Historical Artist Entry,The Fans,N,,,16/05/2009Verizon Wireless Amphitheatre,Verizon Wireless Amphitheatre,2009,05,16
14/05/2009,Weezer,,Universal Studios Hollywood,,Historical Artist Entry,The Fans,N,,,14/05/2009Universal Studios Hollywood,Universal Studios Hollywood,2009,05,14
14/12/2008,Weezer,,Sony Pictures Studios,,Historical Artist Entry,The Fans,N,,,14/12/2008Sony Pictures Studios,Sony Pictures Studios,2008,12,14
09/11/2008,Weezer,,Private Venue,,Historical Artist Entry,The Fans,N,,,09/11/2008Private Venue,Private Venue,2008,11,09
25/10/2008,Weezer,,The Arena at Gwinnett Center,,Historical Artist Entry,The Fans,N,,,25/10/2008The Arena at Gwinnett Center,The Arena at Gwinnett Center,2008,10,25
23/10/2008,Weezer,,Reliant Arena,,Historical Artist Entry,The Fans,N,,,23/10/2008Reliant Arena,Reliant Arena,2008,10,23
21/10/2008,Weezer,,Nokia Live at Grand Prairie,,Historical Artist Entry,The Fans,N,,,21/10/2008Nokia Live at Grand Prairie,Nokia Live at Grand Prairie,2008,10,21
20/10/2008,Weezer,,Frank Erwin Center,,Historical Artist Entry,The Fans,N,,,20/10/2008Frank Erwin Center,Frank Erwin Center,2008,10,20
18/10/2008,Weezer,,Arizona Veterans Memorial Coliseum,,Historical Artist Entry,The Fans,N,,,18/10/2008Arizona Veterans Memorial Coliseum,Arizona Veterans Memorial Coliseum,2008,10,18
17/10/2008,Weezer,,Cox Arena,,Historical Artist Entry,The Fans,N,,,17/10/2008Cox Arena,Cox Arena,2008,10,17
14/10/2008,Weezer,,Los Angeles Forum,,Historical Artist Entry,The Fans,N,,,14/10/2008Los Angeles Forum,Los Angeles Forum,2008,10,14
13/10/2008,Weezer,,Event Center Arena,,Historical Artist Entry,The Fans,N,,,13/10/2008Event Center Arena,Event Center Arena,2008,10,13
11/10/2008,Weezer,,KeyArena,,Historical Artist Entry,The Fans,N,,,11/10/2008KeyArena,KeyArena,2008,10,11
10/10/2008,Weezer,,General Motors Place,,Historical Artist Entry,The Fans,N,,,10/10/2008General Motors Place,General Motors Place,2008,10,10
09/10/2008,Weezer,,Portland Memorial Coliseum,,Historical Artist Entry,The Fans,N,,,09/10/2008Portland Memorial Coliseum,Portland Memorial Coliseum,2008,10,09
07/10/2008,Weezer,,E Center,,Historical Artist Entry,The Fans,N,,,07/10/2008E Center,E Center,2008,10,07
05/10/2008,Weezer,,Broomfield Event Center,,Historical Artist Entry,The Fans,N,,,05/10/2008Broomfield Event Center,Broomfield Event Center,2008,10,05
03/10/2008,Weezer,,Xcel Energy Center,,Historical Artist Entry,The Fans,N,,,03/10/2008Xcel Energy Center,Xcel Energy Center,2008,10,03
02/10/2008,Weezer,,Allstate Arena,,Historical Artist Entry,The Fans,N,,,02/10/2008Allstate Arena,Allstate Arena,2008,10,02
30/09/2008,Weezer,,Air Canada Centre,,Historical Artist Entry,The Fans,N,,,30/09/2008Air Canada Centre,Air Canada Centre,2008,09,30
29/09/2008,Weezer,,The Palace of Auburn Hills,,Historical Artist Entry,The Fans,N,,,29/09/2008The Palace of Auburn Hills,The Palace of Auburn Hills,2008,09,29
27/09/2008,Weezer,,Susquehanna Bank Center,,Historical Artist Entry,The Fans,N,,,27/09/2008Susquehanna Bank Center,Susquehanna Bank Center,2008,09,27
26/09/2008,Weezer,,Event Center,,Historical Artist Entry,The Fans,N,,,26/09/2008Event Center,Event Center,2008,09,26
24/09/2008,Weezer,,Madison Square Garden,,Historical Artist Entry,The Fans,N,,,24/09/2008Madison Square Garden,Madison Square Garden,2008,09,24
23/09/2008,Weezer,,Tsongas Arena,,Historical Artist Entry,The Fans,N,,,23/09/2008Tsongas Arena,Tsongas Arena,2008,09,23
15/09/2008,Weezer,,Yoyogi Daiichi Taiikukan,,Historical Artist Entry,The Fans,N,,,15/09/2008Yoyogi Daiichi Taiikukan,Yoyogi Daiichi Taiikukan,2008,09,15
13/09/2008,Weezer,,Intex Osaka,,Historical Artist Entry,The Fans,N,,,13/09/2008Intex Osaka,Intex Osaka,2008,09,13
12/09/2008,Weezer,,Zepp Tokyo,,Historical Artist Entry,The Fans,N,,,12/09/2008Zepp Tokyo,Zepp Tokyo,2008,09,12
10/09/2008,Weezer,,Zepp Fukuoka,,Historical Artist Entry,The Fans,N,,,10/09/2008Zepp Fukuoka,Zepp Fukuoka,2008,09,10
09/09/2008,Weezer,,Aichi-ken Kinrou Kaikan,,Historical Artist Entry,The Fans,N,,,09/09/2008Aichi-ken Kinrou Kaikan,Aichi-ken Kinrou Kaikan,2008,09,09
21/08/2008,Weezer,,,,Historical Artist Entry,The Fans,N,,,21/08/2008,,2008,08,21
20/08/2008,Weezer,,Frank Erwin Center,,Historical Artist Entry,The Fans,N,,,20/08/2008Frank Erwin Center,Frank Erwin Center,2008,08,20
18/08/2008,Weezer,,KROQ-FM Studios,,Historical Artist Entry,The Fans,N,,,18/08/2008KROQ-FM Studios,KROQ-FM Studios,2008,08,18
24/07/2008,Weezer,,AOL Sessions,,Historical Artist Entry,The Fans,N,,,24/07/2008AOL Sessions,AOL Sessions,2008,07,24
23/06/2008,Weezer,,,,Historical Artist Entry,The Fans,N,,,23/06/2008,,2008,06,23
21/06/2008,Weezer,,The Vera Project,,Historical Artist Entry,The Fans,N,,,21/06/2008The Vera Project,The Vera Project,2008,06,21
19/06/2008,Weezer,,The Dance Hall at Oaks Park,,Historical Artist Entry,The Fans,N,,,19/06/2008The Dance Hall at Oaks Park,The Dance Hall at Oaks Park,2008,06,19
17/06/2008,Weezer,,The American Legion Post 41,,Historical Artist Entry,The Fans,N,,,17/06/2008The American Legion Post 41,The American Legion Post 41,2008,06,17
22/12/2005,Weezer,,STUDIO COAST,,Historical Artist Entry,The Fans,N,,,22/12/2005STUDIO COAST,STUDIO COAST,2005,12,22
21/12/2005,Weezer,,STUDIO COAST,,Historical Artist Entry,The Fans,N,,,21/12/2005STUDIO COAST,STUDIO COAST,2005,12,21
20/12/2005,Weezer,,STUDIO COAST,,Historical Artist Entry,The Fans,N,,,20/12/2005STUDIO COAST,STUDIO COAST,2005,12,20
19/12/2005,Weezer,,Zepp Tokyo,,Historical Artist Entry,The Fans,N,,,19/12/2005Zepp Tokyo,Zepp Tokyo,2005,12,19
18/12/2005,Weezer,,Zepp Nagoya,,Historical Artist Entry,The Fans,N,,,18/12/2005Zepp Nagoya,Zepp Nagoya,2005,12,18
17/12/2005,Weezer,,Zepp Tokyo,,Historical Artist Entry,The Fans,N,,,17/12/2005Zepp Tokyo,Zepp Tokyo,2005,12,17
16/12/2005,Weezer,,Zepp Tokyo,,Historical Artist Entry,The Fans,N,,,16/12/2005Zepp Tokyo,Zepp Tokyo,2005,12,16
15/12/2005,Weezer,,Zepp Tokyo,,Historical Artist Entry,The Fans,N,,,15/12/2005Zepp Tokyo,Zepp Tokyo,2005,12,15
01/11/2005,Weezer,,AOL Sessions,,Historical Artist Entry,The Fans,N,,,01/11/2005AOL Sessions,AOL Sessions,2005,11,01
30/10/2005,Weezer,,The Joint at Hard Rock Hotel,,Historical Artist Entry,The Fans,N,,,30/10/2005The Joint at Hard Rock Hotel,The Joint at Hard Rock Hotel,2005,10,30
29/10/2005,Weezer,,Selland Arena,,Historical Artist Entry,The Fans,N,,,29/10/2005Selland Arena,Selland Arena,2005,10,29
28/10/2005,Weezer,,The Arena in Oakland,,Historical Artist Entry,The Fans,N,,,28/10/2005The Arena in Oakland,The Arena in Oakland,2005,10,28
26/10/2005,Weezer,,KeyArena,,Historical Artist Entry,The Fans,N,,,26/10/2005KeyArena,KeyArena,2005,10,26
25/10/2005,Weezer,,Portland Memorial Coliseum,,Historical Artist Entry,The Fans,N,,,25/10/2005Portland Memorial Coliseum,Portland Memorial Coliseum,2005,10,25
23/10/2005,Weezer,,Long Beach Arena,,Historical Artist Entry,The Fans,N,,,23/10/2005Long Beach Arena,Long Beach Arena,2005,10,23
22/10/2005,Weezer,,Long Beach Arena,,Historical Artist Entry,The Fans,N,,,22/10/2005Long Beach Arena,Long Beach Arena,2005,10,22
21/10/2005,Weezer,,Santa Barbara Bowl,,Historical Artist Entry,The Fans,N,,,21/10/2005Santa Barbara Bowl,Santa Barbara Bowl,2005,10,21
20/10/2005,Weezer,,The Tonight Show with Jay Leno,,Historical Artist Entry,The Fans,N,,,20/10/2005The Tonight Show with Jay Leno,The Tonight Show with Jay Leno,2005,10,20
17/10/2005,Weezer,,Howard Stern Radio Program,,Historical Artist Entry,The Fans,N,,,17/10/2005Howard Stern Radio Program,Howard Stern Radio Program,2005,10,17
15/10/2005,Weezer,,DCU Center,,Historical Artist Entry,The Fans,N,,,15/10/2005DCU Center,DCU Center,2005,10,15
14/10/2005,Weezer,,Continental Airlines Arena,,Historical Artist Entry,The Fans,N,,,14/10/2005Continental Airlines Arena,Continental Airlines Arena,2005,10,14
13/10/2005,Weezer,,Wachovia Center,,Historical Artist Entry,The Fans,N,,,13/10/2005Wachovia Center,Wachovia Center,2005,10,13
11/10/2005,Weezer,,Arena At Harbor Yard,,Historical Artist Entry,The Fans,N,,,11/10/2005Arena At Harbor Yard,Arena At Harbor Yard,2005,10,11
10/10/2005,Weezer,,Patriot Center,,Historical Artist Entry,The Fans,N,,,10/10/2005Patriot Center,Patriot Center,2005,10,10
08/10/2005,Weezer,,Wolstein Center,,Historical Artist Entry,The Fans,N,,,08/10/2005Wolstein Center,Wolstein Center,2005,10,08
07/10/2005,Weezer,,Joe Louis Arena,,Historical Artist Entry,The Fans,N,,,07/10/2005Joe Louis Arena,Joe Louis Arena,2005,10,07
06/10/2005,Weezer,,Van Andel Arena,,Historical Artist Entry,The Fans,N,,,06/10/2005Van Andel Arena,Van Andel Arena,2005,10,06
04/10/2005,Weezer,,Assembly Hall,,Historical Artist Entry,The Fans,N,,,04/10/2005Assembly Hall,Assembly Hall,2005,10,04
03/10/2005,Weezer,,Allstate Arena,,Historical Artist Entry,The Fans,N,,,03/10/2005Allstate Arena,Allstate Arena,2005,10,03
02/10/2005,Weezer,,Xcel Energy Center,,Historical Artist Entry,The Fans,N,,,02/10/2005Xcel Energy Center,Xcel Energy Center,2005,10,02
30/09/2005,Weezer,,Pepsi Center,,Historical Artist Entry,The Fans,N,,,30/09/2005Pepsi Center,Pepsi Center,2005,09,30
28/09/2005,Weezer,,America West Arena,,Historical Artist Entry,The Fans,N,,,28/09/2005America West Arena,America West Arena,2005,09,28
27/09/2005,Weezer,,Cox Arena,,Historical Artist Entry,The Fans,N,,,27/09/2005Cox Arena,Cox Arena,2005,09,27
26/09/2005,Weezer,,Jimmy Kimmel Live,,Historical Artist Entry,The Fans,N,,,26/09/2005Jimmy Kimmel Live,Jimmy Kimmel Live,2005,09,26
24/09/2005,Weezer,,Curitiba Master Hall,,Historical Artist Entry,The Fans,N,,,24/09/2005Curitiba Master Hall,Curitiba Master Hall,2005,09,24
21/09/2005,Weezer,,Palacio de los Deportes,,Historical Artist Entry,The Fans,N,,,21/09/2005Palacio de los Deportes,Palacio de los Deportes,2005,09,21
20/09/2005,Weezer,,Telehit,,Historical Artist Entry,The Fans,N,,,20/09/2005Telehit,Telehit,2005,09,20
17/09/2005,Weezer,,Hyundai Pavilion,,Historical Artist Entry,The Fans,N,,,17/09/2005Hyundai Pavilion,Hyundai Pavilion,2005,09,17
15/09/2005,Weezer,,Smirnoff Music Centre,,Historical Artist Entry,The Fans,N,,,15/09/2005Smirnoff Music Centre,Smirnoff Music Centre,2005,09,15
14/09/2005,Weezer,,Frank Erwin Center,,Historical Artist Entry,The Fans,N,,,14/09/2005Frank Erwin Center,Frank Erwin Center,2005,09,14
13/09/2005,Weezer,,Cynthia Woods Mitchell Pavilion,,Historical Artist Entry,The Fans,N,,,13/09/2005Cynthia Woods Mitchell Pavilion,Cynthia Woods Mitchell Pavilion,2005,09,13
11/09/2005,Weezer,,St. Pete Times Forum,,Historical Artist Entry,The Fans,N,,,11/09/2005St. Pete Times Forum,St. Pete Times Forum,2005,09,11
10/09/2005,Weezer,,BankAtlantic Center,,Historical Artist Entry,The Fans,N,,,10/09/2005BankAtlantic Center,BankAtlantic Center,2005,09,10
08/09/2005,Weezer,,The Arena at Gwinnett Center,,Historical Artist Entry,The Fans,N,,,08/09/2005The Arena at Gwinnett Center,The Arena at Gwinnett Center,2005,09,08
05/09/2005,Weezer,,Late Show With David Letterman,,Historical Artist Entry,The Fans,N,,,05/09/2005Late Show With David Letterman,Late Show With David Letterman,2005,09,05
26/08/2005,Weezer,,Corn Exchange,,Historical Artist Entry,The Fans,N,,,26/08/2005Corn Exchange,Corn Exchange,2005,08,26
25/08/2005,Weezer,,Manchester Academy 1,,Historical Artist Entry,The Fans,N,,,25/08/2005Manchester Academy 1,Manchester Academy 1,2005,08,25
24/08/2005,Weezer,,Point Theatre,,Historical Artist Entry,The Fans,N,,,24/08/2005Point Theatre,Point Theatre,2005,08,24
22/08/2005,Weezer,,Carling Apollo Hammersmith,,Historical Artist Entry,The Fans,N,,,22/08/2005Carling Apollo Hammersmith,Carling Apollo Hammersmith,2005,08,22
20/08/2005,Weezer,,Stausee,,Historical Artist Entry,The Fans,N,,,20/08/2005Stausee,Stausee,2005,08,20
19/08/2005,Weezer,,Muffathalle,,Historical Artist Entry,The Fans,N,,,19/08/2005Muffathalle,Muffathalle,2005,08,19
18/08/2005,Weezer,,Salzburgring,,Historical Artist Entry,The Fans,N,,,18/08/2005Salzburgring,Salzburgring,2005,08,18
15/08/2005,Weezer,,Zepp Tokyo,,Historical Artist Entry,The Fans,N,,,15/08/2005Zepp Tokyo,Zepp Tokyo,2005,08,15
14/08/2005,Weezer,,Chiba Marine Stadium,,Historical Artist Entry,The Fans,N,,,14/08/2005Chiba Marine Stadium,Chiba Marine Stadium,2005,08,14
13/08/2005,Weezer,,WTC Open Air Stadium,,Historical Artist Entry,The Fans,N,,,13/08/2005WTC Open Air Stadium,WTC Open Air Stadium,2005,08,13
23/07/2005,Weezer,,Grant Park,,Historical Artist Entry,The Fans,N,,,23/07/2005Grant Park,Grant Park,2005,07,23
22/07/2005,Weezer,,Savvis Center,,Historical Artist Entry,The Fans,N,,,22/07/2005Savvis Center,Savvis Center,2005,07,22
21/07/2005,Weezer,,Nashville Municipal Auditorium,,Historical Artist Entry,The Fans,N,,,21/07/2005Nashville Municipal Auditorium,Nashville Municipal Auditorium,2005,07,21
19/07/2005,Weezer,,Hard Rock Live,,Historical Artist Entry,The Fans,N,,,19/07/2005Hard Rock Live,Hard Rock Live,2005,07,19
17/07/2005,Weezer,,House of Blues,,Historical Artist Entry,The Fans,N,,,17/07/2005House of Blues,House of Blues,2005,07,17
16/07/2005,Weezer,,Underground Atlanta,,Historical Artist Entry,The Fans,N,,,16/07/2005Underground Atlanta,Underground Atlanta,2005,07,16
14/07/2005,Weezer,,Borgata Event Center,,Historical Artist Entry,The Fans,N,,,14/07/2005Borgata Event Center,Borgata Event Center,2005,07,14
13/07/2005,Weezer,,Nassau Veterans Memorial Coliseum,,Historical Artist Entry,The Fans,N,,,13/07/2005Nassau Veterans Memorial Coliseum,Nassau Veterans Memorial Coliseum,2005,07,13
12/07/2005,Weezer,,The Colisee,,Historical Artist Entry,The Fans,N,,,12/07/2005The Colisee,The Colisee,2005,07,12
10/07/2005,Weezer,,Stade Uniprix,,Historical Artist Entry,The Fans,N,,,10/07/2005Stade Uniprix,Stade Uniprix,2005,07,10
09/07/2005,Weezer,,Molson Amphitheatre,,Historical Artist Entry,The Fans,N,,,09/07/2005Molson Amphitheatre,Molson Amphitheatre,2005,07,09
07/07/2005,Weezer,,Marcus Amphitheater,,Historical Artist Entry,The Fans,N,,,07/07/2005Marcus Amphitheater,Marcus Amphitheater,2005,07,07
05/07/2005,Weezer,,Verizon Wireless Amphitheater,,Historical Artist Entry,The Fans,N,,,05/07/2005Verizon Wireless Amphitheater,Verizon Wireless Amphitheater,2005,07,05
02/07/2005,Weezer,,Sam Boyd Stadium,,Historical Artist Entry,The Fans,N,,,02/07/2005Sam Boyd Stadium,Sam Boyd Stadium,2005,07,02
17/06/2005,Weezer,,Carling Academy Glasgow,,Historical Artist Entry,The Fans,N,,,17/06/2005Carling Academy Glasgow,Carling Academy Glasgow,2005,06,17
15/06/2005,Weezer,,Carling Academy Brixton,,Historical Artist Entry,The Fans,N,,,15/06/2005Carling Academy Brixton,Carling Academy Brixton,2005,06,15
14/06/2005,Weezer,,Carling Academy Brixton,,Historical Artist Entry,The Fans,N,,,14/06/2005Carling Academy Brixton,Carling Academy Brixton,2005,06,14
13/06/2005,Weezer,,Carling Academy,,Historical Artist Entry,The Fans,N,,,13/06/2005Carling Academy,Carling Academy,2005,06,13
10/06/2005,Weezer,,Pannonia Fields II,,Historical Artist Entry,The Fans,N,,,10/06/2005Pannonia Fields II,Pannonia Fields II,2005,06,10
08/06/2005,Weezer,,L'Olympia Bruno Coquatrix,,Historical Artist Entry,The Fans,N,,,08/06/2005L'Olympia Bruno Coquatrix,L'Olympia Bruno Coquatrix,2005,06,08
07/06/2005,Weezer,,Vicar Street,,Historical Artist Entry,The Fans,N,,,07/06/2005Vicar Street,Vicar Street,2005,06,07
05/06/2005,Weezer,,Grosse Freiheit 36,,Historical Artist Entry,The Fans,N,,,05/06/2005Grosse Freiheit 36,Grosse Freiheit 36,2005,06,05
04/06/2005,Weezer,,Zeppelinfeld,,Historical Artist Entry,The Fans,N,,,04/06/2005Zeppelinfeld,Zeppelinfeld,2005,06,04
03/06/2005,Weezer,,Nürburgring,,Historical Artist Entry,The Fans,N,,,03/06/2005Nürburgring,Nürburgring,2005,06,03
13/05/2005,Weezer,,Tabernacle,,Historical Artist Entry,The Fans,N,,,13/05/2005Tabernacle,Tabernacle,2005,05,13
12/05/2005,Weezer,,Roseland Ballroom,,Historical Artist Entry,The Fans,N,,,12/05/2005Roseland Ballroom,Roseland Ballroom,2005,05,12
11/05/2005,Weezer,,Roseland Ballroom,,Historical Artist Entry,The Fans,N,,,11/05/2005Roseland Ballroom,Roseland Ballroom,2005,05,11
10/05/2005,Weezer,,Electric Factory,,Historical Artist Entry,The Fans,N,,,10/05/2005Electric Factory,Electric Factory,2005,05,10
08/05/2005,Weezer,,Avalon,,Historical Artist Entry,The Fans,N,,,08/05/2005Avalon,Avalon,2005,05,08
06/05/2005,Weezer,,Kool Haus,,Historical Artist Entry,The Fans,N,,,06/05/2005Kool Haus,Kool Haus,2005,05,06
05/05/2005,Weezer,,State Theatre,,Historical Artist Entry,The Fans,N,,,05/05/2005State Theatre,State Theatre,2005,05,05
04/05/2005,Weezer,,Aragon Ballroom,,Historical Artist Entry,The Fans,N,,,04/05/2005Aragon Ballroom,Aragon Ballroom,2005,05,04
03/05/2005,Weezer,,First Avenue,,Historical Artist Entry,The Fans,N,,,03/05/2005First Avenue,First Avenue,2005,05,03
30/04/2005,Weezer,,Empire Polo Club,,Historical Artist Entry,The Fans,N,,,30/04/2005Empire Polo Club,Empire Polo Club,2005,04,30
29/04/2005,Weezer,,The Warfield,,Historical Artist Entry,The Fans,N,,,29/04/2005The Warfield,The Warfield,2005,04,29
27/04/2005,Weezer,,The Moore Theatre,,Historical Artist Entry,The Fans,N,,,27/04/2005The Moore Theatre,The Moore Theatre,2005,04,27
26/04/2005,Weezer,,Commodore Ballroom,,Historical Artist Entry,The Fans,N,,,26/04/2005Commodore Ballroom,Commodore Ballroom,2005,04,26
03/11/2002,Weezer,,The Hotel Cafe,,Historical Artist Entry,The Fans,N,,,03/11/2002The Hotel Cafe,The Hotel Cafe,2002,11,03
26/08/2002,Weezer,,London Arena,,Historical Artist Entry,The Fans,N,,,26/08/2002London Arena,London Arena,2002,08,26
24/08/2002,Weezer,,Temple Newsam,,Historical Artist Entry,The Fans,N,,,24/08/2002Temple Newsam,Temple Newsam,2002,08,24
23/08/2002,Weezer,,Little John's Farm,,Historical Artist Entry,The Fans,N,,,23/08/2002Little John's Farm,Little John's Farm,2002,08,23
21/08/2002,Weezer,,popworld,,Historical Artist Entry,The Fans,N,,,21/08/2002popworld,popworld,2002,08,21
18/08/2002,Weezer,,WTC Open Air Stadium,,Historical Artist Entry,The Fans,N,,,18/08/2002WTC Open Air Stadium,WTC Open Air Stadium,2002,08,18
17/08/2002,Weezer,,Chiba Marine Stadium,,Historical Artist Entry,The Fans,N,,,17/08/2002Chiba Marine Stadium,Chiba Marine Stadium,2002,08,17
10/08/2002,Weezer,,Chronicle Pavilion,,Historical Artist Entry,The Fans,N,,,10/08/2002Chronicle Pavilion,Chronicle Pavilion,2002,08,10
09/08/2002,Weezer,,Verizon Wireless Amphitheatre,,Historical Artist Entry,The Fans,N,,,09/08/2002Verizon Wireless Amphitheatre,Verizon Wireless Amphitheatre,2002,08,09
07/08/2002,Weezer,,Cricket Pavilion,,Historical Artist Entry,The Fans,N,,,07/08/2002Cricket Pavilion,Cricket Pavilion,2002,08,07
04/08/2002,Weezer,,Verizon Wireless Amphitheater,,Historical Artist Entry,The Fans,N,,,04/08/2002Verizon Wireless Amphitheater,Verizon Wireless Amphitheater,2002,08,04
03/08/2002,Weezer,,Smirnoff Music Centre,,Historical Artist Entry,The Fans,N,,,03/08/2002Smirnoff Music Centre,Smirnoff Music Centre,2002,08,03
01/08/2002,Weezer,,Cynthia Woods Mitchell Pavilion,,Historical Artist Entry,The Fans,N,,,01/08/2002Cynthia Woods Mitchell Pavilion,Cynthia Woods Mitchell Pavilion,2002,08,01
30/07/2002,Weezer,,AmSouth Amphitheater,,Historical Artist Entry,The Fans,N,,,30/07/2002AmSouth Amphitheater,AmSouth Amphitheater,2002,07,30
29/07/2002,Weezer,,HiFi Buys Amphitheatre,,Historical Artist Entry,The Fans,N,,,29/07/2002HiFi Buys Amphitheatre,HiFi Buys Amphitheatre,2002,07,29
27/07/2002,Weezer,,Merriweather Post Pavilion,,Historical Artist Entry,The Fans,N,,,27/07/2002Merriweather Post Pavilion,Merriweather Post Pavilion,2002,07,27
26/07/2002,Weezer,,Tweeter Center,,Historical Artist Entry,The Fans,N,,,26/07/2002Tweeter Center,Tweeter Center,2002,07,26
25/07/2002,Weezer,,Late Show With David Letterman,,Historical Artist Entry,The Fans,N,,,25/07/2002Late Show With David Letterman,Late Show With David Letterman,2002,07,25
24/07/2002,Weezer,,Tommy Hilfiger at Jones Beach Theater,,Historical Artist Entry,The Fans,N,,,24/07/2002Tommy Hilfiger at Jones Beach Theater,Tommy Hilfiger at Jones Beach Theater,2002,07,24
23/07/2002,Weezer,,PNC Bank Arts Center,,Historical Artist Entry,The Fans,N,,,23/07/2002PNC Bank Arts Center,PNC Bank Arts Center,2002,07,23
21/07/2002,Weezer,,Tweeter Center for the Performing Arts,,Historical Artist Entry,The Fans,N,,,21/07/2002Tweeter Center for the Performing Arts,Tweeter Center for the Performing Arts,2002,07,21
20/07/2002,Weezer,,ctnow.com Meadows Music Theatre,,Historical Artist Entry,The Fans,N,,,20/07/2002ctnow.com Meadows Music Theatre,ctnow.com Meadows Music Theatre,2002,07,20
18/07/2002,Weezer,,Polaris Amphitheater,,Historical Artist Entry,The Fans,N,,,18/07/2002Polaris Amphitheater,Polaris Amphitheater,2002,07,18
17/07/2002,Weezer,,Verizon Wireless Music Center,,Historical Artist Entry,The Fans,N,,,17/07/2002Verizon Wireless Music Center,Verizon Wireless Music Center,2002,07,17
15/07/2002,Weezer,,Blossom Music Center,,Historical Artist Entry,The Fans,N,,,15/07/2002Blossom Music Center,Blossom Music Center,2002,07,15
14/07/2002,Weezer,,Molson Amphitheatre,,Historical Artist Entry,The Fans,N,,,14/07/2002Molson Amphitheatre,Molson Amphitheatre,2002,07,14
12/07/2002,Weezer,,DTE Energy Music Theatre,,Historical Artist Entry,The Fans,N,,,12/07/2002DTE Energy Music Theatre,DTE Energy Music Theatre,2002,07,12
11/07/2002,Weezer,,Tweeter Center Chicago,,Historical Artist Entry,The Fans,N,,,11/07/2002Tweeter Center Chicago,Tweeter Center Chicago,2002,07,11
09/07/2002,Weezer,,Xcel Energy Center,,Historical Artist Entry,The Fans,N,,,09/07/2002Xcel Energy Center,Xcel Energy Center,2002,07,09
07/07/2002,Weezer,,Red Rocks Amphitheatre,,Historical Artist Entry,The Fans,N,,,07/07/2002Red Rocks Amphitheatre,Red Rocks Amphitheatre,2002,07,07
06/07/2002,Weezer,,E Center,,Historical Artist Entry,The Fans,N,,,06/07/2002E Center,E Center,2002,07,06
27/05/2002,Weezer,,Nippon Budokan,,Historical Artist Entry,The Fans,N,,,27/05/2002Nippon Budokan,Nippon Budokan,2002,05,27
26/05/2002,Weezer,,Zepp Tokyo,,Historical Artist Entry,The Fans,N,,,26/05/2002Zepp Tokyo,Zepp Tokyo,2002,05,26
25/05/2002,Weezer,,Aichi Kousei Nenkin Kaikan,,Historical Artist Entry,The Fans,N,,,25/05/2002Aichi Kousei Nenkin Kaikan,Aichi Kousei Nenkin Kaikan,2002,05,25
23/05/2002,Weezer,,Zepp Osaka,,Historical Artist Entry,The Fans,N,,,23/05/2002Zepp Osaka,Zepp Osaka,2002,05,23
22/05/2002,Weezer,,Zepp Osaka,,Historical Artist Entry,The Fans,N,,,22/05/2002Zepp Osaka,Zepp Osaka,2002,05,22
20/05/2002,Weezer,,Hiroshima CLUB QUATTRO,,Historical Artist Entry,The Fans,N,,,20/05/2002Hiroshima CLUB QUATTRO,Hiroshima CLUB QUATTRO,2002,05,20
19/05/2002,Weezer,,Zepp Fukuoka,,Historical Artist Entry,The Fans,N,,,19/05/2002Zepp Fukuoka,Zepp Fukuoka,2002,05,19
18/05/2002,Weezer,,Zepp Tokyo,,Historical Artist Entry,The Fans,N,,,18/05/2002Zepp Tokyo,Zepp Tokyo,2002,05,18
16/05/2002,Weezer,,Zepp Sendai,,Historical Artist Entry,The Fans,N,,,16/05/2002Zepp Sendai,Zepp Sendai,2002,05,16
13/05/2002,Weezer,,Whisky A Go Go,,Historical Artist Entry,The Fans,N,,,13/05/2002Whisky A Go Go,Whisky A Go Go,2002,05,13
11/05/2002,Weezer,,Anselmo Valencia Amphitheater,,Historical Artist Entry,The Fans,N,,,11/05/2002Anselmo Valencia Amphitheater,Anselmo Valencia Amphitheater,2002,05,11
10/05/2002,Weezer,,Albuquerque Convention Center,,Historical Artist Entry,The Fans,N,,,10/05/2002Albuquerque Convention Center,Albuquerque Convention Center,2002,05,10
08/05/2002,Weezer,,City Auditorium,,Historical Artist Entry,The Fans,N,,,08/05/2002City Auditorium,City Auditorium,2002,05,08
07/05/2002,Weezer,,Kansas Coliseum,,Historical Artist Entry,The Fans,N,,,07/05/2002Kansas Coliseum,Kansas Coliseum,2002,05,07
05/05/2002,Weezer,,Pershing Center,,Historical Artist Entry,The Fans,N,,,05/05/2002Pershing Center,Pershing Center,2002,05,05
04/05/2002,Weezer,,Hilton Coliseum,,Historical Artist Entry,The Fans,N,,,04/05/2002Hilton Coliseum,Hilton Coliseum,2002,05,04
02/05/2002,Weezer,,Fargodome,,Historical Artist Entry,The Fans,N,,,02/05/2002Fargodome,Fargodome,2002,05,02
01/05/2002,Weezer,,MetraPark Arena,,Historical Artist Entry,The Fans,N,,,01/05/2002MetraPark Arena,MetraPark Arena,2002,05,01
29/04/2002,Weezer,,Adams Center,,Historical Artist Entry,The Fans,N,,,29/04/2002Adams Center,Adams Center,2002,04,29
28/04/2002,Weezer,,Beasley Performing Arts Coliseum,,Historical Artist Entry,The Fans,N,,,28/04/2002Beasley Performing Arts Coliseum,Beasley Performing Arts Coliseum,2002,04,28
26/04/2002,Weezer,,Pacific Coliseum,,Historical Artist Entry,The Fans,N,,,26/04/2002Pacific Coliseum,Pacific Coliseum,2002,04,26
24/04/2002,Weezer,,The Stampede Corral,,Historical Artist Entry,The Fans,N,,,24/04/2002The Stampede Corral,The Stampede Corral,2002,04,24
23/04/2002,Weezer,,Northlands AgriCom,,Historical Artist Entry,The Fans,N,,,23/04/2002Northlands AgriCom,Northlands AgriCom,2002,04,23
27/03/2002,Weezer,,Hit Machine,,Historical Artist Entry,The Fans,N,,,27/03/2002Hit Machine,Hit Machine,2002,03,27
24/03/2002,Weezer,,Brixton Academy,,Historical Artist Entry,The Fans,N,,,24/03/2002Brixton Academy,Brixton Academy,2002,03,24
23/03/2002,Weezer,,Southampton Guildhall,,Historical Artist Entry,The Fans,N,,,23/03/2002Southampton Guildhall,Southampton Guildhall,2002,03,23
21/03/2002,Weezer,,Carling Academy,,Historical Artist Entry,The Fans,N,,,21/03/2002Carling Academy,Carling Academy,2002,03,21
20/03/2002,Weezer,,Barrowland,,Historical Artist Entry,The Fans,N,,,20/03/2002Barrowland,Barrowland,2002,03,20
19/03/2002,Weezer,,Carling Apollo Manchester,,Historical Artist Entry,The Fans,N,,,19/03/2002Carling Apollo Manchester,Carling Apollo Manchester,2002,03,19
16/03/2002,Weezer,,Donosti Arena,,Historical Artist Entry,The Fans,N,,,16/03/2002Donosti Arena,Donosti Arena,2002,03,16
15/03/2002,Weezer,,Palau Sant Jordi,,Historical Artist Entry,The Fans,N,,,15/03/2002Palau Sant Jordi,Palau Sant Jordi,2002,03,15
13/03/2002,Weezer,,Palacio Vistalegre,,Historical Artist Entry,The Fans,N,,,13/03/2002Palacio Vistalegre,Palacio Vistalegre,2002,03,13
12/03/2002,Weezer,,Coliseu do Porto,,Historical Artist Entry,The Fans,N,,,12/03/2002Coliseu do Porto,Coliseu do Porto,2002,03,12
11/03/2002,Weezer,,Coliseu dos Recreios,,Historical Artist Entry,The Fans,N,,,11/03/2002Coliseu dos Recreios,Coliseu dos Recreios,2002,03,11
26/02/2002,Weezer,,Long Beach Arena,,Historical Artist Entry,The Fans,N,,,26/02/2002Long Beach Arena,Long Beach Arena,2002,02,26
25/02/2002,Weezer,,Mars Music Amphitheatre,,Historical Artist Entry,The Fans,N,,,25/02/2002Mars Music Amphitheatre,Mars Music Amphitheatre,2002,02,25
24/02/2002,Weezer,,Ice Palace,,Historical Artist Entry,The Fans,N,,,24/02/2002Ice Palace,Ice Palace,2002,02,24
22/02/2002,Weezer,,Raleigh Entertainment and Sports Arena,,Historical Artist Entry,The Fans,N,,,22/02/2002Raleigh Entertainment and Sports Arena,Raleigh Entertainment and Sports Arena,2002,02,22
21/02/2002,Weezer,,Nashville Municipal Auditorium,,Historical Artist Entry,The Fans,N,,,21/02/2002Nashville Municipal Auditorium,Nashville Municipal Auditorium,2002,02,21
18/02/2002,Weezer,,Mellon Arena,,Historical Artist Entry,The Fans,N,,,18/02/2002Mellon Arena,Mellon Arena,2002,02,18
17/02/2002,Weezer,,Pepsi Arena,,Historical Artist Entry,The Fans,N,,,17/02/2002Pepsi Arena,Pepsi Arena,2002,02,17
15/02/2002,Weezer,,Centre Molson,,Historical Artist Entry,The Fans,N,,,15/02/2002Centre Molson,Centre Molson,2002,02,15
14/02/2002,Weezer,,Copps Coliseum,,Historical Artist Entry,The Fans,N,,,14/02/2002Copps Coliseum,Copps Coliseum,2002,02,14
12/02/2002,Weezer,,Bryce Jordan Center,,Historical Artist Entry,The Fans,N,,,12/02/2002Bryce Jordan Center,Bryce Jordan Center,2002,02,12
11/02/2002,Weezer,,Continental Airlines Arena,,Historical Artist Entry,The Fans,N,,,11/02/2002Continental Airlines Arena,Continental Airlines Arena,2002,02,11
09/02/2002,Weezer,,First Union Arena,,Historical Artist Entry,The Fans,N,,,09/02/2002First Union Arena,First Union Arena,2002,02,09
08/02/2002,Weezer,,Tsongas Arena,,Historical Artist Entry,The Fans,N,,,08/02/2002Tsongas Arena,Tsongas Arena,2002,02,08
07/02/2002,Weezer,,Blue Cross Arena,,Historical Artist Entry,The Fans,N,,,07/02/2002Blue Cross Arena,Blue Cross Arena,2002,02,07
05/02/2002,Weezer,,Cricket Arena,,Historical Artist Entry,The Fans,N,,,05/02/2002Cricket Arena,Cricket Arena,2002,02,05
13/12/2001,Weezer,,The Icehouse,,Historical Artist Entry,The Fans,N,,,13/12/2001The Icehouse,The Icehouse,2001,12,13
11/12/2001,Weezer,,Cumberland County Civic Center,,Historical Artist Entry,The Fans,N,,,11/12/2001Cumberland County Civic Center,Cumberland County Civic Center,2001,12,11
09/12/2001,Weezer,,Baltimore Arena,,Historical Artist Entry,The Fans,N,,,09/12/2001Baltimore Arena,Baltimore Arena,2001,12,09
08/12/2001,Weezer,,CSU Convocation Center,,Historical Artist Entry,The Fans,N,,,08/12/2001CSU Convocation Center,CSU Convocation Center,2001,12,08
06/12/2001,Weezer,,Wings Stadium,,Historical Artist Entry,The Fans,N,,,06/12/2001Wings Stadium,Wings Stadium,2001,12,06
05/12/2001,Weezer,,Value City Arena,,Historical Artist Entry,The Fans,N,,,05/12/2001Value City Arena,Value City Arena,2001,12,05
03/12/2001,Weezer,,Redbird Arena,,Historical Artist Entry,The Fans,N,,,03/12/2001Redbird Arena,Redbird Arena,2001,12,03
02/12/2001,Weezer,,Alliant Energy Center,,Historical Artist Entry,The Fans,N,,,02/12/2001Alliant Energy Center,Alliant Energy Center,2001,12,02
30/11/2001,Weezer,,Municipal Auditorium,,Historical Artist Entry,The Fans,N,,,30/11/2001Municipal Auditorium,Municipal Auditorium,2001,11,30
29/11/2001,Weezer,,Family Arena,,Historical Artist Entry,The Fans,N,,,29/11/2001Family Arena,Family Arena,2001,11,29
27/11/2001,Weezer,,Fort Worth Convention Center,,Historical Artist Entry,The Fans,N,,,27/11/2001Fort Worth Convention Center,Fort Worth Convention Center,2001,11,27
26/11/2001,Weezer,,Freeman Coliseum,,Historical Artist Entry,The Fans,N,,,26/11/2001Freeman Coliseum,Freeman Coliseum,2001,11,26
24/11/2001,Weezer,,America West Arena,,Historical Artist Entry,The Fans,N,,,24/11/2001America West Arena,America West Arena,2001,11,24
23/11/2001,Weezer,,Long Beach Arena,,Historical Artist Entry,The Fans,N,,,23/11/2001Long Beach Arena,Long Beach Arena,2001,11,23
20/11/2001,Weezer,,Cox Arena,,Historical Artist Entry,The Fans,N,,,20/11/2001Cox Arena,Cox Arena,2001,11,20
19/11/2001,Weezer,,Event Center Arena,,Historical Artist Entry,The Fans,N,,,19/11/2001Event Center Arena,Event Center Arena,2001,11,19
17/11/2001,Weezer,,Bank of America Center,,Historical Artist Entry,The Fans,N,,,17/11/2001Bank of America Center,Bank of America Center,2001,11,17
15/11/2001,Weezer,,KeyArena,,Historical Artist Entry,The Fans,N,,,15/11/2001KeyArena,KeyArena,2001,11,15
13/11/2001,Weezer,,Rose Garden Arena,,Historical Artist Entry,The Fans,N,,,13/11/2001Rose Garden Arena,Rose Garden Arena,2001,11,13
08/11/2001,Weezer,,The Viper Room,,Historical Artist Entry,The Fans,N,,,08/11/2001The Viper Room,The Viper Room,2001,11,08
07/11/2001,Weezer,,The Viper Room,,Historical Artist Entry,The Fans,N,,,07/11/2001The Viper Room,The Viper Room,2001,11,07
06/11/2001,Weezer,,The Viper Room,,Historical Artist Entry,The Fans,N,,,06/11/2001The Viper Room,The Viper Room,2001,11,06
24/10/2001,Weezer,,Knitting Factory,,Historical Artist Entry,The Fans,N,,,24/10/2001Knitting Factory,Knitting Factory,2001,10,24
29/09/2001,Weezer,,Jones Beach Theater,,Historical Artist Entry,The Fans,N,,,29/09/2001Jones Beach Theater,Jones Beach Theater,2001,09,29
28/09/2001,Weezer,,Patriot Center,,Historical Artist Entry,The Fans,N,,,28/09/2001Patriot Center,Patriot Center,2001,09,28
26/09/2001,Weezer,,First Union Spectrum,,Historical Artist Entry,The Fans,N,,,26/09/2001First Union Spectrum,First Union Spectrum,2001,09,26
25/09/2001,Weezer,,Tweeter Center for the Performing Arts,,Historical Artist Entry,The Fans,N,,,25/09/2001Tweeter Center for the Performing Arts,Tweeter Center for the Performing Arts,2001,09,25
24/09/2001,Weezer,,Arrow Hall,,Historical Artist Entry,The Fans,N,,,24/09/2001Arrow Hall,Arrow Hall,2001,09,24
22/09/2001,Weezer,,Cobo Arena,,Historical Artist Entry,The Fans,N,,,22/09/2001Cobo Arena,Cobo Arena,2001,09,22
21/09/2001,Weezer,,United Center,,Historical Artist Entry,The Fans,N,,,21/09/2001United Center,United Center,2001,09,21
20/09/2001,Weezer,,Roy Wilkins Auditorium,,Historical Artist Entry,The Fans,N,,,20/09/2001Roy Wilkins Auditorium,Roy Wilkins Auditorium,2001,09,20
18/09/2001,Weezer,,Denver Coliseum,,Historical Artist Entry,The Fans,N,,,18/09/2001Denver Coliseum,Denver Coliseum,2001,09,18
17/09/2001,Weezer,,E Center,,Historical Artist Entry,The Fans,N,,,17/09/2001E Center,E Center,2001,09,17
15/09/2001,Weezer,,Cox Pavilion,,Historical Artist Entry,The Fans,N,,,15/09/2001Cox Pavilion,Cox Pavilion,2001,09,15
12/09/2001,Weezer,,Henry J. Kaiser Convention Center,,Historical Artist Entry,The Fans,N,,,12/09/2001Henry J. Kaiser Convention Center,Henry J. Kaiser Convention Center,2001,09,12
25/08/2001,Weezer,,Blockbuster Pavilion,,Historical Artist Entry,The Fans,N,,,25/08/2001Blockbuster Pavilion,Blockbuster Pavilion,2001,08,25
27/07/2001,Weezer,,The Tonight Show with Jay Leno,,Historical Artist Entry,The Fans,N,,,27/07/2001The Tonight Show with Jay Leno,The Tonight Show with Jay Leno,2001,07,27
25/07/2001,Weezer,,Tweeter Center,,Historical Artist Entry,The Fans,N,,,25/07/2001Tweeter Center,Tweeter Center,2001,07,25
24/07/2001,Weezer,,Irving Plaza,,Historical Artist Entry,The Fans,N,,,24/07/2001Irving Plaza,Irving Plaza,2001,07,24
05/07/2001,Weezer,,Top of the Pops,,Historical Artist Entry,The Fans,N,,,05/07/2001Top of the Pops,Top of the Pops,2001,07,05
05/07/2001,Weezer,,Shepherd's Bush Empire,,Historical Artist Entry,The Fans,N,,,05/07/2001Shepherd's Bush Empire,Shepherd's Bush Empire,2001,07,05
04/07/2001,Weezer,,Shepherd's Bush Empire,,Historical Artist Entry,The Fans,N,,,04/07/2001Shepherd's Bush Empire,Shepherd's Bush Empire,2001,07,04
03/07/2001,Weezer,,Shepherd's Bush Empire,,Historical Artist Entry,The Fans,N,,,03/07/2001Shepherd's Bush Empire,Shepherd's Bush Empire,2001,07,03
01/07/2001,Weezer,,Festivalpark,,Historical Artist Entry,The Fans,N,,,01/07/2001Festivalpark,Festivalpark,2001,07,01
29/06/2001,Weezer,,Razzmatazz 2,,Historical Artist Entry,The Fans,N,,,29/06/2001Razzmatazz 2,Razzmatazz 2,2001,06,29
28/06/2001,Weezer,,Sala Arena,,Historical Artist Entry,The Fans,N,,,28/06/2001Sala Arena,Sala Arena,2001,06,28
26/06/2001,Weezer,,Élysée Montmartre,,Historical Artist Entry,The Fans,N,,,26/06/2001Élysée Montmartre,Élysée Montmartre,2001,06,26
25/06/2001,Weezer,,The Max,,Historical Artist Entry,The Fans,N,,,25/06/2001The Max,The Max,2001,06,25
24/06/2001,Weezer,,Eichenring,,Historical Artist Entry,The Fans,N,,,24/06/2001Eichenring,Eichenring,2001,06,24
23/06/2001,Weezer,,take-off GewerbePark,,Historical Artist Entry,The Fans,N,,,23/06/2001take-off GewerbePark,take-off GewerbePark,2001,06,23
21/06/2001,Weezer,,Soundgarden,,Historical Artist Entry,The Fans,N,,,21/06/2001Soundgarden,Soundgarden,2001,06,21
19/06/2001,Weezer,,Pumpehuset,,Historical Artist Entry,The Fans,N,,,19/06/2001Pumpehuset,Pumpehuset,2001,06,19
18/06/2001,Weezer,,Rockefeller Music Hall,,Historical Artist Entry,The Fans,N,,,18/06/2001Rockefeller Music Hall,Rockefeller Music Hall,2001,06,18
16/06/2001,Weezer,,Hawaii,,Historical Artist Entry,The Fans,N,,,16/06/2001Hawaii,Hawaii,2001,06,16
15/06/2001,Weezer,,Törnävä,,Historical Artist Entry,The Fans,N,,,15/06/2001Törnävä,Törnävä,2001,06,15
13/06/2001,Weezer,,BBC Radio 1 Studios,,Historical Artist Entry,The Fans,N,,,13/06/2001BBC Radio 1 Studios,BBC Radio 1 Studios,2001,06,13
12/06/2001,Weezer,,The Pepsi Chart Show,,Historical Artist Entry,The Fans,N,,,12/06/2001The Pepsi Chart Show,The Pepsi Chart Show,2001,06,12
10/06/2001,Weezer,,T4,,Historical Artist Entry,The Fans,N,,,10/06/2001T4,T4,2001,06,10
08/06/2001,Weezer,,Ontario Place's ''Island Club'',,Historical Artist Entry,The Fans,N,,,08/06/2001Ontario Place's ''Island Club'',Ontario Place's ''Island Club'',2001,06,08
07/06/2001,Weezer,,Hudson River,,Historical Artist Entry,The Fans,N,,,07/06/2001Hudson River,Hudson River,2001,06,07
06/06/2001,Weezer,,Virgin Megastore,,Historical Artist Entry,The Fans,N,,,06/06/2001Virgin Megastore,Virgin Megastore,2001,06,06
05/06/2001,Weezer,,Late Night With Conan O'Brien,,Historical Artist Entry,The Fans,N,,,05/06/2001Late Night With Conan O'Brien,Late Night With Conan O'Brien,2001,06,05
04/06/2001,Weezer,,Blue Horizon,,Historical Artist Entry,The Fans,N,,,04/06/2001Blue Horizon,Blue Horizon,2001,06,04
02/06/2001,Weezer,,Shrine Auditorium,,Historical Artist Entry,The Fans,N,,,02/06/2001Shrine Auditorium,Shrine Auditorium,2001,06,02
31/05/2001,Weezer,,The George Washington University,,Historical Artist Entry,The Fans,N,,,31/05/2001The George Washington University,The George Washington University,2001,05,31
30/05/2001,Weezer,,The Beachcomber,,Historical Artist Entry,The Fans,N,,,30/05/2001The Beachcomber,The Beachcomber,2001,05,30
29/05/2001,Weezer,,Fleet Pavilion,,Historical Artist Entry,The Fans,N,,,29/05/2001Fleet Pavilion,Fleet Pavilion,2001,05,29
28/05/2001,Weezer,,Robert F. Kennedy Memorial Stadium,,Historical Artist Entry,The Fans,N,,,28/05/2001Robert F. Kennedy Memorial Stadium,Robert F. Kennedy Memorial Stadium,2001,05,28
25/05/2001,Weezer,,Fireside Bowl,,Historical Artist Entry,The Fans,N,,,25/05/2001Fireside Bowl,Fireside Bowl,2001,05,25
22/05/2001,Weezer,,Airborne Skatepark,,Historical Artist Entry,The Fans,N,,,22/05/2001Airborne Skatepark,Airborne Skatepark,2001,05,22
20/05/2001,Weezer,,Riverport Amphitheatre,,Historical Artist Entry,The Fans,N,,,20/05/2001Riverport Amphitheatre,Riverport Amphitheatre,2001,05,20
19/05/2001,Weezer,,Saturday Night Live,,Historical Artist Entry,The Fans,N,,,19/05/2001Saturday Night Live,Saturday Night Live,2001,05,19
17/05/2001,Weezer,,Six Flags Magic Mountain,,Historical Artist Entry,The Fans,N,,,17/05/2001Six Flags Magic Mountain,Six Flags Magic Mountain,2001,05,17
15/05/2001,Weezer,,Tower Records,,Historical Artist Entry,The Fans,N,,,15/05/2001Tower Records,Tower Records,2001,05,15
13/05/2001,Weezer,,Will Rogers Downs,,Historical Artist Entry,The Fans,N,,,13/05/2001Will Rogers Downs,Will Rogers Downs,2001,05,13
12/05/2001,Weezer,,Smirnoff Music Centre,,Historical Artist Entry,The Fans,N,,,12/05/2001Smirnoff Music Centre,Smirnoff Music Centre,2001,05,12
11/05/2001,Weezer,,Stubb's Bar-B-Q,,Historical Artist Entry,The Fans,N,,,11/05/2001Stubb's Bar-B-Q,Stubb's Bar-B-Q,2001,05,11
09/05/2001,Weezer,,Rawhide Western Town and Event Center,,Historical Artist Entry,The Fans,N,,,09/05/2001Rawhide Western Town and Event Center,Rawhide Western Town and Event Center,2001,05,09
08/05/2001,Weezer,,XETRA-FM Studios,,Historical Artist Entry,The Fans,N,,,08/05/2001XETRA-FM Studios,XETRA-FM Studios,2001,05,08
08/05/2001,Weezer,,Kearny Mesa Bowl,,Historical Artist Entry,The Fans,N,,,08/05/2001Kearny Mesa Bowl,Kearny Mesa Bowl,2001,05,08
28/04/2001,Weezer,,Empire Polo Club,,Historical Artist Entry,The Fans,N,,,28/04/2001Empire Polo Club,Empire Polo Club,2001,04,28
26/04/2001,Weezer,,Zepp Tokyo,,Historical Artist Entry,The Fans,N,,,26/04/2001Zepp Tokyo,Zepp Tokyo,2001,04,26
25/04/2001,Weezer,,Zepp Tokyo,,Historical Artist Entry,The Fans,N,,,25/04/2001Zepp Tokyo,Zepp Tokyo,2001,04,25
23/04/2001,Weezer,,Club Diamond Hall,,Historical Artist Entry,The Fans,N,,,23/04/2001Club Diamond Hall,Club Diamond Hall,2001,04,23
21/04/2001,Weezer,,Zepp Osaka,,Historical Artist Entry,The Fans,N,,,21/04/2001Zepp Osaka,Zepp Osaka,2001,04,21
20/04/2001,Weezer,,Zepp Osaka,,Historical Artist Entry,The Fans,N,,,20/04/2001Zepp Osaka,Zepp Osaka,2001,04,20
19/04/2001,Weezer,,Aster Plaza,,Historical Artist Entry,The Fans,N,,,19/04/2001Aster Plaza,Aster Plaza,2001,04,19
18/04/2001,Weezer,,Zepp Fukuoka,,Historical Artist Entry,The Fans,N,,,18/04/2001Zepp Fukuoka,Zepp Fukuoka,2001,04,18
17/04/2001,Weezer,,Club Diamond Hall,,Historical Artist Entry,The Fans,N,,,17/04/2001Club Diamond Hall,Club Diamond Hall,2001,04,17
16/04/2001,Weezer,,Zepp Sendai,,Historical Artist Entry,The Fans,N,,,16/04/2001Zepp Sendai,Zepp Sendai,2001,04,16
15/04/2001,Weezer,,Akasaka BLITZ,,Historical Artist Entry,The Fans,N,,,15/04/2001Akasaka BLITZ,Akasaka BLITZ,2001,04,15
18/03/2001,Weezer,,RIMAC Arena,,Historical Artist Entry,The Fans,N,,,18/03/2001RIMAC Arena,RIMAC Arena,2001,03,18
17/03/2001,Weezer,,Bill Graham Civic Auditorium,,Historical Artist Entry,The Fans,N,,,17/03/2001Bill Graham Civic Auditorium,Bill Graham Civic Auditorium,2001,03,17
16/03/2001,Weezer,,Hollywood Palladium,,Historical Artist Entry,The Fans,N,,,16/03/2001Hollywood Palladium,Hollywood Palladium,2001,03,16
14/03/2001,Weezer,,Fillmore Auditorium,,Historical Artist Entry,The Fans,N,,,14/03/2001Fillmore Auditorium,Fillmore Auditorium,2001,03,14
12/03/2001,Weezer,,Memorial Hall,,Historical Artist Entry,The Fans,N,,,12/03/2001Memorial Hall,Memorial Hall,2001,03,12
11/03/2001,Weezer,,Hearnes Center,,Historical Artist Entry,The Fans,N,,,11/03/2001Hearnes Center,Hearnes Center,2001,03,11
10/03/2001,Weezer,,Eagles Ballroom,,Historical Artist Entry,The Fans,N,,,10/03/2001Eagles Ballroom,Eagles Ballroom,2001,03,10
09/03/2001,Weezer,,Aragon Ballroom,,Historical Artist Entry,The Fans,N,,,09/03/2001Aragon Ballroom,Aragon Ballroom,2001,03,09
08/03/2001,Weezer,,State Theatre,,Historical Artist Entry,The Fans,N,,,08/03/2001State Theatre,State Theatre,2001,03,08
06/03/2001,Weezer,,Recreation and Convocation Center,,Historical Artist Entry,The Fans,N,,,06/03/2001Recreation and Convocation Center,Recreation and Convocation Center,2001,03,06
05/03/2001,Weezer,,Roseland Ballroom,,Historical Artist Entry,The Fans,N,,,05/03/2001Roseland Ballroom,Roseland Ballroom,2001,03,05
04/03/2001,Weezer,,Lowell Memorial Auditorium,,Historical Artist Entry,The Fans,N,,,04/03/2001Lowell Memorial Auditorium,Lowell Memorial Auditorium,2001,03,04
03/03/2001,Weezer,,Electric Factory,,Historical Artist Entry,The Fans,N,,,03/03/2001Electric Factory,Electric Factory,2001,03,03
02/03/2001,Weezer,,Bender Arena,,Historical Artist Entry,The Fans,N,,,02/03/2001Bender Arena,Bender Arena,2001,03,02
01/03/2001,Weezer,,Grady Cole Center,,Historical Artist Entry,The Fans,N,,,01/03/2001Grady Cole Center,Grady Cole Center,2001,03,01
27/02/2001,Weezer,,The Classic Center,,Historical Artist Entry,The Fans,N,,,27/02/2001The Classic Center,The Classic Center,2001,02,27
26/02/2001,Weezer,,USF Sun Dome,,Historical Artist Entry,The Fans,N,,,26/02/2001USF Sun Dome,USF Sun Dome,2001,02,26
25/02/2001,Weezer,,Sunrise Musical Theater,,Historical Artist Entry,The Fans,N,,,25/02/2001Sunrise Musical Theater,Sunrise Musical Theater,2001,02,25
22/02/2001,Weezer,,Aerial Theater at Bayou Place,,Historical Artist Entry,The Fans,N,,,22/02/2001Aerial Theater at Bayou Place,Aerial Theater at Bayou Place,2001,02,22
21/02/2001,Weezer,,Austin Music Hall,,Historical Artist Entry,The Fans,N,,,21/02/2001Austin Music Hall,Austin Music Hall,2001,02,21
31/12/2000,Weezer,,Cox Arena,,Historical Artist Entry,The Fans,N,,,31/12/2000Cox Arena,Cox Arena,2000,12,31
30/12/2000,Weezer,,Knitting Factory,,Historical Artist Entry,The Fans,N,,,30/12/2000Knitting Factory,Knitting Factory,2000,12,30
17/12/2000,Weezer,,Universal Amphitheatre,,Historical Artist Entry,The Fans,N,,,17/12/2000Universal Amphitheatre,Universal Amphitheatre,2000,12,17
16/12/2000,Weezer,,Universal Amphitheatre,,Historical Artist Entry,The Fans,N,,,16/12/2000Universal Amphitheatre,Universal Amphitheatre,2000,12,16
15/12/2000,Weezer,,Troubadour,,Historical Artist Entry,The Fans,N,,,15/12/2000Troubadour,Troubadour,2000,12,15
14/12/2000,Weezer,,Spaceland,,Historical Artist Entry,The Fans,N,,,14/12/2000Spaceland,Spaceland,2000,12,14
17/09/2000,Weezer,,Wild Waters,,Historical Artist Entry,The Fans,N,,,17/09/2000Wild Waters,Wild Waters,2000,09,17
15/09/2000,Weezer,,Ogden Theatre,,Historical Artist Entry,The Fans,N,,,15/09/2000Ogden Theatre,Ogden Theatre,2000,09,15
14/09/2000,Weezer,,El Rey Theater,,Historical Artist Entry,The Fans,N,,,14/09/2000El Rey Theater,El Rey Theater,2000,09,14
12/09/2000,Weezer,,Deep Ellum Live,,Historical Artist Entry,The Fans,N,,,12/09/2000Deep Ellum Live,Deep Ellum Live,2000,09,12
11/09/2000,Weezer,,Numbers,,Historical Artist Entry,The Fans,N,,,11/09/2000Numbers,Numbers,2000,09,11
10/09/2000,Weezer,,Auditorium Shores,,Historical Artist Entry,The Fans,N,,,10/09/2000Auditorium Shores,Auditorium Shores,2000,09,10
09/09/2000,Weezer,,Cain's Ballroom,,Historical Artist Entry,The Fans,N,,,09/09/2000Cain's Ballroom,Cain's Ballroom,2000,09,09
08/09/2000,Weezer,,Granada Theater,,Historical Artist Entry,The Fans,N,,,08/09/2000Granada Theater,Granada Theater,2000,09,08
07/09/2000,Weezer,,The Blue Note,,Historical Artist Entry,The Fans,N,,,07/09/2000The Blue Note,The Blue Note,2000,09,07
06/09/2000,Weezer,,First Avenue,,Historical Artist Entry,The Fans,N,,,06/09/2000First Avenue,First Avenue,2000,09,06
05/09/2000,Weezer,,The Rave,,Historical Artist Entry,The Fans,N,,,05/09/2000The Rave,The Rave,2000,09,05
03/09/2000,Weezer,,Metro,,Historical Artist Entry,The Fans,N,,,03/09/2000Metro,Metro,2000,09,03
02/09/2000,Weezer,,Saint Andrew's Hall,,Historical Artist Entry,The Fans,N,,,02/09/2000Saint Andrew's Hall,Saint Andrew's Hall,2000,09,02
01/09/2000,Weezer,,Runwayz,,Historical Artist Entry,The Fans,N,,,01/09/2000Runwayz,Runwayz,2000,09,01
31/08/2000,Weezer,,The Phoenix Concert Theatre,,Historical Artist Entry,The Fans,N,,,31/08/2000The Phoenix Concert Theatre,The Phoenix Concert Theatre,2000,08,31
30/08/2000,Weezer,,The Odeon,,Historical Artist Entry,The Fans,N,,,30/08/2000The Odeon,The Odeon,2000,08,30
29/08/2000,Weezer,,The Theatre of Living Arts,,Historical Artist Entry,The Fans,N,,,29/08/2000The Theatre of Living Arts,The Theatre of Living Arts,2000,08,29
28/08/2000,Weezer,,9:30 Club,,Historical Artist Entry,The Fans,N,,,28/08/20009:30 Club,9:30 Club,2000,08,28
26/08/2000,Weezer,,Lupo's Heartbreak Hotel,,Historical Artist Entry,The Fans,N,,,26/08/2000Lupo's Heartbreak Hotel,Lupo's Heartbreak Hotel,2000,08,26
25/08/2000,Weezer,,Axis,,Historical Artist Entry,The Fans,N,,,25/08/2000Axis,Axis,2000,08,25
24/08/2000,Weezer,,The Stone Pony,,Historical Artist Entry,The Fans,N,,,24/08/2000The Stone Pony,The Stone Pony,2000,08,24
23/08/2000,Weezer,,Irving Plaza,,Historical Artist Entry,The Fans,N,,,23/08/2000Irving Plaza,Irving Plaza,2000,08,23
10/08/2000,Weezer,,Shibuya CLUB QUATTRO,,Historical Artist Entry,The Fans,N,,,10/08/2000Shibuya CLUB QUATTRO,Shibuya CLUB QUATTRO,2000,08,10
06/08/2000,Weezer,,Conifer Forest,,Historical Artist Entry,The Fans,N,,,06/08/2000Conifer Forest,Conifer Forest,2000,08,06
05/08/2000,Weezer,,WTC Open Air Stadium,,Historical Artist Entry,The Fans,N,,,05/08/2000WTC Open Air Stadium,WTC Open Air Stadium,2000,08,05
30/07/2000,Weezer,,Troubadour,,Historical Artist Entry,The Fans,N,,,30/07/2000Troubadour,Troubadour,2000,07,30
29/07/2000,Weezer,,Whisky A Go Go,,Historical Artist Entry,The Fans,N,,,29/07/2000Whisky A Go Go,Whisky A Go Go,2000,07,29
28/07/2000,Weezer,,Crest Theatre,,Historical Artist Entry,The Fans,N,,,28/07/2000Crest Theatre,Crest Theatre,2000,07,28
26/07/2000,Weezer,,Cactus Club,,Historical Artist Entry,The Fans,N,,,26/07/2000Cactus Club,Cactus Club,2000,07,26
25/07/2000,Weezer,,Slim's,,Historical Artist Entry,The Fans,N,,,25/07/2000Slim's,Slim's,2000,07,25
23/07/2000,Weezer,,Showbox Comedy and Supper Club,,Historical Artist Entry,The Fans,N,,,23/07/2000Showbox Comedy and Supper Club,Showbox Comedy and Supper Club,2000,07,23
22/07/2000,Weezer,,Aladdin Theater,,Historical Artist Entry,The Fans,N,,,22/07/2000Aladdin Theater,Aladdin Theater,2000,07,22
21/07/2000,Weezer,,Sixth & Main,,Historical Artist Entry,The Fans,N,,,21/07/2000Sixth & Main,Sixth & Main,2000,07,21
20/07/2000,Weezer,,DV8,,Historical Artist Entry,The Fans,N,,,20/07/2000DV8,DV8,2000,07,20
19/07/2000,Weezer,,Sanctuary,,Historical Artist Entry,The Fans,N,,,19/07/2000Sanctuary,Sanctuary,2000,07,19
18/07/2000,Weezer,,Boston's,,Historical Artist Entry,The Fans,N,,,18/07/2000Boston's,Boston's,2000,07,18
17/07/2000,Weezer,,Canes Bar & Grill,,Historical Artist Entry,The Fans,N,,,17/07/2000Canes Bar & Grill,Canes Bar & Grill,2000,07,17
04/07/2000,Weezer,,The Glass House,,Historical Artist Entry,The Fans,N,,,04/07/2000The Glass House,The Glass House,2000,07,04
03/07/2000,Weezer,,The Glass House,,Historical Artist Entry,The Fans,N,,,03/07/2000The Glass House,The Glass House,2000,07,03
02/07/2000,Weezer,,Boreal Mountain Resort,,Historical Artist Entry,The Fans,N,,,02/07/2000Boreal Mountain Resort,Boreal Mountain Resort,2000,07,02
01/07/2000,Weezer,,Pier 30/32,,Historical Artist Entry,The Fans,N,,,01/07/2000Pier 30/32,Pier 30/32,2000,07,01
30/06/2000,Weezer,,Arrowhead Pond of Anaheim,,Historical Artist Entry,The Fans,N,,,30/06/2000Arrowhead Pond of Anaheim,Arrowhead Pond of Anaheim,2000,06,30
29/06/2000,Weezer,,Arrowhead Pond of Anaheim,,Historical Artist Entry,The Fans,N,,,29/06/2000Arrowhead Pond of Anaheim,Arrowhead Pond of Anaheim,2000,06,29
28/06/2000,Weezer,,Ventura County Fairgrounds,,Historical Artist Entry,The Fans,N,,,28/06/2000Ventura County Fairgrounds,Ventura County Fairgrounds,2000,06,28
25/06/2000,Weezer,,Manzanita Speedway,,Historical Artist Entry,The Fans,N,,,25/06/2000Manzanita Speedway,Manzanita Speedway,2000,06,25
24/06/2000,Weezer,,Coors Amphitheatre,,Historical Artist Entry,The Fans,N,,,24/06/2000Coors Amphitheatre,Coors Amphitheatre,2000,06,24
23/06/2000,Weezer,,Fresno State University Amphitheater,,Historical Artist Entry,The Fans,N,,,23/06/2000Fresno State University Amphitheater,Fresno State University Amphitheater,2000,06,23
22/06/2000,Weezer,,Spaceland,,Historical Artist Entry,The Fans,N,,,22/06/2000Spaceland,Spaceland,2000,06,22
21/06/2000,Weezer,,Lava Lounge,,Historical Artist Entry,The Fans,N,,,21/06/2000Lava Lounge,Lava Lounge,2000,06,21
20/06/2000,Weezer,,The Casbah,,Historical Artist Entry,The Fans,N,,,20/06/2000The Casbah,The Casbah,2000,06,20
17/06/2000,Weezer,,Jerry's Pizza & Pub,,Historical Artist Entry,The Fans,N,,,17/06/2000Jerry's Pizza & Pub,Jerry's Pizza & Pub,2000,06,17
16/06/2000,Weezer,,Yucatan,,Historical Artist Entry,The Fans,N,,,16/06/2000Yucatan,Yucatan,2000,06,16
02/11/1998,Weezer,,,,Historical Artist Entry,The Fans,N,,,02/11/1998,,1998,11,02
01/11/1998,Weezer,,The Garage,,Historical Artist Entry,The Fans,N,,,01/11/1998The Garage,The Garage,1998,11,01
15/08/1997,Weezer,,The Palace,,Historical Artist Entry,The Fans,N,,,15/08/1997The Palace,The Palace,1997,08,15
09/08/1997,Weezer,,Nimitz Hall,,Historical Artist Entry,The Fans,N,,,09/08/1997Nimitz Hall,Nimitz Hall,1997,08,09
06/08/1997,Weezer,,Hwa Sha Auditorium,,Historical Artist Entry,The Fans,N,,,06/08/1997Hwa Sha Auditorium,Hwa Sha Auditorium,1997,08,06
04/08/1997,Weezer,,Dance Fever,,Historical Artist Entry,The Fans,N,,,04/08/1997Dance Fever,Dance Fever,1997,08,04
02/08/1997,Weezer,,Nagoya CLUB QUATTRO,,Historical Artist Entry,The Fans,N,,,02/08/1997Nagoya CLUB QUATTRO,Nagoya CLUB QUATTRO,1997,08,02
01/08/1997,Weezer,,PENNY LANE 24,,Historical Artist Entry,The Fans,N,,,01/08/1997PENNY LANE 24,PENNY LANE 24,1997,08,01
30/07/1997,Weezer,,DRUM LOGOS,,Historical Artist Entry,The Fans,N,,,30/07/1997DRUM LOGOS,DRUM LOGOS,1997,07,30
29/07/1997,Weezer,,Shinsaibashi CLUB QUATTRO,,Historical Artist Entry,The Fans,N,,,29/07/1997Shinsaibashi CLUB QUATTRO,Shinsaibashi CLUB QUATTRO,1997,07,29
20/07/1997,Weezer,,Galaxy Theatre,,Historical Artist Entry,The Fans,N,,,20/07/1997Galaxy Theatre,Galaxy Theatre,1997,07,20
19/07/1997,Weezer,,The Fillmore,,Historical Artist Entry,The Fans,N,,,19/07/1997The Fillmore,The Fillmore,1997,07,19
18/07/1997,Weezer,,The Edge,,Historical Artist Entry,The Fans,N,,,18/07/1997The Edge,The Edge,1997,07,18
16/07/1997,Weezer,,La Luna,,Historical Artist Entry,The Fans,N,,,16/07/1997La Luna,La Luna,1997,07,16
15/07/1997,Weezer,,DV8,,Historical Artist Entry,The Fans,N,,,15/07/1997DV8,DV8,1997,07,15
12/07/1997,Weezer,,"MacEwan Hall, University of Calgary",,Historical Artist Entry,The Fans,N,,,"12/07/1997MacEwan Hall, University of Calgary","MacEwan Hall, University of Calgary",1997,07,12
11/07/1997,Weezer,,"MacEwan Hall, University of Calgary",,Historical Artist Entry,The Fans,N,,,"11/07/1997MacEwan Hall, University of Calgary","MacEwan Hall, University of Calgary",1997,07,11
09/07/1997,Weezer,,DV8,,Historical Artist Entry,The Fans,N,,,09/07/1997DV8,DV8,1997,07,09
08/07/1997,Weezer,,Ogden Theatre,,Historical Artist Entry,The Fans,N,,,08/07/1997Ogden Theatre,Ogden Theatre,1997,07,08
06/07/1997,Weezer,,Granada Theater,,Historical Artist Entry,The Fans,N,,,06/07/1997Granada Theater,Granada Theater,1997,07,06
05/07/1997,Weezer,,Ranch Bowl,,Historical Artist Entry,The Fans,N,,,05/07/1997Ranch Bowl,Ranch Bowl,1997,07,05
03/07/1997,Weezer,,New World Music Theatre,,Historical Artist Entry,The Fans,N,,,03/07/1997New World Music Theatre,New World Music Theatre,1997,07,03
02/07/1997,Weezer,,Marcus Amphitheater,,Historical Artist Entry,The Fans,N,,,02/07/1997Marcus Amphitheater,Marcus Amphitheater,1997,07,02
01/07/1997,Weezer,,Target Center,,Historical Artist Entry,The Fans,N,,,01/07/1997Target Center,Target Center,1997,07,01
29/06/1997,Weezer,,The Palace of Auburn Hills,,Historical Artist Entry,The Fans,N,,,29/06/1997The Palace of Auburn Hills,The Palace of Auburn Hills,1997,06,29
28/06/1997,Weezer,,Blossom Music Center,,Historical Artist Entry,The Fans,N,,,28/06/1997Blossom Music Center,Blossom Music Center,1997,06,28
28/06/1997,Weezer,,North AmeriCare Park,,Historical Artist Entry,The Fans,N,,,28/06/1997North AmeriCare Park,North AmeriCare Park,1997,06,28
26/06/1997,Weezer,,Great Woods Center for the Performing Arts,,Historical Artist Entry,The Fans,N,,,26/06/1997Great Woods Center for the Performing Arts,Great Woods Center for the Performing Arts,1997,06,26
25/06/1997,Weezer,,Roseland Ballroom,,Historical Artist Entry,The Fans,N,,,25/06/1997Roseland Ballroom,Roseland Ballroom,1997,06,25
24/06/1997,Weezer,,PNC Bank Arts Center,,Historical Artist Entry,The Fans,N,,,24/06/1997PNC Bank Arts Center,PNC Bank Arts Center,1997,06,24
23/06/1997,Weezer,,Jones Beach Theater,,Historical Artist Entry,The Fans,N,,,23/06/1997Jones Beach Theater,Jones Beach Theater,1997,06,23
20/06/1997,Weezer,,Blockbuster-Sony Music Entertainment Centre,,Historical Artist Entry,The Fans,N,,,20/06/1997Blockbuster-Sony Music Entertainment Centre,Blockbuster-Sony Music Entertainment Centre,1997,06,20
20/06/1997,Weezer,,WRNB-FM Studios,,Historical Artist Entry,The Fans,N,,,20/06/1997WRNB-FM Studios,WRNB-FM Studios,1997,06,20
19/06/1997,Weezer,,Tink's Entertainment Complex,,Historical Artist Entry,The Fans,N,,,19/06/1997Tink's Entertainment Complex,Tink's Entertainment Complex,1997,06,19
18/06/1997,Weezer,,Nissan Pavilion,,Historical Artist Entry,The Fans,N,,,18/06/1997Nissan Pavilion,Nissan Pavilion,1997,06,18
17/06/1997,Weezer,,GTE Virginia Beach Amphitheater,,Historical Artist Entry,The Fans,N,,,17/06/1997GTE Virginia Beach Amphitheater,GTE Virginia Beach Amphitheater,1997,06,17
15/06/1997,Weezer,,Coca-Cola Lakewood Amphitheatre,,Historical Artist Entry,The Fans,N,,,15/06/1997Coca-Cola Lakewood Amphitheatre,Coca-Cola Lakewood Amphitheatre,1997,06,15
14/06/1997,Weezer,,World's Fair Park,,Historical Artist Entry,The Fans,N,,,14/06/1997World's Fair Park,World's Fair Park,1997,06,14
13/06/1997,Weezer,,Starwood Amphitheatre,,Historical Artist Entry,The Fans,N,,,13/06/1997Starwood Amphitheatre,Starwood Amphitheatre,1997,06,13
11/06/1997,Weezer,,Riverport Amphitheatre,,Historical Artist Entry,The Fans,N,,,11/06/1997Riverport Amphitheatre,Riverport Amphitheatre,1997,06,11
10/06/1997,Weezer,,Sandstone Amphitheater,,Historical Artist Entry,The Fans,N,,,10/06/1997Sandstone Amphitheater,Sandstone Amphitheater,1997,06,10
09/06/1997,Weezer,,Crown Bingo Arena,,Historical Artist Entry,The Fans,N,,,09/06/1997Crown Bingo Arena,Crown Bingo Arena,1997,06,09
08/06/1997,Weezer,,Westfair Amphitheater,,Historical Artist Entry,The Fans,N,,,08/06/1997Westfair Amphitheater,Westfair Amphitheater,1997,06,08
06/06/1997,Weezer,,Red Rocks Amphitheatre,,Historical Artist Entry,The Fans,N,,,06/06/1997Red Rocks Amphitheatre,Red Rocks Amphitheatre,1997,06,06
05/06/1997,Weezer,,KXRX-FM Studios,,Historical Artist Entry,The Fans,N,,,05/06/1997KXRX-FM Studios,KXRX-FM Studios,1997,06,05
05/06/1997,Weezer,,Delta Center,,Historical Artist Entry,The Fans,N,,,05/06/1997Delta Center,Delta Center,1997,06,05
03/06/1997,Weezer,,San Diego Sports Arena,,Historical Artist Entry,The Fans,N,,,03/06/1997San Diego Sports Arena,San Diego Sports Arena,1997,06,03
01/06/1997,Weezer,,Arrowhead Pond of Anaheim,,Historical Artist Entry,The Fans,N,,,01/06/1997Arrowhead Pond of Anaheim,Arrowhead Pond of Anaheim,1997,06,01
31/05/1997,Weezer,,Arrowhead Pond of Anaheim,,Historical Artist Entry,The Fans,N,,,31/05/1997Arrowhead Pond of Anaheim,Arrowhead Pond of Anaheim,1997,05,31
30/05/1997,Weezer,,Shoreline Amphitheatre,,Historical Artist Entry,The Fans,N,,,30/05/1997Shoreline Amphitheatre,Shoreline Amphitheatre,1997,05,30
29/05/1997,Weezer,,The Catalyst,,Historical Artist Entry,The Fans,N,,,29/05/1997The Catalyst,The Catalyst,1997,05,29
27/05/1997,Weezer,,Rose Garden Arena,,Historical Artist Entry,The Fans,N,,,27/05/1997Rose Garden Arena,Rose Garden Arena,1997,05,27
26/05/1997,Weezer,,Pacific Coliseum,,Historical Artist Entry,The Fans,N,,,26/05/1997Pacific Coliseum,Pacific Coliseum,1997,05,26
24/05/1997,Weezer,,The Gorge Amphitheatre,,Historical Artist Entry,The Fans,N,,,24/05/1997The Gorge Amphitheatre,The Gorge Amphitheatre,1997,05,24
23/05/1997,Weezer,,The Moore Theatre,,Historical Artist Entry,The Fans,N,,,23/05/1997The Moore Theatre,The Moore Theatre,1997,05,23
21/05/1997,Weezer,,KNDD Studios,,Historical Artist Entry,The Fans,N,,,21/05/1997KNDD Studios,KNDD Studios,1997,05,21
19/05/1997,Weezer,,Lansdowne Street,,Historical Artist Entry,The Fans,N,,,19/05/1997Lansdowne Street,Lansdowne Street,1997,05,19
24/01/1997,Weezer,,Barrymore Theatre,,Historical Artist Entry,The Fans,N,,,24/01/1997Barrymore Theatre,Barrymore Theatre,1997,01,24
23/01/1997,Weezer,,The Rave,,Historical Artist Entry,The Fans,N,,,23/01/1997The Rave,The Rave,1997,01,23
22/01/1997,Weezer,,Newport Music Hall,,Historical Artist Entry,The Fans,N,,,22/01/1997Newport Music Hall,Newport Music Hall,1997,01,22
21/01/1997,Weezer,,The Brewery,,Historical Artist Entry,The Fans,N,,,21/01/1997The Brewery,The Brewery,1997,01,21
19/01/1997,Weezer,,Tremont Music Hall,,Historical Artist Entry,The Fans,N,,,19/01/1997Tremont Music Hall,Tremont Music Hall,1997,01,19
18/01/1997,Weezer,,Music Farm,,Historical Artist Entry,The Fans,N,,,18/01/1997Music Farm,Music Farm,1997,01,18
17/01/1997,Weezer,,Ziggy's,,Historical Artist Entry,The Fans,N,,,17/01/1997Ziggy's,Ziggy's,1997,01,17
15/01/1997,Weezer,,Marrz,,Historical Artist Entry,The Fans,N,,,15/01/1997Marrz,Marrz,1997,01,15
14/01/1997,Weezer,,The Boathouse,,Historical Artist Entry,The Fans,N,,,14/01/1997The Boathouse,The Boathouse,1997,01,14
13/01/1997,Weezer,,The Flood Zone,,Historical Artist Entry,The Fans,N,,,13/01/1997The Flood Zone,The Flood Zone,1997,01,13
11/01/1997,Weezer,,Metropol,,Historical Artist Entry,The Fans,N,,,11/01/1997Metropol,Metropol,1997,01,11
10/01/1997,Weezer,,Convention Hall,,Historical Artist Entry,The Fans,N,,,10/01/1997Convention Hall,Convention Hall,1997,01,10
09/01/1997,Weezer,,The Chameleon Club,,Historical Artist Entry,The Fans,N,,,09/01/1997The Chameleon Club,The Chameleon Club,1997,01,09
21/12/1996,Weezer,,The Palace,,Historical Artist Entry,The Fans,N,,,21/12/1996The Palace,The Palace,1996,12,21
18/12/1996,Weezer,,Deep Ellum Live,,Historical Artist Entry,The Fans,N,,,18/12/1996Deep Ellum Live,Deep Ellum Live,1996,12,18
17/12/1996,Weezer,,Liberty Lunch,,Historical Artist Entry,The Fans,N,,,17/12/1996Liberty Lunch,Liberty Lunch,1996,12,17
16/12/1996,Weezer,,Numbers,,Historical Artist Entry,The Fans,N,,,16/12/1996Numbers,Numbers,1996,12,16
15/12/1996,Weezer,,House of Blues,,Historical Artist Entry,The Fans,N,,,15/12/1996House of Blues,House of Blues,1996,12,15
14/12/1996,Weezer,,Bijou Theatre,,Historical Artist Entry,The Fans,N,,,14/12/1996Bijou Theatre,Bijou Theatre,1996,12,14
13/12/1996,Weezer,,328 Performance Hall,,Historical Artist Entry,The Fans,N,,,13/12/1996328 Performance Hall,328 Performance Hall,1996,12,13
12/12/1996,Weezer,,Heaven,,Historical Artist Entry,The Fans,N,,,12/12/1996Heaven,Heaven,1996,12,12
10/12/1996,Weezer,,Club Firestone,,Historical Artist Entry,The Fans,N,,,10/12/1996Club Firestone,Club Firestone,1996,12,10
09/12/1996,Weezer,,Theatre Club,,Historical Artist Entry,The Fans,N,,,09/12/1996Theatre Club,Theatre Club,1996,12,09
08/12/1996,Weezer,,Spec's Music,,Historical Artist Entry,The Fans,N,,,08/12/1996Spec's Music,Spec's Music,1996,12,08
07/12/1996,Weezer,,Florida Theatre,,Historical Artist Entry,The Fans,N,,,07/12/1996Florida Theatre,Florida Theatre,1996,12,07
05/12/1996,Weezer,,Electric Factory,,Historical Artist Entry,The Fans,N,,,05/12/1996Electric Factory,Electric Factory,1996,12,05
04/12/1996,Weezer,,Toad's Place,,Historical Artist Entry,The Fans,N,,,04/12/1996Toad's Place,Toad's Place,1996,12,04
03/12/1996,Weezer,,Tower Records,,Historical Artist Entry,The Fans,N,,,03/12/1996Tower Records,Tower Records,1996,12,03
03/12/1996,Weezer,,KROQ Studios,,Historical Artist Entry,The Fans,N,,,03/12/1996KROQ Studios,KROQ Studios,1996,12,03
03/12/1996,Weezer,,Roseland Ballroom,,Historical Artist Entry,The Fans,N,,,03/12/1996Roseland Ballroom,Roseland Ballroom,1996,12,03
01/12/1996,Weezer,,The Theatre of Living Arts,,Historical Artist Entry,The Fans,N,,,01/12/1996The Theatre of Living Arts,The Theatre of Living Arts,1996,12,01
01/12/1996,Weezer,,Rosemont Horizon,,Historical Artist Entry,The Fans,N,,,01/12/1996Rosemont Horizon,Rosemont Horizon,1996,12,01
30/11/1996,Weezer,,9:30 Club,,Historical Artist Entry,The Fans,N,,,30/11/19969:30 Club,9:30 Club,1996,11,30
27/11/1996,Weezer,,Lupo's Heartbreak Hotel,,Historical Artist Entry,The Fans,N,,,27/11/1996Lupo's Heartbreak Hotel,Lupo's Heartbreak Hotel,1996,11,27
26/11/1996,Weezer,,Avalon,,Historical Artist Entry,The Fans,N,,,26/11/1996Avalon,Avalon,1996,11,26
25/11/1996,Weezer,,Harro East Ballroom,,Historical Artist Entry,The Fans,N,,,25/11/1996Harro East Ballroom,Harro East Ballroom,1996,11,25
23/11/1996,Weezer,,Metropolis,,Historical Artist Entry,The Fans,N,,,23/11/1996Metropolis,Metropolis,1996,11,23
22/11/1996,Weezer,,CFNY-FM Studios,,Historical Artist Entry,The Fans,N,,,22/11/1996CFNY-FM Studios,CFNY-FM Studios,1996,11,22
22/11/1996,Weezer,,299 Queen Street West,,Historical Artist Entry,The Fans,N,,,22/11/1996299 Queen Street West,299 Queen Street West,1996,11,22
22/11/1996,Weezer,,The Phoenix Concert Theatre,,Historical Artist Entry,The Fans,N,,,22/11/1996The Phoenix Concert Theatre,The Phoenix Concert Theatre,1996,11,22
21/11/1996,Weezer,,Ogden Street Music Hall,,Historical Artist Entry,The Fans,N,,,21/11/1996Ogden Street Music Hall,Ogden Street Music Hall,1996,11,21
20/11/1996,Weezer,,The Odeon,,Historical Artist Entry,The Fans,N,,,20/11/1996The Odeon,The Odeon,1996,11,20
19/11/1996,Weezer,,Saint Andrew's Hall,,Historical Artist Entry,The Fans,N,,,19/11/1996Saint Andrew's Hall,Saint Andrew's Hall,1996,11,19
17/11/1996,Weezer,,Bogart's,,Historical Artist Entry,The Fans,N,,,17/11/1996Bogart's,Bogart's,1996,11,17
16/11/1996,Weezer,,Riviera Theatre,,Historical Artist Entry,The Fans,N,,,16/11/1996Riviera Theatre,Riviera Theatre,1996,11,16
15/11/1996,Weezer,,First Avenue,,Historical Artist Entry,The Fans,N,,,15/11/1996First Avenue,First Avenue,1996,11,15
13/11/1996,Weezer,,Mississippi Nights,,Historical Artist Entry,The Fans,N,,,13/11/1996Mississippi Nights,Mississippi Nights,1996,11,13
12/11/1996,Weezer,,The Blue Note,,Historical Artist Entry,The Fans,N,,,12/11/1996The Blue Note,The Blue Note,1996,11,12
11/11/1996,Weezer,,Granada Theater,,Historical Artist Entry,The Fans,N,,,11/11/1996Granada Theater,Granada Theater,1996,11,11
10/11/1996,Weezer,,Ogden Theatre,,Historical Artist Entry,The Fans,N,,,10/11/1996Ogden Theatre,Ogden Theatre,1996,11,10
07/11/1996,Weezer,,Hellenic Community Centre,,Historical Artist Entry,The Fans,N,,,07/11/1996Hellenic Community Centre,Hellenic Community Centre,1996,11,07
06/11/1996,Weezer,,Shorecrest High School cafeteria,,Historical Artist Entry,The Fans,N,,,06/11/1996Shorecrest High School cafeteria,Shorecrest High School cafeteria,1996,11,06
06/11/1996,Weezer,,DV8,,Historical Artist Entry,The Fans,N,,,06/11/1996DV8,DV8,1996,11,06
05/11/1996,Weezer,,La Luna,,Historical Artist Entry,The Fans,N,,,05/11/1996La Luna,La Luna,1996,11,05
03/11/1996,Weezer,,Visalia Convention Center,,Historical Artist Entry,The Fans,N,,,03/11/1996Visalia Convention Center,Visalia Convention Center,1996,11,03
02/11/1996,Weezer,,The Fillmore,,Historical Artist Entry,The Fans,N,,,02/11/1996The Fillmore,The Fillmore,1996,11,02
01/11/1996,Weezer,,The Majestic Ventura Theater,,Historical Artist Entry,The Fans,N,,,01/11/1996The Majestic Ventura Theater,The Majestic Ventura Theater,1996,11,01
23/10/1996,Weezer,,LIQUIDROOM,,Historical Artist Entry,The Fans,N,,,23/10/1996LIQUIDROOM,LIQUIDROOM,1996,10,23
22/10/1996,Weezer,,LIQUIDROOM,,Historical Artist Entry,The Fans,N,,,22/10/1996LIQUIDROOM,LIQUIDROOM,1996,10,22
21/10/1996,Weezer,,LIQUIDROOM,,Historical Artist Entry,The Fans,N,,,21/10/1996LIQUIDROOM,LIQUIDROOM,1996,10,21
19/10/1996,Weezer,,Shinsaibashi CLUB QUATTRO,,Historical Artist Entry,The Fans,N,,,19/10/1996Shinsaibashi CLUB QUATTRO,Shinsaibashi CLUB QUATTRO,1996,10,19
18/10/1996,Weezer,,Nagoya CLUB QUATTRO,,Historical Artist Entry,The Fans,N,,,18/10/1996Nagoya CLUB QUATTRO,Nagoya CLUB QUATTRO,1996,10,18
14/10/1996,Weezer,,Logan Campbell Centre,,Historical Artist Entry,The Fans,N,,,14/10/1996Logan Campbell Centre,Logan Campbell Centre,1996,10,14
12/10/1996,Weezer,,Metro Theatre,,Historical Artist Entry,The Fans,N,,,12/10/1996Metro Theatre,Metro Theatre,1996,10,12
11/10/1996,Weezer,,Metro Theatre,,Historical Artist Entry,The Fans,N,,,11/10/1996Metro Theatre,Metro Theatre,1996,10,11
10/10/1996,Weezer,,ANU Bar & Refectory,,Historical Artist Entry,The Fans,N,,,10/10/1996ANU Bar & Refectory,ANU Bar & Refectory,1996,10,10
08/10/1996,Weezer,,Heaven,,Historical Artist Entry,The Fans,N,,,08/10/1996Heaven,Heaven,1996,10,08
07/10/1996,Weezer,,Planet Nightclub,,Historical Artist Entry,The Fans,N,,,07/10/1996Planet Nightclub,Planet Nightclub,1996,10,07
07/10/1996,Weezer,,78 Records,,Historical Artist Entry,The Fans,N,,,07/10/199678 Records,78 Records,1996,10,07
05/10/1996,Weezer,,Davies Park,,Historical Artist Entry,The Fans,N,,,05/10/1996Davies Park,Davies Park,1996,10,05
04/10/1996,Weezer,,The Palace Complex,,Historical Artist Entry,The Fans,N,,,04/10/1996The Palace Complex,The Palace Complex,1996,10,04
03/10/1996,Weezer,,The Lyric,,Historical Artist Entry,The Fans,N,,,03/10/1996The Lyric,The Lyric,1996,10,03
02/10/1996,Weezer,,Storey Hall,,Historical Artist Entry,The Fans,N,,,02/10/1996Storey Hall,Storey Hall,1996,10,02
27/09/1996,Weezer,,Whisky A Go Go,,Historical Artist Entry,The Fans,N,,,27/09/1996Whisky A Go Go,Whisky A Go Go,1996,09,27
26/09/1996,Weezer,,Whisky A Go Go,,Historical Artist Entry,The Fans,N,,,26/09/1996Whisky A Go Go,Whisky A Go Go,1996,09,26
24/09/1996,Weezer,,Tower Records,,Historical Artist Entry,The Fans,N,,,24/09/1996Tower Records,Tower Records,1996,09,24
08/09/1996,Weezer,,Sala KTDral,,Historical Artist Entry,The Fans,N,,,08/09/1996Sala KTDral,Sala KTDral,1996,09,08
07/09/1996,Weezer,,Sala Zeleste,,Historical Artist Entry,The Fans,N,,,07/09/1996Sala Zeleste,Sala Zeleste,1996,09,07
05/09/1996,Weezer,,Modena Open Air Festival,,Historical Artist Entry,The Fans,N,,,05/09/1996Modena Open Air Festival,Modena Open Air Festival,1996,09,05
02/09/1996,Weezer,,Backstage,,Historical Artist Entry,The Fans,N,,,02/09/1996Backstage,Backstage,1996,09,02
01/09/1996,Weezer,,LOGO,,Historical Artist Entry,The Fans,N,,,01/09/1996LOGO,LOGO,1996,09,01
31/08/1996,Weezer,,Den Grå Hal,,Historical Artist Entry,The Fans,N,,,31/08/1996Den Grå Hal,Den Grå Hal,1996,08,31
30/08/1996,Weezer,,Mejeriet,,Historical Artist Entry,The Fans,N,,,30/08/1996Mejeriet,Mejeriet,1996,08,30
29/08/1996,Weezer,,Sentrum Scene,,Historical Artist Entry,The Fans,N,,,29/08/1996Sentrum Scene,Sentrum Scene,1996,08,29
28/08/1996,Weezer,,Gino,,Historical Artist Entry,The Fans,N,,,28/08/1996Gino,Gino,1996,08,28
25/08/1996,Weezer,,Evenemententerrein Walibi Holland,,Historical Artist Entry,The Fans,N,,,25/08/1996Evenemententerrein Walibi Holland,Evenemententerrein Walibi Holland,1996,08,25
24/08/1996,Weezer,,Domein Kiewit,,Historical Artist Entry,The Fans,N,,,24/08/1996Domein Kiewit,Domein Kiewit,1996,08,24
23/08/1996,Weezer,,Little John's Farm,,Historical Artist Entry,The Fans,N,,,23/08/1996Little John's Farm,Little John's Farm,1996,08,23
21/08/1996,Weezer,,The Garage,,Historical Artist Entry,The Fans,N,,,21/08/1996The Garage,The Garage,1996,08,21
18/08/1996,Weezer,,Fort de Saint-Père,,Historical Artist Entry,The Fans,N,,,18/08/1996Fort de Saint-Père,Fort de Saint-Père,1996,08,18
17/08/1996,Weezer,,Butzweilerhof,,Historical Artist Entry,The Fans,N,,,17/08/1996Butzweilerhof,Butzweilerhof,1996,08,17
16/08/1996,Weezer,,Technikumplatz,,Historical Artist Entry,The Fans,N,,,16/08/1996Technikumplatz,Technikumplatz,1996,08,16
15/08/1996,Weezer,,Arena,,Historical Artist Entry,The Fans,N,,,15/08/1996Arena,Arena,1996,08,15
20/08/1995,Weezer,,The Warfield,,Historical Artist Entry,The Fans,N,,,20/08/1995The Warfield,The Warfield,1995,08,20
18/08/1995,Weezer,,Universal Amphitheatre,,Historical Artist Entry,The Fans,N,,,18/08/1995Universal Amphitheatre,Universal Amphitheatre,1995,08,18
18/08/1995,Weezer,,KROQ-FM Studios,,Historical Artist Entry,The Fans,N,,,18/08/1995KROQ-FM Studios,KROQ-FM Studios,1995,08,18
17/08/1995,Weezer,,Party Gardens,,Historical Artist Entry,The Fans,N,,,17/08/1995Party Gardens,Party Gardens,1995,08,17
15/08/1995,Weezer,,Mammoth Events Center,,Historical Artist Entry,The Fans,N,,,15/08/1995Mammoth Events Center,Mammoth Events Center,1995,08,15
13/08/1995,Weezer,,American Theater,,Historical Artist Entry,The Fans,N,,,13/08/1995American Theater,American Theater,1995,08,13
12/08/1995,Weezer,,Deer Creek Music Center,,Historical Artist Entry,The Fans,N,,,12/08/1995Deer Creek Music Center,Deer Creek Music Center,1995,08,12
11/08/1995,Weezer,,Meadow Brook Music Festival,,Historical Artist Entry,The Fans,N,,,11/08/1995Meadow Brook Music Festival,Meadow Brook Music Festival,1995,08,11
10/08/1995,Weezer,,Nautica Stage,,Historical Artist Entry,The Fans,N,,,10/08/1995Nautica Stage,Nautica Stage,1995,08,10
08/08/1995,Weezer,,Aragon Ballroom,,Historical Artist Entry,The Fans,N,,,08/08/1995Aragon Ballroom,Aragon Ballroom,1995,08,08
06/08/1995,Weezer,,The Warehouse,,Historical Artist Entry,The Fans,N,,,06/08/1995The Warehouse,The Warehouse,1995,08,06
05/08/1995,Weezer,,Université de Montréal CEPSUM,,Historical Artist Entry,The Fans,N,,,05/08/1995Université de Montréal CEPSUM,Université de Montréal CEPSUM,1995,08,05
04/08/1995,Weezer,,Late Show With David Letterman,,Historical Artist Entry,The Fans,N,,,04/08/1995Late Show With David Letterman,Late Show With David Letterman,1995,08,04
03/08/1995,Weezer,,Central Park SummerStage,,Historical Artist Entry,The Fans,N,,,03/08/1995Central Park SummerStage,Central Park SummerStage,1995,08,03
02/08/1995,Weezer,,Avalon,,Historical Artist Entry,The Fans,N,,,02/08/1995Avalon,Avalon,1995,08,02
30/07/1995,Weezer,,The Air Strip at Blind Mellons,,Historical Artist Entry,The Fans,N,,,30/07/1995The Air Strip at Blind Mellons,The Air Strip at Blind Mellons,1995,07,30
29/07/1995,Weezer,,Starz,,Historical Artist Entry,The Fans,N,,,29/07/1995Starz,Starz,1995,07,29
26/07/1995,Weezer,,Tennessee Amphitheater,,Historical Artist Entry,The Fans,N,,,26/07/1995Tennessee Amphitheater,Tennessee Amphitheater,1995,07,26
24/07/1995,Weezer,,Bogart's,,Historical Artist Entry,The Fans,N,,,24/07/1995Bogart's,Bogart's,1995,07,24
23/07/1995,Weezer,,328 Performance Hall,,Historical Artist Entry,The Fans,N,,,23/07/1995328 Performance Hall,328 Performance Hall,1995,07,23
22/07/1995,Weezer,,Sloss Furnaces,,Historical Artist Entry,The Fans,N,,,22/07/1995Sloss Furnaces,Sloss Furnaces,1995,07,22
21/07/1995,Weezer,,Tipitina's,,Historical Artist Entry,The Fans,N,,,21/07/1995Tipitina's,Tipitina's,1995,07,21
09/07/1995,Weezer,,Gino,,Historical Artist Entry,The Fans,N,,,09/07/1995Gino,Gino,1995,07,09
08/07/1995,Weezer,,Hedemora Motorstadion,,Historical Artist Entry,The Fans,N,,,08/07/1995Hedemora Motorstadion,Hedemora Motorstadion,1995,07,08
07/07/1995,Weezer,,Teltet i Tresse,,Historical Artist Entry,The Fans,N,,,07/07/1995Teltet i Tresse,Teltet i Tresse,1995,07,07
05/07/1995,Weezer,,Markthalle,,Historical Artist Entry,The Fans,N,,,05/07/1995Markthalle,Markthalle,1995,07,05
04/07/1995,Weezer,,Hyde Park,,Historical Artist Entry,The Fans,N,,,04/07/1995Hyde Park,Hyde Park,1995,07,04
02/07/1995,Weezer,,Dyrskuepladsen,,Historical Artist Entry,The Fans,N,,,02/07/1995Dyrskuepladsen,Dyrskuepladsen,1995,07,02
01/07/1995,Weezer,,Festivalpark,,Historical Artist Entry,The Fans,N,,,01/07/1995Festivalpark,Festivalpark,1995,07,01
30/06/1995,Weezer,,Voetbalterrein DK Torhout,,Historical Artist Entry,The Fans,N,,,30/06/1995Voetbalterrein DK Torhout,Voetbalterrein DK Torhout,1995,06,30
29/06/1995,Weezer,,Batschkapp,,Historical Artist Entry,The Fans,N,,,29/06/1995Batschkapp,Batschkapp,1995,06,29
27/06/1995,Weezer,,Le Zénith,,Historical Artist Entry,The Fans,N,,,27/06/1995Le Zénith,Le Zénith,1995,06,27
26/06/1995,Weezer,,Live Music Hall,,Historical Artist Entry,The Fans,N,,,26/06/1995Live Music Hall,Live Music Hall,1995,06,26
25/06/1995,Weezer,,Tivoli,,Historical Artist Entry,The Fans,N,,,25/06/1995Tivoli,Tivoli,1995,06,25
24/06/1995,Weezer,,Worthy Farm,,Historical Artist Entry,The Fans,N,,,24/06/1995Worthy Farm,Worthy Farm,1995,06,24
22/06/1995,Weezer,,De Montfort University,,Historical Artist Entry,The Fans,N,,,22/06/1995De Montfort University,De Montfort University,1995,06,22
21/06/1995,Weezer,,Manchester Academy,,Historical Artist Entry,The Fans,N,,,21/06/1995Manchester Academy,Manchester Academy,1995,06,21
20/06/1995,Weezer,,The Garage,,Historical Artist Entry,The Fans,N,,,20/06/1995The Garage,The Garage,1995,06,20
19/06/1995,Weezer,,Leeds Irish Centre,,Historical Artist Entry,The Fans,N,,,19/06/1995Leeds Irish Centre,Leeds Irish Centre,1995,06,19
17/06/1995,Weezer,,Wulfrun Hall,,Historical Artist Entry,The Fans,N,,,17/06/1995Wulfrun Hall,Wulfrun Hall,1995,06,17
16/06/1995,Weezer,,London Astoria,,Historical Artist Entry,The Fans,N,,,16/06/1995London Astoria,London Astoria,1995,06,16
13/06/1995,Weezer,,Sala Pacha,,Historical Artist Entry,The Fans,N,,,13/06/1995Sala Pacha,Sala Pacha,1995,06,13
12/06/1995,Weezer,,Sala Zeleste,,Historical Artist Entry,The Fans,N,,,12/06/1995Sala Zeleste,Sala Zeleste,1995,06,12
27/05/1995,Weezer,,MuchMusic Studios,,Historical Artist Entry,The Fans,N,,,27/05/1995MuchMusic Studios,MuchMusic Studios,1995,05,27
08/04/1995,Weezer,,Hollywood Palladium,,Historical Artist Entry,The Fans,N,,,08/04/1995Hollywood Palladium,Hollywood Palladium,1995,04,08
07/04/1995,Weezer,,SOMA,,Historical Artist Entry,The Fans,N,,,07/04/1995SOMA,SOMA,1995,04,07
06/04/1995,Weezer,,Electric Ballroom,,Historical Artist Entry,The Fans,N,,,06/04/1995Electric Ballroom,Electric Ballroom,1995,04,06
04/04/1995,Weezer,,Trees,,Historical Artist Entry,The Fans,N,,,04/04/1995Trees,Trees,1995,04,04
03/04/1995,Weezer,,Liberty Lunch,,Historical Artist Entry,The Fans,N,,,03/04/1995Liberty Lunch,Liberty Lunch,1995,04,03
01/04/1995,Weezer,,Heaven,,Historical Artist Entry,The Fans,N,,,01/04/1995Heaven,Heaven,1995,04,01
01/04/1995,Weezer,,Cat's Paw Studio,,Historical Artist Entry,The Fans,N,,,01/04/1995Cat's Paw Studio,Cat's Paw Studio,1995,04,01
31/03/1995,Weezer,,The Boathouse,,Historical Artist Entry,The Fans,N,,,31/03/1995The Boathouse,The Boathouse,1995,03,31
30/03/1995,Weezer,,WUST Radio Music Hall,,Historical Artist Entry,The Fans,N,,,30/03/1995WUST Radio Music Hall,WUST Radio Music Hall,1995,03,30
29/03/1995,Weezer,,Tower Theatre,,Historical Artist Entry,The Fans,N,,,29/03/1995Tower Theatre,Tower Theatre,1995,03,29
28/03/1995,Weezer,,Roseland Ballroom,,Historical Artist Entry,The Fans,N,,,28/03/1995Roseland Ballroom,Roseland Ballroom,1995,03,28
26/03/1995,Weezer,,Avalon,,Historical Artist Entry,The Fans,N,,,26/03/1995Avalon,Avalon,1995,03,26
25/03/1995,Weezer,,Le Spectrum,,Historical Artist Entry,The Fans,N,,,25/03/1995Le Spectrum,Le Spectrum,1995,03,25
24/03/1995,Weezer,,The Warehouse,,Historical Artist Entry,The Fans,N,,,24/03/1995The Warehouse,The Warehouse,1995,03,24
22/03/1995,Weezer,,State Theatre,,Historical Artist Entry,The Fans,N,,,22/03/1995State Theatre,State Theatre,1995,03,22
21/03/1995,Weezer,,Metro,,Historical Artist Entry,The Fans,N,,,21/03/1995Metro,Metro,1995,03,21
20/03/1995,Weezer,,First Avenue,,Historical Artist Entry,The Fans,N,,,20/03/1995First Avenue,First Avenue,1995,03,20
18/03/1995,Weezer,,Ogden Theatre,,Historical Artist Entry,The Fans,N,,,18/03/1995Ogden Theatre,Ogden Theatre,1995,03,18
17/03/1995,Weezer,,"Horticulture Building, Utah State Fairgrounds",,Historical Artist Entry,The Fans,N,,,"17/03/1995Horticulture Building, Utah State Fairgrounds","Horticulture Building, Utah State Fairgrounds",1995,03,17
15/03/1995,Weezer,,Music Millennium,,Historical Artist Entry,The Fans,N,,,15/03/1995Music Millennium,Music Millennium,1995,03,15
15/03/1995,Weezer,,Paradigm,,Historical Artist Entry,The Fans,N,,,15/03/1995Paradigm,Paradigm,1995,03,15
14/03/1995,Weezer,,DV8,,Historical Artist Entry,The Fans,N,,,14/03/1995DV8,DV8,1995,03,14
13/03/1995,Weezer,,Commodore Ballroom,,Historical Artist Entry,The Fans,N,,,13/03/1995Commodore Ballroom,Commodore Ballroom,1995,03,13
11/03/1995,Weezer,,The Fillmore,,Historical Artist Entry,The Fans,N,,,11/03/1995The Fillmore,The Fillmore,1995,03,11
10/03/1995,Weezer,,The Joint at Hard Rock Hotel,,Historical Artist Entry,The Fans,N,,,10/03/1995The Joint at Hard Rock Hotel,The Joint at Hard Rock Hotel,1995,03,10
02/03/1995,Weezer,,Estandard Club,,Historical Artist Entry,The Fans,N,,,02/03/1995Estandard Club,Estandard Club,1995,03,02
01/03/1995,Weezer,,El Sol,,Historical Artist Entry,The Fans,N,,,01/03/1995El Sol,El Sol,1995,03,01
26/02/1995,Weezer,,The Underworld,,Historical Artist Entry,The Fans,N,,,26/02/1995The Underworld,The Underworld,1995,02,26
25/02/1995,Weezer,,The Leadmill,,Historical Artist Entry,The Fans,N,,,25/02/1995The Leadmill,The Leadmill,1995,02,25
24/02/1995,Weezer,,King Tut's Wah Wah Hut,,Historical Artist Entry,The Fans,N,,,24/02/1995King Tut's Wah Wah Hut,King Tut's Wah Wah Hut,1995,02,24
23/02/1995,Weezer,,Boardwalk,,Historical Artist Entry,The Fans,N,,,23/02/1995Boardwalk,Boardwalk,1995,02,23
22/02/1995,Weezer,,Edwards No. 8,,Historical Artist Entry,The Fans,N,,,22/02/1995Edwards No. 8,Edwards No. 8,1995,02,22
21/02/1995,Weezer,,Black Session @ 'La Maison de la Radio',,Historical Artist Entry,The Fans,N,,,21/02/1995Black Session @ 'La Maison de la Radio',Black Session @ 'La Maison de la Radio',1995,02,21
20/02/1995,Weezer,,L'Arapaho,,Historical Artist Entry,The Fans,N,,,20/02/1995L'Arapaho,L'Arapaho,1995,02,20
18/02/1995,Weezer,,Factory,,Historical Artist Entry,The Fans,N,,,18/02/1995Factory,Factory,1995,02,18
17/02/1995,Weezer,,Feuerwehrhaus,,Historical Artist Entry,The Fans,N,,,17/02/1995Feuerwehrhaus,Feuerwehrhaus,1995,02,17
16/02/1995,Weezer,,Negativ,,Historical Artist Entry,The Fans,N,,,16/02/1995Negativ,Negativ,1995,02,16
15/02/1995,Weezer,,Huxley's Jr.,,Historical Artist Entry,The Fans,N,,,15/02/1995Huxley's Jr.,Huxley's Jr.,1995,02,15
14/02/1995,Weezer,,Luxor,,Historical Artist Entry,The Fans,N,,,14/02/1995Luxor,Luxor,1995,02,14
05/02/1995,Weezer,,Vera,,Historical Artist Entry,The Fans,N,,,05/02/1995Vera,Vera,1995,02,05
04/02/1995,Weezer,,Melkweg,,Historical Artist Entry,The Fans,N,,,04/02/1995Melkweg,Melkweg,1995,02,04
03/02/1995,Weezer,,Effenaar,,Historical Artist Entry,The Fans,N,,,03/02/1995Effenaar,Effenaar,1995,02,03
02/02/1995,Weezer,,Nighttown,,Historical Artist Entry,The Fans,N,,,02/02/1995Nighttown,Nighttown,1995,02,02
01/02/1995,Weezer,,Paard van Troje,,Historical Artist Entry,The Fans,N,,,01/02/1995Paard van Troje,Paard van Troje,1995,02,01
30/01/1995,Weezer,,Splash Club,,Historical Artist Entry,The Fans,N,,,30/01/1995Splash Club,Splash Club,1995,01,30
27/01/1995,Weezer,,The Word,,Historical Artist Entry,The Fans,N,,,27/01/1995The Word,The Word,1995,01,27
26/01/1995,Weezer,,BBC Radio 1 Studios,,Historical Artist Entry,The Fans,N,,,26/01/1995BBC Radio 1 Studios,BBC Radio 1 Studios,1995,01,26
11/12/1994,Weezer,,Universal Amphitheatre,,Historical Artist Entry,The Fans,N,,,11/12/1994Universal Amphitheatre,Universal Amphitheatre,1994,12,11
08/12/1994,Weezer,,Event Center Arena,,Historical Artist Entry,The Fans,N,,,08/12/1994Event Center Arena,Event Center Arena,1994,12,08
07/12/1994,Weezer,,Hornet Gym,,Historical Artist Entry,The Fans,N,,,07/12/1994Hornet Gym,Hornet Gym,1994,12,07
06/12/1994,Weezer,,Mulcahy's,,Historical Artist Entry,The Fans,N,,,06/12/1994Mulcahy's,Mulcahy's,1994,12,06
05/12/1994,Weezer,,Madison Square Garden,,Historical Artist Entry,The Fans,N,,,05/12/1994Madison Square Garden,Madison Square Garden,1994,12,05
04/12/1994,Weezer,,The Sting,,Historical Artist Entry,The Fans,N,,,04/12/1994The Sting,The Sting,1994,12,04
03/12/1994,Weezer,,The Stone Pony,,Historical Artist Entry,The Fans,N,,,03/12/1994The Stone Pony,The Stone Pony,1994,12,03
02/12/1994,Weezer,,Peabody's Down Under,,Historical Artist Entry,The Fans,N,,,02/12/1994Peabody's Down Under,Peabody's Down Under,1994,12,02
01/12/1994,Weezer,,UIC Pavilion,,Historical Artist Entry,The Fans,N,,,01/12/1994UIC Pavilion,UIC Pavilion,1994,12,01
29/11/1994,Weezer,,Graffiti,,Historical Artist Entry,The Fans,N,,,29/11/1994Graffiti,Graffiti,1994,11,29
28/11/1994,Weezer,,The Opera House,,Historical Artist Entry,The Fans,N,,,28/11/1994The Opera House,The Opera House,1994,11,28
27/11/1994,Weezer,,Water Street Music Hall,,Historical Artist Entry,The Fans,N,,,27/11/1994Water Street Music Hall,Water Street Music Hall,1994,11,27
26/11/1994,Weezer,,Blind Melon's,,Historical Artist Entry,The Fans,N,,,26/11/1994Blind Melon's,Blind Melon's,1994,11,26
23/11/1994,Weezer,,Tower Theatre,,Historical Artist Entry,The Fans,N,,,23/11/1994Tower Theatre,Tower Theatre,1994,11,23
22/11/1994,Weezer,,WFNX 101.7,,Historical Artist Entry,The Fans,N,,,22/11/1994WFNX 101.7,WFNX 101.7,1994,11,22
22/11/1994,Weezer,,Orpheum Theatre,,Historical Artist Entry,The Fans,N,,,22/11/1994Orpheum Theatre,Orpheum Theatre,1994,11,22
20/11/1994,Weezer,,Keaney Gymnasium,,Historical Artist Entry,The Fans,N,,,20/11/1994Keaney Gymnasium,Keaney Gymnasium,1994,11,20
19/11/1994,Weezer,,The Academy,,Historical Artist Entry,The Fans,N,,,19/11/1994The Academy,The Academy,1994,11,19
18/11/1994,Weezer,,The Academy,,Historical Artist Entry,The Fans,N,,,18/11/1994The Academy,The Academy,1994,11,18
17/11/1994,Weezer,,WUST Radio Music Hall,,Historical Artist Entry,The Fans,N,,,17/11/1994WUST Radio Music Hall,WUST Radio Music Hall,1994,11,17
16/11/1994,Weezer,,WUST Radio Music Hall,,Historical Artist Entry,The Fans,N,,,16/11/1994WUST Radio Music Hall,WUST Radio Music Hall,1994,11,16
14/11/1994,Weezer,,Jacksonville University,,Historical Artist Entry,The Fans,N,,,14/11/1994Jacksonville University,Jacksonville University,1994,11,14
13/11/1994,Weezer,,Alexander Memorial Coliseum,,Historical Artist Entry,The Fans,N,,,13/11/1994Alexander Memorial Coliseum,Alexander Memorial Coliseum,1994,11,13
12/11/1994,Weezer,,The Ritz,,Historical Artist Entry,The Fans,N,,,12/11/1994The Ritz,The Ritz,1994,11,12
10/11/1994,Weezer,,Foellinger Auditorium,,Historical Artist Entry,The Fans,N,,,10/11/1994Foellinger Auditorium,Foellinger Auditorium,1994,11,10
09/11/1994,Weezer,,American Theater,,Historical Artist Entry,The Fans,N,,,09/11/1994American Theater,American Theater,1994,11,09
07/11/1994,Weezer,,Bramlage Coliseum,,Historical Artist Entry,The Fans,N,,,07/11/1994Bramlage Coliseum,Bramlage Coliseum,1994,11,07
06/11/1994,Weezer,,Ogden Theatre,,Historical Artist Entry,The Fans,N,,,06/11/1994Ogden Theatre,Ogden Theatre,1994,11,06
05/11/1994,Weezer,,"Horticulture Building, Utah State Fairgrounds",,Historical Artist Entry,The Fans,N,,,"05/11/1994Horticulture Building, Utah State Fairgrounds","Horticulture Building, Utah State Fairgrounds",1994,11,05
02/11/1994,Weezer,,Roseland Theater,,Historical Artist Entry,The Fans,N,,,02/11/1994Roseland Theater,Roseland Theater,1994,11,02
31/10/1994,Weezer,,The Fillmore,,Historical Artist Entry,The Fans,N,,,31/10/1994The Fillmore,The Fillmore,1994,10,31
30/10/1994,Weezer,,"University of Nevada, Reno",,Historical Artist Entry,The Fans,N,,,"30/10/1994University of Nevada, Reno","University of Nevada, Reno",1994,10,30
29/10/1994,Weezer,,The Majestic Ventura Theater,,Historical Artist Entry,The Fans,N,,,29/10/1994The Majestic Ventura Theater,The Majestic Ventura Theater,1994,10,29
28/10/1994,Weezer,,Blockbuster Pavilion,,Historical Artist Entry,The Fans,N,,,28/10/1994Blockbuster Pavilion,Blockbuster Pavilion,1994,10,28
28/10/1994,Weezer,,UCSD Price Center Ballroom,,Historical Artist Entry,The Fans,N,,,28/10/1994UCSD Price Center Ballroom,UCSD Price Center Ballroom,1994,10,28
27/10/1994,Weezer,,"University of California, Riverside",,Historical Artist Entry,The Fans,N,,,"27/10/1994University of California, Riverside","University of California, Riverside",1994,10,27
26/10/1994,Weezer,,The Roxy,,Historical Artist Entry,The Fans,N,,,26/10/1994The Roxy,The Roxy,1994,10,26
25/10/1994,Weezer,,Graham Central Station,,Historical Artist Entry,The Fans,N,,,25/10/1994Graham Central Station,Graham Central Station,1994,10,25
24/10/1994,Weezer,,Student Union Building,,Historical Artist Entry,The Fans,N,,,24/10/1994Student Union Building,Student Union Building,1994,10,24
23/10/1994,Weezer,,The Jon Stewart Show,,Historical Artist Entry,The Fans,N,,,23/10/1994The Jon Stewart Show,The Jon Stewart Show,1994,10,23
22/10/1994,Weezer,,Numbers,,Historical Artist Entry,The Fans,N,,,22/10/1994Numbers,Numbers,1994,10,22
21/10/1994,Weezer,,Liberty Lunch,,Historical Artist Entry,The Fans,N,,,21/10/1994Liberty Lunch,Liberty Lunch,1994,10,21
21/10/1994,Weezer,,Waterloo Records,,Historical Artist Entry,The Fans,N,,,21/10/1994Waterloo Records,Waterloo Records,1994,10,21
20/10/1994,Weezer,,Deep Ellum Live,,Historical Artist Entry,The Fans,N,,,20/10/1994Deep Ellum Live,Deep Ellum Live,1994,10,20
18/10/1994,Weezer,,Hearnes Center,,Historical Artist Entry,The Fans,N,,,18/10/1994Hearnes Center,Hearnes Center,1994,10,18
17/10/1994,Weezer,,Iowa Memorial Union Main Lounge,,Historical Artist Entry,The Fans,N,,,17/10/1994Iowa Memorial Union Main Lounge,Iowa Memorial Union Main Lounge,1994,10,17
16/10/1994,Weezer,,First Avenue,,Historical Artist Entry,The Fans,N,,,16/10/1994First Avenue,First Avenue,1994,10,16
15/10/1994,Weezer,,The Rave,,Historical Artist Entry,The Fans,N,,,15/10/1994The Rave,The Rave,1994,10,15
14/10/1994,Weezer,,Riviera Theatre,,Historical Artist Entry,The Fans,N,,,14/10/1994Riviera Theatre,Riviera Theatre,1994,10,14
12/10/1994,Weezer,,State Theatre,,Historical Artist Entry,The Fans,N,,,12/10/1994State Theatre,State Theatre,1994,10,12
11/10/1994,Weezer,,Agora,,Historical Artist Entry,The Fans,N,,,11/10/1994Agora,Agora,1994,10,11
10/10/1994,Weezer,,Newport Music Hall,,Historical Artist Entry,The Fans,N,,,10/10/1994Newport Music Hall,Newport Music Hall,1994,10,10
09/10/1994,Weezer,,Mercer County Waterfront Park,,Historical Artist Entry,The Fans,N,,,09/10/1994Mercer County Waterfront Park,Mercer County Waterfront Park,1994,10,09
08/10/1994,Weezer,,Reitz Arena,,Historical Artist Entry,The Fans,N,,,08/10/1994Reitz Arena,Reitz Arena,1994,10,08
07/10/1994,Weezer,,Tilles Center for the Performing Arts,,Historical Artist Entry,The Fans,N,,,07/10/1994Tilles Center for the Performing Arts,Tilles Center for the Performing Arts,1994,10,07
06/10/1994,Weezer,,The Sting,,Historical Artist Entry,The Fans,N,,,06/10/1994The Sting,The Sting,1994,10,06
04/10/1994,Weezer,,Bob Carpenter Center,,Historical Artist Entry,The Fans,N,,,04/10/1994Bob Carpenter Center,Bob Carpenter Center,1994,10,04
02/10/1994,Weezer,,Arnaud C. Marts Center,,Historical Artist Entry,The Fans,N,,,02/10/1994Arnaud C. Marts Center,Arnaud C. Marts Center,1994,10,02
01/10/1994,Weezer,,Orvis Activities Center,,Historical Artist Entry,The Fans,N,,,01/10/1994Orvis Activities Center,Orvis Activities Center,1994,10,01
30/09/1994,Weezer,,Henderson Gymnasium,,Historical Artist Entry,The Fans,N,,,30/09/1994Henderson Gymnasium,Henderson Gymnasium,1994,09,30
25/09/1994,Weezer,,Local 186,,Historical Artist Entry,The Fans,N,,,25/09/1994Local 186,Local 186,1994,09,25
24/09/1994,Weezer,,Maxwell's,,Historical Artist Entry,The Fans,N,,,24/09/1994Maxwell's,Maxwell's,1994,09,24
23/09/1994,Weezer,,CBGB,,Historical Artist Entry,The Fans,N,,,23/09/1994CBGB,CBGB,1994,09,23
22/09/1994,Weezer,,,,Historical Artist Entry,The Fans,N,,,22/09/1994,,1994,09,22
21/09/1994,Weezer,,The Academy,,Historical Artist Entry,The Fans,N,,,21/09/1994The Academy,The Academy,1994,09,21
20/09/1994,Weezer,,Trocadero Theatre,,Historical Artist Entry,The Fans,N,,,20/09/1994Trocadero Theatre,Trocadero Theatre,1994,09,20
19/09/1994,Weezer,,9:30 Club,,Historical Artist Entry,The Fans,N,,,19/09/19949:30 Club,9:30 Club,1994,09,19
17/09/1994,Weezer,,USC Aiken Convocation Center,,Historical Artist Entry,The Fans,N,,,17/09/1994USC Aiken Convocation Center,USC Aiken Convocation Center,1994,09,17
16/09/1994,Weezer,,The Point,,Historical Artist Entry,The Fans,N,,,16/09/1994The Point,The Point,1994,09,16
15/09/1994,Weezer,,The Nick,,Historical Artist Entry,The Fans,N,,,15/09/1994The Nick,The Nick,1994,09,15
14/09/1994,Weezer,,Ace of Clubs,,Historical Artist Entry,The Fans,N,,,14/09/1994Ace of Clubs,Ace of Clubs,1994,09,14
13/09/1994,Weezer,,New Daisy Theatre,,Historical Artist Entry,The Fans,N,,,13/09/1994New Daisy Theatre,New Daisy Theatre,1994,09,13
11/09/1994,Weezer,,Seattle Center Arena,,Historical Artist Entry,The Fans,N,,,11/09/1994Seattle Center Arena,Seattle Center Arena,1994,09,11
09/09/1994,Weezer,,First Avenue,,Historical Artist Entry,The Fans,N,,,09/09/1994First Avenue,First Avenue,1994,09,09
08/09/1994,Weezer,,Metro,,Historical Artist Entry,The Fans,N,,,08/09/1994Metro,Metro,1994,09,08
07/09/1994,Weezer,,The Vogue,,Historical Artist Entry,The Fans,N,,,07/09/1994The Vogue,The Vogue,1994,09,07
06/09/1994,Weezer,,Small Planet Food and Spirits,,Historical Artist Entry,The Fans,N,,,06/09/1994Small Planet Food and Spirits,Small Planet Food and Spirits,1994,09,06
05/09/1994,Weezer,,Phoenix Plaza Amphitheater,,Historical Artist Entry,The Fans,N,,,05/09/1994Phoenix Plaza Amphitheater,Phoenix Plaza Amphitheater,1994,09,05
01/09/1994,Weezer,,Lazer Rock Amphitheater,,Historical Artist Entry,The Fans,N,,,01/09/1994Lazer Rock Amphitheater,Lazer Rock Amphitheater,1994,09,01
31/08/1994,Weezer,,Otherworld,,Historical Artist Entry,The Fans,N,,,31/08/1994Otherworld,Otherworld,1994,08,31
30/08/1994,Weezer,,The Brewery Thunderdome,,Historical Artist Entry,The Fans,N,,,30/08/1994The Brewery Thunderdome,The Brewery Thunderdome,1994,08,30
28/08/1994,Weezer,,Peppermint Beach Club,,Historical Artist Entry,The Fans,N,,,28/08/1994Peppermint Beach Club,Peppermint Beach Club,1994,08,28
27/08/1994,Weezer,,,,Historical Artist Entry,The Fans,N,,,27/08/1994,,1994,08,27
25/08/1994,Weezer,,Late Night With Conan O'Brien,,Historical Artist Entry,The Fans,N,,,25/08/1994Late Night With Conan O'Brien,Late Night With Conan O'Brien,1994,08,25
23/08/1994,Weezer,,Fast Lane,,Historical Artist Entry,The Fans,N,,,23/08/1994Fast Lane,Fast Lane,1994,08,23
22/08/1994,Weezer,,Le Spectrum,,Historical Artist Entry,The Fans,N,,,22/08/1994Le Spectrum,Le Spectrum,1994,08,22
21/08/1994,Weezer,,The Warehouse,,Historical Artist Entry,The Fans,N,,,21/08/1994The Warehouse,The Warehouse,1994,08,21
19/08/1994,Weezer,,Rocky Point Palladium,,Historical Artist Entry,The Fans,N,,,19/08/1994Rocky Point Palladium,Rocky Point Palladium,1994,08,19
18/08/1994,Weezer,,The Grand Ballroom at Manhattan Center,,Historical Artist Entry,The Fans,N,,,18/08/1994The Grand Ballroom at Manhattan Center,The Grand Ballroom at Manhattan Center,1994,08,18
18/08/1994,Weezer,,MTV 120 Minutes,,Historical Artist Entry,The Fans,N,,,18/08/1994MTV 120 Minutes,MTV 120 Minutes,1994,08,18
17/08/1994,Weezer,,Trocadero Theatre,,Historical Artist Entry,The Fans,N,,,17/08/1994Trocadero Theatre,Trocadero Theatre,1994,08,17
16/08/1994,Weezer,,Avalon,,Historical Artist Entry,The Fans,N,,,16/08/1994Avalon,Avalon,1994,08,16
15/08/1994,Weezer,,WUST Radio Music Hall,,Historical Artist Entry,The Fans,N,,,15/08/1994WUST Radio Music Hall,WUST Radio Music Hall,1994,08,15
13/08/1994,Weezer,,Variety Playhouse,,Historical Artist Entry,The Fans,N,,,13/08/1994Variety Playhouse,Variety Playhouse,1994,08,13
12/08/1994,Weezer,,Tipitina's,,Historical Artist Entry,The Fans,N,,,12/08/1994Tipitina's,Tipitina's,1994,08,12
11/08/1994,Weezer,,The Abyss,,Historical Artist Entry,The Fans,N,,,11/08/1994The Abyss,The Abyss,1994,08,11
10/08/1994,Weezer,,Deep Ellum Live,,Historical Artist Entry,The Fans,N,,,10/08/1994Deep Ellum Live,Deep Ellum Live,1994,08,10
08/08/1994,Weezer,,Glam Slam,,Historical Artist Entry,The Fans,N,,,08/08/1994Glam Slam,Glam Slam,1994,08,08
07/08/1994,Weezer,,The Fillmore,,Historical Artist Entry,The Fans,N,,,07/08/1994The Fillmore,The Fillmore,1994,08,07
05/08/1994,Weezer,,DV8,,Historical Artist Entry,The Fans,N,,,05/08/1994DV8,DV8,1994,08,05
04/08/1994,Weezer,,Ogden Theatre,,Historical Artist Entry,The Fans,N,,,04/08/1994Ogden Theatre,Ogden Theatre,1994,08,04
04/08/1994,Weezer,,Mercury Cafe,,Historical Artist Entry,The Fans,N,,,04/08/1994Mercury Cafe,Mercury Cafe,1994,08,04
02/08/1994,Weezer,,Mississippi Nights,,Historical Artist Entry,The Fans,N,,,02/08/1994Mississippi Nights,Mississippi Nights,1994,08,02
01/08/1994,Weezer,,First Avenue,,Historical Artist Entry,The Fans,N,,,01/08/1994First Avenue,First Avenue,1994,08,01
31/07/1994,Weezer,,Vic Theatre,,Historical Artist Entry,The Fans,N,,,31/07/1994Vic Theatre,Vic Theatre,1994,07,31
30/07/1994,Weezer,,Saint Andrew's Hall,,Historical Artist Entry,The Fans,N,,,30/07/1994Saint Andrew's Hall,Saint Andrew's Hall,1994,07,30
29/07/1994,Weezer,,Bogart's,,Historical Artist Entry,The Fans,N,,,29/07/1994Bogart's,Bogart's,1994,07,29
27/07/1994,Weezer,,The Odeon,,Historical Artist Entry,The Fans,N,,,27/07/1994The Odeon,The Odeon,1994,07,27
26/07/1994,Weezer,,Newport Music Hall,,Historical Artist Entry,The Fans,N,,,26/07/1994Newport Music Hall,Newport Music Hall,1994,07,26
08/07/1994,Weezer,,Cody's,,Historical Artist Entry,The Fans,N,,,08/07/1994Cody's,Cody's,1994,07,08
07/07/1994,Weezer,,Audie’s Olympic Tavern,,Historical Artist Entry,The Fans,N,,,07/07/1994Audie’s Olympic Tavern,Audie’s Olympic Tavern,1994,07,07
06/07/1994,Weezer,,Club Lingerie,,Historical Artist Entry,The Fans,N,,,06/07/1994Club Lingerie,Club Lingerie,1994,07,06
01/07/1994,Weezer,,Cattle Club,,Historical Artist Entry,The Fans,N,,,01/07/1994Cattle Club,Cattle Club,1994,07,01
30/06/1994,Weezer,,,,Historical Artist Entry,The Fans,N,,,30/06/1994,,1994,06,30
29/06/1994,Weezer,,Bottom of the Hill,,Historical Artist Entry,The Fans,N,,,29/06/1994Bottom of the Hill,Bottom of the Hill,1994,06,29
26/06/1994,Weezer,,Anza Club,,Historical Artist Entry,The Fans,N,,,26/06/1994Anza Club,Anza Club,1994,06,26
25/06/1994,Weezer,,OK Hotel,,Historical Artist Entry,The Fans,N,,,25/06/1994OK Hotel,OK Hotel,1994,06,25
24/06/1994,Weezer,,La Luna,,Historical Artist Entry,The Fans,N,,,24/06/1994La Luna,La Luna,1994,06,24
20/06/1994,Weezer,,The Roxy,,Historical Artist Entry,The Fans,N,,,20/06/1994The Roxy,The Roxy,1994,06,20
18/06/1994,Weezer,,The Casbah,,Historical Artist Entry,The Fans,N,,,18/06/1994The Casbah,The Casbah,1994,06,18
17/06/1994,Weezer,,Whisky A Go Go,,Historical Artist Entry,The Fans,N,,,17/06/1994Whisky A Go Go,Whisky A Go Go,1994,06,17
16/06/1994,Weezer,,The Edge,,Historical Artist Entry,The Fans,N,,,16/06/1994The Edge,The Edge,1994,06,16
15/06/1994,Weezer,,Slim's,,Historical Artist Entry,The Fans,N,,,15/06/1994Slim's,Slim's,1994,06,15
12/06/1994,Weezer,,Roseland Theater,,Historical Artist Entry,The Fans,N,,,12/06/1994Roseland Theater,Roseland Theater,1994,06,12
11/06/1994,Weezer,,Moe's Mo' Rockin' Cafe,,Historical Artist Entry,The Fans,N,,,11/06/1994Moe's Mo' Rockin' Cafe,Moe's Mo' Rockin' Cafe,1994,06,11
04/06/1994,Weezer,,Troubadour,,Historical Artist Entry,The Fans,N,,,04/06/1994Troubadour,Troubadour,1994,06,04
01/06/1994,Weezer,,Boston's,,Historical Artist Entry,The Fans,N,,,01/06/1994Boston's,Boston's,1994,06,01
31/05/1994,Weezer,,The Rock,,Historical Artist Entry,The Fans,N,,,31/05/1994The Rock,The Rock,1994,05,31
29/05/1994,Weezer,,Cody's,,Historical Artist Entry,The Fans,N,,,29/05/1994Cody's,Cody's,1994,05,29
24/05/1994,Weezer,,,,Historical Artist Entry,The Fans,N,,,24/05/1994,,1994,05,24
22/05/1994,Weezer,,Berkeley Square,,Historical Artist Entry,The Fans,N,,,22/05/1994Berkeley Square,Berkeley Square,1994,05,22
20/05/1994,Weezer,,Cattle Club,,Historical Artist Entry,The Fans,N,,,20/05/1994Cattle Club,Cattle Club,1994,05,20
18/05/1994,Weezer,,La Luna,,Historical Artist Entry,The Fans,N,,,18/05/1994La Luna,La Luna,1994,05,18
17/05/1994,Weezer,,RKCNDY,,Historical Artist Entry,The Fans,N,,,17/05/1994RKCNDY,RKCNDY,1994,05,17
14/05/1994,Weezer,,Alex's Bar,,Historical Artist Entry,The Fans,N,,,14/05/1994Alex's Bar,Alex's Bar,1994,05,14
09/05/1994,Weezer,,Club Lingerie,,Historical Artist Entry,The Fans,N,,,09/05/1994Club Lingerie,Club Lingerie,1994,05,09
08/05/1994,Weezer,,Giant Sand,,Historical Artist Entry,The Fans,N,,,08/05/1994Giant Sand,Giant Sand,1994,05,08
07/05/1994,Weezer,,Bob's Frolic III,,Historical Artist Entry,The Fans,N,,,07/05/1994Bob's Frolic III,Bob's Frolic III,1994,05,07
27/04/1994,Weezer,,Gaslight,,Historical Artist Entry,The Fans,N,,,27/04/1994Gaslight,Gaslight,1994,04,27
17/04/1994,Weezer,,Gaslight,,Historical Artist Entry,The Fans,N,,,17/04/1994Gaslight,Gaslight,1994,04,17
03/04/1994,Weezer,,Thirsty Swede,,Historical Artist Entry,The Fans,N,,,03/04/1994Thirsty Swede,Thirsty Swede,1994,04,03
02/04/1994,Weezer,,Berkeley Square,,Historical Artist Entry,The Fans,N,,,02/04/1994Berkeley Square,Berkeley Square,1994,04,02
01/04/1994,Weezer,,Brave New World,,Historical Artist Entry,The Fans,N,,,01/04/1994Brave New World,Brave New World,1994,04,01
28/03/1994,Weezer,,Club Lingerie,,Historical Artist Entry,The Fans,N,,,28/03/1994Club Lingerie,Club Lingerie,1994,03,28
09/03/1994,Weezer,,Roxbury,,Historical Artist Entry,The Fans,N,,,09/03/1994Roxbury,Roxbury,1994,03,09
04/03/1994,Weezer,,Sunset Club,,Historical Artist Entry,The Fans,N,,,04/03/1994Sunset Club,Sunset Club,1994,03,04
20/02/1994,Weezer,,Gaslight,,Historical Artist Entry,The Fans,N,,,20/02/1994Gaslight,Gaslight,1994,02,20
19/02/1994,Weezer,,Whisky A Go Go,,Historical Artist Entry,The Fans,N,,,19/02/1994Whisky A Go Go,Whisky A Go Go,1994,02,19
31/01/1994,Weezer,,Club Lingerie,,Historical Artist Entry,The Fans,N,,,31/01/1994Club Lingerie,Club Lingerie,1994,01,31
13/12/1993,Weezer,,Club Lingerie,,Historical Artist Entry,The Fans,N,,,13/12/1993Club Lingerie,Club Lingerie,1993,12,13
12/12/1993,Weezer,,Gaslight,,Historical Artist Entry,The Fans,N,,,12/12/1993Gaslight,Gaslight,1993,12,12
11/12/1993,Weezer,,Blue Saloon,,Historical Artist Entry,The Fans,N,,,11/12/1993Blue Saloon,Blue Saloon,1993,12,11
10/12/1993,Weezer,,Raji's,,Historical Artist Entry,The Fans,N,,,10/12/1993Raji's,Raji's,1993,12,10
09/12/1993,Weezer,,The Roxy,,Historical Artist Entry,The Fans,N,,,09/12/1993The Roxy,The Roxy,1993,12,09
09/12/1993,Weezer,,Rhino Records Westwood,,Historical Artist Entry,The Fans,N,,,09/12/1993Rhino Records Westwood,Rhino Records Westwood,1993,12,09
08/12/1993,Weezer,,Gaslight,,Historical Artist Entry,The Fans,N,,,08/12/1993Gaslight,Gaslight,1993,12,08
07/12/1993,Weezer,,Alligator Lounge,,Historical Artist Entry,The Fans,N,,,07/12/1993Alligator Lounge,Alligator Lounge,1993,12,07
04/12/1993,Weezer,,Anti-Club,,Historical Artist Entry,The Fans,N,,,04/12/1993Anti-Club,Anti-Club,1993,12,04
02/12/1993,Weezer,,The Roxy,,Historical Artist Entry,The Fans,N,,,02/12/1993The Roxy,The Roxy,1993,12,02
01/12/1993,Weezer,,Gaslight,,Historical Artist Entry,The Fans,N,,,01/12/1993Gaslight,Gaslight,1993,12,01
30/11/1993,Weezer,,Club Lingerie,,Historical Artist Entry,The Fans,N,,,30/11/1993Club Lingerie,Club Lingerie,1993,11,30
01/08/1993,Weezer,,The Roxy,,Historical Artist Entry,The Fans,N,,,01/08/1993The Roxy,The Roxy,1993,08,01
07/06/1993,Weezer,,Club Lingerie,,Historical Artist Entry,The Fans,N,,,07/06/1993Club Lingerie,Club Lingerie,1993,06,07
01/06/1993,Weezer,,Rhino Records Westwood,,Historical Artist Entry,The Fans,N,,,01/06/1993Rhino Records Westwood,Rhino Records Westwood,1993,06,01
30/05/1993,Weezer,,,,Historical Artist Entry,The Fans,N,,,30/05/1993,,1993,05,30
27/05/1993,Weezer,,Al's Bar,,Historical Artist Entry,The Fans,N,,,27/05/1993Al's Bar,Al's Bar,1993,05,27
24/05/1993,Weezer,,Jabberjaw,,Historical Artist Entry,The Fans,N,,,24/05/1993Jabberjaw,Jabberjaw,1993,05,24
20/05/1993,Weezer,,Club Dump,,Historical Artist Entry,The Fans,N,,,20/05/1993Club Dump,Club Dump,1993,05,20
10/05/1993,Weezer,,Club Lingerie,,Historical Artist Entry,The Fans,N,,,10/05/1993Club Lingerie,Club Lingerie,1993,05,10
29/04/1993,Weezer,,Club Dump,,Historical Artist Entry,The Fans,N,,,29/04/1993Club Dump,Club Dump,1993,04,29
23/04/1993,Weezer,,Club Dump,,Historical Artist Entry,The Fans,N,,,23/04/1993Club Dump,Club Dump,1993,04,23
22/04/1993,Weezer,,Al's Bar,,Historical Artist Entry,The Fans,N,,,22/04/1993Al's Bar,Al's Bar,1993,04,22
16/04/1993,Weezer,,Coconut Teaszer,,Historical Artist Entry,The Fans,N,,,16/04/1993Coconut Teaszer,Coconut Teaszer,1993,04,16
07/04/1993,Weezer,,English Acid,,Historical Artist Entry,The Fans,N,,,07/04/1993English Acid,English Acid,1993,04,07
29/03/1993,Weezer,,Molly Malone's,,Historical Artist Entry,The Fans,N,,,29/03/1993Molly Malone's,Molly Malone's,1993,03,29
25/03/1993,Weezer,,Club Dump,,Historical Artist Entry,The Fans,N,,,25/03/1993Club Dump,Club Dump,1993,03,25
15/03/1993,Weezer,,Club Lingerie,,Historical Artist Entry,The Fans,N,,,15/03/1993Club Lingerie,Club Lingerie,1993,03,15
13/03/1993,Weezer,,Bogart's,,Historical Artist Entry,The Fans,N,,,13/03/1993Bogart's,Bogart's,1993,03,13
09/03/1993,Weezer,,Rhino Records Westwood,,Historical Artist Entry,The Fans,N,,,09/03/1993Rhino Records Westwood,Rhino Records Westwood,1993,03,09
03/03/1993,Weezer,,English Acid,,Historical Artist Entry,The Fans,N,,,03/03/1993English Acid,English Acid,1993,03,03
25/02/1993,Weezer,,Al's Bar,,Historical Artist Entry,The Fans,N,,,25/02/1993Al's Bar,Al's Bar,1993,02,25
22/02/1993,Weezer,,Molly Malone's,,Historical Artist Entry,The Fans,N,,,22/02/1993Molly Malone's,Molly Malone's,1993,02,22
20/02/1993,Weezer,,Music Machine,,Historical Artist Entry,The Fans,N,,,20/02/1993Music Machine,Music Machine,1993,02,20
01/02/1993,Weezer,,Club Lingerie,,Historical Artist Entry,The Fans,N,,,01/02/1993Club Lingerie,Club Lingerie,1993,02,01
29/01/1993,Weezer,,Alligator Lounge,,Historical Artist Entry,The Fans,N,,,29/01/1993Alligator Lounge,Alligator Lounge,1993,01,29
21/01/1993,Weezer,,Club Dump,,Historical Artist Entry,The Fans,N,,,21/01/1993Club Dump,Club Dump,1993,01,21
19/01/1993,Weezer,,Genghis Cohen,,Historical Artist Entry,The Fans,N,,,19/01/1993Genghis Cohen,Genghis Cohen,1993,01,19
11/12/1992,Weezer,,Club Lingerie,,Historical Artist Entry,The Fans,N,,,11/12/1992Club Lingerie,Club Lingerie,1992,12,11
10/12/1992,Weezer,,Club Dump,,Historical Artist Entry,The Fans,N,,,10/12/1992Club Dump,Club Dump,1992,12,10
02/12/1992,Weezer,,English Acid,,Historical Artist Entry,The Fans,N,,,02/12/1992English Acid,English Acid,1992,12,02
29/11/1992,Weezer,,Alligator Lounge,,Historical Artist Entry,The Fans,N,,,29/11/1992Alligator Lounge,Alligator Lounge,1992,11,29
21/11/1992,Weezer,,Alligator Lounge,,Historical Artist Entry,The Fans,N,,,21/11/1992Alligator Lounge,Alligator Lounge,1992,11,21
12/11/1992,Weezer,,Club Dump,,Historical Artist Entry,The Fans,N,,,12/11/1992Club Dump,Club Dump,1992,11,12
07/11/1992,Weezer,,Club 5902,,Historical Artist Entry,The Fans,N,,,07/11/1992Club 5902,Club 5902,1992,11,07
27/10/1992,Weezer,,Coconut Teaszer,,Historical Artist Entry,The Fans,N,,,27/10/1992Coconut Teaszer,Coconut Teaszer,1992,10,27
24/10/1992,Weezer,,Linda's Doll Hut,,Historical Artist Entry,The Fans,N,,,24/10/1992Linda's Doll Hut,Linda's Doll Hut,1992,10,24
21/10/1992,Weezer,,English Acid,,Historical Artist Entry,The Fans,N,,,21/10/1992English Acid,English Acid,1992,10,21
15/10/1992,Weezer,,Club Dump,,Historical Artist Entry,The Fans,N,,,15/10/1992Club Dump,Club Dump,1992,10,15
05/10/1992,Weezer,,Club Lingerie,,Historical Artist Entry,The Fans,N,,,05/10/1992Club Lingerie,Club Lingerie,1992,10,05
30/09/1992,Weezer,,Genghis Cohen,,Historical Artist Entry,The Fans,N,,,30/09/1992Genghis Cohen,Genghis Cohen,1992,09,30
28/09/1992,Weezer,,Coconut Teaszer,,Historical Artist Entry,The Fans,N,,,28/09/1992Coconut Teaszer,Coconut Teaszer,1992,09,28
21/09/1992,Weezer,,Club Lingerie,,Historical Artist Entry,The Fans,N,,,21/09/1992Club Lingerie,Club Lingerie,1992,09,21
15/09/1992,Weezer,,Coconut Teaszer,,Historical Artist Entry,The Fans,N,,,15/09/1992Coconut Teaszer,Coconut Teaszer,1992,09,15
01/09/1992,Weezer,,Coconut Teaszer,,Historical Artist Entry,The Fans,N,,,01/09/1992Coconut Teaszer,Coconut Teaszer,1992,09,01
28/08/1992,Weezer,,Munchies,,Historical Artist Entry,The Fans,N,,,28/08/1992Munchies,Munchies,1992,08,28
26/08/1992,Weezer,,Club Lingerie,,Historical Artist Entry,The Fans,N,,,26/08/1992Club Lingerie,Club Lingerie,1992,08,26
20/08/1992,Weezer,,Club Dump,,Historical Artist Entry,The Fans,N,,,20/08/1992Club Dump,Club Dump,1992,08,20
16/08/1992,Weezer,,Johnson's Beach,,Historical Artist Entry,The Fans,N,,,16/08/1992Johnson's Beach,Johnson's Beach,1992,08,16
15/08/1992,Weezer,,Power Station,,Historical Artist Entry,The Fans,N,,,15/08/1992Power Station,Power Station,1992,08,15
13/08/1992,Weezer,,Marsugi's,,Historical Artist Entry,The Fans,N,,,13/08/1992Marsugi's,Marsugi's,1992,08,13
12/08/1992,Weezer,,Coconut Teaszer,,Historical Artist Entry,The Fans,N,,,12/08/1992Coconut Teaszer,Coconut Teaszer,1992,08,12
27/07/1992,Weezer,,Coconut Teaszer,,Historical Artist Entry,The Fans,N,,,27/07/1992Coconut Teaszer,Coconut Teaszer,1992,07,27
18/07/1992,Weezer,,8121 Club,,Historical Artist Entry,The Fans,N,,,18/07/19928121 Club,8121 Club,1992,07,18
09/07/1992,Weezer,,Club Dump,,Historical Artist Entry,The Fans,N,,,09/07/1992Club Dump,Club Dump,1992,07,09
22/06/1992,Weezer,,Coconut Teaszer,,Historical Artist Entry,The Fans,N,,,22/06/1992Coconut Teaszer,Coconut Teaszer,1992,06,22
11/06/1992,Weezer,,8121 Club,,Historical Artist Entry,The Fans,N,,,11/06/19928121 Club,8121 Club,1992,06,11
10/06/1992,Weezer,,English Acid,,Historical Artist Entry,The Fans,N,,,10/06/1992English Acid,English Acid,1992,06,10
21/05/1992,Weezer,,8121 Club,,Historical Artist Entry,The Fans,N,,,21/05/19928121 Club,8121 Club,1992,05,21
07/05/1992,Weezer,,Club Dump,,Historical Artist Entry,The Fans,N,,,07/05/1992Club Dump,Club Dump,1992,05,07
29/04/1992,Weezer,,Club Dump,,Historical Artist Entry,The Fans,N,,,29/04/1992Club Dump,Club Dump,1992,04,29
26/04/1992,Weezer,,Raji's,,Historical Artist Entry,The Fans,N,,,26/04/1992Raji's,Raji's,1992,04,26
13/04/1992,Weezer,,Whisky A Go Go,,Historical Artist Entry,The Fans,N,,,13/04/1992Whisky A Go Go,Whisky A Go Go,1992,04,13
07/04/1992,Weezer,,8121 Club,,Historical Artist Entry,The Fans,N,,,07/04/19928121 Club,8121 Club,1992,04,07
30/03/1992,Weezer,,Whisky A Go Go,,Historical Artist Entry,The Fans,N,,,30/03/1992Whisky A Go Go,Whisky A Go Go,1992,03,30
19/03/1992,Weezer,,Raji's,,Historical Artist Entry,The Fans,N,,,19/03/1992Raji's,Raji's,1992,03,19
