Date,Artist,Setlist,Tour,SetlistURL,OfficialVenue,Role,Year,Month,Day,Journal Key
31/12/2017,Foo Fighters,Run | All My Life | Learn to Fly | The Pretender | The Sky Is a Neighborhood | Rope | Sunday Rain | My Hero | These Days | Let There Be Rock | Times Like These | Breakout | Under My Wheels | Another One Bites the Dust / My Sharona | Under Pressure | Monkey Wrench | Best of You | Everlong,Concrete and Gold,https://www.setlist.fm/setlist/foo-fighters/2017/the-chelsea-las-vegas-nv-5be1d310.html,The Chelsea,Headline,2017,12,31,31/12/2017The Chelsea
31/12/2007,XFM NYE,NOT_FOUND,,,Brixton Academy,Headline,2007,12,31,31/12/2007Brixton Academy
31/07/2025,4ft Fingers,NOT_FOUND,,,New Cross Inn,Support,2025,7,31,31/07/2025New Cross Inn
31/07/2025,Nerf Herder,Vivian | Portland | Diana | High Five Anxiety | Lamer Than Lame | Welcome to My World | We Opened for Weezer | Rock City News | Cashmere | Mr. Spock | Raining Tacos | Cat Flushing a Toilet | She's a Sleestak | Pantera Fans in Love | Feeling Bad | Nosering Girl | Down on Haley | The Sportsman Bar | Sorry | Van Halen | Golfshirt | Buffy the Vampire Slayer | Pervert | Doin' Laundry | I've Got a Boner for Christmas | Love Sandwich | 5000 Ways to Die,,https://www.setlist.fm/setlist/nerf-herder/2025/new-cross-inn-london-england-43586337.html,New Cross Inn,Headline,2025,7,31,31/07/2025New Cross Inn
31/07/2016,Panic! at the Disco,Don't Threaten Me With a Good Time | Vegas Lights | The Ballad of Mona Lisa | Hallelujah | Time to Dance | Emperor's New Clothes | Girls/Girls/Boys | Ready to Go (Get Me Out of My Mind) | Nine in the Afternoon | Crazy=Genius | Miss Jackson | Golden Days | Bohemian Rhapsody | LA Devotee | Death of a Bachelor | I Write Sins Not Tragedies | This Is Gospel | Positive Hardcore | Victorious,Weezer & Panic! at the Disco Summer Tour,https://www.setlist.fm/setlist/panic-at-the-disco/2016/shoreline-amphitheatre-mountain-view-ca-5bff4bb8.html,Shoreline Amphitheatre,Support,2016,7,31,31/07/2016Shoreline Amphitheatre
31/07/2015,Weezer,My Name Is Jonas | Hash Pipe | El Scorcho | Eulogy for a Rock Band | Troublemaker | Surf Wax America | Island in the Sun | Beverly Hills | Go Away | Dope Nose | Say It Ain't So | The Good Life | Perfect Situation | Back to the Shack | Pork and Beans | Undone - The Sweater Song | (If You're Wondering If I Want You To) I Want You To | Buddy Holly,,https://www.setlist.fm/setlist/weezer/2015/maine-state-pier-portland-me-63f66e67.html,Maine State Pier,Headline,2015,7,31,31/07/2015Maine State Pier
31/07/2004,Busted,Air Hostess | That Thing You Do | What I Go to School For | She Wants to Be Me | 3am | Why | Britney | Who's David | Teenage Kicks | Better Than This | Where Is the Love? | Fake | Nerdy | You Said No | Year 3000 | Sleeping With the Light On | Crashed the Wedding,,https://www.setlist.fm/setlist/busted/2004/st-georges-broadstairs-england-5bd0d308.html,St. George's,Headline,2004,7,31,31/07/2004St. George's
31/07/2004,McFly,Saturday Night | Down by the Lake | Obviously | Surfer Babe | That Girl | Met This Girl | Not Alone | She Left Me | Hypnotised | She Loves You | Room on the 3rd Floor | Broccoli | 5 Colours in Her Hair,The Tour,https://www.setlist.fm/setlist/mcfly/2004/st-georges-broadstairs-england-23f1c463.html,St. George's,Support,2004,7,31,31/07/2004St. George's
31/05/2014,Weezer,My Name Is Jonas | Hash Pipe | Perfect Situation | Troublemaker | Island in the Sun | Beverly Hills | Dope Nose | Surf Wax America | Say It Ain't So | (If You're Wondering If I Want You To) I Want You To | Pork and Beans | Photograph | Song 2 | Undone - The Sweater Song | Buddy Holly,2014 Summer Tour,https://www.setlist.fm/setlist/weezer/2014/napa-valley-expo-napa-ca-5bc0df5c.html,Napa Valley Expo,Headline,2014,5,31,31/05/2014Napa Valley Expo
31/03/2004,Beck,One Foot in the Grave | Bottle of Blues | Asshole | She Thinks I Still Care | Everybody's Got to Learn Sometime | Nothin' in the World Can Stop Me Worryin' 'Bout That Girl | Hollywood Freaks,,https://www.setlist.fm/setlist/beck/2004/knitting-factory-los-angeles-ca-33d98c61.html,Knitting Factory,Headline,2004,3,31,31/03/2004Knitting Factory
31/01/1998,Green Day,Going to Pasalacqua | Welcome to Paradise | Geek Stink Breath | Nice Guys Finish Last | Hitchin' a Ride | The Grouch | Chump | Longview | 2000 Light Years Away | Blue Moon of Kentucky | Brain Stew | Jaded | Knowledge | Basket Case | She | F.O.D. | Paper Lanterns | Scattered | When I Come Around | Good Riddance (Time of Your Life),Nimrod,https://www.setlist.fm/setlist/green-day/1998/brixton-academy-london-england-43d60b7b.html,Brixton Academy,Headline,1998,1,31,31/01/1998Brixton Academy
30/12/2017,Duran Duran,Paper Gods | The Wild Boys | A View to a Kill | Hungry Like the Wolf | Come Undone | Notorious | Pressure Off | Hold Back the Rain | Ordinary World | I Don't Want Your Love | (Reach Up for the) Sunrise / New Moon on Monday | White Lines (Don't Don't Do It) | The Reflex | Girls on Film | The Universe Alone | Save a Prayer | Last Night in the City | Rio,,https://www.setlist.fm/setlist/duran-duran/2017/the-chelsea-las-vegas-nv-4be1d396.html,The Chelsea,Headline,2017,12,30,30/12/2017The Chelsea
30/10/1998,Stereophonics,,Word Gets Around,https://www.setlist.fm/setlist/stereophonics/1998/the-lcr-uea-norwich-england-7bdccad4.html,"The LCR, UEA",Headline,1998,10,30,"30/10/1998The LCR, UEA"
30/09/2016,Regina Spektor,On the Radio | Better | Tornadoland | Bleeding Heart | Older and Taller | Grand Hotel | Blue Lips | Black and White | Small Bill$ | Ballad of a Politician | Après moi | You've Got Time | Sailor Song | Obsolete | The Light | The Visit | Sellers of Flowers | The Trapper and the Furrier | Us | Fidelity | Hotel Song | Samson,,https://www.setlist.fm/setlist/regina-spektor/2016/el-rey-theatre-los-angeles-ca-1bfd3d4c.html,El Rey Theatre,Headline,2016,9,30,30/09/2016El Rey Theatre
30/09/2005,Outroads,NOT_FOUND,,,Spice of Life,Headline,2005,9,30,30/09/2005Spice of Life
30/09/1999,A,,,https://www.setlist.fm/setlist/a/1999/the-waterfront-norwich-england-63dcc217.html,The Waterfront,Headline,1999,9,30,30/09/1999The Waterfront
30/09/1999,Fungus,NOT_FOUND,,,The Waterfront,Support,1999,9,30,30/09/1999The Waterfront
30/05/2018,Rivers Cuomo,I Took a Pill in Ibiza | El Scorcho | Buddy Holly | Wonderwall | Island in the Sun | Pink Triangle | Basket Case | The Good Life | Tired of Sex | 1979 | Say It Ain't So | Across the Sea | Why Bother? | No Other One | Champagne Supernova | Can't Stop Partying | I Don't Want to Let You Go | Medicine for Melancholy | I Think We're Alone Now | This Is Such a Pity | Undone - The Sweater Song | Happy Together | Midnight | Falling for You | Today | Pig | Susanne | Endless Bummer | You Gave Your Love to Me Softly,,https://www.setlist.fm/setlist/rivers-cuomo/2018/troubadour-west-hollywood-ca-bed79d2.html,Troubadour,Headline,2018,5,30,30/05/2018Troubadour
30/05/2016,As It Is,NOT_FOUND,,,The Forum Hertfordshire,Festival,2016,5,30,30/05/2016The Forum Hertfordshire
30/05/2016,Four Year Strong,NOT_FOUND,,,The Forum Hertfordshire,Festival,2016,5,30,30/05/2016The Forum Hertfordshire
30/05/2016,Hit The Lights,NOT_FOUND,,,The Forum Hertfordshire,Festival,2016,5,30,30/05/2016The Forum Hertfordshire
30/05/2016,Mayday Parade,NOT_FOUND,,,The Forum Hertfordshire,Festival,2016,5,30,30/05/2016The Forum Hertfordshire
30/05/2016,Moose Blood,NOT_FOUND,,,The Forum Hertfordshire,Festival,2016,5,30,30/05/2016The Forum Hertfordshire
30/05/2016,New Found Glory,NOT_FOUND,,,The Forum Hertfordshire,Festival,2016,5,30,30/05/2016The Forum Hertfordshire
30/05/2016,ROAM,NOT_FOUND,,,The Forum Hertfordshire,Festival,2016,5,30,30/05/2016The Forum Hertfordshire
30/05/2016,Real Friends,NOT_FOUND,,,The Forum Hertfordshire,Festival,2016,5,30,30/05/2016The Forum Hertfordshire
30/05/2016,Set Your Goals,NOT_FOUND,,,The Forum Hertfordshire,Festival,2016,5,30,30/05/2016The Forum Hertfordshire
30/05/2016,The Starting Line,NOT_FOUND,,,The Forum Hertfordshire,Festival,2016,5,30,30/05/2016The Forum Hertfordshire
30/05/2016,Trashboat,NOT_FOUND,,,The Forum Hertfordshire,Festival,2016,5,30,30/05/2016The Forum Hertfordshire
30/05/2009,Bayside,,,https://www.setlist.fm/setlist/bayside/2009/the-forum-london-england-bb8194a.html,Kentish Town Forum,Support,2009,5,30,30/05/2009Kentish Town Forum
30/05/2009,New Found Glory,Intro | All Downhill From Here | Listen to Your Friends | Understatement | Right Where We Left Off | Something I Call Personality | Sincerely Me | Hold My Hand | Truck Stop Blues | Truth of My Youth | The Story So Far | Dig My Own Grave | Failure's Not Flattering | Dressed to Kill | Don't Let Her Pull You Down | Head On Collision | Kiss Me | Hit or Miss | This Disaster | Forget My Name | My Friends Over You,,https://www.setlist.fm/setlist/new-found-glory/2009/hmv-forum-london-england-5bd72f14.html,Kentish Town Forum,Headline,2009,5,30,30/05/2009Kentish Town Forum
30/04/2025,Michael Cera Palin,Feast or Famine | Murder Hornet Fursona | Portrait of a Woman on a Couch With Cats | Wisteria | Crypto | Laughing Makes It Worse | 10:38/Doe | Despite | If It Makes You Happy | We Could Be Brave | Go Home. Play Music. Feel Better.,,https://www.setlist.fm/setlist/michael-cera-palin/2025/patterns-brighton-england-23463cb3.html,Patterns,Headline,2025,4,30,30/04/2025Patterns
30/03/2016,Weezer,California Kids | My Name Is Jonas | Hash Pipe | Back to the Shack | L.A. Girlz | El Scorcho | The British Are Coming | Pork and Beans | Do You Wanna Get High? | Cleopatra | The Waste Land | Thank God for Girls | Say It Ain't So | The Good Life | You Gave Your Love to Me Softly | King of the World | Island in the Sun | Undone - The Sweater Song | Beverly Hills | Buddy Holly,White Album Tour,https://www.setlist.fm/setlist/weezer/2016/warsaw-brooklyn-ny-63f05a17.html,Warsaw,Headline,2016,3,30,30/03/2016Warsaw
30/01/2013,Glen Hansard,You Will Become | Love Don't Leave Me Waiting | Talking With the Wolves | Maybe Not Tonight | Say It to Me Now | When Your Mind's Made Up | Low Rising | Bird of Sorrow | Movin' On | In These Arms | Astral Weeks | Leave | Philander | High Hope | Santa Maria | Song of Good Hope | Falling Slowly | This Gift | Gold | Passing Through,,https://www.setlist.fm/setlist/glen-hansard/2013/barbican-centre-london-england-53dbf3dd.html,Barbican Centre,Headline,2013,1,30,30/01/2013Barbican Centre
29/12/2017,Zac Brown Band,Day for the Dead | Toes | Family Table | Use Somebody | My Old Man | Loving You Easy | As She's Walking Away | Tomorrow Never Comes | Keep Me in Mind | Colder Weather | Beautiful Drug | Whipping Post | Chicken Fried | Homegrown | Drum Solos | Jump Right In / Castaway / Where the Boat Leaves From | Knee Deep | Guitar Duel | Paradise City | Enter Sandman,,https://www.setlist.fm/setlist/zac-brown-band/2017/the-cosmopolitan-of-las-vegas-las-vegas-nv-53e1c725.html,The Cosmopolitan of Las Vegas,Headline,2017,12,29,29/12/2017The Cosmopolitan of Las Vegas
29/10/2009,Frank Turner,,,https://www.setlist.fm/setlist/frank-turner/2009/o2-shepherds-bush-empire-london-england-6bc6ba52.html,Shepherd's Bush Empire,Headline,2009,10,29,29/10/2009Shepherd's Bush Empire
29/09/2006,All American Rejects,"Dirty Little Secret | My Paper Heart | Swing, Swing | The Last Song | Stab My Back | It Ends Tonight | Eyelash Wishes | Top of the World | I'm Waiting | 11:11pm | Dance Inside | Move Along",,https://www.setlist.fm/setlist/the-allamerican-rejects/2006/carling-academy-brixton-london-england-3d47dd7.html,Brixton Academy,Headline,2006,9,29,29/09/2006Brixton Academy
29/09/1997,Fountains of Wayne,NOT_FOUND,,https://www.setlist.fm/setlist/fountains-of-wayne/1997/astoria-2-london-england-53f8df7d.html,Astoria 2,Headline,1997,9,29,29/09/1997Astoria 2
29/08/2006,Hawthorne Heights,,If Only You Were Lonely,https://www.setlist.fm/setlist/hawthorne-heights/2006/carling-academy-islington-london-england-43b30ffb.html,Academy Islington,Headline,2006,8,29,29/08/2006Academy Islington
29/07/2003,Rooney,NOT_FOUND,,,100 Club,Headline,2003,7,29,29/07/2003100 Club
29/07/2002,AM Radio,,,https://www.setlist.fm/setlist/am-radio/2002/hifi-buys-amphitheatre-atlanta-ga-3ba0f8b8.html,Lakewood Amphitheatre,Support,2002,7,29,29/07/2002Lakewood Amphitheatre
29/07/2002,Dashboard Confessional,Saints and Sailors | The Good Fight | So Beautiful | The Swiss Army Romance | Remember to Breathe | Rapid Hope Loss | So Impossible | Ender Will Save Us All | Screaming Infidelities | Again I Go Unnoticed | Hands Down,The Places You Have Come to Fear the Most,https://www.setlist.fm/setlist/dashboard-confessional/2002/hifi-buys-amphitheatre-atlanta-ga-4bfcd7a6.html,Lakewood Amphitheatre,Support,2002,7,29,29/07/2002Lakewood Amphitheatre
29/07/2002,Home Town Hero,,,https://www.setlist.fm/setlist/home-town-hero/2002/hifi-buys-amphitheatre-atlanta-ga-3ba0f8bc.html,Lakewood Amphitheatre,Support,2002,7,29,29/07/2002Lakewood Amphitheatre
29/07/2002,Sparta,Sans Cosm | Mye | Vacant Skies | Rx Coup | Collapse | Cut Your Ribbon | Air,,https://www.setlist.fm/setlist/sparta/2002/hifi-buys-amphitheatre-atlanta-ga-2be858e6.html,Lakewood Amphitheatre,Support,2002,7,29,29/07/2002Lakewood Amphitheatre
29/07/2002,The Special Goodness,,,https://www.setlist.fm/setlist/the-special-goodness/2002/hifi-buys-amphitheatre-atlanta-ga-4bb97fb6.html,Lakewood Amphitheatre,Support,2002,7,29,29/07/2002Lakewood Amphitheatre
29/07/2002,Weezer,Improvisation | Pink Triangle | Island in the Sun | In the Garage | Why Bother? | Death and Destruction | Say It Ain't So | El Scorcho | Fall Together | Surf Wax America | Tired of Sex | Hash Pipe | No One Else | Getchoo | Don't Let Go | Buddy Holly | The Good Life | Dope Nose,Enlightenment Tour,https://www.setlist.fm/setlist/weezer/2002/hifi-buys-amphitheatre-atlanta-ga-43d5f3f3.html,Lakewood Amphitheatre,Headline,2002,7,29,29/07/2002Lakewood Amphitheatre
29/06/2025,Deftones,NOT_FOUND,,,Crystal Palace Park,Support,2025,6,29,29/06/2025Crystal Palace Park
29/06/2025,Weezer,Hash Pipe | My Name Is Jonas | Dope Nose | No One Else | Perfect Situation | Surf Wax America | Undone - The Sweater Song | Island in the Sun | Holiday | Beverly Hills | Why Bother? | Pork and Beans | El Scorcho | The Good Life | Say It Ain't So | Buddy Holly,2025 EU/UK Tour,https://www.setlist.fm/setlist/weezer/2025/crystal-palace-park-london-england-4b51775e.html,Crystal Palace Park,Headline,2025,6,29,29/06/2025Crystal Palace Park
29/06/2017,Everclear,So Much for the Afterglow | Everything to Everyone | Normal Like You | I Will Buy You a New Life | Father of Mine | One Hit Wonder | Heroin Girl | Heartspark Dollarsign | El distorto de melodica | Amphetamine | White Men in Black Suits | Sunflowers | Why I Don't Believe in God | Like a California King | AM Radio | Wonderful | Santa Monica,So Much For the Afterglow 20th Anniversary,https://www.setlist.fm/setlist/everclear/2017/house-of-blues-anaheim-ca-73e42ad1.html,House of Blues,Headline,2017,6,29,29/06/2017House of Blues
29/06/2007,Me First and the Gimme Gimmes,,,https://www.setlist.fm/setlist/me-first-and-the-gimme-gimmes/2007/the-forum-london-england-2bc32cba.html,Kentish Town Forum,Headline,2007,6,29,29/06/2007Kentish Town Forum
29/05/2011,A Loss For Words,,,https://www.setlist.fm/setlist/a-loss-for-words/2011/the-forum-hertfordshire-hatfield-england-3c201bb.html,The Forum Hertfordshire,Festival,2011,5,29,29/05/2011The Forum Hertfordshire
29/05/2011,Dance Gavin Dance,,,https://www.setlist.fm/setlist/dance-gavin-dance/2011/the-forum-hertfordshire-hatfield-england-13d83975.html,The Forum Hertfordshire,Festival,2011,5,29,29/05/2011The Forum Hertfordshire
29/05/2011,Hit The Lights,,,https://www.setlist.fm/setlist/hit-the-lights/2011/the-forum-hertfordshire-hatfield-england-bd83976.html,The Forum Hertfordshire,Festival,2011,5,29,29/05/2011The Forum Hertfordshire
29/05/2011,Mayday Parade,,,https://www.setlist.fm/setlist/mayday-parade/2011/the-forum-hertfordshire-hatfield-england-43d33ba3.html,The Forum Hertfordshire,Festival,2011,5,29,29/05/2011The Forum Hertfordshire
29/05/2011,Set your goals,,,https://www.setlist.fm/setlist/set-your-goals/2011/the-forum-hertfordshire-hatfield-england-1bd83968.html,The Forum Hertfordshire,Festival,2011,5,29,29/05/2011The Forum Hertfordshire
29/05/2011,The Dangerous Summer,NOT_FOUND,,,The Forum Hertfordshire,Festival,2011,5,29,29/05/2011The Forum Hertfordshire
29/05/2011,The Famous Class,NOT_FOUND,,,The Forum Hertfordshire,Festival,2011,5,29,29/05/2011The Forum Hertfordshire
29/05/2011,The Starting Line,,,https://www.setlist.fm/setlist/the-starting-line/2011/the-forum-hertfordshire-hatfield-england-2bcb2c92.html,The Forum Hertfordshire,Festival,2011,5,29,29/05/2011The Forum Hertfordshire
29/05/2011,We Are the In Crowd,NOT_FOUND,,,The Forum Hertfordshire,Festival,2011,5,29,29/05/2011The Forum Hertfordshire
29/05/2010,Deaf Havana,,,https://www.setlist.fm/setlist/deaf-havana/2010/the-forum-hertfordshire-hatfield-england-2b546492.html,The Forum Hertfordshire,Festival,2010,5,29,29/05/2010The Forum Hertfordshire
29/05/2010,Four Year Strong,"It Must Really Suck to Be Four Year Strong Right Now | Bada Bing! Wit' a Pipe! | What the Hell Is a Gigawatt? | Maniac (R.O.D.) | Tonight We Feel Alive (On a Saturday) | Nineteen With Neck Tatz | Prepare to Be Digitally Manipulated | Wasting Time (Eternal Summer) | Heroes Get Remembered, Legends Never Die",,https://www.setlist.fm/setlist/four-year-strong/2010/the-forum-hertfordshire-hatfield-england-23d43c83.html,The Forum Hertfordshire,Festival,2010,5,29,29/05/2010The Forum Hertfordshire
29/05/2010,Moneen,,,https://www.setlist.fm/setlist/moneen/2010/the-forum-hertfordshire-hatfield-england-7bae0650.html,The Forum Hertfordshire,Festival,2010,5,29,29/05/2010The Forum Hertfordshire
29/05/2010,New Found Glory,Don't Let Her Pull You Down | Understatement | At Least I'm Known for Something | Better Off Dead | All Downhill From Here | Hold My Hand | Kiss Me | Truck Stop Blues | Something I Call Personality | Sincerely Me | Head On Collision | Failure's Not Flattering | Iris | Dressed to Kill | Listen to Your Friends | Forget My Name | It's Not Your Fault | Hit or Miss | Truth of My Youth | My Friends Over You,Not Without a Fight Promotional Work,https://www.setlist.fm/setlist/new-found-glory/2010/the-forum-hertfordshire-hatfield-england-33d4c0e5.html,The Forum Hertfordshire,Festival,2010,5,29,29/05/2010The Forum Hertfordshire
29/05/2010,Sonic Boom Six,NOT_FOUND,,,The Forum Hertfordshire,Festival,2010,5,29,29/05/2010The Forum Hertfordshire
29/05/2010,Straight Lines,NOT_FOUND,,,The Forum Hertfordshire,Festival,2010,5,29,29/05/2010The Forum Hertfordshire
29/04/2024,Weezer,Cleopatra | Eulogy for a Rock Band | Anonymous | Sheila Can Do It | Everything Happens for a Reason | Here Comes the Rain | Bird With a Broken Wing | Mirror Image | Any Friend of Diane's | The Angel and the One | Dope Nose | Slave | Burndt Jamb | I Just Threw Out the Love of My Dreams | Across the Sea | Falling for You | No One Else | In the Garage | Holiday | Only in Dreams | Celebrity Skin,,https://www.setlist.fm/setlist/weezer/2024/constellation-room-santa-ana-ca-13a805fd.html,Constellation Room,Headline,2024,4,29,29/04/2024Constellation Room
28/10/2017,Ash,Goldfinger | A Life Less Ordinary | Kung Fu | Cocoon | Oh Yeah | Let's Ride | Shining Light | Numbskull | Orpheus | Girl From Mars | Burn Baby Burn,,https://www.setlist.fm/setlist/ash/2017/the-sse-arena-wembley-london-england-33e30821.html,Wembley Arena,Support,2017,10,28,28/10/2017Wembley Arena
28/10/2017,Weezer,NOT_FOUND,,,Wembley Arena,Headline,2017,10,28,28/10/2017Wembley Arena
28/09/2005,Trachtenburg Family Slideshow Players,NOT_FOUND,,,Bloomsbury Theatre,Headline,2005,9,28,28/09/2005Bloomsbury Theatre
28/08/1998,Ash,Lose Control | Season | Angel Interceptor | Jesus Says | Oh Yeah | A Life Less Ordinary | Wildsurf | Innocent Smile | Fortune Teller | Girl From Mars | Low Ebb | Numbskull | Goldfinger | Petrol | Kung Fu,,https://www.setlist.fm/setlist/ash/1997/london-astoria-london-england-6bdca6ca.html,Little John's Farm,Festival,1998,8,28,28/08/1998Little John's Farm
28/08/1998,Beastie Boys,The Move | Sure Shot | Skills to Pay the Bills | Time to Get Ill | Shake Your Rump | Sabrosa | Time for Livin' | Riot Fight | Remote Control | Super Disco Breakin' | Flute Loop | Putting Shame in Your Game | Alright Hear This | Slow and Low | Lighten Up | Song for the Man | Egg Raid on Mojo | Tough Guy | Root Down | Body Movin' | Three MC's and One DJ | Something's Got to Give | Ricky's Theme | Gratitude,,https://www.setlist.fm/setlist/beastie-boys/1998/little-johns-farm-reading-england-73c08a69.html,Little John's Farm,Festival,1998,8,28,28/08/1998Little John's Farm
28/08/1998,Deftones,Headup | My Own Summer (Shove It) | Root | Bored | 7 Words | Birthmark | Mascara | Around the Fur | Damone | Be Quiet and Drive (Far Away),Around the Fur,https://www.setlist.fm/setlist/deftones/1998/little-johns-farm-reading-england-7bd3f25c.html,Little John's Farm,Festival,1998,8,28,28/08/1998Little John's Farm
28/08/1998,Fungus,NOT_FOUND,,,Little John's Farm,Festival,1998,8,28,28/08/1998Little John's Farm
28/08/1998,Grandaddy,Everything Beautiful Is Far Away | Summer Here Kids,,https://www.setlist.fm/setlist/grandaddy/1998/little-johns-farm-reading-england-3bcdd0e8.html,Little John's Farm,Festival,1998,8,28,28/08/1998Little John's Farm
28/08/1998,Idlewild,NOT_FOUND,,,Little John's Farm,Festival,1998,8,28,28/08/1998Little John's Farm
28/08/1998,Llama Farmers,NOT_FOUND,,,Little John's Farm,Festival,1998,8,28,28/08/1998Little John's Farm
28/08/1998,Prodigy,NOT_FOUND,,,Little John's Farm,Festival,1998,8,28,28/08/1998Little John's Farm
28/08/1998,Snug,NOT_FOUND,,,Little John's Farm,Festival,1998,8,28,28/08/1998Little John's Farm
28/08/1998,Yo La Tengo,Now 2000 | Autumn Sweater | Sugarcube | Stockholm Syndrome | Center of Gravity | Little Honda | Deeper Into Movies | Blue Line Swinger,,https://www.setlist.fm/setlist/yo-la-tengo/1998/little-johns-farm-reading-england-2bcdd0ea.html,Little John's Farm,Festival,1998,8,28,28/08/1998Little John's Farm
28/08/1997,Blur,NOT_FOUND,,,Hylands Park,Festival,1997,8,28,28/08/1997Hylands Park
28/08/1997,Prodigy,NOT_FOUND,,,Hylands Park,Festival,1997,8,28,28/08/1997Hylands Park
28/08/1997,Radish,NOT_FOUND,,,Hylands Park,Festival,1997,8,28,28/08/1997Hylands Park
28/08/1997,Stereophonics,NOT_FOUND,Word Gets Around,https://www.setlist.fm/setlist/stereophonics/1997/hylands-park-chelmsford-england-73df66c9.html,Hylands Park,Festival,1997,8,28,28/08/1997Hylands Park
28/04/2007,Brand New,"Seventy Times 7 | Soco Amaretto Lime | The Shower Scene | The No Seatbelt Song | Tautou | Sic transit gloria... Glory Fades | I Will Play My Game Beneath the Spin Light | Okay I Believe You, but My Tommy Gun Don't | The Quiet Things That No One Ever Knows | The Boy Who Blocked His Own Shot | Jaws Theme Swimming | Me vs. Maradona vs. Elvis | Guernica | Play Crack the Sky | Welcome to Bangkok | Luca | Jesus | Sowing Season | Degausser | You Won't Know",The Devil and God are Raging Inside Me,https://www.setlist.fm/setlist/brand-new/2007/earls-court-london-england-1bd0a5cc.html,Earls Court Olympia,Festival,2007,4,28,28/04/2007Earls Court Olympia
28/04/2007,Enter Shikari,"Enter Shikari | The Feast | Anything Can Happen in the Next Half Hour... | Labyrinth | Mothership | Sorry, You're Not a Winner | OK, Time for Plan B | Closing",,https://www.setlist.fm/setlist/enter-shikari/2007/earls-court-london-england-4bd77fd2.html,Earls Court Olympia,Festival,2007,4,28,28/04/2007Earls Court Olympia
28/04/2007,Kevin Devine,,Put Your Ghost To Rest,https://www.setlist.fm/setlist/kevin-devine/2007/earls-court-london-england-4bcf17de.html,Earls Court Olympia,Festival,2007,4,28,28/04/2007Earls Court Olympia
28/04/2007,Zebra Head,NOT_FOUND,,,Earls Court Olympia,Festival,2007,4,28,28/04/2007Earls Court Olympia
28/03/2006,Nada Surf,Hi-Speed Soul | What Is Your Secret? | Happy Kid | Killian's Red | Concrete Bed | 80 Windows | Inside of Love | Fruit Fly | Amateur | Blankest Year | In the Mirror | Always Love | There Is a Light That Never Goes Out | Do It Again | Paper Boats | The Way You Wear Your Head | Blizzard of '77 | Stalemate | Imaginary Friends | Your Legs Grow | Blonde on Blonde | Hyperspace,,https://www.setlist.fm/setlist/nada-surf/2006/shepherds-bush-empire-london-england-bd30d16.html,Shepherd's Bush Empire,Headline,2006,3,28,28/03/2006Shepherd's Bush Empire
28/01/2024,Heart Attack Man,NOT_FOUND,,,Chalk,Support,2024,1,28,28/01/2024Chalk
28/01/2024,Spanish Love Songs,"Lifers | Losers | Clean-Up Crew | Self-Destruction (As a Sensible Career Choice) | Bellyache | Pendulum | Kick | The Boy Considers His Haircut | Beer & Nyquil (Hold It Together) | Here You Are | Buffalo Buffalo | Losers 2 | Marvel | Haunted | Routine Pain | Brave Faces, Everyone",No Joy Live in Europe,https://www.setlist.fm/setlist/spanish-love-songs/2024/chalk-brighton-england-1bacd928.html,Chalk,Headline,2024,1,28,28/01/2024Chalk
28/01/2024,Suds,NOT_FOUND,,,Chalk,Support,2024,1,28,28/01/2024Chalk
28/01/2005,Taking Back Sunday,,Where You Want to Be,https://www.setlist.fm/setlist/taking-back-sunday/2005/carling-academy-brixton-london-england-13d7517d.html,Brixton Academy,Headline,2005,1,28,28/01/2005Brixton Academy
27/11/2010,Weezer,Memories | Pork and Beans | The Greatest Man That Ever Lived (Variations on a Shaker Hymn) | Perfect Situation | Dope Nose | Island in the Sun | Hash Pipe | You Gave Your Love to Me Softly | Susanne | Only in Dreams | Tired of Sex | Getchoo | No Other One | Why Bother? | Across the Sea | The Good Life | El Scorcho | Pink Triangle | Falling for You | Butterfly,Memories Tour,https://www.setlist.fm/setlist/weezer/2010/gibson-amphitheatre-universal-city-ca-1bd2ad10.html,Gibson Amphitheatre,Headline,2010,11,27,27/11/2010Gibson Amphitheatre
27/11/2006,The Killers,Sam's Town | Enterlude | When You Were Young | Somebody Told Me | Smile Like You Mean It | Bones | Bling (Confession of a King) | Read My Mind | Jenny Was a Friend of Mine | Uncle Jonny | Glamorous Indie Rock & Roll | Mr. Brightside | A Great Big Sled | For Reasons Unknown | All These Things That I've Done | Exitlude,Sam's Town,https://www.setlist.fm/setlist/the-killers/2006/carling-academy-brixton-london-england-33d658ed.html,Brixton Academy,Headline,2006,11,27,27/11/2006Brixton Academy
27/10/2017,The Orwells,Black Francis | Fry | They Put A Body In The Bayou | In My Bed | Vacation | Gotta Get Down | Heavy Head | Who Needs You | Double Feature,Fall 2017,https://www.setlist.fm/setlist/the-orwells/2017/o2-academy-birmingham-england-5be31324.html,O2 Academy,Support,2017,10,27,27/10/2017O2 Academy
27/10/2010,Black Cards,,,https://www.setlist.fm/setlist/black-cards/2010/institute-of-contemporary-arts-london-england-738d36a1.html,Institute of Contemporary Arts,Headline,2010,10,27,27/10/2010Institute of Contemporary Arts
27/10/1999,Beth Orton,NOT_FOUND,,,"The LCR, UEA",Headline,1999,10,27,"27/10/1999The LCR, UEA"
27/09/2025,The Beths,"Straight Line Was a Lie | No Joy | Silence Is Golden | Future Me Hates Me | Metal | Til My Heart Stops | Mother, Pray for Me | Out of Sight | Knees Deep | Uptown Girl | Mosquitoes | Ark of the Covenant | Jump Rope Gazers | Best Laid Plans | Little Death | I'm Not Getting Excited | Expert in a Dying Field | Take",UK & EU & North America 2025,https://www.setlist.fm/setlist/the-beths/2025/chalk-brighton-england-7346d2d1.html,Chalk,Headline,2025,9,27,27/09/2025Chalk
27/09/2019,Aaron West and the Roaring Twenties,"Just Sign the Papers | Our Apartment | Grapefruit | Runnin' Toward the Light | The Thunderbird Inn | God & the Billboards | Orchard Park | Bloodied Up in a Bar Fight | '67, Cherry Red | Going to Georgia | Rosa & Reseda | Routine Maintenance | Winter Coats | Divorce and the American South",U.K. Tour 2019,https://www.setlist.fm/setlist/aaron-west-and-the-roaring-twenties/2019/the-garage-london-england-b9c1d12.html,The Garage,Headline,2019,9,27,27/09/2019The Garage
27/09/2017,Mayday Parade,"Jamie All Over | Black Cat | When I Get Home, You're So Dead | Jersey | Miserable at Best | Walk on Water or Drown | Ocean and Atlantic | I'd Hate to Be You When People Find Out What This Song Is About | Take This to Heart | Champagne's for Celebrating (I'll Have a Martini) | You Be the Anchor That Keeps My Feet on the Ground, I'll Be the Wings That Keep Your Heart in the Clouds | Punk Rock Princess | Terrible Things | Three Cheers for Five Years | When You See My Friends | Kids in Love | Oh Well, Oh Well",A Lesson in Romantics 10th Anniversary Tour,https://www.setlist.fm/setlist/mayday-parade/2017/concorde-2-brighton-england-13e25959.html,Concorde 2,Headline,2017,9,27,27/09/2017Concorde 2
27/08/2011,Weezer,Undone - The Sweater Song | El Scorcho | My Name Is Jonas | Hash Pipe | The World Has Turned and Left Me Here | Susanne | Perfect Situation | No One Else | Pumped Up Kicks | Pork and Beans | Say It Ain't So | In the Garage | Longtime Sunshine | Beverly Hills | Holiday | Pink Triangle | (If You're Wondering If I Want You To) I Want You To | Only in Dreams | Island in the Sun | Buddy Holly,,https://www.setlist.fm/setlist/weezer/2011/fantasy-springs-resort-casino-indio-ca-7bd0da48.html,Fantasy Springs Resort Casino,Headline,2011,8,27,27/08/2011Fantasy Springs Resort Casino
27/08/2009,Billy Talent,NOT_FOUND,,,Little John's Farm,Festival,2009,8,27,27/08/2009Little John's Farm
27/08/2009,Radiohead,NOT_FOUND,,,Little John's Farm,Festival,2009,8,27,27/08/2009Little John's Farm
27/08/2009,Right Away Great Captain,,,https://www.setlist.fm/setlist/right-away-great-captain/2009/monto-water-rats-london-england-43d39b9f.html,Monto Water Rats,Headline,2009,8,27,27/08/2009Monto Water Rats
27/08/2009,Rise Against,NOT_FOUND,,,Little John's Farm,Festival,2009,8,27,27/08/2009Little John's Farm
27/08/1999,BIS,Action and Drama | I'm a Slut | Eurodisco | Kiss and Tell | Am I Loud Enough? | Are You Ready? | School Disco | Detour | Monstarr | Making People Normal,,https://www.setlist.fm/setlist/bis/1999/little-johns-farm-reading-england-33d0cc65.html,Little John's Farm,Festival,1999,8,27,27/08/1999Little John's Farm
27/08/1999,Beth Orton,NOT_FOUND,,,Little John's Farm,Festival,1999,8,27,27/08/1999Little John's Farm
27/08/1999,Blur,NOT_FOUND,,,Little John's Farm,Festival,1999,8,27,27/08/1999Little John's Farm
27/08/1999,Feeder,NOT_FOUND,,,Little John's Farm,Festival,1999,8,27,27/08/1999Little John's Farm
27/08/1999,Fountains of Wayne,NOT_FOUND,,,Little John's Farm,Festival,1999,8,27,27/08/1999Little John's Farm
27/08/1999,Fun Lovin' Criminals,NOT_FOUND,,,Little John's Farm,Festival,1999,8,27,27/08/1999Little John's Farm
27/08/1999,Idlewild,NOT_FOUND,,,Little John's Farm,Festival,1999,8,27,27/08/1999Little John's Farm
27/08/1999,Sebadoh,NOT_FOUND,,,Little John's Farm,Festival,1999,8,27,27/08/1999Little John's Farm
27/08/1999,Sleater Kinney,NOT_FOUND,,,Little John's Farm,Festival,1999,8,27,27/08/1999Little John's Farm
27/08/1999,Symposium,NOT_FOUND,,,Little John's Farm,Festival,1999,8,27,27/08/1999Little John's Farm
27/08/1999,The Chemical Brothers,Hey Boy Hey Girl | Leave Home | Block Rockin' Beats | The Private Psychedelic Reel | Setting Sun | Under the Influence,,https://www.setlist.fm/setlist/the-chemical-brothers/1999/little-johns-farm-reading-england-33d0cc61.html,Little John's Farm,Festival,1999,8,27,27/08/1999Little John's Farm
27/08/1999,The Dandy Warhols,Country Leaver | Every Day Should Be a Holiday | Hard On for Jesus | Not If You Were the Last Junkie on Earth | I Love You | It's a Fast-Driving Rave-Up With The Dandy Warhols Sixteen Minutes | White Gold | Retarded | Pete International Airport | Boys Better,,https://www.setlist.fm/setlist/the-dandy-warhols/1999/little-johns-farm-reading-england-23d0cc5b.html,Little John's Farm,Festival,1999,8,27,27/08/1999Little John's Farm
27/08/1999,The Offspring,Walla Walla | Have You Ever | Americana | Pretty Fly (for a White Guy) | Self Esteem | Bad Habit,,https://www.setlist.fm/setlist/the-offspring/1999/little-johns-farm-reading-england-13d0d1f1.html,Little John's Farm,Festival,1999,8,27,27/08/1999Little John's Farm
27/07/2013,Weezer,My Name Is Jonas | Hash Pipe | El Scorcho | We Are All on Drugs | Troublemaker | Photograph | Perfect Situation | Dope Nose | Surf Wax America | Island in the Sun | Beverly Hills | Keep Fishin' | Say It Ain't So | (If You're Wondering If I Want You To) I Want You To | Pork and Beans | Buddy Holly | Memories | Undone - The Sweater Song,2013 Summer Tour,https://www.setlist.fm/setlist/weezer/2013/boulevard-pool-at-the-cosmopolitan-las-vegas-nv-13c6f92d.html,Boulevard Pool at The Cosmopolitan,Headline,2013,7,27,27/07/2013Boulevard Pool at The Cosmopolitan
27/06/2008,Get Cape Wear Cape Fly,An Oak Tree | Get Cape. Wear Cape. Fly | I-Spy,,https://www.setlist.fm/setlist/get-cape-wear-cape-fly/2008/worthy-farm-pilton-england-1bdbb59c.html,Worthy Farm,Festival,2008,6,27,27/06/2008Worthy Farm
27/06/2008,Hadouken!,NOT_FOUND,,,Worthy Farm,Festival,2008,6,27,27/06/2008Worthy Farm
27/06/2008,Jay-Z,NOT_FOUND,,,Worthy Farm,Festival,2008,6,27,27/06/2008Worthy Farm
27/06/2008,King SOloman Burke,NOT_FOUND,,,Worthy Farm,Festival,2008,6,27,27/06/2008Worthy Farm
27/06/2008,Lightspeed Champion,NOT_FOUND,,,Worthy Farm,Festival,2008,6,27,27/06/2008Worthy Farm
27/06/2008,Manu Chau,NOT_FOUND,,,Worthy Farm,Festival,2008,6,27,27/06/2008Worthy Farm
27/06/2008,Seasick Steve,NOT_FOUND,,,Worthy Farm,Festival,2008,6,27,27/06/2008Worthy Farm
27/06/2008,Suzanne Vega,NOT_FOUND,,,Worthy Farm,Festival,2008,6,27,27/06/2008Worthy Farm
27/05/2022,Collapsed Lung,NOT_FOUND,,,Pippingford Park,Festival,2022,5,27,27/05/2022Pippingford Park
27/05/2022,David Gibb,NOT_FOUND,,,Pippingford Park,Festival,2022,5,27,27/05/2022Pippingford Park
27/05/2022,Michele Stodart,NOT_FOUND,,,Pippingford Park,Festival,2022,5,27,27/05/2022Pippingford Park
27/05/2018,As It Is,NOT_FOUND,,,Hatfield House,Festival,2018,5,27,27/05/2018Hatfield House
27/05/2018,Four Year Strong,NOT_FOUND,,,Hatfield House,Festival,2018,5,27,27/05/2018Hatfield House
27/05/2018,Good Charlotte,NOT_FOUND,,,Hatfield House,Festival,2018,5,27,27/05/2018Hatfield House
27/05/2018,Lower Than Atlantis,NOT_FOUND,,,Hatfield House,Festival,2018,5,27,27/05/2018Hatfield House
27/05/2018,Moose Blood,NOT_FOUND,,,Hatfield House,Festival,2018,5,27,27/05/2018Hatfield House
27/05/2018,Roam,NOT_FOUND,,,Hatfield House,Festival,2018,5,27,27/05/2018Hatfield House
27/05/2018,Say Anything,NOT_FOUND,,,Hatfield House,Festival,2018,5,27,27/05/2018Hatfield House
27/05/2018,State Champs,NOT_FOUND,,,Hatfield House,Festival,2018,5,27,27/05/2018Hatfield House
27/05/2018,The Audition,NOT_FOUND,,,Hatfield House,Festival,2018,5,27,27/05/2018Hatfield House
27/05/2018,Twin Atlantic,NOT_FOUND,,,Hatfield House,Festival,2018,5,27,27/05/2018Hatfield House
27/05/2018,Zebrahead,NOT_FOUND,,,Hatfield House,Festival,2018,5,27,27/05/2018Hatfield House
27/05/1998,Symposium,NOT_FOUND,,https://www.setlist.fm/setlist/symposium/1998/london-astoria-london-england-43d01b43.html,Astoria,Headline,1998,5,27,27/05/1998Astoria
27/04/2014,Bayside,,,https://www.setlist.fm/setlist/bayside/2014/the-fighting-cocks-kingston-upon-thames-england-bb8194e.html,The Fighting Cocks,Headline,2014,4,27,27/04/2014The Fighting Cocks
27/03/1999,Snug,NOT_FOUND,,,Monto Water Rats,Headline,1999,3,27,27/03/1999Monto Water Rats
27/02/2025,Four Year Strong,"aftermath/afterthought | bad habit | Heroes Get Remembered, Legends Never Die | Get Out of My Head | It Must Really Suck to Be Four Year Strong Right Now | Find My Way Back | uncooked | daddy of mine | Brain Pain | maybe it's me | Seventeen | dead end friend | Go Down in History | It's Cool | We All Float Down Here | Wasting Time (Eternal Summer)",EU/UK 2025,https://www.setlist.fm/setlist/four-year-strong/2025/chalk-brighton-england-4b569396.html,Chalk,Headline,2025,2,27,27/02/2025Chalk
27/02/2012,Kevin Devine,,,https://www.setlist.fm/setlist/kevin-devine/2012/the-borderline-london-england-4bdef7b2.html,The Borderline,Headline,2012,2,27,27/02/2012The Borderline
27/02/1998,Catherine Wheel,,,https://www.setlist.fm/setlist/catherine-wheel/1998/the-forum-royal-tunbridge-wells-england-4b83174e.html,The Forum,Headline,1998,2,27,27/02/1998The Forum
26/11/2010,Weezer,Memories | (If You're Wondering If I Want You To) I Want You To | Troublemaker | Pork and Beans | Beverly Hills | Keep Fishin' | Photograph | Island in the Sun | Hash Pipe | Falling for You | My Name Is Jonas | No One Else | The World Has Turned and Left Me Here | Buddy Holly | Undone - The Sweater Song | Surf Wax America | Say It Ain't So | In the Garage | Holiday | Only in Dreams,Memories Tour,https://www.setlist.fm/setlist/weezer/2010/gibson-amphitheatre-universal-city-ca-2bd2b0b2.html,Gibson Amphitheatre,Headline,2010,11,26,26/11/2010Gibson Amphitheatre
26/11/2003,Radiohead,There There | 2 + 2 = 5 | Sit Down. Stand Up. | Where I End and You Begin | Lucky | Backdrifts | I Might Be Wrong | Myxomatosis | Creep | Paranoid Android | Go to Sleep | Sail to the Moon | No Surprises | The Gloaming | Just | Exit Music (for a Film) | Idioteque | Like Spinning Plates | The National Anthem | A Punchup at a Wedding | How to Disappear Completely | We Suck Young Blood | The Bends | Follow Me Around | Everything in Its Right Place,Hail to the Thief,https://www.setlist.fm/setlist/radiohead/2003/earls-court-london-england-6bd6f2ee.html,Earls Court Olympia,Headline,2003,11,26,26/11/2003Earls Court Olympia
26/10/2025,Polite Burueax,NOT_FOUND,,,Concorde 2,Support,2025,10,26,26/10/2025Concorde 2
26/10/2025,Stewart Lee,NOT_FOUND,,,Concorde 2,Support,2025,10,26,26/10/2025Concorde 2
26/10/2025,The Lovely Eggs,Minibus | Introducing Bullshit | People Are Twats | Magic Onion | I Shouldn't Have Said That | Don't Look at Me (I Don't Like It) | Have You Ever Heard a Digital Accordion? | Mohammed Ali | I'm a Journalist | Scooter's Got Itchy | Big Sea | Oh the Stars | This Decision | The Grind | I Just Want Someone to Fall in Love With | Nothing / Everything | People TV | Fuck It | Wiggy Giggy | Meeting Friends at Night,20th Anniversary Tour,https://www.setlist.fm/setlist/the-lovely-eggs/2025/concorde-2-brighton-england-2b4748da.html,Concorde 2,Headline,2025,10,26,26/10/2025Concorde 2
26/10/2012,Bob Dylan,You Ain't Goin' Nowhere | To Ramona | Things Have Changed | Tangled Up in Blue | The Levee's Gonna Break | Make You Feel My Love | Cry a While | Desolation Row | Highway 61 Revisited | Love Sick | Thunder on the Mountain | Ballad of a Thin Man | Like a Rolling Stone | All Along the Watchtower | Blowin' in the Wind,Never Ending Tour,https://www.setlist.fm/setlist/bob-dylan/2012/hollywood-bowl-los-angeles-ca-33dd6005.html,Hollywood Bowl,Headline,2012,10,26,26/10/2012Hollywood Bowl
26/10/2010,Swell Season,Feeling the Pull | In These Arms | Low Rising | Lies | If You Want Me | Fantasy Man | Leave | Astral Weeks | Paper Cup | Back Broke | Into the Mystic | Emer's Dream | I Have Loved You Wrong | The Rain | Revelate | Falling Slowly | When Your Mind's Made Up | Say It to Me Now | Crossroads | Gold | Wild Bill Jones | Fitzcarraldo | You Ain't Goin' Nowhere,,https://www.setlist.fm/setlist/the-swell-season/2010/royal-festival-hall-london-england-3bd57cd8.html,Royal Festival Hall,Headline,2010,10,26,26/10/2010Royal Festival Hall
26/10/2000,Less Than Jake,,Borders & Boundaries,https://www.setlist.fm/setlist/less-than-jake/2000/the-waterfront-norwich-england-7bdcc20c.html,The Waterfront,Headline,2000,10,26,26/10/2000The Waterfront
26/10/1999,Symposium,NOT_FOUND,,,The Waterfront,Headline,1999,10,26,26/10/1999The Waterfront
26/08/2000,A,Holy Wars... The Punishment Due | Reckoning Day | Kill the King | A Tout le Monde | Use the Man | She-Wolf | Dread and the Fugitive Mind | Almost Honest | Crush 'Em | Sweating Bullets | Symphony of Destruction | Return to Hangar | Hangar 18 | Trust | Peace Sells | Paranoid,,https://www.setlist.fm/setlist/a/2000/little-johns-farm-reading-england-73d3f249.html,Little John's Farm,Festival,2000,8,26,26/08/2000Little John's Farm
26/08/2000,Beck,The New Pollution | Loser | Mixed Bizness | Devils Haircut | Feel Like Makin' Love | Nicotine & Gravy | Debra | Milk & Honey | Tropicalia | One Foot in the Grave | Nobody's Fault but My Own | Jack-Ass | Where It's At | DJ Swamp Solo | Sexx Laws,Midnite Vultures,https://www.setlist.fm/setlist/beck/2000/little-johns-farm-reading-england-1bd65178.html,Little John's Farm,Festival,2000,8,26,26/08/2000Little John's Farm
26/08/2000,Blink 182,Family Reunion | Dumpweed | Don't Leave Me | What's My Age Again? | Going Away to College | Dammit | Blow Job | Adam's Song | All the Small Things,,https://www.setlist.fm/setlist/blink182/2000/little-johns-farm-reading-england-6bd3f24a.html,Little John's Farm,Festival,2000,8,26,26/08/2000Little John's Farm
26/08/2000,Daphne and Celeste,Ooh Stick You | U.G.L.Y. | School's Out,,https://www.setlist.fm/setlist/daphne-and-celeste/2000/little-johns-farm-reading-england-53ceb705.html,Little John's Farm,Festival,2000,8,26,26/08/2000Little John's Farm
26/08/2000,Deftones,Root | Feiticeira | Change (In the House of Flies) | Be Quiet and Drive (Far Away) | My Own Summer (Shove It) | Around the Fur | Korea | Digital Bath | Bored | 7 Words | Headup,,https://www.setlist.fm/setlist/deftones/2000/little-johns-farm-reading-england-6bd3f24e.html,Little John's Farm,Festival,2000,8,26,26/08/2000Little John's Farm
26/08/2000,Elliot Smith,NOT_FOUND,,,Little John's Farm,Festival,2000,8,26,26/08/2000Little John's Farm
26/08/2000,Foo Fighters,Breakout | Learn to Fly | My Hero | For All the Cows | I'll Stick Around | Big Me | Stacked Actors | This Is a Call | Next Year | My Poor Brain | Monkey Wrench | Alone + Easy Target | Everlong,,https://www.setlist.fm/setlist/foo-fighters/2000/little-johns-farm-reading-england-6bd3f242.html,Little John's Farm,Festival,2000,8,26,26/08/2000Little John's Farm
26/08/2000,Grandaddy,NOT_FOUND,,,Little John's Farm,Festival,2000,8,26,26/08/2000Little John's Farm
26/08/2000,Idlewild,4 People Do Good | Little Discourage | A Film for the Future | When I Argue I See Shapes | Rusty | Actually It's Darkness | Everyone Says You're So Fragile | I'm a Message | These Wooden Ideas | Roseability | Captain,100 Broken Windows,https://www.setlist.fm/setlist/idlewild/2000/little-johns-farm-reading-england-5bcd3794.html,Little John's Farm,Festival,2000,8,26,26/08/2000Little John's Farm
26/08/2000,Limp Bizkit,Show Me What You Got | Break Stuff | 9 Teen 90 Nine | Faith | Re-Arranged | Just Like This | Blind / Bombtrack / Alive | Jump Around | Nookie | Take a Look Around,,https://www.setlist.fm/setlist/limp-bizkit/2000/little-johns-farm-reading-england-7bd3f24c.html,Little John's Farm,Festival,2000,8,26,26/08/2000Little John's Farm
26/08/2000,Oasis,Fuckin' in the Bushes | Go Let It Out | Who Feels Love? | Supersonic | Shakermaker | Acquiesce | Step Out | Gas Panic! | Roll With It | Stand by Me | Wonderwall | Cigarettes & Alcohol | Don't Look Back in Anger | Live Forever | Helter Skelter | Champagne Supernova | Rock 'n' Roll Star,,https://www.setlist.fm/setlist/oasis/2000/little-johns-farm-reading-england-3d2dd3f.html,Little John's Farm,Festival,2000,8,26,26/08/2000Little John's Farm
26/08/2000,Placebo,Black-Eyed | Days Before You Came | Allergic (to Thoughts of Mother Earth) | Slave to the Wage | Bionic | 36 Degrees | Special K | Every You Every Me | Spite & Malice | Taste In Men | Nancy Boy | Pure Morning,,https://www.setlist.fm/setlist/placebo/2000/little-johns-farm-reading-england-2bd7ecbe.html,Little John's Farm,Festival,2000,8,26,26/08/2000Little John's Farm
26/08/2000,Pulp,Common People | Weeds | Something Changed | The Night That Minnie Timperley Died | Help the Aged | Sorted for E's & Wizz | F.E.E.L.I.N.G.C.A.L.L.E.D.L.O.V.E. | The Fear | I Love Life | This Is Hardcore | Sunrise | Party Hard | Do You Remember the First Time? | Babies,,https://www.setlist.fm/setlist/pulp/2000/little-johns-farm-reading-england-bd1517e.html,Little John's Farm,Festival,2000,8,26,26/08/2000Little John's Farm
26/08/2000,Rage Against The Machine,Testify | Guerrilla Radio | Bullet in the Head | Kick Out the Jams | Bulls on Parade | Bombtrack | Born of a Broken Man | Street Fighting Man | Sleep Now in the Fire | Know Your Enemy | Killing in the Name,,https://www.setlist.fm/setlist/rage-against-the-machine/2000/little-johns-farm-reading-england-3bd44cb0.html,Little John's Farm,Festival,2000,8,26,26/08/2000Little John's Farm
26/08/2000,Slipknot,742617000027 | (sic) | Eyeless | No Life | Eeyore | Purity | Prosthetics | Spit It Out | Wait and Bleed | Get This | Surfacing,,https://www.setlist.fm/setlist/slipknot/2000/little-johns-farm-reading-england-7bd3f254.html,Little John's Farm,Festival,2000,8,26,26/08/2000Little John's Farm
26/08/2000,Stereophonics,Roll Up and Shine | The Bartender and the Thief | T-Shirt Sun Tan | A Thousand Trees | Pick a Part That's New | Hurry Up and Wait | I Wouldn't Believe Your Radio | More Life in a Tramp's Vest | Local Boy in the Photograph | Just Looking | Traffic | Mr. Writer | Lying in the Sun | I Wouldn't Believe Your Radio,,https://www.setlist.fm/setlist/stereophonics/2000/little-johns-farm-reading-england-73d3f255.html,Little John's Farm,Festival,2000,8,26,26/08/2000Little John's Farm
26/08/2000,The Get Up Kids,,Something to Write Home About,https://www.setlist.fm/setlist/the-get-up-kids/2000/little-johns-farm-reading-england-4bceb7ca.html,Little John's Farm,Festival,2000,8,26,26/08/2000Little John's Farm
26/07/2013,Weezer,My Name Is Jonas | Hash Pipe | El Scorcho | We Are All on Drugs | Troublemaker | Memories | Perfect Situation | Dope Nose | Surf Wax America | Island in the Sun | Beverly Hills | Keep Fishin' | Say It Ain't So | (If You're Wondering If I Want You To) I Want You To | Pork and Beans | Buddy Holly | The Greatest Man That Ever Lived (Variations on a Shaker Hymn) | Undone - The Sweater Song,2013 Summer Tour,https://www.setlist.fm/setlist/weezer/2013/pacific-amphitheatre-costa-mesa-ca-3bc68444.html,Pacific Amphitheatre,Headline,2013,7,26,26/07/2013Pacific Amphitheatre
26/06/2014,Billy Bragg,NOT_FOUND,,,Worthy Farm,Festival,2014,6,26,26/06/2014Worthy Farm
26/06/2014,Blondie,NOT_FOUND,,,Worthy Farm,Festival,2014,6,26,26/06/2014Worthy Farm
26/06/2014,Courtney Barnett,NOT_FOUND,,,Worthy Farm,Festival,2014,6,26,26/06/2014Worthy Farm
26/06/2014,Dolly Parton,NOT_FOUND,,,Worthy Farm,Festival,2014,6,26,26/06/2014Worthy Farm
26/06/2014,English National Ballet,NOT_FOUND,,,Worthy Farm,Festival,2014,6,26,26/06/2014Worthy Farm
26/06/2014,Haim,NOT_FOUND,,,Worthy Farm,Festival,2014,6,26,26/06/2014Worthy Farm
26/06/2014,Hozier,NOT_FOUND,,,Worthy Farm,Festival,2014,6,26,26/06/2014Worthy Farm
26/06/2014,Imagine Dragons,NOT_FOUND,,,Worthy Farm,Festival,2014,6,26,26/06/2014Worthy Farm
26/06/2014,Jurassic 5,NOT_FOUND,,,Worthy Farm,Festival,2014,6,26,26/06/2014Worthy Farm
26/06/2014,Kelis,NOT_FOUND,,,Worthy Farm,Festival,2014,6,26,26/06/2014Worthy Farm
26/06/2014,Kodaline,NOT_FOUND,,,Worthy Farm,Festival,2014,6,26,26/06/2014Worthy Farm
26/06/2014,Lily Allen,NOT_FOUND,,,Worthy Farm,Festival,2014,6,26,26/06/2014Worthy Farm
26/06/2014,Rodrigo y Gabriela,NOT_FOUND,,,Worthy Farm,Festival,2014,6,26,26/06/2014Worthy Farm
26/06/2014,The 1975,NOT_FOUND,,,Worthy Farm,Festival,2014,6,26,26/06/2014Worthy Farm
26/06/2014,The Subways,NOT_FOUND,,,Worthy Farm,Festival,2014,6,26,26/06/2014Worthy Farm
26/06/2009,2 Many DJs,NOT_FOUND,,,Worthy Farm,Festival,2009,6,26,26/06/2009Worthy Farm
26/06/2009,Bloc Party,One Month Off | Hunting for Witches | Positive Tension | Halo | Signs | Waiting for the 7.18 | Song for Clay (Disappear Here) | Banquet | Two More Years | One More Chance | Mercury | So Here We Are | The Prayer | Ares | Flux | Helicopter | This Modern Love,Intimacy Tour,https://www.setlist.fm/setlist/bloc-party/2009/worthy-farm-pilton-england-bd6713a.html,Worthy Farm,Festival,2009,6,26,26/06/2009Worthy Farm
26/06/2009,Brand New,"The Shower Scene | The Quiet Things That No One Ever Knows | The No Seatbelt Song | Sic transit gloria... Glory Fades | Okay I Believe You, but My Tommy Gun Don't | Jaws Theme Swimming | Web in Front | Play Crack the Sky | Gasoline | Sowing Season | Millstone | The Archers Bows Have Broken | Jesus | Luca | Bought a Bride | Degausser | You Won't Know | Soco Amaretto Lime",,https://www.setlist.fm/setlist/brand-new/2009/worthy-farm-pilton-england-1bd66960.html,Worthy Farm,Festival,2009,6,26,26/06/2009Worthy Farm
26/06/2009,Dizzee Rascal,Everyone's At It | I Could Say | Oh My God | Everything's Just Wonderful | LDN | Back to the Start | He Wasn't There | Littlest Things | 22 | Fuck You | Smile | The Fear | Womanizer | Not Fair,,https://www.setlist.fm/setlist/lily-allen/2009/worthy-farm-pilton-england-3d675df.html,Worthy Farm,Festival,2009,6,26,26/06/2009Worthy Farm
26/06/2009,Enter Shikari,NOT_FOUND,,,Worthy Farm,Festival,2009,6,26,26/06/2009Worthy Farm
26/06/2009,Lisa Hannigan,,Sea Sew,https://www.setlist.fm/setlist/lisa-hannigan/2009/worthy-farm-pilton-england-bf619ce.html,Worthy Farm,Festival,2009,6,26,26/06/2009Worthy Farm
26/06/2009,Madness,NOT_FOUND,,,Worthy Farm,Festival,2009,6,26,26/06/2009Worthy Farm
26/06/2009,Newton Faulkner,NOT_FOUND,,,Worthy Farm,Festival,2009,6,26,26/06/2009Worthy Farm
26/06/2009,Rolf Harris,"Tie Me Kangaroo Down, Sport | Court of King Caractacus | Jimmy My Boy | The Irish Rover | Pavlova | Waltzing Matilda | Sun Arise | Two Little Boys | Stairway to Heaven | Tie Me Kangaroo Down, Sport",,https://www.setlist.fm/setlist/rolf-harris/2009/worthy-farm-pilton-england-5bd4237c.html,Worthy Farm,Festival,2009,6,26,26/06/2009Worthy Farm
26/06/2009,Roots Manuva,Witness,,https://www.setlist.fm/setlist/roots-manuva/2009/worthy-farm-pilton-england-3bdabc9c.html,Worthy Farm,Festival,2009,6,26,26/06/2009Worthy Farm
26/06/2009,Seth Lakeman,NOT_FOUND,,,Worthy Farm,Festival,2009,6,26,26/06/2009Worthy Farm
26/06/2009,Status Quo,NOT_FOUND,,,Worthy Farm,Festival,2009,6,26,26/06/2009Worthy Farm
26/06/2009,The Prodigy,NOT_FOUND,,,Worthy Farm,Festival,2009,6,26,26/06/2009Worthy Farm
26/06/2009,The Specials,"The Dog | Gangsters | It's Up to You | Rat Race | Monkey Man | Blank Expression | Too Hot | Doesn't Make It Alright | Concrete Jungle | Friday Night, Saturday Morning | Man at C&A | Rudy a Message to You | Do Nothing | Hey, Little Rich Girl | Nite Klub | Little Bitch | Too Much Too Young | You're Wondering Now | Ghost Town",30th Anniversary Tour,https://www.setlist.fm/setlist/the-specials/2009/worthy-farm-pilton-england-63d65a7b.html,Worthy Farm,Festival,2009,6,26,26/06/2009Worthy Farm
26/06/2009,Ting Tings,,,https://www.setlist.fm/setlist/the-ting-tings/2009/worthy-farm-pilton-england-4bda2b7a.html,Worthy Farm,Festival,2009,6,26,26/06/2009Worthy Farm
26/06/2009,Tom Jones,NOT_FOUND,,,Worthy Farm,Festival,2009,6,26,26/06/2009Worthy Farm
26/06/2009,Tony Christie,You've Lost That Lovin' Feelin' | Las Vegas | Walk Like a Panther | Daddy Don't You Walk So Fast | Can't Take My Eyes Off You | Avenues and Alleyways | Danger Is a Woman in Love | Don't Go Down to Reno | I Did What I Did for Maria | Every Word She Said | So Deep Is the Night | (Is This the Way to) Amarillo,,https://www.setlist.fm/setlist/tony-christie/2009/worthy-farm-pilton-england-33d67081.html,Worthy Farm,Festival,2009,6,26,26/06/2009Worthy Farm
26/06/2002,Air,Electronic Performers | Talisman | People in the City | New Star in the Sky (Chanson pour Solal) | J'ai dormi sous l'eau | Playground Love | How Does It Make You Feel? | Sex Born Poison | Radian | Don't Be Light | Clouds Up | Sexy Boy | Kelly Watch the Stars | La Femme d'argent,,https://www.setlist.fm/setlist/air/2002/worthy-farm-pilton-england-2bd5443a.html,Worthy Farm,Festival,2002,6,26,26/06/2002Worthy Farm
26/06/2002,Ash,NOT_FOUND,,,Worthy Farm,Festival,2002,6,26,26/06/2002Worthy Farm
26/06/2002,Belle and Sebestian,NOT_FOUND,,,Worthy Farm,Festival,2002,6,26,26/06/2002Worthy Farm
26/06/2002,Bush,NOT_FOUND,,,Worthy Farm,Festival,2002,6,26,26/06/2002Worthy Farm
26/06/2002,Coldplay,Politik | Shiver | Spies | Daylight | Trouble | One I Love | Don't Panic | Everything's Not Lost | See You Soon | God Put a Smile Upon Your Face | Yellow | The Scientist | Clocks | In My Place | Life Is for Living,,https://www.setlist.fm/setlist/coldplay/2002/worthy-farm-pilton-england-73d65ebd.html,Worthy Farm,Festival,2002,6,26,26/06/2002Worthy Farm
26/06/2002,Ed Harcourt,NOT_FOUND,,,Worthy Farm,Festival,2002,6,26,26/06/2002Worthy Farm
26/06/2002,Fat Boy Slim,NOT_FOUND,,,Worthy Farm,Festival,2002,6,26,26/06/2002Worthy Farm
26/06/2002,Groove Armada,Chicago | I See You Baby | Drifted | My Friend | Fogma | Lazy Moon | Tuning In | If Everybody Looked The Same | At the River | Superstylin',,https://www.setlist.fm/setlist/groove-armada/2002/worthy-farm-pilton-england-73c6d65d.html,Worthy Farm,Festival,2002,6,26,26/06/2002Worthy Farm
26/06/2002,Hundred Reasons,NOT_FOUND,,,Worthy Farm,Festival,2002,6,26,26/06/2002Worthy Farm
26/06/2002,Idlewild,(I Am) What I Am Not | Little Discourage | You Held the World in Your Arms | I'm a Message | These Wooden Ideas | A Modern Way of Letting Go | When I Argue I See Shapes | Stay the Same | Roseability | American English,,https://www.setlist.fm/setlist/idlewild/2002/worthy-farm-pilton-england-23d00403.html,Worthy Farm,Festival,2002,6,26,26/06/2002Worthy Farm
26/06/2002,Mis-teeq,NOT_FOUND,,,Worthy Farm,Festival,2002,6,26,26/06/2002Worthy Farm
26/06/2002,No Doubt,NOT_FOUND,,,Worthy Farm,Festival,2002,6,26,26/06/2002Worthy Farm
26/06/2002,Rolf Harris,"Two Little Boys | Jake the Peg | Tie Me Kangaroo Down, Sport",,https://www.setlist.fm/setlist/rolf-harris/2002/worthy-farm-pilton-england-139bf531.html,Worthy Farm,Festival,2002,6,26,26/06/2002Worthy Farm
26/06/2002,Stereophonics,Mr. Writer | Vegas Two Times | A Thousand Trees | The Bartender and the Thief | I Wouldn't Believe Your Radio | Just Looking | Last of the Big Time Drinkers | Madame Helga | Handbags and Gladrags | Step on My Old Size Nines | Local Boy in the Photograph | Have a Nice Day | Traffic | Rooftop | Don't Let Me Down | Substitute,J.E.E.P.,https://www.setlist.fm/setlist/stereophonics/2002/worthy-farm-pilton-england-5bd15750.html,Worthy Farm,Festival,2002,6,26,26/06/2002Worthy Farm
26/06/2002,White Stripes,NOT_FOUND,,,Worthy Farm,Festival,2002,6,26,26/06/2002Worthy Farm
26/05/2025,New Found Glory,All Downhill From Here | Understatement | Better Off Dead | Selfless | Hit or Miss | Truth of My Youth | Something I Call Personality | Don't Let Her Pull You Down | 100% | Failure's Not Flattering | Kiss Me | Dressed to Kill | Sincerely Me | At Least I'm Known for Something | Listen to Your Friends | Doubt Full | Anthem for the Unwanted | Sonny | The Story So Far | Part of Your World | Head On Collision | It's Been a Summer | Intro | My Friends Over You,UK/Euro Tour May & June 2025,https://www.setlist.fm/setlist/new-found-glory/2025/chalk-brighton-england-4b5ac7ae.html,Chalk,Headline,2025,5,26,26/05/2025Chalk
26/05/2023,Shlomo,NOT_FOUND,,,Pippingford Park,Festival,2023,5,26,26/05/2023Pippingford Park
26/05/2019,A loss for words,NOT_FOUND,,,Hatfield House,Festival,2019,5,26,26/05/2019Hatfield House
26/05/2019,Busted,NOT_FOUND,,,Hatfield House,Festival,2019,5,26,26/05/2019Hatfield House
26/05/2019,NOFX,NOT_FOUND,,,Hatfield House,Festival,2019,5,26,26/05/2019Hatfield House
26/05/2019,Neck Deep,NOT_FOUND,,,Hatfield House,Festival,2019,5,26,26/05/2019Hatfield House
26/05/2019,New Found Glory,NOT_FOUND,,,Hatfield House,Festival,2019,5,26,26/05/2019Hatfield House
26/05/2019,Real Friends,NOT_FOUND,,,Hatfield House,Festival,2019,5,26,26/05/2019Hatfield House
26/05/2019,The Bomb Pops,NOT_FOUND,,,Hatfield House,Festival,2019,5,26,26/05/2019Hatfield House
26/05/2019,The Get Up Kids,NOT_FOUND,,,Hatfield House,Festival,2019,5,26,26/05/2019Hatfield House
26/05/2019,The Menzingers,NOT_FOUND,,,Hatfield House,Festival,2019,5,26,26/05/2019Hatfield House
26/05/2019,Tigers Jaw,NOT_FOUND,,,Hatfield House,Festival,2019,5,26,26/05/2019Hatfield House
26/05/2013,All Time Low,NOT_FOUND,,,The Forum Hertfordshire,Festival,2013,5,26,26/05/2013The Forum Hertfordshire
26/05/2013,Four Year Strong,NOT_FOUND,,,The Forum Hertfordshire,Festival,2013,5,26,26/05/2013The Forum Hertfordshire
26/05/2013,The Early November,NOT_FOUND,,,The Forum Hertfordshire,Festival,2013,5,26,26/05/2013The Forum Hertfordshire
26/05/2013,The Wonder Years,NOT_FOUND,,,The Forum Hertfordshire,Festival,2013,5,26,26/05/2013The Forum Hertfordshire
26/05/2013,We Are The In Crowd,NOT_FOUND,,,The Forum Hertfordshire,Festival,2013,5,26,26/05/2013The Forum Hertfordshire
26/05/2011,Frank Turner,,,https://www.setlist.fm/setlist/frank-turner/2011/the-hippodrome-kingston-upon-thames-england-73c6b271.html,The Hippodrome,Headline,2011,5,26,26/05/2011The Hippodrome
26/04/2013,The Starting Line,"Up & Go | Given the Chance | Leaving | The Best of Me | A Goodnight's Sleep | Almost There, Going Nowhere | Cheek to Cheek | Hello Houston | Decisions, Decisions | Saddest Girl Story | Left Coast Envy | The Drama Summer | This Ride | Surprise, Surprise | Making Love to the Camera | Are You Alone | Luck | Greg's Last Day",Say It Like You Mean It 10th Anniversary Tour,https://www.setlist.fm/setlist/the-starting-line/2013/the-forum-london-england-1bd8214c.html,Kentish Town Forum,Headline,2013,4,26,26/04/2013Kentish Town Forum
26/02/2016,Grizfolk,NOT_FOUND,Troublemaker Tour,https://www.setlist.fm/setlist/grizfolk/2016/troubadour-west-hollywood-ca-3bfaf49c.html,Troubadour,Headline,2016,2,26,26/02/2016Troubadour
26/01/2006,Taking Back Sunday,,,https://www.setlist.fm/setlist/taking-back-sunday/2006/carling-academy-islington-london-england-6389d6bf.html,Academy Islington,Headline,2006,1,26,26/01/2006Academy Islington
25/10/2023,Punk Rock Factory,"I Just Can't Wait to Be King | Mamma Mia | Go Go Power Rangers | Under the Sea | Thundercats | Bluey Theme Tune | You're Welcome | SpongeBob SquarePants Theme | We're the Chipmunks | Pokémon Theme | Running Up That Hill (A Deal With God) | Paw Patrol | You're the Voice | Gummi Bears Theme | Poor Unfortunate Souls | You'll Be Back | Defying Gravity | Can You Feel the Love Tonight | We Don't Talk About Bruno | Let It Go | December, 1963 (Oh, What a Night) | How Far I'll Go",,https://www.setlist.fm/setlist/punk-rock-factory/2023/concorde-2-brighton-england-23a1b8fb.html,Concorde 2,Headline,2023,10,25,25/10/2023Concorde 2
25/10/2017,Weezer,California Kids | The World Has Turned and Left Me Here | The Good Life | No One Else | California Kids | In the Garage | Surf Wax America | El Scorcho | Pork and Beans | King of the World | Thank God for Girls | Happy Hour | A Ballad for the Fallen Soldier | My Name Is Jonas | Undone - The Sweater Song | Island in the Sun | Feels Like Summer | Hash Pipe | Beverly Hills | Say It Ain't So | Buddy Holly,Feels Like Summer,https://www.setlist.fm/setlist/weezer/2017/o2-apollo-manchester-manchester-england-3be31c50.html,O2 Apollo Manchester,Headline,2017,10,25,25/10/2017O2 Apollo Manchester
25/10/2008,Cypress Hill,Another Body Drops | Shoot 'Em Up | Hand on the Pump | Lick a Shot | How I Could Just Kill a Man | Once Again | Money | Insane in the Brain | I Wanna Get High | Stoned Is the Way of the Walk | Hits From the Bong | Dr. Greenthumb | Pigs | I Ain't Goin' Out Like That | Checkmate | (Rock) Superstar,,https://www.setlist.fm/setlist/cypress-hill/2008/battersea-power-station-london-england-2bd6a852.html,Battersea Power Station,Festival,2008,10,25,25/10/2008Battersea Power Station
25/10/2008,Hartley,,,https://www.setlist.fm/setlist/iglu-and-hartly/2008/battersea-power-station-london-england-bd03dba.html,Battersea Power Station,Festival,2008,10,25,25/10/2008Battersea Power Station
25/10/2008,Iglu,,,https://www.setlist.fm/setlist/iglu-and-hartly/2008/battersea-power-station-london-england-bd03dba.html,Battersea Power Station,Festival,2008,10,25,25/10/2008Battersea Power Station
25/10/2005,American Hi-Fi,NOT_FOUND,,,The Garage,Headline,2005,10,25,25/10/2005The Garage
25/09/2007,Manchester Orchestra,,I'm Like a Virgin Losing a Child,https://www.setlist.fm/setlist/manchester-orchestra/2007/carling-academy-islington-london-england-738b1a25.html,Academy Islington,Headline,2007,9,25,25/09/2007Academy Islington
25/06/2017,Weezer,Hash Pipe | My Name Is Jonas | Pork and Beans | King of the World | Hey Ya! | (If You're Wondering If I Want You To) I Want You To | Perfect Situation | Thank God for Girls | Beverly Hills | Undone - The Sweater Song | Island in the Sun | Say It Ain't So | Buddy Holly,,https://www.setlist.fm/setlist/weezer/2017/rose-bowl-pasadena-ca-be4e1f6.html,Rose Bowl,Headline,2017,6,25,25/06/2017Rose Bowl
25/06/2010,Adam F,NOT_FOUND,,,Worthy Farm,Festival,2010,6,25,25/06/2010Worthy Farm
25/06/2010,Biffy CLyro,NOT_FOUND,,,Worthy Farm,Festival,2010,6,25,25/06/2010Worthy Farm
25/06/2010,Coheed and Cambria,NOT_FOUND,,,Worthy Farm,Festival,2010,6,25,25/06/2010Worthy Farm
25/06/2010,Dan le Sac vs Scroobious pip,NOT_FOUND,,,Worthy Farm,Festival,2010,6,25,25/06/2010Worthy Farm
25/06/2010,Dizzee Rascal,"Shout | Jus' a Rascal | Road Rage | Can't Tek No More | Chillin' wiv da Man Dem | Heavy | Fix Up, Look Sharp | Stand Up Tall | Dirtee Disco | Dance wiv Me | Holiday | You've Got the Dirtee Love | Bonkers",,https://www.setlist.fm/setlist/dizzee-rascal/2010/worthy-farm-pilton-england-4bd40f4e.html,Worthy Farm,Festival,2010,6,25,25/06/2010Worthy Farm
25/06/2010,Frank Turner,The Real Damage | Romantic Fatigue | Father's Day | Worse Things Happen at Sea | Dancing Queen,,https://www.setlist.fm/setlist/frank-turner/2010/worthy-farm-pilton-england-63d40a4f.html,Worthy Farm,Festival,2010,6,25,25/06/2010Worthy Farm
25/06/2010,Gorillaz,Orchestral Intro | Welcome to the World of the Plastic Beach | Last Living Souls | O Green World | Kids With Guns | Stylo | On Melancholy Hill | Rhinestone Eyes | Broken | Empire Ants | Dirty Harry | White Flag | Superfast Jellyfish | DARE | Glitter Freeze | Some Kind of Nature | El Mañana | Cloud of Unknowing | Pirate Jet | To Binge | Fire Coming Out of the Monkey's Head | Feel Good Inc. | Clint Eastwood,,https://www.setlist.fm/setlist/gorillaz/2010/worthy-farm-pilton-england-53d40f15.html,Worthy Farm,Festival,2010,6,25,25/06/2010Worthy Farm
25/06/2010,I Blame Coco,NOT_FOUND,,,Worthy Farm,Festival,2010,6,25,25/06/2010Worthy Farm
25/06/2010,Muse,NOT_FOUND,,,Worthy Farm,Festival,2010,6,25,25/06/2010Worthy Farm
25/06/2010,Ratpack,NOT_FOUND,,,Worthy Farm,Festival,2010,6,25,25/06/2010Worthy Farm
25/06/2010,Rolf Harris,"Tie Me Kangaroo Down, Sport | Court of King Caractacus | Jimmy My Boy | Iko Iko | The Irish Rover | Raining on the Rock | Waltzing Matilda | Sun Arise | Two Little Boys | Stairway to Heaven | Tie Me Kangaroo Down, Sport",,https://www.setlist.fm/setlist/rolf-harris/2010/worthy-farm-pilton-england-43d407a7.html,Worthy Farm,Festival,2010,6,25,25/06/2010Worthy Farm
25/06/2010,Rordigo y Gabriella,NOT_FOUND,,,Worthy Farm,Festival,2010,6,25,25/06/2010Worthy Farm
25/06/2010,Seasick Steve,,,https://www.setlist.fm/setlist/seasick-steve/2010/worthy-farm-pilton-england-6bc0aa9a.html,Worthy Farm,Festival,2010,6,25,25/06/2010Worthy Farm
25/06/2010,Seth Lakeman,NOT_FOUND,,,Worthy Farm,Festival,2010,6,25,25/06/2010Worthy Farm
25/06/2010,Snap,Rhythm Is a Dancer | Blasé Blasé | The Rhythm of the Night | The Power,,https://www.setlist.fm/setlist/snap/2010/worthy-farm-pilton-england-73850655.html,Worthy Farm,Festival,2010,6,25,25/06/2010Worthy Farm
25/06/2010,Snoop Dogg,The Next Episode | Tha Shiznit | P.I.M.P. | Gangsta Luv | Gin and Juice | I Wanna Love You | Beautiful | Signs | Deep Cover | Bitch Please | Hot Hot Hot | Tupac Shakur Medley | Sexual Eruption | Pass Out | Jump Around | Drop It Like It's Hot | I Wanna Rock | Who Am I? (What's My Name?),,https://www.setlist.fm/setlist/snoop-dogg/2010/worthy-farm-pilton-england-43d40f37.html,Worthy Farm,Festival,2010,6,25,25/06/2010Worthy Farm
25/06/2010,Stornoway,NOT_FOUND,,,Worthy Farm,Festival,2010,6,25,25/06/2010Worthy Farm
25/06/2003,Beth Orton,NOT_FOUND,,,Worthy Farm,Festival,2003,6,25,25/06/2003Worthy Farm
25/06/2003,Flaming Lips,NOT_FOUND,,,Worthy Farm,Festival,2003,6,25,25/06/2003Worthy Farm
25/06/2003,Grandaddy,NOT_FOUND,,,Worthy Farm,Festival,2003,6,25,25/06/2003Worthy Farm
25/06/2003,Idlewild,Little Discourage | You Held the World in Your Arms | (I Am) What I Am Not | I'm a Message | Tell Me Ten Words | These Wooden Ideas | A Modern Way of Letting Go | American English | When I Argue I See Shapes | A Film for the Future | Live in a Hiding Place | Roseability | In Remote Part / Scottish Fiction,The Remote Part,https://www.setlist.fm/setlist/idlewild/2003/worthy-farm-pilton-england-4bc19f1e.html,Worthy Farm,Festival,2003,6,25,25/06/2003Worthy Farm
25/06/2003,Nada Surf,NOT_FOUND,,,Worthy Farm,Festival,2003,6,25,25/06/2003Worthy Farm
25/06/2003,R.E.M,"Finest Worksong | What's the Frequency, Kenneth? | Welcome to the Occupation | Animal | All the Way to Reno (You're Gonna Be a Star) | Daysleeper | The Great Beyond | She Just Wants to Be | Begin the Begin | These Days | Fall on Me | Cuyahoga | I Believe | Losing My Religion | Bad Day | So Fast, So Numb | Imitation of Life | Walk Unafraid | Man on the Moon | Everybody Hurts | Final Straw | Carnival of Sorts (Boxcars) | People Have the Power | It's the End of the World as We Know It (And I Feel Fine)",In Time,https://www.setlist.fm/setlist/rem/2003/carling-academy-brixton-london-england-bd6a9e6.html,Worthy Farm,Festival,2003,6,25,25/06/2003Worthy Farm
25/06/2003,Radiohead,NOT_FOUND,,,Worthy Farm,Festival,2003,6,25,25/06/2003Worthy Farm
25/06/2003,The Streets,Turn the Page | Has It Come to This? | Same Old Thing | Geezers Need Excitement | Give Me My Lighter Back | Too Much Brandy | Let's Push Things Forward | It's Too Late | Don't Mug Yourself | Stay Positive | Weak Become Heroes,,https://www.setlist.fm/setlist/the-streets/2003/worthy-farm-pilton-england-23d1eccf.html,Worthy Farm,Festival,2003,6,25,25/06/2003Worthy Farm
25/06/2003,Yo La Tengo,NOT_FOUND,,,Worthy Farm,Festival,2003,6,25,25/06/2003Worthy Farm
25/04/2016,Weezer,California Kids | My Name Is Jonas | Hash Pipe | Back to the Shack | L.A. Girlz | El Scorcho | The British Are Coming | Pork and Beans | (If You're Wondering If I Want You To) I Want You To | Do You Wanna Get High? | The Waste Land | Thank God for Girls | Say It Ain't So | The Good Life | Perfect Situation | You Gave Your Love to Me Softly | King of the World | Island in the Sun | Undone - The Sweater Song | Beverly Hills | Buddy Holly,White Album Tour,https://www.setlist.fm/setlist/weezer/2016/troubadour-west-hollywood-ca-53f1c7a1.html,Troubadour,Headline,2016,4,25,25/04/2016Troubadour
25/04/2014,McBusted,Air Hostess | You Said No | Britney | Who's David | 5 Colours in Her Hair | Obviously | Sleeping With the Light On | Star Girl | Nerdy | Room on the 3rd Floor | Thunderbirds Are Go | I Want You Back | Shine a Light | What I Go to School For | Crashed the Wedding | All About You | Year 3000,McBusted: Busted & McFly,https://www.setlist.fm/setlist/mcbusted/2014/the-o2-arena-london-england-43c33f83.html,The O2 Arena,Headline,2014,4,25,25/04/2014The O2 Arena
25/03/2003,Avril Lavigne,Sk8er Boi | Nobody's Fool | Mobile | Anything but Ordinary | Losing Grip | Naked | Too Much to Ask | I Don't Give | Basket Case | My World | I'm With You | Complicated | Unwanted | Tomorrow | Knockin' on Heaven's Door | Things I'll Never Say,Try to Shut Me Up Tour,https://www.setlist.fm/setlist/avril-lavigne/2003/brixton-academy-london-england-23d09027.html,Brixton Academy,Headline,2003,3,25,25/03/2003Brixton Academy
25/01/2002,Jimmy Eat World,,"A Praise Chorus | Bleed American | Believe in What You Want | Your New Aesthetic | Rockstar | If You Don't, Don't | For Me This Is Heaven | Clarity | What I Would Say to You Now | The Authority Song | No Sensitivity | Claire | Lucky Denver Mint | Get It Faster | Goodbye Sky Harbor | Blister | The Middle | Sweetness | Buddy Holly",https://www.setlist.fm/setlist/jimmy-eat-world/2002/london-astoria-london-england-53d7d30d.html,Astoria,Headline,2002,1,25,25/01/2002Astoria
24/11/2014,Allo Darlin,,,https://www.setlist.fm/setlist/allo-darlin/2014/scala-london-england-33cd88e5.html,Scala,Headline,2014,11,24,24/11/2014Scala
24/11/2011,Jane Taylor,NOT_FOUND,,,The Library Islington,Headline,2011,11,24,24/11/2011The Library Islington
24/10/2017,The Orwells,Black Francis | Fry | They Put A Body In The Bayou | In My Bed | Vacation | Gotta Get Down | Heavy Head | Who Needs You | Double Feature,Fall 2017,https://www.setlist.fm/setlist/the-orwells/2017/o2-academy-glasgow-glasgow-scotland-3be324f4.html,O2 Academy Glasgow,Support,2017,10,24,24/10/2017O2 Academy Glasgow
24/08/2004,Dashboard Confessional,,,https://www.setlist.fm/setlist/dashboard-confessional/2004/carling-academy-islington-london-england-b915562.html,Academy Islington,Headline,2004,8,24,24/08/2004Academy Islington
24/08/2001,Alien Ant Farm,NOT_FOUND,,,Little John's Farm,Festival,2001,8,24,24/08/2001Little John's Farm
24/08/2001,American HiFi,,American Hi-Fi,https://www.setlist.fm/setlist/american-hifi/2001/little-johns-farm-reading-england-23cd283f.html,Little John's Farm,Festival,2001,8,24,24/08/2001Little John's Farm
24/08/2001,Ash,Burn Baby Burn | A Life Less Ordinary | Submission | Shining Light | Goldfinger | Cherry Bomb | Walking Barefoot | Oh Yeah | Candy | Kung Fu | Girl From Mars | Only in Dreams | Wildsurf | Jack Names the Planets | World Domination | Lose Control | Jesus Says | Numbskull,Free All Angels Tour,https://www.setlist.fm/setlist/ash/2001/little-johns-farm-reading-england-3bd60c4c.html,Little John's Farm,Festival,2001,8,24,24/08/2001Little John's Farm
24/08/2001,D12,NOT_FOUND,,,Little John's Farm,Festival,2001,8,24,24/08/2001Little John's Farm
24/08/2001,Eels,"Intro | Elizabeth on the Bathroom Floor | Get Ur Freak On | Dog Faced Boy | That's Not Really Funny | It's a Motherfucker | Going to Your Funeral Part I | Souljacker, Part I | I Like Birds | Woman Driving, Man Sleeping | Fresh Feeling | What Is This Note? | Mr. E's Beautiful Blues | Beautiful Freak",Bus Driving Band Rocking Tour,https://www.setlist.fm/setlist/eels/2001/little-johns-farm-reading-england-53d7fb49.html,Little John's Farm,Festival,2001,8,24,24/08/2001Little John's Farm
24/08/2001,Eminem,Kill You | Marshall Mathers | Stan | The Real Slim Shady | I'm Back | Under the Influence | Criminal | The Way I Am,,https://www.setlist.fm/setlist/eminem/2001/little-johns-farm-reading-england-23db0863.html,Little John's Farm,Festival,2001,8,24,24/08/2001Little John's Farm
24/08/2001,Feeder,NOT_FOUND,,,Little John's Farm,Festival,2001,8,24,24/08/2001Little John's Farm
24/08/2001,Green Day,Welcome to Paradise | Hitchin' a Ride | Brain Stew | Jaded | Longview | Knowledge | Basket Case | She | King for a Day | Waiting | Minority | When I Come Around | Macy's Day Parade,Warning:,https://www.setlist.fm/setlist/green-day/2001/little-johns-farm-reading-england-2bd60866.html,Little John's Farm,Festival,2001,8,24,24/08/2001Little John's Farm
24/08/2001,Marilyn Manson,God Bless America | Irresponsible Hate Anthem | The Reflecting God | Disposable Teens | The Fight Song | The Nobodies | Rock Is Dead | The Dope Show | Cruci-Fiction in Space | Sweet Dreams (Are Made of This) | The Love Song | Rock n Roll Nigger | Antichrist Superstar | The Beautiful People,,https://www.setlist.fm/setlist/marilyn-manson/2001/little-johns-farm-reading-england-3bd6c0c0.html,Little John's Farm,Festival,2001,8,24,24/08/2001Little John's Farm
24/08/2001,Papa Roach,NOT_FOUND,,,Little John's Farm,Festival,2001,8,24,24/08/2001Little John's Farm
24/08/2001,Staind,NOT_FOUND,,,Little John's Farm,Festival,2001,8,24,24/08/2001Little John's Farm
24/08/2001,Xzbit,NOT_FOUND,,,Little John's Farm,Festival,2001,8,24,24/08/2001Little John's Farm
24/07/2021,The Interrupters,A Friend Like Me | Title Holder | Take Back the Power | She Got Arrested | bad guy | Gave You Everything | On a Turntable | She's Kerosene,Hella Mega Tour,https://www.setlist.fm/setlist/the-interrupters/2021/globe-life-field-arlington-tx-5b8fc768.html,Globe Life Field,Support,2021,7,24,24/07/2021Globe Life Field
24/07/2011,Adrian Edmondson and the Bad Shepherds,,,https://www.setlist.fm/setlist/ade-edmondson-and-the-bad-shepherds/2011/hatfield-house-hatfield-england-13cb59f5.html,Hatfield House,Festival,2011,7,24,24/07/2011Hatfield House
24/07/2011,Drever McCusker and Woomble,NOT_FOUND,,,Hatfield House,Festival,2011,7,24,24/07/2011Hatfield House
24/07/2011,Seth Lakeman,,,https://www.setlist.fm/setlist/seth-lakeman/2011/hatfield-house-hatfield-england-23d0ac1b.html,Hatfield House,Festival,2011,7,24,24/07/2011Hatfield House
24/07/2011,Show of Hands,,,https://www.setlist.fm/setlist/show-of-hands/2011/hatfield-house-hatfield-england-13cb59f9.html,Hatfield House,Festival,2011,7,24,24/07/2011Hatfield House
24/06/2022,Fallout Boy,NOT_FOUND,Hella Mega Tour,,London Stadium,Support,2022,6,24,24/06/2022London Stadium
24/06/2022,Greenday,NOT_FOUND,Hella Mega Tour,,London Stadium,Headline,2022,6,24,24/06/2022London Stadium
24/06/2022,Weezer,Hash Pipe | Beverly Hills | My Name Is Jonas | Pork and Beans | A Little Bit of Love | Records | All My Favorite Songs | Undone - The Sweater Song | Enter Sandman | Feels Like Summer | Island in the Sun | Africa | California Snow | Say It Ain't So | Buddy Holly,Hella Mega Tour,https://www.setlist.fm/setlist/weezer/2022/london-stadium-london-england-7bb5aae0.html,London Stadium,Headline,2022,6,24,24/06/2022London Stadium
24/06/2005,Ash,NOT_FOUND,,,Worthy Farm,Festival,2005,6,24,24/06/2005Worthy Farm
24/06/2005,Basement Jaxx,Good Luck | Romeo | Oh My Gosh | Right Here's the Spot | Rendez-Vu | Jus 1 Kiss | Do Your Thing | U Don't Know Me | Can't Get You Out of My Head | Jump n' Shout | Red Alert | Ace of Spades | Where's Your Head At | Bingo Bango,,https://www.setlist.fm/setlist/basement-jaxx/2005/worthy-farm-pilton-england-13d1f125.html,Worthy Farm,Festival,2005,6,24,24/06/2005Worthy Farm
24/06/2005,Brian Wilson,NOT_FOUND,,,Worthy Farm,Festival,2005,6,24,24/06/2005Worthy Farm
24/06/2005,Bright Eyes,Time Code | Gold Mine Gutted | Arc of Time (Time Code) | Ship in a Bottle | Light Pollution | Down in a Rabbit Hole | Take It Easy (Love Nothing) | Neely O'Hara | Hit the Switch | Devil in the Details | I Believe in Symmetry | Lover I Don't Have to Love | Easy/Lucky/Free,,https://www.setlist.fm/setlist/bright-eyes/2005/worthy-farm-pilton-england-1bc8c574.html,Worthy Farm,Festival,2005,6,24,24/06/2005Worthy Farm
24/06/2005,Cake,NOT_FOUND,,,Worthy Farm,Festival,2005,6,24,24/06/2005Worthy Farm
24/06/2005,Coldplay,NOT_FOUND,,,Worthy Farm,Festival,2005,6,24,24/06/2005Worthy Farm
24/06/2005,Goldie Lookin Chain,"Your Mother's Got a Penis | You Knows I Loves You | Guns Don't Kill People, Rappers Do | Newport's in the House",,https://www.setlist.fm/setlist/goldie-lookin-chain/2005/worthy-farm-pilton-england-bd13986.html,Worthy Farm,Festival,2005,6,24,24/06/2005Worthy Farm
24/06/2005,Jools Holland,NOT_FOUND,,,Worthy Farm,Festival,2005,6,24,24/06/2005Worthy Farm
24/06/2005,Rilo Kiley,NOT_FOUND,,,Worthy Farm,Festival,2005,6,24,24/06/2005Worthy Farm
24/06/2005,The Killers,"Somebody Told Me | Jenny Was a Friend of Mine | On Top | Under the Gun | Smile Like You Mean It | Andy, You're a Star | Midnight Show | All the Pretty Faces | Glamorous Indie Rock & Roll | Mr. Brightside | All These Things That I've Done",Hot Fuss Tour,https://www.setlist.fm/setlist/the-killers/2005/worthy-farm-pilton-england-1bd74d20.html,Worthy Farm,Festival,2005,6,24,24/06/2005Worthy Farm
24/06/2005,The Subways,NOT_FOUND,,,Worthy Farm,Festival,2005,6,24,24/06/2005Worthy Farm
24/06/2005,The White Stripes,Dead Leaves and the Dirty Ground | Blue Orchid | I Think I Smell a Rat | Passive Manipulation | Let's Shake Hands | The Nurse | Hotel Yorba | Jolene | Ball and Biscuit | My Doorbell | Cannon | Broken Bricks | Cool Drink of Water Blues | Ball and Biscuit | Passive Manipulation | The Same Boy You've Always Known | The Hardest Button to Button | We're Going to Be Friends | Little Ghost | Death Letter | I Just Don't Know What to Do With Myself | Screwdriver | Seven Nation Army,Get Behind Me Satan,https://www.setlist.fm/setlist/the-white-stripes/2005/worthy-farm-pilton-england-3d785cb.html,Worthy Farm,Festival,2005,6,24,24/06/2005Worthy Farm
24/06/2005,Van Morrison,NOT_FOUND,,,Worthy Farm,Festival,2005,6,24,24/06/2005Worthy Farm
24/05/2025,Alkaline Trio,NOT_FOUND,,,Hatfield House,Festival,2025,5,24,24/05/2025Hatfield House
24/05/2025,Heart Attack Man,NOT_FOUND,,,Hatfield House,Festival,2025,5,24,24/05/2025Hatfield House
24/05/2025,Hit The Lights,NOT_FOUND,,,Hatfield House,Festival,2025,5,24,24/05/2025Hatfield House
24/05/2025,Hot Mulligan,NOT_FOUND,,,Hatfield House,Festival,2025,5,24,24/05/2025Hatfield House
24/05/2025,Kid Bookie,NOT_FOUND,,,Hatfield House,Festival,2025,5,24,24/05/2025Hatfield House
24/05/2025,Knucklepuck,NOT_FOUND,,,Hatfield House,Festival,2025,5,24,24/05/2025Hatfield House
24/05/2025,Movements,NOT_FOUND,,,Hatfield House,Festival,2025,5,24,24/05/2025Hatfield House
24/05/2025,Neck Deep,NOT_FOUND,,,Hatfield House,Festival,2025,5,24,24/05/2025Hatfield House
24/05/2025,New Found Glory,NOT_FOUND,,,Hatfield House,Festival,2025,5,24,24/05/2025Hatfield House
24/05/2025,Sophie Powers,NOT_FOUND,,,Hatfield House,Festival,2025,5,24,24/05/2025Hatfield House
24/05/2025,Sweet Pill,NOT_FOUND,,,Hatfield House,Festival,2025,5,24,24/05/2025Hatfield House
24/05/2025,The Ataris,NOT_FOUND,,,Hatfield House,Festival,2025,5,24,24/05/2025Hatfield House
24/05/2025,The Starting Line,NOT_FOUND,,,Hatfield House,Festival,2025,5,24,24/05/2025Hatfield House
24/05/2025,Winona Fighter,NOT_FOUND,,,Hatfield House,Festival,2025,5,24,24/05/2025Hatfield House
24/05/2024,Erika Olson,NOT_FOUND,,,Pippingford Park,Festival,2024,5,24,24/05/2024Pippingford Park
24/05/2024,Middle Aged Rave,NOT_FOUND,,,Pippingford Park,Festival,2024,5,24,24/05/2024Pippingford Park
24/05/2024,Mista Trick Collective,NOT_FOUND,,,Pippingford Park,Festival,2024,5,24,24/05/2024Pippingford Park
24/05/2024,The Marching Skallatons,NOT_FOUND,,,Pippingford Park,Festival,2024,5,24,24/05/2024Pippingford Park
24/05/2015,A Loss For Words,NOT_FOUND,,,The Forum Hertfordshire,Festival,2015,5,24,24/05/2015The Forum Hertfordshire
24/05/2015,Bayside,NOT_FOUND,,,The Forum Hertfordshire,Festival,2015,5,24,24/05/2015The Forum Hertfordshire
24/05/2015,Comeback Kid,NOT_FOUND,,,The Forum Hertfordshire,Festival,2015,5,24,24/05/2015The Forum Hertfordshire
24/05/2015,Lightyear,NOT_FOUND,,,The Forum Hertfordshire,Festival,2015,5,24,24/05/2015The Forum Hertfordshire
24/05/2015,Moose Blood,NOT_FOUND,,,The Forum Hertfordshire,Festival,2015,5,24,24/05/2015The Forum Hertfordshire
24/05/2015,Only Rivals,NOT_FOUND,,,The Forum Hertfordshire,Festival,2015,5,24,24/05/2015The Forum Hertfordshire
24/05/2015,ROAM,NOT_FOUND,,,The Forum Hertfordshire,Festival,2015,5,24,24/05/2015The Forum Hertfordshire
24/05/2015,Seaway,NOT_FOUND,,,The Forum Hertfordshire,Festival,2015,5,24,24/05/2015The Forum Hertfordshire
24/05/2015,Taking Back Sunday,NOT_FOUND,,,The Forum Hertfordshire,Festival,2015,5,24,24/05/2015The Forum Hertfordshire
24/05/2015,The Wonder Years,NOT_FOUND,,,The Forum Hertfordshire,Festival,2015,5,24,24/05/2015The Forum Hertfordshire
24/05/2015,You Me At Six,NOT_FOUND,,,The Forum Hertfordshire,Festival,2015,5,24,24/05/2015The Forum Hertfordshire
24/04/2023,Weezer,"My Name Is Jonas | Beverly Hills | Return to Ithaka | The Good Life | Pork and Beans | I've Had It Up to Here | Pink Triangle | Blue Like Jazz | El Scorcho | Blast Off! | Undone - The Sweater Song | Longtime Sunshine | Endless Bummer | Only in Dreams | The Greatest Man That Ever Lived (Variations on a Shaker Hymn) | Paperface | Island in the Sun | Perfect Situation | All My Favorite Songs | Iambic Pentameter | Say It Ain't So | Run, Raven, Run | Hash Pipe | Thank You and Good Night | The Waste Land | Surf Wax America | Buddy Holly",,https://www.setlist.fm/setlist/weezer/2023/the-glass-house-pomona-ca-5bb83708.html,The Glass House,Headline,2023,4,24,24/04/2023The Glass House
24/03/2019,Andrew McMahon in the Wilderness,Everything Must Go | High Dive | The Mixed Tape | Ohio | Love and Great Buildings | The Resolution | House in the Trees | Island Radio | Punk Rock Princess | Blue Vacation | Watch the Sky | Dead Man's Dollar | Paper Rain | Rainy Girl | Dark Blue | Swim | Believe | So Close | Teenage Rockstars | I Woke Up in a Car | Fire Escape | Careless | MFEO: Pt. 1 - Made for Each Other / Pt. 2 - You Can Breathe | Cecilia and the Satellite,Upside Down Flowers Tour,https://www.setlist.fm/setlist/andrew-mcmahon-in-the-wilderness/2019/house-of-blues-san-diego-ca-7b92461c.html,House of Blues,Headline,2019,3,24,24/03/2019House of Blues
24/03/2007,Son of Dork,What Happened to Your Band | Ticket Outta Loserville | Murdered in the Mosh | Slacker | Sick | Boyband | Eddie's Song | We're Not Alone | Go Home Monday,,https://www.setlist.fm/setlist/son-of-dork/2007/shepherds-bush-empire-london-england-43cba357.html,Shepherd's Bush Empire,Headline,2007,3,24,24/03/2007Shepherd's Bush Empire
24/03/2002,Weezer,Dope Nose | Photograph | My Name Is Jonas | The Good Life | Superstar | Island in the Sun | Surf Wax America | Tired of Sex | Burndt Jamb | Knock-Down Drag-Out | Undone - The Sweater Song | Why Bother? | Modern Dukes | Don't Let Go | Say It Ain't So | Hash Pipe | Only in Dreams | Happy Together | Buddy Holly,2002 Europe Tour,https://www.setlist.fm/setlist/weezer/2002/brixton-academy-london-england-2bd5f0ae.html,Brixton Academy,Headline,2002,3,24,24/03/2002Brixton Academy
24/02/2014,Scott & Rivers,NOT_FOUND,,https://www.setlist.fm/setlist/scott-and-rivers/2014/el-rey-theatre-los-angeles-ca-7be0d668.html,El Rey Theatre,Headline,2014,2,24,24/02/2014El Rey Theatre
24/02/2004,Bette Midler,"Kiss My Brass / Big Noise from Winnetka | Stuff Like That There | Skylark | Boogie Woogie Bugle Boy | Judge Judy | I'm Sorry | Nobody Else but You | Friends | Come On-A My House | Hey There | Chapel of Love | I Think It's Going to Rain Today | When a Man Loves a Woman | Keep On Rockin' | Shiver Me Timbers | Fishtails Over Broadway | I Had a Dream | Everything's Coming Up Roses | Tonight | Cabaret | You'll Never Walk Alone | Tomorrow | And I Am Telling You I'm Not Going | All That Jazz | One (Singular Sensation) | Hello, Dolly! | Give My Regards to Broadway | Oklahoma | Mister Rogers Segment | I Like to Be Told | September | From a Distance | Do You Wanna Dance? | The Wind Beneath My Wings | The Rose",Kiss My Brass!,https://www.setlist.fm/setlist/bette-midler/2004/staples-center-los-angeles-ca-7bcfbee8.html,Staples Center,Headline,2004,2,24,24/02/2004Staples Center
24/01/1998,Idlewild,NOT_FOUND,,https://www.setlist.fm/setlist/midget/1998/the-forum-royal-tunbridge-wells-england-5bb89f98.html,The Forum,Support,1998,1,24,24/01/1998The Forum
24/01/1998,Midget,NOT_FOUND,,https://www.setlist.fm/setlist/midget/1998/the-forum-royal-tunbridge-wells-england-5bb89f98.html,The Forum,Headline,1998,1,24,24/01/1998The Forum
23/11/2010,Jimmy Eat World,Bleed American | A Praise Chorus | My Best Theory | Coffee and Cigarettes | Let It Happen | For Me This Is Heaven | Futures | Big Casino | Action Needs an Audience | Pain | 23 | Evidence | Your New Aesthetic | Movielike | Hear You Me | Work | Blister | Goodbye Sky Harbor | Invented | Get It Faster | The Middle | Sweetness,Invented,https://www.setlist.fm/setlist/jimmy-eat-world/2010/o2-academy-brixton-london-england-5bd2bb24.html,Brixton Academy,Headline,2010,11,23,23/11/2010Brixton Academy
23/11/1998,Reef,I Would Have Left You | Lately Stomping | Mellow | Summer's in Bloom | Don't You Like It? | I've Got Something to Say | Place Your Hands | Wake | Yer Old | End | Naked,Rides,https://www.setlist.fm/setlist/reef/1998/the-lcr-uea-norwich-england-7bdccac8.html,"The LCR, UEA",Headline,1998,11,23,"23/11/1998The LCR, UEA"
23/11/1998,Symposium,NOT_FOUND,,,"The LCR, UEA",Support,1998,11,23,"23/11/1998The LCR, UEA"
23/10/2017,The Orwells,Black Francis | Fry | They Put A Body In The Bayou | In My Bed | Vacation | Gotta Get Down | Heavy Head | Who Needs You | Double Feature,Fall 2017,https://www.setlist.fm/setlist/the-orwells/2017/o2-academy-leeds-leeds-england-7be32e4c.html,O2 Academy Leeds,Support,2017,10,23,23/10/2017O2 Academy Leeds
23/10/2013,Bowling For Soup,Critically Disdained | Almost | No Hablo Ingles | Let's Go to the Pub | Hooray for Beer | Emily | Since We Broke Up | Turbulence | High School Never Ends | Ohio (Come Back to Texas) | Right About Now | A Really Cool Dance Song | I Don't Wanna Rock | My Wena | Today Is Gonna Be a Great Day | Envy | Stacy's Mom | The Last Rock Show | Punk Rock 101 | Prettiest Girl in the World | My Hometown | Suckerpunch | When We Die | The Bitch Song | Shut-Up and Smile | Girl All the Bad Guys Want | Friends o' Mine | Circle | Belgium | ...Baby One More Time | 1985,Farewell UK,https://www.setlist.fm/setlist/bowling-for-soup/2013/eventim-apollo-london-england-5bc77398.html,Hammersmith Apollo,Headline,2013,10,23,23/10/2013Hammersmith Apollo
23/08/2011,New Found Glory,Understatement | Don't Let Her Pull You Down | At Least I'm Known for Something | All Downhill From Here | Truck Stop Blues | All About Her | Hold My Hand | Radiosurgery | Kiss Me | Forget My Name | Boy Crazy | Failure's Not Flattering | Dressed to Kill | It's Been a Summer | Truth of My Youth | Sincerely Me | Listen to Your Friends | It's Not Your Fault | Hit or Miss | Something I Call Personality | Blitzkrieg Bop | Intro | My Friends Over You,,https://www.setlist.fm/setlist/new-found-glory/2011/electric-ballroom-london-england-5bd0e7d8.html,Electric Ballroom,Headline,2011,8,23,23/08/2011Electric Ballroom
23/06/2004,Billy Talent,NOT_FOUND,,,Worthy Farm,Festival,2004,6,23,23/06/2004Worthy Farm
23/06/2004,Black Eyed Peas,NOT_FOUND,,,Worthy Farm,Festival,2004,6,23,23/06/2004Worthy Farm
23/06/2004,Bright Eyes,NOT_FOUND,,,Worthy Farm,Festival,2004,6,23,23/06/2004Worthy Farm
23/06/2004,Elbow,,,https://www.setlist.fm/setlist/elbow/2004/worthy-farm-pilton-england-7be0eaf8.html,Worthy Farm,Festival,2004,6,23,23/06/2004Worthy Farm
23/06/2004,Goldie Lookin' Chain,NOT_FOUND,,,Worthy Farm,Festival,2004,6,23,23/06/2004Worthy Farm
23/06/2004,Muse,NOT_FOUND,,,Worthy Farm,Festival,2004,6,23,23/06/2004Worthy Farm
23/06/2004,Paul McCartney,Jet | Got to Get You Into My Life | Flaming Pie | All My Loving | Let Me Roll It | She's a Woman | Maybe I'm Amazed | The Long and Winding Road | In Spite of All the Danger | Blackbird | We Can Work It Out | Here Today | All Things Must Pass | Yellow Submarine | I'll Follow the Sun | Calico Skies | Eleanor Rigby | Drive My Car | Penny Lane | Get Back | Band on the Run | Back in the U.S.S.R. | Live and Let Die | I've Got a Feeling | Lady Madonna | Hey Jude | Yesterday | Follow Me | Let It Be | I Saw Her Standing There | Helter Skelter | Sgt. Pepper's Lonely Hearts Club Band (Reprise) | The End,04 Summer Tour,https://www.setlist.fm/setlist/paul-mccartney/2004/worthy-farm-pilton-england-3d6b1a7.html,Worthy Farm,Festival,2004,6,23,23/06/2004Worthy Farm
23/06/2004,Rilo Kiley,NOT_FOUND,,,Worthy Farm,Festival,2004,6,23,23/06/2004Worthy Farm
23/06/2004,Snow Partol,NOT_FOUND,,,Worthy Farm,Festival,2004,6,23,23/06/2004Worthy Farm
23/06/2004,The Chemical Brothers,Hey Boy Hey Girl | Get Yourself High | The Private Psychedelic Reel,,https://www.setlist.fm/setlist/the-chemical-brothers/2004/worthy-farm-pilton-england-1becedd0.html,Worthy Farm,Festival,2004,6,23,23/06/2004Worthy Farm
23/06/2004,The Subways,,,https://www.setlist.fm/setlist/the-subways/2004/worthy-farm-pilton-england-23d1ecdb.html,Worthy Farm,Festival,2004,6,23,23/06/2004Worthy Farm
23/06/1999,Ash,NOT_FOUND,,,Worthy Farm,Festival,1999,6,23,23/06/1999Worthy Farm
23/06/1999,Dogstar,,,https://www.setlist.fm/setlist/dogstar/1999/worthy-farm-pilton-england-2bde4cc2.html,Worthy Farm,Festival,1999,6,23,23/06/1999Worthy Farm
23/06/1999,Elliot Smith,NOT_FOUND,,,Worthy Farm,Festival,1999,6,23,23/06/1999Worthy Farm
23/06/1999,Fatboy Slim,,,https://www.setlist.fm/setlist/fatboy-slim/1999/worthy-farm-pilton-england-53ddffbd.html,Worthy Farm,Festival,1999,6,23,23/06/1999Worthy Farm
23/06/1999,Fun Lovin' Criminals,NOT_FOUND,,,Worthy Farm,Festival,1999,6,23,23/06/1999Worthy Farm
23/06/1999,Fungus,,,https://www.setlist.fm/setlist/fungus/1999/worthy-farm-pilton-england-b44f52a.html,Worthy Farm,Festival,1999,6,23,23/06/1999Worthy Farm
23/06/1999,Lonnie Donegan,NOT_FOUND,,,Worthy Farm,Festival,1999,6,23,23/06/1999Worthy Farm
23/06/1999,REM,"Lotus | What's the Frequency, Kenneth? | So Fast, So Numb | Suspicion | The Apologist | Sitting Still | Daysleeper | The Wake-Up Bomb | How the West Was Won and Where It Got Us | The One I Love | Sweetness Follows | At My Most Beautiful | Losing My Religion | The Great Beyond | Everybody Hurts | Country Feedback | Star 69 | Walk Unafraid | Finest Worksong | Suspicious Minds | Man on the Moon | Why Not Smile | Crush With Eyeliner | Tongue | Parakeet | Cuyahoga | It's the End of the World as We Know It (And I Feel Fine)",,https://www.setlist.fm/setlist/rem/1999/worthy-farm-pilton-england-33d694f5.html,Worthy Farm,Festival,1999,6,23,23/06/1999Worthy Farm
23/06/1999,Skunk Anansie,NOT_FOUND,,,Worthy Farm,Festival,1999,6,23,23/06/1999Worthy Farm
23/06/1999,Ultrasound,,,https://www.setlist.fm/setlist/ultrasound/1999/worthy-farm-pilton-england-43e2bb5b.html,Worthy Farm,Festival,1999,6,23,23/06/1999Worthy Farm
23/06/1998,Blur,Girls & Boys | On Your Own | Beetlebum | End of a Century | Country Sad Ballad Man | Trailerpark | Popscene | M.O.R. | There's No Other Way | Repetition | I'm Just a Killer for Your Love | Coping | For Tomorrow | This Is a Low | Parklife | The Universal | Death of a Party | Essex Dogs | Song 2,,https://www.setlist.fm/setlist/blur/1998/worthy-farm-pilton-england-3d34133.html,Worthy Farm,Festival,1998,6,23,23/06/1998Worthy Farm
23/06/1998,Bob dylan,NOT_FOUND,,,Worthy Farm,Festival,1998,6,23,23/06/1998Worthy Farm
23/06/1998,Chemical Brothers,,,https://www.setlist.fm/setlist/the-chemical-brothers/1998/worthy-farm-pilton-england-4bf6dbaa.html,Worthy Farm,Festival,1998,6,23,23/06/1998Worthy Farm
23/06/1998,Primal Scream,"Out of the Void | Stuka | Burning Wheel | If They Move, Kill 'Em | Rocks | Long Life | Insect Royalty | Higher Than the Sun | Medication | Imperial | I'm 5 Years Ahead of My Time | Kowalski | Movin' on Up",Vanishing Point,https://www.setlist.fm/setlist/primal-scream/1998/worthy-farm-pilton-england-43d317ab.html,Worthy Farm,Festival,1998,6,23,23/06/1998Worthy Farm
23/06/1998,Pulp,NOT_FOUND,,,Worthy Farm,Festival,1998,6,23,23/06/1998Worthy Farm
23/06/1998,Robbie Williams,NOT_FOUND,,,Worthy Farm,Festival,1998,6,23,23/06/1998Worthy Farm
23/04/2024,Microwave,Ferrari | But Not Often,,https://www.setlist.fm/setlist/microwave/2024/patterns-brighton-england-7ba836a8.html,Patterns,Headline,2024,4,23,23/04/2024Patterns
23/04/2024,The Dirty Nil,NOT_FOUND,,,Patterns,Support,2024,4,23,23/04/2024Patterns
23/04/2012,I Am The Avalanche,NOT_FOUND,,,The Peel,Support,2012,4,23,23/04/2012The Peel
23/04/2012,The Wonder Years,Local Man Ruins Everything | Melrose Diner | Keystone State Dude-Core | Hostels & Brothels | I Won't Say the Lord's Prayer | Coffee Eyes | Hoodie Weather | Don't Let Me Cave In | Woke Up Older | My Last Semester | Logan Circle | I Was Scared & I'm Sorry | Came Out Swinging | You're Not Salinger. Get Over It. | Washington Square Park | All My Friends Are in Bar Bands,,https://www.setlist.fm/setlist/the-wonder-years/2012/the-peel-kingston-upon-thames-england-4bde5f6a.html,The Peel,Headline,2012,4,23,23/04/2012The Peel
23/04/2007,Bayside,,,https://www.setlist.fm/setlist/bayside/2007/the-underworld-london-england-33c084ad.html,The Underworld,Support,2007,4,23,23/04/2007The Underworld
23/04/2007,Moneen,,,https://www.setlist.fm/setlist/moneen/2007/the-underworld-london-england-7b5df2fc.html,The Underworld,Headline,2007,4,23,23/04/2007The Underworld
23/03/2002,Weezer,Dope Nose | Photograph | My Name Is Jonas | The Good Life | Superstar | Island in the Sun | Surf Wax America | Tired of Sex | Burndt Jamb | Knock-Down Drag-Out | Undone - The Sweater Song | Why Bother? | Modern Dukes | Don't Let Go | Say It Ain't So | Hash Pipe | Only in Dreams | Happy Together | Buddy Holly,2002 Europe Tour,https://www.setlist.fm/setlist/weezer/2002/southampton-guildhall-southampton-england-23d5f0af.html,Southampton Guildhall,Headline,2002,3,23,23/03/2002Southampton Guildhall
23/02/2019,Mayday Parade,"Never Sure | Jersey | It's Hard to Be Religious When Certain People Are Never Incinerated by Bolts of Lightning | Black Cat | Piece of Your Heart | My Friends Over You / I'm Not Okay (I Promise) / Cute Without the 'E' (Cut From the Team) | Jamie All Over | Somebody That I Used to Know | Anywhere but Here | Miserable at Best | Stay | Three Cheers for Five Years | Oh Well, Oh Well | I'd Hate to Be You When People Find Out What This Song Is About",UK Tour 2018,https://www.setlist.fm/setlist/mayday-parade/2019/troxy-london-england-539297d9.html,Troxy,Headline,2019,2,23,23/02/2019Troxy
23/02/2019,The Wonder Years,,,,Troxy,Support,2019,2,23,23/02/2019Troxy
23/02/2000,Pennywise,NOT_FOUND,,https://www.setlist.fm/setlist/pennywise/2000/london-astoria-london-england-6bcbc662.html,Astoria,Headline,2000,2,23,23/02/2000Astoria
23/01/2015,Moose Blood,Pups | Chin Up | Swim Down | Bukowski | Gum | Anyway | Cherry | I Hope You're Missing Me | Girl | I Hope You're Miserable | Boston | Evening Coffee,,https://www.setlist.fm/setlist/moose-blood/2015/the-borderline-london-england-63cafe93.html,The Borderline,Headline,2015,1,23,23/01/2015The Borderline
23/01/2010,Brand New,"Welcome to Bangkok | Sink | Degausser | You Won't Know | Okay I Believe You, but My Tommy Gun Don't | Sic transit gloria... Glory Fades | The Quiet Things That No One Ever Knows | Limousine (MS Rebridge) | Vices | Gasoline | Sowing Season | You Stole | The Archers Bows Have Broken | Jesus | Jude Law and a Semester Abroad | Seventy Times 7 | At the Bottom | Play Crack the Sky",,https://www.setlist.fm/setlist/brand-new/2010/wembley-arena-london-england-43d76f77.html,Wembley Arena,Headline,2010,1,23,23/01/2010Wembley Arena
23/01/1999,Idlewild,You Don't Have the Heart | Everyone Says You're So Fragile | Self Healer | Annihilate Now! | Captain | When I Argue I See Shapes | A Film for the Future | Satan Polaroid | Safe and Sound | 4 People Do Good | I'm a Message | You Just Have to Be Who You Are,,https://www.setlist.fm/setlist/idlewild/1999/the-waterfront-norwich-england-73dcc215.html,"The LCR, UEA",Support,1999,1,23,"23/01/1999The LCR, UEA"
23/01/1999,Unkle,NOT_FOUND,,,"The LCR, UEA",Headline,1999,1,23,"23/01/1999The LCR, UEA"
22/12/1999,Snug,NOT_FOUND,,,Monto Water Rats,Headline,1999,12,22,22/12/1999Monto Water Rats
22/10/2022,Alanis Morissette,All I Really Want | Hand in My Pocket | You Learn | Reasons I Drink | Alanis' Interlude | Ironic | Smiling | You Oughta Know | Uninvited | Thank U,,https://www.setlist.fm/setlist/alanis-morissette/2022/hollywood-bowl-los-angeles-ca-53bebfa9.html,Hollywood Bowl,Support,2022,10,22,22/10/2022Hollywood Bowl
22/10/2007,Bloodhound Gang,Fire Water Burn | Along Comes Mary | I Wish I Was Queer So I Could Get Chicks | Screwing You on the Beach at Night | Ralph Wiggum | The Ballad of Chasey Lain | Foxtrot Uniform Charlie Kilo | You're Pretty When I'm Drunk | The Bad Touch,The Get Happy Tour,https://www.setlist.fm/setlist/bloodhound-gang/2007/carling-academy-brixton-london-england-3d6a50f.html,Brixton Academy,Festival,2007,10,22,22/10/2007Brixton Academy
22/10/2007,Bowling for Soup,My Hometown | Emily | Almost | Suckerpunch | High School Never Ends | The Last Rock Show | Punk Rock 101 | Belgium | I'm Gay | Ohio (Come Back to Texas) | The Bitch Song | When We Die | Trucker Hat | Girl All the Bad Guys Want | 1985 | Ring of Fire,The Get Happy Tour,https://www.setlist.fm/setlist/bowling-for-soup/2007/carling-academy-brixton-london-england-1bd6a508.html,Brixton Academy,Festival,2007,10,22,22/10/2007Brixton Academy
22/09/1999,Idlewild,,Hope Is Important,https://www.setlist.fm/setlist/idlewild/1999/the-waterfront-norwich-england-73dcc215.html,The Waterfront,Headline,1999,9,22,22/09/1999The Waterfront
22/08/2009,International Superheroes of Hardcore,NOT_FOUND,,,The Garage,Support,2009,8,22,22/08/2009The Garage
22/08/2009,New Found Glory,Don't Let Her Pull You Down | Understatement | Second to Last | On My Mind | Truck Stop Blues | All Downhill From Here | Something I Call Personality | King of Wishful Thinking | Familiar Landscapes | Dig My Own Grave | Failure's Not Flattering | Situations | Dressed to Kill | Listen to Your Friends | At Least I'm Known for Something | Hold My Hand | Sonny | My Friends Over You | Truth of My Youth | 47 | Intro | Hit or Miss,,https://www.setlist.fm/setlist/new-found-glory/2009/relentless-garage-london-england-5bd72f10.html,The Garage,Headline,2009,8,22,22/08/2009The Garage
22/08/2006,Dashboard Confessional,,Dusk and Summer,https://www.setlist.fm/setlist/dashboard-confessional/2006/barfly-london-england-2b4c4c36.html,Barfly,Headline,2006,8,22,22/08/2006Barfly
22/08/2006,Frank Turner,,,https://www.setlist.fm/setlist/frank-turner/2006/barfly-london-england-63d96ed3.html,Barfly,Support,2006,8,22,22/08/2006Barfly
22/08/2005,Weezer,Don't Let Go | Undone - The Sweater Song | Peace | My Name Is Jonas | Why Bother? | El Scorcho | No One Else | Perfect Situation | Fall Together | Death and Destruction | Say It Ain't So | We Are All on Drugs | Beverly Hills | Buddy Holly | Photograph | Island in the Sun | Hold Me | Hash Pipe | Surf Wax America,Make Believe Tour,https://www.setlist.fm/setlist/weezer/2005/carling-apollo-hammersmith-london-england-3bd6744c.html,Hammersmith Apollo,Headline,2005,8,22,22/08/2005Hammersmith Apollo
22/07/2024,Free Throw,NOT_FOUND,,https://www.setlist.fm/setlist/free-throw/2024/the-hope-and-ruin-brighton-england-33546001.html,The Hope and Ruin,Headline,2024,7,22,22/07/2024The Hope and Ruin
22/07/2024,Saturdays at your place,NOT_FOUND,,,The Hope and Ruin,Support,2024,7,22,22/07/2024The Hope and Ruin
22/07/2009,Kevin Devine,Not Over You Yet | No Time Flat | Yr Husband | Country Sky Glow,,https://www.setlist.fm/setlist/kevin-devine/2009/the-old-blue-last-hackney-england-53d0a735.html,The Old Blue Last,Headline,2009,7,22,22/07/2009The Old Blue Last
22/06/2011,Beyonce,"Crazy in Love | Single Ladies (Put a Ring on It) | Naughty Girl | Baby Boy | Best Thing I Never Had | End of Time | If I Were a Boy | Sweet Dreams | Why Don't You Love Me | Love Hangover | The Beautiful Ones | Sex on Fire | 1+1 | Irreplaceable | Independent Women, Pt. 1 | Bootylicious | Bug a Boo | Telephone | Say My Name | Jumpin', Jumpin' | Survivor | At Last | Run the World (Girls) | Halo",,https://www.setlist.fm/setlist/beyonce/2011/worthy-farm-pilton-england-1bd37934.html,Worthy Farm,Festival,2011,6,22,22/06/2011Worthy Farm
22/06/2011,Eels,NOT_FOUND,,,Worthy Farm,Festival,2011,6,22,22/06/2011Worthy Farm
22/06/2011,Jessie J,NOT_FOUND,,,Worthy Farm,Festival,2011,6,22,22/06/2011Worthy Farm
22/06/2011,Jimmy Eat World,"Table for Glasses | Lucky Denver Mint | Your New Aesthetic | Believe in What You Want | A Sunday | Crush | 12.23.95 | Ten | Just Watch the Fireworks | For Me This Is Heaven | Blister | Clarity | Goodbye Sky Harbor | Bleed American | A Praise Chorus | The Middle | Your House | Sweetness | Hear You Me | If You Don't, Don't | Get It Faster | Cautioners | The Authority Song | My Sundown | 23 | My Best Theory | Big Casino | Pain",,https://www.setlist.fm/setlist/jimmy-eat-world/2011/worthy-farm-pilton-england-13d3794d.html,Worthy Farm,Festival,2011,6,22,22/06/2011Worthy Farm
22/06/2011,Pendulum,NOT_FOUND,,,Worthy Farm,Festival,2011,6,22,22/06/2011Worthy Farm
22/06/2011,Pulp,NOT_FOUND,,,Worthy Farm,Festival,2011,6,22,22/06/2011Worthy Farm
22/06/2011,Radiohead,Lotus Flower | 15 Step | Morning Mr. Magpie | Little by Little | All I Need | Separator | Give Up the Ghost | Weird Fishes/Arpeggi | Staircase | I Might Be Wrong | Bloom | Reckoner | The Daily Mail | Street Spirit (Fade Out),Pre-King of Limbs,https://www.setlist.fm/setlist/radiohead/2011/worthy-farm-pilton-england-43d303e7.html,Worthy Farm,Festival,2011,6,22,22/06/2011Worthy Farm
22/06/2011,Seth Lakeman,NOT_FOUND,,,Worthy Farm,Festival,2011,6,22,22/06/2011Worthy Farm
22/06/2011,Suzanne Vega,Tombstone,,https://www.setlist.fm/setlist/suzanne-vega/2011/worthy-farm-pilton-england-73d37e59.html,Worthy Farm,Festival,2011,6,22,22/06/2011Worthy Farm
22/06/2011,The Chemical Brothers,NOT_FOUND,,,Worthy Farm,Festival,2011,6,22,22/06/2011Worthy Farm
22/06/2011,The Streets,NOT_FOUND,,,Worthy Farm,Festival,2011,6,22,22/06/2011Worthy Farm
22/06/2009,Moneen,"Are We Really Happy With Who We Are Right Now? | Bleed and Blister | Tonight, I'm Gone... | The Passing of America | Hold That Sound | Believe | Don't Ever Tell Locke What He Can't Do",,https://www.setlist.fm/setlist/moneen/2009/barfly-london-england-53d72f15.html,Barfly,Headline,2009,6,22,22/06/2009Barfly
22/06/2007,Bloc Party,Song for Clay (Disappear Here) | Positive Tension | Hunting for Witches | Waiting for the 7.18 | Banquet | This Modern Love | The Prayer | Like Eating Glass | Uniform | So Here We Are | She's Hearing Voices | Helicopter,,https://www.setlist.fm/setlist/bloc-party/2007/worthy-farm-pilton-england-4bdb133e.html,Worthy Farm,Festival,2007,6,22,22/06/2007Worthy Farm
22/06/2007,Bright Eyes,Clairaudients (Kill or Be Killed) | Hot Knives | Four Winds | Middleman | First Day of My Life | The Calendar Hung Itself... | No One Would Riot for Less | I Believe in Symmetry | Lime Tree,,https://www.setlist.fm/setlist/bright-eyes/2007/worthy-farm-pilton-england-3c5250b.html,Worthy Farm,Festival,2007,6,22,22/06/2007Worthy Farm
22/06/2007,Chemical Brothers,NOT_FOUND,,,Worthy Farm,Festival,2007,6,22,22/06/2007Worthy Farm
22/06/2007,Damien Rice,Cheers Darlin',,https://www.setlist.fm/setlist/damien-rice/2007/worthy-farm-pilton-england-3c525ff.html,Worthy Farm,Festival,2007,6,22,22/06/2007Worthy Farm
22/06/2007,The Killers,NOT_FOUND,,,Worthy Farm,Festival,2007,6,22,22/06/2007Worthy Farm
22/06/2007,The Magic Numbers,"This Is a Song | Take a Chance | Forever Lost | Fear of Sleep | I See You, You See Me | Love's a Game | Runnin' Out | Undecided | Love Me Like You | Mornings Eleven | The Beard",,https://www.setlist.fm/setlist/the-magic-numbers/2007/worthy-farm-pilton-england-13c52511.html,Worthy Farm,Festival,2007,6,22,22/06/2007Worthy Farm
22/05/2024,Aaron West and the Roaring Twenties,"Our Apartment | Grapefruit | Bury Me Anywhere Else | Paying Bills at the End of the World | Monongahela Park | Alone at St. Luke's | Runnin' Toward the Light | Bloodied Up in a Bar Fight | Runnin' Scared | Runnin' Out of Excuses | Going to Georgia | '67, Cherry Red | Whiplash | Just Sign the Papers | St. Joe Keeps Us Safe | Divorce and the American South | In Lieu of Flowers | Dead Leaves | You Ain't No Saint",In Lieu of Flowers Tour,https://www.setlist.fm/setlist/aaron-west-and-the-roaring-twenties/2024/the-underworld-london-england-2babdcce.html,The Underworld,Headline,2024,5,22,22/05/2024The Underworld
22/05/2024,Future Teens,NOT_FOUND,,,The Underworld,Support,2024,5,22,22/05/2024The Underworld
22/05/2008,Four Year Strong,,,,Brixton Academy,Festival,2008,5,22,22/05/2008Brixton Academy
22/05/2008,Mayday Parade,NOT_FOUND,,,Brixton Academy,Festival,2008,5,22,22/05/2008Brixton Academy
22/05/2008,Meg & Dia,,,,Brixton Academy,Festival,2008,5,22,22/05/2008Brixton Academy
22/05/2005,A,,,,Concorde 2,Headline,2005,5,22,22/05/2005Concorde 2
22/03/2016,Weezer,Hash Pipe | Say It Ain't So | King of the World | L.A. Girlz | Thank God for Girls | Beverly Hills | Buddy Holly,,https://www.setlist.fm/setlist/weezer/2016/red-bull-sound-space-kroq-los-angeles-ca-1bf01590.html,Red Bull Sound Space KROQ,Headline,2016,3,22,22/03/2016Red Bull Sound Space KROQ
22/03/2005,Jimmy Eat World,Futures | Bleed American | The Authority Song | Blister | For Me This Is Heaven | Work | Drugs or Me | The World You Love | The Middle | Seventeen | Get It Faster | Lucky Denver Mint | Polaris | No Sensitivity | Goodbye Sky Harbor | A Praise Chorus | Table for Glasses | Pain | Sweetness,Futures,https://www.setlist.fm/setlist/jimmy-eat-world/2005/london-astoria-london-england-63d46283.html,Astoria,Headline,2005,3,22,22/03/2005Astoria
22/02/2011,Ray LaMontagne,,,https://www.setlist.fm/setlist/ray-lamontagne-and-the-pariah-dogs/2011/royal-festival-hall-london-england-3b54b45c.html,Royal Festival Hall,Headline,2011,2,22,22/02/2011Royal Festival Hall
22/01/2013,Julia Nunes,NOT_FOUND,,,The Islington,Headline,2013,1,22,22/01/2013The Islington
22/01/2006,MXPX,The Next Big Thing | Young and Depressed | Chick Magnet | Responsibility | Punk Rawk Show,,https://www.setlist.fm/setlist/mxpx/2006/london-astoria-london-england-2383d4c7.html,Astoria,Support,2006,1,22,22/01/2006Astoria
22/01/2006,The Starting Line,,,https://www.setlist.fm/setlist/the-starting-line/2006/london-astoria-london-england-4bc55fba.html,Astoria,Headline,2006,1,22,22/01/2006Astoria
21/10/2017,The Orwells,Black Francis | Fry | They Put A Body In The Bayou | In My Bed | Vacation | Gotta Get Down | Heavy Head | Who Needs You | Double Feature,Fall 2017,https://www.setlist.fm/setlist/the-orwells/2017/poppodium-013-tilburg-netherlands-6be33af6.html,Poppodium 013,Support,2017,10,21,21/10/2017Poppodium 013
21/10/2015,Weezer,My Name Is Jonas | Hash Pipe | Beverly Hills | Island in the Sun | Thank God for Girls | Buddy Holly | Perfect Situation | Back to the Shack | Troublemaker | Pork and Beans | (If You're Wondering If I Want You To) I Want You To | Say It Ain't So | Thank God for Girls,,https://www.setlist.fm/setlist/weezer/2015/iheartradio-theater-burbank-ca-5bf5a374.html,iHeartRadio Theater,Headline,2015,10,21,21/10/2015iHeartRadio Theater
21/10/2009,Dizzee Rascal,"Jus' a Rascal | Live, Large n' in Charge | Road Rage | Can't Tek No More | Jezebel | Dirtee Cash | Smells Like Teen Spirit | Stand Up Tall | Chillin' wiv da Man Dem | Pussyole (Old Skool) | Dance wiv Me | Leisure | Bonkers | Brand New Day | Holiday | Bulls on Parade | Dream | Imagine | Fix Up, Look Sharp",,https://www.setlist.fm/setlist/dizzee-rascal/2009/roundhouse-london-england-6bd7da62.html,Roundhouse,Headline,2009,10,21,21/10/2009Roundhouse
21/10/1998,Mansun,She Makes My Nose Bleed | Six | Legacy | Stripper Vicar | Being a Girl | Wide Open Space | The Chad Who Loved Me,Six Tour,https://www.setlist.fm/setlist/mansun/1998/the-lcr-uea-norwich-england-1bc59dc4.html,"The LCR, UEA",Headline,1998,10,21,"21/10/1998The LCR, UEA"
21/09/2022,Weezer,I Want a Dog | What Happens After You?,,https://www.setlist.fm/setlist/weezer/2022/jimmy-kimmel-live-los-angeles-ca-53b06f39.html,Jimmy Kimmel Live,Headline,2022,9,21,21/09/2022Jimmy Kimmel Live
21/09/2016,Ash,Lose Control | Goldfinger | Girl From Mars | I'd Give You Anything | Gone the Dream | Kung Fu | Oh Yeah | Let It Flow | Innocent Smile | Angel Interceptor | Lost in You | Darkside Lightside | Petrol | Sneaker | Does Your Mother Know | A Life Less Ordinary | Orpheus | Let's Ride | Shining Light | Friends of P. | Burn Baby Burn,1977 - 20th Anniversary Tour,https://www.setlist.fm/setlist/ash/2016/the-roxy-west-hollywood-ca-bfdf182.html,The Roxy,Headline,2016,9,21,21/09/2016The Roxy
21/09/2007,Wir Sind Helden,,,https://www.setlist.fm/setlist/wir-sind-helden/2007/astoria-2-london-england-bd3590e.html,Astoria 2,Headline,2007,9,21,21/09/2007Astoria 2
21/08/2006,Taking Back Sunday,NOT_FOUND,,,93 Feet East,Headline,2006,8,21,21/08/200693 Feet East
21/07/2012,The Relationship,NOT_FOUND,,https://www.setlist.fm/setlist/the-relationship/2012/the-roxy-west-hollywood-ca-63e0d677.html,The Roxy,Headline,2012,7,21,21/07/2012The Roxy
21/07/2009,Kevin Devine,NOT_FOUND,,,Institute of Contemporary Arts,Support,2009,7,21,21/07/2009Institute of Contemporary Arts
21/07/2009,Manchester Orchestra,50 Cent | Shake It Out | Now That You're Home | Pride | In My Teeth | I Can Barely Breathe | I've Got Friends | Wolves at Night | Where Have You Been? | Everything to Nothing | The River | The Only One | Options | The Party's Over / No Children,Mean Everything to Nothing,https://www.setlist.fm/setlist/manchester-orchestra/2009/institute-of-contemporary-arts-london-england-33d6483d.html,Institute of Contemporary Arts,Headline,2009,7,21,21/07/2009Institute of Contemporary Arts
21/07/2002,AM Radio,,,https://www.setlist.fm/setlist/am-radio/2002/tweeter-center-for-the-performing-arts-mansfield-ma-53eb83dd.html,Tweeter Center for the Performing Arts,Support,2002,7,21,21/07/2002Tweeter Center for the Performing Arts
21/07/2002,Dashboard Confessional,Saints and Sailors | The Good Fight | So Beautiful | The Swiss Army Romance | Remember to Breathe | Rapid Hope Loss | So Impossible | Ender Will Save Us All | Screaming Infidelities | Again I Go Unnoticed | Hands Down,The Places You Have Come to Fear the Most,https://www.setlist.fm/setlist/dashboard-confessional/2002/tweeter-center-for-the-performing-arts-mansfield-ma-4bfcd7ae.html,Tweeter Center for the Performing Arts,Support,2002,7,21,21/07/2002Tweeter Center for the Performing Arts
21/07/2002,Home Town Hero,,,https://www.setlist.fm/setlist/home-town-hero/2002/tweeter-center-for-the-performing-arts-mansfield-ma-7ba0fe20.html,Tweeter Center for the Performing Arts,Support,2002,7,21,21/07/2002Tweeter Center for the Performing Arts
21/07/2002,Sparta,Sans Cosm | Mye | Vacant Skies | Rx Coup | Collapse | Cut Your Ribbon | Air,,https://www.setlist.fm/setlist/sparta/2002/tweeter-center-for-the-performing-arts-mansfield-ma-7be88e54.html,Tweeter Center for the Performing Arts,Support,2002,7,21,21/07/2002Tweeter Center for the Performing Arts
21/07/2002,Weezer,Improvisation | Holiday | Across the Sea | Burndt Jamb | Undone - The Sweater Song | Falling for You | Crab | My Name Is Jonas | Why Bother? | Fall Together | No One Else | Tired of Sex | Dope Nose | Only in Dreams | Pink Triangle | Island in the Sun | No Other One | Say It Ain't So,Enlightenment Tour,https://www.setlist.fm/setlist/weezer/2002/tweeter-center-for-the-performing-arts-mansfield-ma-3d49123.html,Tweeter Center for the Performing Arts,Headline,2002,7,21,21/07/2002Tweeter Center for the Performing Arts
21/06/2017,Busted,NOT_FOUND,,,Worthy Farm,Festival,2017,6,21,21/06/2017Worthy Farm
21/06/2017,Craig David,NOT_FOUND,,,Worthy Farm,Festival,2017,6,21,21/06/2017Worthy Farm
21/06/2017,Flaming Lips,NOT_FOUND,,,Worthy Farm,Festival,2017,6,21,21/06/2017Worthy Farm
21/06/2017,Foo Fighters,NOT_FOUND,,,Worthy Farm,Festival,2017,6,21,21/06/2017Worthy Farm
21/06/2017,Kaiser Chiefs,NOT_FOUND,,,Worthy Farm,Festival,2017,6,21,21/06/2017Worthy Farm
21/06/2017,Napalm Death,NOT_FOUND,,,Worthy Farm,Festival,2017,6,21,21/06/2017Worthy Farm
21/06/2017,Seth Lakeman,NOT_FOUND,,,Worthy Farm,Festival,2017,6,21,21/06/2017Worthy Farm
21/06/2017,Stormsy,NOT_FOUND,,,Worthy Farm,Festival,2017,6,21,21/06/2017Worthy Farm
21/06/2001,Nerf Herder,NOT_FOUND,,,The Waterfront,Headline,2001,6,21,21/06/2001The Waterfront
21/06/2000,Basement Jaxx,,,https://www.setlist.fm/setlist/basement-jaxx/2000/worthy-farm-pilton-england-13f38d91.html,Worthy Farm,Festival,2000,6,21,21/06/2000Worthy Farm
21/06/2000,Bloodhound Gang,Fire Water Burn | Your Only Friends Are Make Believe | The Ballad of Chasey Lain | I Hope You Die | The Inevitable Return of the Great White Dope | Yummy Down on This | Mope | Three Point One Four | The Bad Touch | Hell Yeah | Along Comes Mary | Mama Say,,https://www.setlist.fm/setlist/bloodhound-gang/2000/worthy-farm-pilton-england-1bd8bd64.html,Worthy Farm,Festival,2000,6,21,21/06/2000Worthy Farm
21/06/2000,Chemical Brothers,Tomorrow Never Knows | Hey Boy Hey Girl | Music: Response | Block Rockin' Beats | Song to the Siren / Jailbird / Voodoo People | Under the Influence | It Doesn't Matter | Out of Control / Elektrobank | Got Glint? / Dig Your Own Hole | The Sunshine Underground | Don't Stop the Rock / Setting Sun | Chemical Beats | Leave Home | The Private Psychedelic Reel,Surrender,https://www.setlist.fm/setlist/the-chemical-brothers/2000/worthy-farm-pilton-england-3bd3d4ec.html,Worthy Farm,Festival,2000,6,21,21/06/2000Worthy Farm
21/06/2000,Dandy Warhols,NOT_FOUND,,,Worthy Farm,Festival,2000,6,21,21/06/2000Worthy Farm
21/06/2000,David Bowie,"Greensleeves | Wild Is the Wind | China Girl | Changes | Stay | Life on Mars? | Absolute Beginners | Ashes to Ashes | Rebel Rebel | Little Wonder | Golden Years | Fame | All the Young Dudes | The Man Who Sold the World | Station to Station | Starman | Hallo Spaceboy | Under Pressure | Ziggy Stardust | ""Heroes"" | Let's Dance | I'm Afraid of Americans",,https://www.setlist.fm/setlist/david-bowie/2000/worthy-farm-pilton-england-1bd40158.html,Worthy Farm,Festival,2000,6,21,21/06/2000Worthy Farm
21/06/2000,Feeder,Insomnia | Cement | Day In Day Out | Yesterday Went Too Soon | Bug | Oxygen | My Perfect Day | High,,https://www.setlist.fm/setlist/feeder/2000/worthy-farm-pilton-england-2bdea412.html,Worthy Farm,Festival,2000,6,21,21/06/2000Worthy Farm
21/06/2000,Flaming Lips,NOT_FOUND,,,Worthy Farm,Festival,2000,6,21,21/06/2000Worthy Farm
21/06/2000,Idlewild,NOT_FOUND,,,Worthy Farm,Festival,2000,6,21,21/06/2000Worthy Farm
21/06/2000,Jools Holland,NOT_FOUND,,,Worthy Farm,Festival,2000,6,21,21/06/2000Worthy Farm
21/06/2000,Semisonic,,,https://www.setlist.fm/setlist/semisonic/2000/worthy-farm-pilton-england-5bddfff0.html,Worthy Farm,Festival,2000,6,21,21/06/2000Worthy Farm
21/05/2023,Blur,Tales of the Unexpected (Theme) | St. Charles Square | There's No Other Way | Popscene | Coping | Chemical World | Young & Lovely | Beetlebum | Trimm Trabb | Villa Rosie | Coffee & TV | Out of Time | End of a Century | Parklife | To the End | Sunday Sunday | Advert | Song 2 | This Is a Low | Girls & Boys | The Narcissist | Tender | For Tomorrow | The Universal,2023 Warm Up Shows,https://www.setlist.fm/setlist/blur/2023/winter-garden-eastbourne-england-13b93989.html,Winter Garden,Headline,2023,5,21,21/05/2023Winter Garden
21/05/2014,I Am The Avalanche,Save Your Name | Anna Lee | Green Eyes | Brooklyn Dodgers,Wolverines,https://www.setlist.fm/setlist/i-am-the-avalanche/2014/johnny-cupcakes-london-england-33c09059.html,Johnny Cupcakes,Headline,2014,5,21,21/05/2014Johnny Cupcakes
21/05/2013,The Flaming Lips,"Look...The Sun Is Rising | The Terror | The W.A.N.D. | Virgo Self-Esteem Broadcast | Silver Trembling Hands | Try to Explain | Race for the Prize | Butterfly, How Long It Takes to Die | You Lust | One More Robot/Sympathy 3000-21 | ""Heroes"" | Riding to Work in the Year 2025 (Your Invisible Now) | Turning Violent | Do You Realize?? | All We Have Is Now | Always There, In Our Hearts",2013 Spring Tour,https://www.setlist.fm/setlist/the-flaming-lips/2013/roundhouse-london-england-3bd840ec.html,Roundhouse,Headline,2013,5,21,21/05/2013Roundhouse
21/03/2002,Weezer,Dope Nose | Photograph | My Name Is Jonas | The Good Life | Superstar | Island in the Sun | Surf Wax America | Tired of Sex | Burndt Jamb | Knock-Down Drag-Out | Undone - The Sweater Song | Why Bother? | Modern Dukes | Don't Let Go | Say It Ain't So | Hash Pipe | Only in Dreams | Happy Together | Buddy Holly,2002 Europe Tour,https://www.setlist.fm/setlist/weezer/2002/carling-academy-birmingham-england-33d5f0a9.html,Academy Birmingham,Headline,2002,3,21,21/03/2002Academy Birmingham
21/01/2012,Weezer,Memories | Devotion | Susanne | Trippin' Down the Freeway | Los Angeles | Longtime Sunshine | You Gave Your Love to Me Softly | Don't Let Go | Tragic Girl | The Greatest Man That Ever Lived (Variations on a Shaker Hymn) | Tired of Sex | Getchoo | No Other One | Why Bother? | Across the Sea | The Good Life | El Scorcho | Pink Triangle | Falling for You | Butterfly,,https://www.setlist.fm/setlist/weezer/2012/carnival-destiny-miami-fl-4bd1532e.html,Carnival Destiny,Headline,2012,1,21,21/01/2012Carnival Destiny
21/01/2011,Weezer,My Name Is Jonas | No One Else | The World Has Turned and Left Me Here | Buddy Holly | Undone - The Sweater Song | Surf Wax America | Say It Ain't So | In the Garage | Holiday | Only in Dreams | Karl's Memories Slide Show | Tired of Sex | Getchoo | No Other One | Why Bother? | Across the Sea | The Good Life | El Scorcho | Pink Triangle | Falling for You | Butterfly | I Just Threw Out the Love of My Dreams,Memories Tour,https://www.setlist.fm/setlist/weezer/2011/the-joint-at-hard-rock-hotel-las-vegas-nv-4bd2dbda.html,The Joint at Hard Rock Hotel,Headline,2011,1,21,21/01/2011The Joint at Hard Rock Hotel
20/11/2024,Punk Rock Factory,NOT_FOUND,,https://www.setlist.fm/setlist/punk-rock-factory/2024/chalk-brighton-england-3b5e186c.html,Chalk,Headline,2024,11,20,20/11/2024Chalk
20/11/2012,First Aid Kit,In the Morning | Blue | Hard Believer | Marianne's Son | Ghost Town | To a Poet | New Year's Eve | Wolf | When I Grow Up | Emmylou | I Met Up With the King | The Lion's Roar | America | Sailor Song | King of the World,,https://www.setlist.fm/setlist/first-aid-kit/2012/o2-shepherds-bush-empire-london-england-3dae177.html,Shepherd's Bush Empire,Headline,2012,11,20,20/11/2012Shepherd's Bush Empire
20/09/2008,Beck,Loser | Girl | Nausea | Leopard-Skin Pill-Box Hat | Minus | Qué Onda Guero | Nicotine & Gravy | Mixed Bizness | Devils Haircut | Timebomb | Soul of a Man | Gamma Ray | Hell Yes | Black Tambourine | Modern Guilt | Paper Tiger | Think I'm in Love | Missing | Lonesome Tears | Replica | Round the Bend | Chemtrails | Where It's At | E-Pro,Modern Guilt,https://www.setlist.fm/setlist/beck/2008/hollywood-bowl-los-angeles-ca-7bd6b2e4.html,Hollywood Bowl,Headline,2008,9,20,20/09/2008Hollywood Bowl
20/08/2007,Kevin Devine,,,https://www.setlist.fm/setlist/kevin-devine/2007/the-metro-club-london-england-3bd67800.html,The Metro Club,Headline,2007,8,20,20/08/2007The Metro Club
20/06/2003,Nerf Herder,Vivian | Welcome to My World | Buffy the Vampire Slayer | Rock City News | Courtney | Mr. Spock,,https://www.setlist.fm/setlist/nerf-herder/2003/the-garage-london-england-1bca91f8.html,The Garage,Headline,2003,6,20,20/06/2003The Garage
20/05/2006,Taking Back Sunday,,Louder Now,https://www.setlist.fm/setlist/taking-back-sunday/2006/carling-academy-birmingham-england-43d5df53.html,Academy Birmingham,Headline,2006,5,20,20/05/2006Academy Birmingham
20/05/2002,Crackout,NOT_FOUND,,,Barfly,Headline,2002,5,20,20/05/2002Barfly
20/03/2008,One Night Only,NOT_FOUND,,,Brixton Academy,Support,2008,3,20,20/03/2008Brixton Academy
20/03/2008,The Black Kids,NOT_FOUND,,,Brixton Academy,Support,2008,3,20,20/03/2008Brixton Academy
20/03/2008,The Future Heads,NOT_FOUND,,,Brixton Academy,Support,2008,3,20,20/03/2008Brixton Academy
20/03/2008,XFM's Big Night Out,NOT_FOUND,,,Brixton Academy,Headline,2008,3,20,20/03/2008Brixton Academy
20/02/2011,The Wonder Years,Logan Circle | Melrose Diner | Solo and Chewy: Holdin' It Down | Keystone State Dude-Core | My Last Semester | This Party Sucks | It's Never Sunny in South Philadelphia | Everything I Own Fits in This Backpack | Dynamite Shovel | Washington Square Park | All My Friends Are in Bar Bands | Mike Kennedy Is a Bad Friend | You're Not Salinger. Get Over It.,The Upsides,https://www.setlist.fm/setlist/the-wonder-years/2011/the-peel-kingston-upon-thames-england-7bd226b4.html,The Peel,Headline,2011,2,20,20/02/2011The Peel
20/02/1997,Edwin Collins,NOT_FOUND,,,Brighton Centre,Support,1997,2,20,20/02/1997Brighton Centre
20/02/1997,Pulp,NOT_FOUND,,,Brighton Centre,Headline,1997,2,20,20/02/1997Brighton Centre
20/01/2012,Weezer,Troublemaker | We Are All on Drugs | I Just Threw Out the Love of My Dreams | No One Else | Teenage Dirtbag | Can't Stop Partying | Keep Fishin' | Mykel and Carli | Jamie | Tragic Girl | Tired of Sex | Getchoo | No Other One | Why Bother? | Across the Sea | The Good Life | El Scorcho | Pink Triangle | Falling for You | Butterfly,,https://www.setlist.fm/setlist/weezer/2012/carnival-destiny-miami-fl-53d15335.html,Carnival Destiny,Headline,2012,1,20,20/01/2012Carnival Destiny
20/01/2008,Dashboard Confessional,,,https://www.setlist.fm/setlist/dashboard-confessional/2008/scala-london-england-7bdf7e18.html,Scala,Headline,2008,1,20,20/01/2008Scala
19/12/2012,Ed Harcourt,The Cusp & the Wane | Hey Little Bruiser | Wandering Eye | Murmur in My Heart | Back Into the Woods | Brothers and Sisters | The Pretty Girls | Last Will and Testament | The Man That Time Forgot | The Pristine Claw | Born in the '70s | Haywired | Wichita Lineman | Until Tomorrow Then | You Put a Spell on Me | This One's for You,,https://www.setlist.fm/setlist/ed-harcourt/2012/cecil-sharp-house-london-england-53e87329.html,Cecil Sharp House,Headline,2012,12,19,19/12/2012Cecil Sharp House
19/12/2009,Frank Turner,I Knew Prufrock Before He Got Famous | Isabel | Substitute | A Decent Cup of Tea | Hold Your Tongue | Sea Legs | Faithful Son | Worse Things Happen at Sea | Journey of the Magi | St. Christopher Is Coming Home | Father's Day | Long Live the Queen | Last Christmas | The Ballad of Me and My Friends,,https://www.setlist.fm/setlist/frank-turner/2009/union-chapel-london-england-1bd70954.html,Union Chapel,Headline,2009,12,19,19/12/2009Union Chapel
19/11/2018,Black Foxxes,NOT_FOUND,,,KOKO,Support,2018,11,19,19/11/2018KOKO
19/11/2018,Dashboard Confessional,The Best Deceptions | Vindicated | The Sharp Hint of New Tears | The Good Fight | Saints and Sailors | Get Me Right | Don't Wait | We Fight | Remember to Breathe | Rapid Hope Loss | Again I Go Unnoticed | This Ruined Puzzle | Carry This Picture | The Places You Have Come to Fear the Most | Burning Heart | Screaming Infidelities | Stolen | Hands Down,UK Tour 2018,https://www.setlist.fm/setlist/dashboard-confessional/2018/koko-london-england-4397cfbb.html,KOKO,Headline,2018,11,19,19/11/2018KOKO
19/11/2013,Jimmy Eat World,"I Will Steal You Back | Big Casino | My Best Theory | Appreciation | Your New Aesthetic | Lucky Denver Mint | A Praise Chorus | Hear You Me | Book of Love | Futures | Polaris | Work | You Were Good | Heart Is Hard to Find | Damage | Let It Happen | Pain | Blister | No, Never | Always Be | The Authority Song | Sweetness | Bleed American | Chase This Light | 23 | The Middle",Damage,https://www.setlist.fm/setlist/jimmy-eat-world/2013/o2-academy-brixton-london-england-4bc4eb7e.html,Brixton Academy,Headline,2013,11,19,19/11/2013Brixton Academy
19/11/2013,Rival Schools,NOT_FOUND,,,Brixton Academy,Support,2013,11,19,19/11/2013Brixton Academy
19/10/2025,Kerry Ellis,NOT_FOUND,,,Chequer Mead Theatre,Headline,2025,10,19,19/10/2025Chequer Mead Theatre
19/10/2017,The Orwells,Black Francis | Fry | They Put A Body In The Bayou | In My Bed | Vacation | Gotta Get Down | Heavy Head | Who Needs You | Double Feature,Fall 2017,https://www.setlist.fm/setlist/the-orwells/2017/lolympia-bruno-coquatrix-paris-france-4be3c7ee.html,L'Olympia Bruno Coquatrix,Support,2017,10,19,19/10/2017L'Olympia Bruno Coquatrix
19/10/2016,Weezer,I Love the USA,,https://www.setlist.fm/setlist/weezer/2016/the-late-late-show-with-james-corden-los-angeles-ca-23fd44e3.html,The Late Late Show with James Corden,Headline,2016,10,19,19/10/2016The Late Late Show with James Corden
19/09/2022,Weezer,Sheraton Commander | Basketball | Iambic Pentameter | I Want a Dog | Dark Enough to See the Stars | The One That Got Away | The Deep and Dreamless Sleep | What Happens After You? | Beverly Hills | I Just Threw Out the Love of My Dreams | Records | You Gave Your Love to Me Softly | All My Favorite Songs | Undone - The Sweater Song | The Greatest Man That Ever Lived (Variations on a Shaker Hymn) | Teenage Dirtbag | California Snow | Say It Ain't So | Basketball | What Happens After You?,,https://www.setlist.fm/setlist/weezer/2022/troubadour-west-hollywood-ca-3b001cf.html,Troubadour,Headline,2022,9,19,19/09/2022Troubadour
19/09/2006,44,"Lycanthrope | 155 | Weatherman | Little Death | Cliffdiving | Make You Smile | Baby Come On | When Your Heart Stops Beating | No, It Isn't | Chapter XIII",,https://www.setlist.fm/setlist/44/2006/london-astoria-london-england-1bd3d980.html,Astoria,Headline,2006,9,19,19/09/2006Astoria
19/08/2012,Fun,Carry On | One Foot | All the Pretty Girls | At Least I'm Not as Sad (as I Used to Be) | It Gets Better | Walking the Dog | Why Am I the One | The Gambler | All Alright | All Alone | Barlights | We Are Young | You Can't Always Get What You Want | Some Nights | Stars,,https://www.setlist.fm/setlist/fun/2012/wiltern-theatre-los-angeles-ca-3dc0d43.html,Wiltern Theatre,Headline,2012,8,19,19/08/2012Wiltern Theatre
19/08/2009,The Get Up Kids,"Coming Clean | Action & Action | The One You Want | Holiday | Valentine | Woodson | Close to Home | Keith Case | Red Letter Day | Mass Pike | Campfire Kansas | Holy Roman | No Love | I'm a Loner Dottie, a Rebel | Walking on a Wire | Out of Reach | Close to Me | Beer for Breakfast | Don't Hate Me | I'll Catch You | Ten Minutes",European Tour,https://www.setlist.fm/setlist/the-get-up-kids/2009/electric-ballroom-london-england-3d7a9f3.html,Electric Ballroom,Headline,2009,8,19,19/08/2009Electric Ballroom
19/07/2013,Weezer,My Name Is Jonas | Hash Pipe | El Scorcho | Perfect Situation | Island in the Sun | Beverly Hills | Say It Ain't So | (If You're Wondering If I Want You To) I Want You To | Pork and Beans | Buddy Holly | Undone - The Sweater Song,2013 Summer Tour,https://www.setlist.fm/setlist/weezer/2013/san-diego-convention-center-san-diego-ca-4bc6a7f6.html,San Diego Convention Center,Headline,2013,7,19,19/07/2013San Diego Convention Center
19/06/2022,Seth Lakeman,NOT_FOUND,,,Brighton Open Air Theatre,Headline,2022,6,19,19/06/2022Brighton Open Air Theatre
19/06/1998,Adagio,NOT_FOUND,,,The Coach House Public House,Support,1998,6,19,19/06/1998The Coach House Public House
19/06/1998,Grimsby,NOT_FOUND,,,The Coach House Public House,Headline,1998,6,19,19/06/1998The Coach House Public House
19/04/2011,Thursday,Fast to the End | Magnets Caught in a Metal Heart | No Answers | Past and Future Ruins | A0001 | Understanding in a Car Crash | Concealer | Autobiography of a Nation | A Hole in the World | Cross Out the Eyes | Paris in Flames | I Am the Killer | Standing on the Edge of Summer | Wind-Up | How Long Is the Night? | I1100 | Turnpike Divides,Full Collapse 10 Year Anniversary Tour,https://www.setlist.fm/setlist/thursday/2011/kings-college-london-student-union-kclsu-london-england-43d39fb3.html,King's College London Student Union (KCLSU),Headline,2011,4,19,19/04/2011King's College London Student Union (KCLSU)
19/04/2009,Innerpartysystem,,,https://www.setlist.fm/setlist/innerpartysystem/2009/o2-academy-brixton-london-england-4bcf1712.html,Brixton Academy,Festival,2009,4,19,19/04/2009Brixton Academy
19/04/2009,Taking Back Sunday,You Know How I Do | Error: Operator | Set Phasers to Stun | Carpathia | You're So Last Summer | One-Eighty by Summer | New Again | Liar (It Takes One to Know One) | Cute Without the 'E' (Cut From the Team) | Sink Into Me | A Decade Under the Influence | What's It Feel Like to Be a Ghost? | MakeDamnSure,,https://www.setlist.fm/setlist/taking-back-sunday/2009/o2-academy-brixton-london-england-3bd62c20.html,Brixton Academy,Festival,2009,4,19,19/04/2009Brixton Academy
19/04/2009,Thursday,"For the Workforce, Drowning | Understanding in a Car Crash | Friends in the Armed Forces | Jet Black New Year | Cross Out the Eyes | War All the Time",Common Existence,https://www.setlist.fm/setlist/thursday/2009/o2-academy-brixton-london-england-33d62cd9.html,Brixton Academy,Festival,2009,4,19,19/04/2009Brixton Academy
19/04/2009,Underoath,,Lost in the Sound of Separation,https://www.setlist.fm/setlist/underoath/2009/o2-academy-brixton-london-england-5bcf171c.html,Brixton Academy,Festival,2009,4,19,19/04/2009Brixton Academy
19/01/2019,Rise Against,Satellite | House on Fire | Prayer of the Refugee | Re-Education (Through Labor) | Savior | How Long | The Violence,,https://www.setlist.fm/setlist/rise-against/2019/the-forum-inglewood-ca-5b944b80.html,The Forum,Support,2019,1,19,19/01/2019The Forum
19/01/2016,Weezer,Thank God for Girls | Do You Wanna Get High? | Thank God for Girls | Island in the Sun | King of the World | Buddy Holly,,https://www.setlist.fm/setlist/weezer/2016/jimmy-kimmel-live-los-angeles-ca-1bf3991c.html,Jimmy Kimmel Live,Headline,2016,1,19,19/01/2016Jimmy Kimmel Live
19/01/2013,The Beggars Collective,NOT_FOUND,,,Barfly,Headline,2013,1,19,19/01/2013Barfly
19/01/2012,Weezer,Hash Pipe | Perfect Situation | (If You're Wondering If I Want You To) I Want You To | Photograph | Dope Nose | Blast Off! | Paranoid Android | Beverly Hills | Island in the Sun | Pork and Beans | My Name Is Jonas | No One Else | The World Has Turned and Left Me Here | Buddy Holly | Undone - The Sweater Song | Surf Wax America | Say It Ain't So | In the Garage | Holiday | Only in Dreams,,https://www.setlist.fm/setlist/weezer/2012/carnival-destiny-miami-fl-bd1554a.html,Carnival Destiny,Headline,2012,1,19,19/01/2012Carnival Destiny
18/12/2018,HAIM,Go Slow | Want You Back | The Wire,,https://www.setlist.fm/setlist/haim/2018/the-theatre-at-ace-hotel-los-angeles-ca-4b94eb4e.html,The Theatre at Ace Hotel,Support,2018,12,18,18/12/2018The Theatre at Ace Hotel
18/12/2006,Tenacious D,"Kielbasa | History | Flash | Wonderboy | I'm Roasted | Special Things | Lee | Sax-a-Boom | The Road | Funeral March | Film: ""Hell Time Skit"" | Kickapoo | Explosivo | Friendship | Beelzeboss (The Final Showdown) | Double Team | Fuck Her Gently | Tribute",The Pick of Destiny,https://www.setlist.fm/setlist/tenacious-d/2006/brighton-centre-brighton-england-3bd754b8.html,Brighton Centre,Headline,2006,12,18,18/12/2006Brighton Centre
18/11/2023,A,NOT_FOUND,,,Electric Ballroom,Support,2023,11,18,18/11/2023Electric Ballroom
18/11/2023,Symposium,Drink the Sunshine | One Day at a Time | Fairweather Friend | Puddles | Bury You | Disappear | Blue | Bleach | The Answer to Why I Hate You | Fear of Flying | Xanthein | The End | Killing Position | Fizzy | I Like To | Farewell to Twilight | A Hard Day's Night,,https://www.setlist.fm/setlist/symposium/2023/electric-ballroom-london-england-3ba11424.html,Electric Ballroom,Headline,2023,11,18,18/11/2023Electric Ballroom
18/10/2017,The Orwells,"Steady, as She Goes",Fall 2017,https://www.setlist.fm/setlist/the-orwells/2017/ancienne-belgique-brussels-belgium-3be3cccc.html,Ancienne Belgique,Support,2017,10,18,18/10/2017Ancienne Belgique
18/09/2021,Weezer,Hero | Hash Pipe | All the Good Ones | Beverly Hills | The End of the Game | My Name Is Jonas | Everybody Wants to Rule the World | Perfect Situation | Pork and Beans | Feels Like Summer | The Good Life | Enter Sandman | All My Favorite Songs | Undone - The Sweater Song | Surf Wax America | Island in the Sun | Africa | California Snow | Say It Ain't So | Buddy Holly,,https://www.setlist.fm/setlist/weezer/2021/silverado-resort-and-spa-napa-ca-138c4961.html,Silverado Resort and Spa,Headline,2021,9,18,18/09/2021Silverado Resort and Spa
18/08/2012,Fun,One Foot | All the Pretty Girls | Why Am I the One | At Least I'm Not as Sad (as I Used to Be) | Walking the Dog | All Alone | It Gets Better | All Alright | The Gambler | Carry On | Barlights | We Are Young | Take Your Time (Coming Home) | Some Nights (Intro) | Some Nights,,https://www.setlist.fm/setlist/fun/2012/wiltern-theatre-los-angeles-ca-5bdc1b54.html,Wiltern Theatre,Headline,2012,8,18,18/08/2012Wiltern Theatre
18/07/1996,Rancid,NOT_FOUND,Lollapalooza 1996,https://www.setlist.fm/setlist/rancid/1996/south-florida-fairgrounds-west-palm-beach-fl-73dda6d1.html,South Florida Fairgrounds,Headline,1996,7,18,18/07/1996South Florida Fairgrounds
18/06/2015,The Movielife,Face or Kneecaps | Pinky Swear | Takin' It Out and Choppin' It Up | I Hope You Die Soon | 10 Seconds Too Late | This Time Next Year | Walking on Glass | Jamaica Next | Kelly Song | Maybe It's Nothing | Hand Grenade | Hey | Scary | Once in a Row | Single White Female | Operate | Ship to Shore | Jamestown,,https://www.setlist.fm/setlist/the-movielife/2015/electric-ballroom-london-england-bc90566.html,Electric Ballroom,Headline,2015,6,18,18/06/2015Electric Ballroom
18/05/2018,Taylor Swift,Bad Reputation | reputation | ...Ready for It? | I Did Something Bad | Gorgeous | Style / Love Story / You Belong With Me | Look What You Made Me Do | Look What You Made Me Do | End Game | King of My Heart | Delicate | Shake It Off | Dancing With Our Hands Tied | Red | Blank Space | Dress | Bad Blood / Should've Said No | There's Nothing Holdin' Me Back | Don't Blame Me | Long Live / New Year's Day | Why She Disappeared | Getaway Car | Call It What You Want | We Are Never Ever Getting Back Together / This Is Why We Can't Have Nice Things,reputation Stadium Tour,https://www.setlist.fm/setlist/taylor-swift/2018/rose-bowl-pasadena-ca-7bede694.html,Rose Bowl,Headline,2018,5,18,18/05/2018Rose Bowl
18/04/2017,The Relationship,NOT_FOUND,Winter 2017,https://www.setlist.fm/setlist/the-relationship/2017/bootleg-theater-los-angeles-ca-2be6c00e.html,Bootleg Theater,Headline,2017,4,18,18/04/2017Bootleg Theater
18/02/2008,Jimmy Eat World,Big Casino | Sweetness | Work | Always Be | For Me This Is Heaven | Disintegration | Bleed American | Blister | Futures | Here It Goes | Let It Happen | 23 | Pain | Your House | Hear You Me | Dizzy | The Middle,Chase This Light,https://www.setlist.fm/setlist/jimmy-eat-world/2008/carling-academy-brixton-london-england-3bd6e488.html,Brixton Academy,Headline,2008,2,18,18/02/2008Brixton Academy
18/02/2007,Bowling for Soup,My Hometown | A Friendly Goodbye | Emily | The Bitch Song | Almost | I'm Gay | Belgium | Two-Seater | High School Never Ends | Ohio (Come Back to Texas) | Get Happy | 1985 | Punk Rock 101 | Girl All the Bad Guys Want | I'm Gay | I Wanna Be Sedated,The Get Happy Tour,https://www.setlist.fm/setlist/bowling-for-soup/2007/hammersmith-palais-london-england-53d3a7d5.html,Hammersmith Palais,Festival,2007,2,18,18/02/2007Hammersmith Palais
18/02/2007,Son of Dork,Eddie's Song | Sick | We're Not Alone | Murdered in the Mosh | Ticket Outta Loserville,The Get Happy Tour,https://www.setlist.fm/setlist/son-of-dork/2007/hammersmith-palais-london-england-3dd9d13.html,Hammersmith Palais,Festival,2007,2,18,18/02/2007Hammersmith Palais
18/02/2007,Wheatus,"Truffles | Sunshine | Leroy | A Little Respect | Hey, Mr. Brown | Lemonade | Teenage Dirtbag",The Get Happy Tour,https://www.setlist.fm/setlist/wheatus/2007/hammersmith-palais-london-england-53de47a5.html,Hammersmith Palais,Festival,2007,2,18,18/02/2007Hammersmith Palais
18/02/2006,All American Rejects,,,https://www.setlist.fm/setlist/the-allamerican-rejects/2006/shepherds-bush-empire-london-england-33d370dd.html,Shepherd's Bush Empire,Headline,2006,2,18,18/02/2006Shepherd's Bush Empire
17/12/2014,Weezer,You Gave Your Love to Me Softly | Why Bother? | King | El Scorcho | December | The Good Life | Island in the Sun | Pink Triangle | Buddy Holly | Ain't Got Nobody | Back to the Shack | Eulogy for a Rock Band | Lonely Girl | I've Had It Up to Here | The British Are Coming | Da Vinci | Go Away | Cleopatra | Foolish Father | The Waste Land | Anonymous | Return to Ithaka | The Greatest Man That Ever Lived (Variations on a Shaker Hymn),Everything Will Be Alright In The End Tour,https://www.setlist.fm/setlist/weezer/2014/the-observatory-santa-ana-ca-bcd199a.html,The Observatory,Headline,2014,12,17,17/12/2014The Observatory
17/12/2008,The Mighty Boosh,,,https://www.setlist.fm/setlist/the-mighty-boosh/2008/the-o2-arena-london-england-3d6fd3b.html,The O2 Arena,Headline,2008,12,17,17/12/2008The O2 Arena
17/11/2010,Deftones,Rocket Skates | Around the Fur | My Own Summer (Shove It) | Be Quiet and Drive (Far Away) | Lotion | Feiticeira | Digital Bath | Knife Prty | Elite | Diamond Eyes | Royal | Prince | CMND/CTRL | You've Seen the Butcher | Sextape | Risk | Bloody Cape | Minerva | Passenger | Change (In the House of Flies) | Birthmark | Engine No. 9 | 7 Words,Diamond Eyes,https://www.setlist.fm/setlist/deftones/2010/o2-academy-brixton-london-england-43d547ab.html,Brixton Academy,Headline,2010,11,17,17/11/2010Brixton Academy
17/10/2016,Green Day,"Bohemian Rhapsody | Blitzkrieg Bop | The Good, the Bad and the Ugly | Know Your Enemy | Bang Bang | Revolution Radio | Holiday | Letterbomb | Boulevard of Broken Dreams | Longview | Private Ale | Armatage Shanks | Stuart and the Ave. | Welcome to Paradise | Christie Road | Burnout | Scattered | Hitchin' a Ride | Waiting | Are We the Waiting | St. Jimmy | When I Come Around | Basket Case | She | King for a Day | Shout / (I Can't Get No) Satisfaction / Hey Jude | Still Breathing | Minority | American Idiot | Jesus of Suburbia | Ordinary World | Good Riddance (Time of Your Life)",Revolution Radio,https://www.setlist.fm/setlist/green-day/2016/hollywood-palladium-los-angeles-ca-bfd5d1e.html,Hollywood Palladium,Headline,2016,10,17,17/10/2016Hollywood Palladium
17/09/2008,Vampire Weekend,NOT_FOUND,,https://www.setlist.fm/setlist/vampire-weekend/2008/wiltern-theatre-los-angeles-ca-63e65a3f.html,Wiltern Theatre,Headline,2008,9,17,17/09/2008Wiltern Theatre
17/08/2004,Ed Harcourt,,,https://www.setlist.fm/setlist/ed-harcourt/2004/dingwalls-london-england-7be87294.html,Dingwalls,Headline,2004,8,17,17/08/2004Dingwalls
17/06/2017,Dustbowl Revival,NOT_FOUND,,https://www.setlist.fm/setlist/dustbowl-revival/2017/teragram-ballroom-los-angeles-ca-63e0d667.html,Teragram Ballroom,Headline,2017,6,17,17/06/2017Teragram Ballroom
17/06/1999,Snug,NOT_FOUND,,,Alleycat,Headline,1999,6,17,17/06/1999Alleycat
17/04/2003,Hiding with girls,NOT_FOUND,,,Jumpin Jaks,Headline,2003,4,17,17/04/2003Jumpin Jaks
17/04/2003,One Word Answer,NOT_FOUND,,,Jumpin Jaks,Support,2003,4,17,17/04/2003Jumpin Jaks
17/02/2012,New Found Glory,All Downhill From Here | Radiosurgery | Understatement | Don't Let Her Pull You Down | Head On Collision | Blitzkrieg Bop | Anthem for the Unwanted | Truth of My Youth | Failure's Not Flattering | Kiss Me | Dressed to Kill | Memories and Battle Scars | Forget My Name | It's Not Your Fault | Hit or Miss | Basket Case | My Friends Over You,Kerrang! Relentless Energy Drink Tour 2012,https://www.setlist.fm/setlist/new-found-glory/2012/roundhouse-london-england-73de9235.html,Roundhouse,Headline,2012,2,17,17/02/2012Roundhouse
17/01/2026,Free Throw,NOT_FOUND,,,Kentish Town Forum,Support,2026,1,17,17/01/2026Kentish Town Forum
17/01/2026,The Wonder Years,"No Closer to Heaven | Brothers & | Cardinals | A Song for Patsy Cline | I Don't Like Who I Was Then | Cigarettes & Saints | The Bluest Things on Earth | Slow Dancing With San Andreas | A Song for Ernest Hemingway | Thanks for the Ride | Stained Glass Ceilings | I Wanted So Badly to Be Brave | You in January | Palm Reader | Crazy | Happy Birthday to You | Passing Through a Screen Door | Don't Let Me Cave In | Wyatt's Song (Your Name) | Lost It in the Lights | New Lows | GODDAMNITALL | Came Out Swinging | Good Luck, Babe!",No Closer to Heaven 10th Anniversary Tour,https://www.setlist.fm/setlist/the-wonder-years/2026/o2-forum-kentish-town-london-england-1341210d.html,Kentish Town Forum,Headline,2026,1,17,17/01/2026Kentish Town Forum
16/12/2011,Ed Harcourt,,,https://www.setlist.fm/setlist/ed-harcourt/2011/bush-hall-london-england-6b859a96.html,Bush Hall,Headline,2011,12,16,16/12/2011Bush Hall
16/12/2005,Boy on a Dolphin,NOT_FOUND,,,Sheffield City Hall,Headline,2005,12,16,16/12/2005Sheffield City Hall
16/11/2022,Dan Mangan,NOT_FOUND,,,The Hope and Ruin,Headline,2022,11,16,16/11/2022The Hope and Ruin
16/10/2017,Weezer,Mexican Fender | Surf Wax America | The Good Life | California Kids | Perfect Situation | (If You're Wondering If I Want You To) I Want You To | Pork and Beans | Thank God for Girls | Weekend Woman | My Name Is Jonas | Hey Ya! | Undone - The Sweater Song | Hash Pipe | Beverly Hills | Buddy Holly | Feels Like Summer | Island in the Sun | Say It Ain't So,Feels Like Summer,https://www.setlist.fm/setlist/weezer/2017/e-werk-cologne-germany-3be3d84c.html,E-Werk,Headline,2017,10,16,16/10/2017E-Werk
16/10/2009,Idlewild,Younger Than America | Readers & Writers | Paint Nothing | Everyone Says You're So Fragile | No Emotion | Make Another World | Dreams of Nothing | You Held the World in Your Arms | City Hall | Roseability | Let Me Sleep (Next to the Mirror) | Idea Track | Quiet Crown | Live in a Hiding Place | Post-Electric | El Capitan | Blame It on Obvious Ways | American English | A Modern Way of Letting Go | Take Me Back in Time | In Competition for the Worst Time | Little Discourage | Captain | In Remote Part / Scottish Fiction,Post Electric Blues,https://www.setlist.fm/setlist/idlewild/2009/electric-ballroom-london-england-5bd2a31c.html,Electric Ballroom,Headline,2009,10,16,16/10/2009Electric Ballroom
16/10/2005,Bowling for Soup,Wild Side | Suckerpunch | The Bitch Song | Trucker Hat | Emily | Get Happy | Life After Lisa | Belgium | Where to Begin | My Hometown | Surf Colorado | Cold Shower Tuesdays | Girl All the Bad Guys Want | Summer of '69 | Almost | The Last Rock Show | Punk Rock 101 | 1985,A Hangover You Don't Deserve,https://www.setlist.fm/setlist/bowling-for-soup/2005/london-astoria-london-england-bd38966.html,Astoria,Headline,2005,10,16,16/10/2005Astoria
16/10/1998,Ash,Lose Control | Jack Names the Planets | A Life Less Ordinary | Jesus Says | Goldfinger | Death Trip 21 | Angel Interceptor | Low Ebb | Oh Yeah | Innocent Smile | Girl From Mars | Wildsurf | Uncle Pat | Numbskull | Petrol | Aphrodite | Fortune Teller | Kung Fu,Nu-Clear Sounds,https://www.setlist.fm/setlist/ash/1998/the-lcr-uea-norwich-england-6bdccad6.html,"The LCR, UEA",Headline,1998,10,16,"16/10/1998The LCR, UEA"
16/09/2005,The Starting Line,NOT_FOUND,,,Astoria 2,Headline,2005,9,16,16/09/2005Astoria 2
16/08/2012,Fun,One Foot | Walking the Dog | Why Am I the One | At Least I'm Not as Sad (as I Used to Be) | It Gets Better | Carry On | The Gambler | All Alone | All the Pretty Girls | Barlights | We Are Young | Take Your Time (Coming Home) | You Can't Always Get What You Want | Some Nights,,https://www.setlist.fm/setlist/fun/2012/boulevard-pool-at-the-cosmopolitan-las-vegas-nv-5bdc2794.html,Boulevard Pool at The Cosmopolitan,Headline,2012,8,16,16/08/2012Boulevard Pool at The Cosmopolitan
16/08/2004,Bloodhound Gang,Magna Cum Nada | Lift Your Head Up High (and Blow Your Brains Out) | Along Comes Mary | Jackass | The Ballad of Chasey Lain | Three Point One Four | Ralph Wiggum | Nothing | The Bad Touch | Hell Yeah | Hey Ya! | Fire Water Burn,Hefty Fine,https://www.setlist.fm/setlist/bloodhound-gang/2004/london-astoria-london-england-1bd0d548.html,Astoria,Headline,2004,8,16,16/08/2004Astoria
16/08/2000,Bloodhound Gang,Mama Say | Boom | Along Comes Mary | Asleep at the Wheel | You're Pretty When I'm Drunk | Mope | I Wish I Was Queer So I Could Get Chicks | Fire Water Burn | The Ballad of Chasey Lain | Three Point One Four | Hell Yeah | Yummy Down on This | Magna Cum Nada | The Bad Touch,,https://www.setlist.fm/setlist/bloodhound-gang/2000/london-astoria-london-england-33c81c09.html,Astoria,Headline,2000,8,16,16/08/2000Astoria
16/06/2006,All American Rejects,"My Paper Heart | Swing, Swing | Move Along",Move Along,https://www.setlist.fm/setlist/the-allamerican-rejects/2006/hammersmith-palais-london-england-6bd58e32.html,Hammersmith Palais,Headline,2006,6,16,16/06/2006Hammersmith Palais
16/05/2008,Kevin Devine,Brooklyn Boy,Put Your Ghost To Rest,https://www.setlist.fm/setlist/kevin-devine/2008/the-borderline-london-england-bd0f546.html,The Borderline,Headline,2008,5,16,16/05/2008The Borderline
16/02/2014,Ozma,NOT_FOUND,,https://www.setlist.fm/setlist/ozma/2014/carnival-fascination-miami-fl-73c28aed.html,Carnival Fascination,Support,2014,2,16,16/02/2014Carnival Fascination
16/01/2019,Kevin Devine,"Tapdance | Instigator | I Wrote It Down for You | Just Stay | Before You're Here | Daydrunk | All of Everything, Erased | Carnival | Waltz #2 (XO) | Little Bulldozer | Gießen | Yr Damned Ol' Dad | You Wouldn't Have to Ask | Awake in the Dirt | Time to Burn (Another Bag of Bones) | No Time Flat | Every Famous Last Word | Brooklyn Boy | Cotton Crush | Ballgame | Brother's Blood",,https://www.setlist.fm/setlist/kevin-devine/2019/camden-assembly-london-england-b9445ca.html,Camden Assembly,Headline,2019,1,16,16/01/2019Camden Assembly
16/01/2003,Dashboard Confessional,The Places You Have Come to Fear the Most | The Brilliant Dance | Saints and Sailors | The Sharp Hint of New Tears | So Impossible | Screaming Infidelities | As Lovers Go | The Good Fight | The Swiss Army Romance | The Best Deceptions | Tonight I'll Take What I Can Get | Ender Will Save Us All | Again I Go Unnoticed | Hands Down,,https://www.setlist.fm/setlist/dashboard-confessional/2003/the-metro-club-london-england-4bfcd792.html,The Metro Club,Headline,2003,1,16,16/01/2003The Metro Club
15/11/2023,Mississippi,NOT_FOUND,,,Shepherd's Bush Empire,Support,2023,11,15,15/11/2023Shepherd's Bush Empire
15/11/2023,Origami Angel,NOT_FOUND,,,Shepherd's Bush Empire,Support,2023,11,15,15/11/2023Shepherd's Bush Empire
15/11/2023,The Wonder Years,"There, There | Passing Through a Screen Door | We Could Die Like This | Dismantling Summer | The Bastards, the Vultures, the Wolves | The Devil in My Bloodstream | Teenage Parents | Chaser | An American Religion (FSF) | A Raindance in Traffic | Madelyn | Cul-de-Sac | I Just Want to Sell Out My Funeral | Oldest Daughter | Local Man Ruins Everything | Low Tide | I Don't Like Who I Was Then | GODDAMNITALL | Cardinals | Came Out Swinging",The Greatest Generation 10th Anniversary Tour,https://www.setlist.fm/setlist/the-wonder-years/2023/o2-shepherds-bush-empire-london-england-43a1c3ff.html,Shepherd's Bush Empire,Headline,2023,11,15,15/11/2023Shepherd's Bush Empire
15/11/2004,Ed Harcourt,Something to Live For | Open Book | This One's for You | Hanging With the Wrong Crowd | Strangers | Something in My Eye | The Music Box | Let Love Not Weigh Me Down | Kids (Rise From the Ashes) | All of Your Days Will Be Blessed | I've Become Misguided | The Trapdoor | Born in the '70s | Beneath the Heart of Darkness | Those Crimson Tears | Black Dress | She Fell Into My Arms | Loneliness | Loneliness | The Storm Is Coming | He's Building a Swamp | Whistle of a Distant Train | Metaphorically Yours | Apple of My Eye | The Birds Will Sing for Us | Shanghai,Ed Harcourt Strangers Tour,https://www.setlist.fm/setlist/ed-harcourt/2004/madame-jojos-london-england-63e87287.html,Madame JoJo's,Headline,2004,11,15,15/11/2004Madame JoJo's
15/11/2004,Magic Numbers,,,https://www.setlist.fm/setlist/the-magic-numbers/2004/royal-northern-college-of-music-manchester-england-1bc1cd78.html,Madame JoJo's,Support,2004,11,15,15/11/2004Madame JoJo's
15/10/2017,Weezer,Mexican Fender | Surf Wax America | The Good Life | California Kids | Perfect Situation | (If You're Wondering If I Want You To) I Want You To | Pork and Beans | Thank God for Girls | Weekend Woman | My Name Is Jonas | Hey Ya! | Undone - The Sweater Song | Hash Pipe | Beverly Hills | Buddy Holly | Feels Like Summer | Island in the Sun | Say It Ain't So,Feels Like Summer,https://www.setlist.fm/setlist/weezer/2017/columbiahalle-berlin-germany-7be3e2ec.html,Columbiahalle,Headline,2017,10,15,15/10/2017Columbiahalle
15/10/2016,Gwen Stefani,Red Flag | Wind It Up | Baby Don't Lie | Obsessed | Where Would I Be? | Cool | Make Me Like You | Underneath It All | Misery | Luxurious | Harajuku Girls | Let Me Blow Ya Mind | Rich Girl | Hella Good | What You Waiting For? | Rare | Go Ahead and Break My Heart | It's My Life | Asking 4 It | Don't Speak | Naughty | Used to Love You | Hollaback Girl | Truth | Just a Girl | The Sweet Escape,This Is What the Truth Feels Like,https://www.setlist.fm/setlist/gwen-stefani/2016/the-forum-inglewood-ca-3fd69af.html,The Forum,Headline,2016,10,15,15/10/2016The Forum
15/08/2003,Dashboard Confessional,"Am I Missing | The Good Fight | The Swiss Army Romance | Remember to Breathe | So Impossible | Dog Catcher | Hey Girl | Rapid Hope Loss | Ghost of a Good Thing | As Lovers Go | Saints and Sailors | Screaming Infidelities | The Best Deceptions | If You Can't Leave It Be, Might as Well Make It Bleed | Bend and Not Break | Again I Go Unnoticed | Hands Down","A Mark, a Mission, a Brand, a Scar",https://www.setlist.fm/setlist/dashboard-confessional/2003/london-astoria-london-england-13cb69cd.html,Astoria,Headline,2003,8,15,15/08/2003Astoria
15/07/2017,Ozma,Domino Effect | Eponine | Gameover | No One Needs to Know | The Business of Getting Down (Flight of the Bootymaestro) | Underneath My Tree | Wake Up | Boomtown | Around the World in 80 Seconds | Continental Drift (Flight of the Bootymademoiselle) | Spending Time | Natalie Portman | Shootingstars | Korobeiniki | You Know the Story | Landing of Yuri Gagarin,,https://www.setlist.fm/setlist/ozma/2017/troubadour-west-hollywood-ca-5be5bff0.html,Troubadour,Headline,2017,7,15,15/07/2017Troubadour
15/07/2003,All American Rejects,NOT_FOUND,The All-American Rejects,https://www.setlist.fm/setlist/the-allamerican-rejects/2003/the-garage-london-england-33d22005.html,The Garage,Headline,2003,7,15,15/07/2003The Garage
15/07/1997,Third Eye Blind,NOT_FOUND,Third Eye Blind,https://www.setlist.fm/setlist/third-eye-blind/1997/spankys-west-palm-beach-fl-73e0d639.html,Spanky's,Headline,1997,7,15,15/07/1997Spanky's
15/06/2012,Weezer,Tired of Sex | My Name Is Jonas | Hash Pipe | Can't Stop Partying | Undone - The Sweater Song | Troublemaker | Dope Nose | Put Me Back Together | Island in the Sun | Susanne | Perfect Situation | Surf Wax America | (If You're Wondering If I Want You To) I Want You To | Pork and Beans | Say It Ain't So | Talk Dirty to Me | The Greatest Man That Ever Lived (Variations on a Shaker Hymn) | Buddy Holly | Beverly Hills,,https://www.setlist.fm/setlist/weezer/2012/mandalay-bay-beach-las-vegas-nv-3bdf2c1c.html,Mandalay Bay Beach,Headline,2012,6,15,15/06/2012Mandalay Bay Beach
15/06/2005,Weezer,Tired of Sex | In the Garage | This Is Such a Pity | Buddy Holly | Photograph | Hold Me | Getchoo | Say It Ain't So | We Are All on Drugs | Island in the Sun | My Name Is Jonas | Peace | Slob | Beverly Hills | The Good Life | Undone - The Sweater Song | Haunt You Every Day | Hash Pipe,Make Believe Tour,https://www.setlist.fm/setlist/weezer/2005/carling-academy-brixton-london-england-6bd5f296.html,Brixton Academy,Headline,2005,6,15,15/06/2005Brixton Academy
15/05/2002,Saves The Day,,,https://www.setlist.fm/setlist/saves-the-day/2002/mean-fiddler-london-england-7383d299.html,Astoria 2,Headline,2002,5,15,15/05/2002Astoria 2
15/04/2019,Weezer,High as a Kite | Everybody Wants to Rule the World,,https://www.setlist.fm/setlist/weezer/2019/jimmy-kimmel-live-los-angeles-ca-6b930e8e.html,Jimmy Kimmel Live,Headline,2019,4,15,15/04/2019Jimmy Kimmel Live
15/04/2011,Bowling For Soup,Almost | Emily | Belgium | My Wena | Today Is Gonna Be a Great Day | Trucker Hat | Running From Your Dad | Turbulence | Ohio (Come Back to Texas) | Friends o' Mine | High School Never Ends | Guard My Heart | Punk Rock 101 | I Don't Wish You Were Dead Anymore | A-Hole | Me With No You | S-S-S-Saturday | The Bitch Song | Girl All the Bad Guys Want | 1985 | I'm Gay | My Hometown | A Really Cool Dance Song,,https://www.setlist.fm/setlist/bowling-for-soup/2011/koko-london-england-7bd3aa50.html,KOKO,Headline,2011,4,15,15/04/2011KOKO
15/03/2024,Grace Petrie,The Best Country In The World | The House Always Wins | Start Again | We've Got an Office in Hackney | Storm to Weather | Meanwhile in Texas | Pride | King and Country | You Build a Wall | Fixer Upper | English Culture | The Losing Side | Black Tie | Northbound,Build Something Better UK/IRE 2024,https://www.setlist.fm/setlist/grace-petrie/2024/concorde-2-brighton-england-33aadc7d.html,Concorde 2,Headline,2024,3,15,15/03/2024Concorde 2
15/03/2024,Weezer,My Name Is Jonas | No One Else | The World Has Turned and Left Me Here | Buddy Holly | Undone - The Sweater Song | Surf Wax America | In the Garage | Say It Ain't So | Holiday | Only in Dreams | Mykel and Carli,,https://www.setlist.fm/setlist/weezer/2024/lodge-room-los-angeles-ca-3baae098.html,Lodge Room,Headline,2024,3,15,15/03/2024Lodge Room
15/03/2023,Weezer,"Beverly Hills | My Name Is Jonas | Pork and Beans | El Scorcho | Island in the Sun | The World Has Turned and Left Me Here | I Just Threw Out the Love of My Dreams | Pink Triangle | Say It Ain't So | Run, Raven, Run | Hash Pipe | Undone - The Sweater Song | The Good Life | Aloo Gobi | Susanne | Only in Dreams | Burndt Jamb | Summer Elaine and Drunk Dori | The Greatest Man That Ever Lived (Variations on a Shaker Hymn) | All My Favorite Songs | Surf Wax America | Buddy Holly",,https://www.setlist.fm/setlist/weezer/2023/the-roxy-west-hollywood-ca-13bbbdb9.html,The Roxy,Headline,2023,3,15,15/03/2023The Roxy
15/03/2005,Rilo Kiley,With Arms Outstretched,,https://www.setlist.fm/setlist/rilo-kiley/2005/the-borderline-london-england-23c260ff.html,The Borderline,Headline,2005,3,15,15/03/2005The Borderline
15/02/2014,Weezer,My Name Is Jonas | Hash Pipe | El Scorcho | Miss Sweeney | Perfect Situation | Troublemaker | Surf Wax America | Susanne | Keep Fishin' | Island in the Sun | Beverly Hills | No Other One | Say It Ain't So | (If You're Wondering If I Want You To) I Want You To | Pork and Beans | Across the Sea | Memories | Undone - The Sweater Song | Buddy Holly | Back to the Shack,The Weezer Cruise 2014,https://www.setlist.fm/setlist/weezer/2014/carnival-fascination-miami-fl-5bc57b44.html,Carnival Fascination,Headline,2014,2,15,15/02/2014Carnival Fascination
15/01/2016,Weezer,Thank God for Girls | Do You Wanna Get High? | Say It Ain't So | Thank God for Girls | Do You Wanna Get High? | Buddy Holly,,https://www.setlist.fm/setlist/weezer/2016/warner-bros-studios-burbank-ca-6bf3a262.html,Warner Bros. Studios,Headline,2016,1,15,15/01/2016Warner Bros. Studios
14/12/2014,Modest Mouse,Dramamine | Dashboard | Shit in Your Cut | Lampshades on Fire | The World at Large | Sugar Boats | Float On | A Different City,Strangers to Ourselves,https://www.setlist.fm/setlist/modest-mouse/2014/the-forum-inglewood-ca-7bcd2a78.html,The Forum,Support,2014,12,14,14/12/2014The Forum
14/12/2010,Idlewild,Readers & Writers | You Held the World in Your Arms | Everyone Says You're So Fragile | When I Argue I See Shapes | Make Another World | Little Discourage | I Don't Have the Map | These Wooden Ideas | Roseability | Idea Track | Let Me Sleep (Next to the Mirror) | Listen to What You've Got | Actually It's Darkness | Rusty | Mistake Pageant | Quiet Crown | The Bronze Medal | City Hall | Meet Me at the Harbour | American English | A Modern Way of Letting Go | Captain | In Remote Part / Scottish Fiction,100 Broken Windows 10th Anniversary,https://www.setlist.fm/setlist/idlewild/2010/relentless-garage-london-england-63d28e57.html,The Garage,Headline,2010,12,14,14/12/2010The Garage
14/12/2004,Blink 182,Feeling This | Easy Target | What's My Age Again? | Violence | The Rock Show | Obvious | I Miss You | Asthenia | Dysentery Gary | All of This | Dick Lips | First Date | Stay Together for the Kids | Dumpweed / M+M's / Josie / Man Overboard | Reckless Abandon | All the Small Things | Down | The Fallen Interlude | Drum Solo | Stockholm Syndrome | Dammit,Untitled album tour 2004,https://www.setlist.fm/setlist/blink182/2004/carling-academy-brixton-london-england-4bd49752.html,Brixton Academy,Headline,2004,12,14,14/12/2004Brixton Academy
14/11/2009,Ash,Lose Control | Goldfinger | Girl From Mars | I'd Give You Anything | Gone the Dream | Kung Fu | Oh Yeah | Let It Flow | Innocent Smile | Angel Interceptor | Lost in You | Darkside Lightside | Tracers | What Ever Happened? | Jack Names the Planets | Petrol | Uncle Pat | A Life Less Ordinary | Punk Boy | Shining Light | Arcadia | Walking Barefoot | Twilight of the Innocents | Return of White Rabbit | Burn Baby Burn,A-Z Promo Tour,https://www.setlist.fm/setlist/ash/2009/the-forum-royal-tunbridge-wells-england-5bd1cbfc.html,The Forum,Headline,2009,11,14,14/11/2009The Forum
14/10/2008,Weezer,My Name Is Jonas | Pink Triangle | Perfect Situation | Say It Ain't So | Susanne | Keep Fishin' | King | Undone - The Sweater Song | Pork and Beans | Dope Nose | Troublemaker | Automatic | Hash Pipe | El Scorcho | Time | The Greatest Man That Ever Lived (Variations on a Shaker Hymn) | Island in the Sun | Beverly Hills | Sliver | Buddy Holly,Troublemaker Tour,https://www.setlist.fm/setlist/weezer/2008/the-forum-inglewood-ca-bd5ed5e.html,The Forum,Headline,2008,10,14,14/10/2008The Forum
14/09/2000,Nerf Herder,,,https://www.setlist.fm/setlist/nerf-herder/2000/astoria-2-london-england-4bf8d362.html,Astoria 2,Support,2000,9,14,14/09/2000Astoria 2
14/09/2000,No use for a name,,,https://www.setlist.fm/setlist/no-use-for-a-name/2000/astoria-2-london-england-73cbc669.html,Astoria 2,Headline,2000,9,14,14/09/2000Astoria 2
14/07/2005,Ed Harcourt,,,https://www.setlist.fm/setlist/ed-harcourt/2005/st-pauls-church-covent-garden-london-england-1bb2b980.html,St Paul's Church,Headline,2005,7,14,14/07/2005St Paul's Church
14/07/2002,AM Radio,,,https://www.setlist.fm/setlist/am-radio/2002/molson-amphitheatre-toronto-on-canada-53f9bbbd.html,Molson Amphitheatre,Support,2002,7,14,14/07/2002Molson Amphitheatre
14/07/2002,Dashboard Confessional,Saints and Sailors | So Beautiful | The Swiss Army Romance | Remember to Breathe | So Impossible | Turpentine Chaser | Screaming Infidelities | Again I Go Unnoticed | Hands Down,The Places You Have Come to Fear the Most,https://www.setlist.fm/setlist/dashboard-confessional/2002/molson-amphitheatre-toronto-on-canada-43fcd7af.html,Molson Amphitheatre,Support,2002,7,14,14/07/2002Molson Amphitheatre
14/07/2002,Weezer,Holiday | Dope Nose | Across the Sea | Undone - The Sweater Song | O Girlfriend | The Good Life | No One Else | Death and Destruction | El Scorcho | Surf Wax America | Slave | Falling for You | Only in Dreams | Island in the Sun | Tired of Sex | My Name Is Jonas | Hash Pipe,Enlightenment Tour,https://www.setlist.fm/setlist/weezer/2002/molson-amphitheatre-toronto-on-canada-4bd5f3fa.html,Molson Amphitheatre,Headline,2002,7,14,14/07/2002Molson Amphitheatre
14/06/2005,Weezer,Tired of Sex | In the Garage | Pardon Me | Buddy Holly | Photograph | Hold Me | Getchoo | Say It Ain't So | We Are All on Drugs | Island in the Sun | No One Else | Peace | Slob | Beverly Hills | The Good Life | Undone - The Sweater Song | Haunt You Every Day | Hash Pipe,Make Believe Tour,https://www.setlist.fm/setlist/weezer/2005/carling-academy-brixton-london-england-7bd5f290.html,Brixton Academy,Headline,2005,6,14,14/06/2005Brixton Academy
14/05/2011,Prince,When Eye Lay My Hands on U | Laydown | Dreamer | Welcome 2 America | She's Always in My Hair | Future Soul Song | Purple Rain | The Glamorous Life | Somewhere Here on Earth | Take Me With U | Raspberry Beret | Cream | Cool | Don't Stop 'Til You Get Enough | Let's Work | U Got the Look | No One Else | Nothing Compares 2 U | Controversy | When Doves Cry | Nasty Girl | Sign “☮” the Times | The Most Beautiful Girl in the World | Love | Black Sweat | Darling Nikki | I Would Die 4 U | If I Was Your Girlfriend | Insatiable | Scandalous | Adore | Kiss | Play That Funky Music | Hollywood Swingin',Welcome 2 America,https://www.setlist.fm/setlist/prince/2011/the-forum-inglewood-ca-2bd3e07a.html,The Forum,Headline,2011,5,14,14/05/2011The Forum
14/05/2008,The Movielife,Pinky Swear | Once in a Row | This Time Next Year | Jamestown | Sailor Tattoos,,https://www.setlist.fm/setlist/the-movielife/2008/the-peel-kingston-upon-thames-england-53d0a71d.html,The Peel,Headline,2008,5,14,14/05/2008The Peel
14/04/2011,Manchester Orchestra,Pride | In My Teeth | 100 Dollars | Now That You're Home | Fresh Start Booze | Shake It Out | I've Got Friends | Wolves at Night | My Friend Marcus | 50 Cent | April Fool | The River | The Only One | Everything to Nothing | The Party's Over / No Children | Simple Math | Colly Strings,Simple Math,https://www.setlist.fm/setlist/manchester-orchestra/2011/xoyo-london-england-bd3a536.html,XOYO,Headline,2011,4,14,14/04/2011XOYO
14/02/2025,Bowling for Soup,Spillways | Almost | Trucker Hat | 1985 | Get Happy | Ohio (Come Back to Texas) | Ridiculous | Shut-Up and Smile | Last Call Casualty | Next Ex-Girlfriend | A-Hole | My Hometown | Smoothie King | Sad Sad Situation | My Wena | Really Might Be Gone | Down for the Count | Two-Seater | Friends o' Mine | High School Never Ends | Today Is Gonna Be a Great Day | Girl All the Bad Guys Want,A Hangover You Don't Deserve 20th Anniversary Tour,https://www.setlist.fm/setlist/bowling-for-soup/2025/brighton-centre-brighton-england-4b57e3a2.html,Brighton Centre,Headline,2025,2,14,14/02/2025Brighton Centre
14/02/2025,Magnolia Park,NOT_FOUND,,,Brighton Centre,Support,2025,2,14,14/02/2025Brighton Centre
14/02/2025,Wheatus,NOT_FOUND,,,Brighton Centre,Support,2025,2,14,14/02/2025Brighton Centre
14/02/2024,Rooney,Tell Me What We've Learned | Blueside | I Can't Get Enough | All the Beautiful People | Daisy Duke | Don't Come Around Again | Don't Be a Hero | Do You Believe | Popstars | Nighttiming | Easy Girl | West Coast | Susanne | Second Chances | My Heart Beats 4 U | Are You Afraid? | Washed Away | I'm a Terrible Person | Why | I'm Shakin' | If It Were Up to Me | Happy Birthday to You | When Did Your Heart Go Missing?,,https://www.setlist.fm/setlist/rooney/2024/teragram-ballroom-los-angeles-ca-6bad927e.html,Teragram Ballroom,Headline,2024,2,14,14/02/2024Teragram Ballroom
14/02/2014,Weezer,You Gave Your Love to Me Softly | My Name Is Jonas | Holiday | Hash Pipe | Tired of Sex | Pork and Beans | Miss Sweeney | In the Garage | Mykel and Carli | The Good Life | Perfect Situation | The Greatest Man That Ever Lived (Variations on a Shaker Hymn) | Across the Sea | Island in the Sun | Jamie | Say It Ain't So | Susanne | Only in Dreams | El Scorcho | Back to the Shack,The Weezer Cruise 2014,https://www.setlist.fm/setlist/weezer/2014/carnival-fascination-miami-fl-4bc57b3a.html,Carnival Fascination,Headline,2014,2,14,14/02/2014Carnival Fascination
14/01/2010,The Swell Season,Fallen from the Sky | Lies | Low Rising | Feeling the Pull | In These Arms | The Rain | The Moon | If You Want Me | Fantasy Man | Say It to Me Now | Leave | Cactus | Paper Cup | The Court of New Town | I Have Loved You Wrong | Go With Happiness | Once | When Your Mind's Made Up | Falling Slowly | High Hope | High Horses | Red Chord | The Parting Glass,,https://www.setlist.fm/setlist/the-swell-season/2010/o2-shepherds-bush-empire-london-england-4bd1bfae.html,Shepherd's Bush Empire,Headline,2010,1,14,14/01/2010Shepherd's Bush Empire
13/12/2025,Million Dead,Breaking the Back | Charlie and the Propaganda Myth Machine | Plan B | I Am the Party | Father My Father | Tonight Matthew | Holloway Prison Blues | After the Rush Hour | Sasquatch | MacGyver | A Song to Ruin | Living the Dream | To Whom It May Concern | I Gave My Eyes to Stevie Wonder | Smiling at Strangers on Trains | Bread and Circuses | The Rise and Fall | Pornography for Cowards,,https://www.setlist.fm/setlist/million-dead/2025/chalk-brighton-england-7347d275.html,Chalk,Headline,2025,12,13,13/12/2025Chalk
13/12/2025,The Meffs,NOT_FOUND,,,Chalk,Support,2025,12,13,13/12/2025Chalk
13/11/2019,Dashboard Confessional,"The Best Deceptions | Saints and Sailors | So Impossible | The Places You Have Come to Fear the Most | The Swiss Army Romance | Age Six Racer | Carry This Picture | So Long, So Long | This Bitter Pill | Again I Go Unnoticed | Turpentine Chaser | Dusk and Summer | The Brilliant Dance | Don't Wait | Sex | The Good Fight | As Lovers Go | Screaming Infidelities | Stolen | Vindicated | Hands Down",,https://www.setlist.fm/setlist/dashboard-confessional/2019/st-pancras-old-church-london-england-6b9a9aca.html,St Pancras Old Church,Headline,2019,11,13,13/11/2019St Pancras Old Church
13/11/2013,The National,Don't Swallow the Cap | I Should Live in Salt | Anyone's Ghost | Bloodbuzz Ohio | Demons | Sea of Love | Slipped | Afraid of Everyone | Squalor Victoria | I Need My Girl | This Is the Last Time | All the Wine | Abel | Slow Show | Sorrow | Pink Rabbits | Humiliation | England | Lean | Graceless | Fake Empire | Exile Vilify | Mr. November | Terrible Love | Vanderlyle Crybaby Geeks,Trouble Will Find Me,https://www.setlist.fm/setlist/the-national/2013/alexandra-palace-london-england-6bc48226.html,Alexandra Palace,Headline,2013,11,13,13/11/2013Alexandra Palace
13/10/2012,Weezer,My Name Is Jonas | I'm Your Daddy | Hash Pipe | Memories | Photograph | We Are All on Drugs | Surf Wax America | (If You're Wondering If I Want You To) I Want You To | Dope Nose | Island in the Sun | Troublemaker | Keep Fishin' | Perfect Situation | Buddy Holly | El Scorcho | Beverly Hills | The Greatest Man That Ever Lived (Variations on a Shaker Hymn) | Undone - The Sweater Song | Pork and Beans | Say It Ain't So,,https://www.setlist.fm/setlist/weezer/2012/harrahs-rincon-casino-valley-center-ca-2bdd087e.html,Harrah's Rincon Casino,Headline,2012,10,13,13/10/2012Harrah's Rincon Casino
13/09/2008,Beth Orton,,,https://www.setlist.fm/setlist/beth-orton/2008/southbank-centre-london-england-bd32d5e.html,Southbank Centre,Headline,2008,9,13,13/09/2008Southbank Centre
13/09/2008,The Magic Numbers,NOT_FOUND,,,Southbank Centre,Support,2008,9,13,13/09/2008Southbank Centre
13/08/2025,Shannon and the Clams,Point of Being Right | Big Wheel | Mary Don't Go | What You’re Missing | Runaway | I’m a Fool | The Vow | Backstreets | Real or Magic | I Leave Again | Vanishing | The Boy | Ozma,,https://www.setlist.fm/setlist/shannon-and-the-clams/2025/hollywood-bowl-los-angeles-ca-73457e7d.html,Hollywood Bowl,Headline,2025,8,13,13/08/2025Hollywood Bowl
13/08/2017,Dreamcar,After I Confessed | The Assailant | Born to Lie | Slip on the Moon | The Preferred | Just What I Needed | On The Charts | Do Nothing | Ever Lonely | Don't Let Me Love | Show Me Mercy | Suffragette City | All of the Dead Girls | Don't Change | Kill For Candy,,https://www.setlist.fm/setlist/dreamcar/2017/the-fonda-theatre-los-angeles-ca-2be500ba.html,The Fonda Theatre,Headline,2017,8,13,13/08/2017The Fonda Theatre
13/06/2006,Angels & Airwaves,,We Don't Need to Whisper,https://www.setlist.fm/setlist/angels-and-airwaves/2006/carling-academy-brixton-london-england-23d02c13.html,Brixton Academy,Headline,2006,6,13,13/06/2006Brixton Academy
13/06/2005,Weezer,Tired of Sex | In the Garage | Pardon Me | Buddy Holly | Photograph | Hold Me | Getchoo | Say It Ain't So | We Are All on Drugs | Island in the Sun | My Name Is Jonas | Peace | Slob | Beverly Hills | The Good Life | Undone - The Sweater Song | Haunt You Every Day | Hash Pipe,Make Believe Tour,https://www.setlist.fm/setlist/weezer/2005/carling-academy-birmingham-england-5bd58f20.html,Academy Birmingham,Headline,2005,6,13,13/06/2005Academy Birmingham
13/05/2022,Milky Chance,Fado | Ego | Blossom | Cocoon | Down by the River | Synchronize | Loveland | The Game | Colorado | Flashed Junk Mind | Stolen Dance | Sweet Sun,,https://www.setlist.fm/setlist/milky-chance/2022/seaside-lagoon-redondo-beach-ca-1bb72d98.html,Seaside Lagoon,Headline,2022,5,13,13/05/2022Seaside Lagoon
13/05/2022,Weezer,Jump | Hash Pipe | Beverly Hills | My Name Is Jonas | Perfect Situation | Pork and Beans | Enter Sandman | A Little Bit of Love | El Scorcho | All My Favorite Songs | Undone - The Sweater Song | The Good Life | Feels Like Summer | Surf Wax America | In the Garage | Island in the Sun | Africa | California Snow | Say It Ain't So | Buddy Holly | London Calling,,https://www.setlist.fm/setlist/weezer/2022/redondo-beach-pier-redondo-beach-ca-2bb7cc7e.html,Redondo Beach Pier,Headline,2022,5,13,13/05/2022Redondo Beach Pier
13/05/2011,Seth Lakeman,,,https://www.setlist.fm/setlist/seth-lakeman/2011/union-chapel-london-england-2bd3e462.html,Union Chapel,Headline,2011,5,13,13/05/2011Union Chapel
13/04/2024,Mariah Carey,Mariah Carey Intro | Vision of Love | Emotions | Make It Happen | Can't Let Go / I'll Be There | Dreamlover | Dreamlover (Reprise) | Dreamlover | Hero | Without You | Without You (Reprise) | Fantasy | Always Be My Baby | Looking In | Butterfly / Babydoll / Breakdown / Close My Eyes / The Roof (Back in Time) / My All | Honey / Heartbreaker | Loverboy / Don't Stop (Funkin' 4 Jamaica) / Didn't Mean to Turn You On / Last Night a DJ Saved My Life / Boy (I Need You) / Sunflowers for Alfred Roy | I Wish You Knew | It's Like That | Say Somethin' | Your Girl | Shake It Off | So Lonely (One & Only Part II) / Secret Love / Makin' It Last All Night (What It Do) | Circles | Don't Forget About Us | We Belong Together | Fly Like a Bird | Fly Like a Bird (Reprise),The Celebration of Mimi,https://www.setlist.fm/setlist/mariah-carey/2024/dolby-live-at-park-mgm-las-vegas-nv-3ab79f3.html,Dolby Live at Park MGM,Headline,2024,4,13,13/04/2024Dolby Live at Park MGM
13/03/2009,You Me At Six,"Jealous Minds Think Alike | Gossip | Take Off Your Colours | The Truth Is a Terrible Thing | Sugar, We're Goin Down | Nasty Habits | You've Made Your Bed (So Sleep in It) | Sweet Feet | Tigers and Sharks | If You Run | If I Were in Your Shoes | Always Attract | Save It for the Bedroom | The Rumour",7: 7: 7: UK Tour,https://www.setlist.fm/setlist/you-me-at-six/2009/roundhouse-london-england-33d64831.html,Roundhouse,Headline,2009,3,13,13/03/2009Roundhouse
13/02/2015,Dustbowl Revival,NOT_FOUND,,https://www.setlist.fm/setlist/dustbowl-revival/2015/the-del-monte-townhouse-venice-ca-73e0d645.html,The Del Monte Townhouse,Headline,2015,2,13,13/02/2015The Del Monte Townhouse
13/02/2014,Rivers Cuomo,Longtime Sunshine | Superfriend | Lover in the Snow | Blast Off! | I Was Made for You,,https://www.setlist.fm/setlist/rivers-cuomo/2014/carnival-fascination-miami-fl-73c50265.html,Carnival Fascination,Headline,2014,2,13,13/02/2014Carnival Fascination
13/02/2007,Brand New,"Jude Law and a Semester Abroad | Seventy Times 7 | Soco Amaretto Lime | The Shower Scene | The No Seatbelt Song | Tautou | Sic transit gloria... Glory Fades | I Will Play My Game Beneath the Spin Light | Okay I Believe You, but My Tommy Gun Don't | The Quiet Things That No One Ever Knows | The Boy Who Blocked His Own Shot | Jaws Theme Swimming | Me vs. Maradona vs. Elvis | Guernica | Play Crack the Sky | Welcome to Bangkok | Luca | Jesus | Sowing Season | Degausser | You Won't Know",The Devil and God are Raging Inside Me,https://www.setlist.fm/setlist/brand-new/2007/shepherds-bush-empire-london-england-13d78121.html,Shepherd's Bush Empire,Headline,2007,2,13,13/02/2007Shepherd's Bush Empire
13/01/2003,Get Up Kids,Holiday | Ten Minutes,,https://www.setlist.fm/setlist/the-get-up-kids/2003/ulu-london-england-4bf613f2.html,ULU,Headline,2003,1,13,13/01/2003ULU
12/12/2015,Weezer,Hash Pipe | Back to the Shack | Pork and Beans | Do You Wanna Get High? | (If You're Wondering If I Want You To) I Want You To | Thank God for Girls | Say It Ain't So | Perfect Situation | Island in the Sun | Undone - The Sweater Song | Beverly Hills | Buddy Holly,,https://www.setlist.fm/setlist/weezer/2015/the-forum-inglewood-ca-bf2d5ca.html,The Forum,Headline,2015,12,12,12/12/2015The Forum
12/10/2006,Deftones,Knife Prty | My Own Summer (Shove It) | Passenger | Nosebleed | Engine No. 9 | Beware | Feiticeira | Elite | Around the Fur | When Girls Telephone Boys | Change (In the House of Flies) | The Boy's Republic | 7 Words | Hole in the Earth | Root | Rx Queen,,https://www.setlist.fm/setlist/deftones/2006/electric-ballroom-london-england-53d6174d.html,Electric Ballroom,Headline,2006,10,12,12/10/2006Electric Ballroom
12/10/2005,A,,,,Astoria,Headline,2005,10,12,12/10/2005Astoria
12/04/2014,Brand New,"The Shower Scene | Sic transit gloria... Glory Fades | Guernica | The Boy Who Blocked His Own Shot | Millstone | Sink | Gasoline | At the Bottom | You Stole | Okay I Believe You, but My Tommy Gun Don't | I Will Play My Game Beneath the Spin Light | Mix Tape | Seventy Times 7 | The Quiet Things That No One Ever Knows | Jesus | Luca | Degausser | You Won't Know",,https://www.setlist.fm/setlist/brand-new/2014/troxy-london-england-43c38faf.html,Troxy,Headline,2014,4,12,12/04/2014Troxy
12/04/2014,Saves The Day,NOT_FOUND,,,Troxy,Support,2014,4,12,12/04/2014Troxy
12/04/2014,The Front Bottoms,,,,Troxy,Support,2014,4,12,12/04/2014Troxy
12/04/2012,Andrew WK,It's Time to Party | Party Hard | Girls Own Love | Ready to Die | Take It Off | I Love NYC | She Is Beautiful | Party Till You Puke | Fun Night | Got to Do It | I Get Wet | Don't Stop Living in the Red | Victory Strikes Again | Long Live the Party | Never Let Down | Angel of the Morning | Totally Stupid | Head Bang | We Want Fun,"""I Get Wet"" 10 Year Anniversary Tour",https://www.setlist.fm/setlist/andrew-wk/2012/hmv-forum-london-england-1bde7d0c.html,Kentish Town Forum,Headline,2012,4,12,12/04/2012Kentish Town Forum
12/03/2000,Eels,Overture | Feeling Good | Grace Kelly Blues | Packing Blankets | My Beloved Monster | Ant Farm | Fucker | It's a Motherfucker | Jeannie's Diary | I Like Birds | Daisies of the Galaxy | The Sound of Fear | Tiger in My Tank | The Cheater's Guide to Your Heart | Suicide Life | Climbing to the Moon | Flyswatter | Mr. E's Beautiful Blues | Susan's House | Novocaine for the Soul | Can't Help Falling in Love | Hospital Food | A Daisy Through Concrete | P.S. You Rock My World | I'm Your Brave Little Soldier,Respect The Rock Tour,https://www.setlist.fm/setlist/eels/2000/the-lcr-uea-norwich-england-3bd7f828.html,"The LCR, UEA",Headline,2000,3,12,"12/03/2000The LCR, UEA"
12/03/1998,Urusei Yatsura,Exidor | Flaming Skull | Pachinko | Slain By Elf | Kewpies Like Watermelon | Kernel | Number 1 Cheesecake | No No Girl | Strategic Hamlets | Fake Fur | Phasers On Stun | Hello Tiger | Siamese | Glo Starz,,https://www.setlist.fm/setlist/urusei-yatsura/1998/hanover-grand-london-england-3cf3973.html,Hanover Grand,Headline,1998,3,12,12/03/1998Hanover Grand
11/12/2018,Nine Inch Nails,Now I'm Nothing | Terrible Lie | Mr. Self Destruct | Last | Sin | March of the Pigs | Piggy | Something I Can Never Have | Sanctified | Closer | Burn | Help Me I Am in Hell | Happiness in Slavery | Suck | Physical (You're So) | Gave Up | Wish | Head Like a Hole | A Warm Place | Reptile | Dead Souls | Hurt,Cold and Black and Infinite,https://www.setlist.fm/setlist/nine-inch-nails/2018/hollywood-palladium-los-angeles-ca-3394ac99.html,Hollywood Palladium,Headline,2018,12,11,11/12/2018Hollywood Palladium
11/12/2016,Weezer,Hash Pipe | (If You're Wondering If I Want You To) I Want You To | Pork and Beans | Perfect Situation | Thank God for Girls | Beverly Hills | Island in the Sun | King of the World | Say It Ain't So | Buddy Holly,White Album Tour,https://www.setlist.fm/setlist/weezer/2016/the-forum-inglewood-ca-bfbd5ca.html,The Forum,Headline,2016,12,11,11/12/2016The Forum
11/12/2015,Weezer,My Name Is Jonas | Hash Pipe | Back to the Shack | Do You Wanna Get High? | Pork and Beans | (If You're Wondering If I Want You To) I Want You To | Thank God for Girls | Say It Ain't So | The Good Life | Perfect Situation | Island in the Sun | Undone - The Sweater Song | Beverly Hills | Buddy Holly,,https://www.setlist.fm/setlist/weezer/2015/oracle-arena-oakland-ca-3bf2d818.html,Oracle Arena,Headline,2015,12,11,11/12/2015Oracle Arena
11/12/2011,Jane’s Addiction,Mountain Song | Ain't No Right | Just Because | Underground | Been Caught Stealing | Irresistible Force | Stop! | Jane Says,,https://www.setlist.fm/setlist/janes-addiction/2011/gibson-amphitheatre-universal-city-ca-63d11ebb.html,Gibson Amphitheatre,Support,2011,12,11,11/12/2011Gibson Amphitheatre
11/11/2012,Weezer,Memories | Troublemaker | The Greatest Man That Ever Lived (Variations on a Shaker Hymn) | We Are All on Drugs | Perfect Situation | Keep Fishin' | Death and Destruction | Island in the Sun | You Gave Your Love to Me Softly | Longtime Sunshine | Buddy Holly | Tired of Sex | Getchoo | No Other One | Why Bother? | Across the Sea | The Good Life | El Scorcho | Pink Triangle | Falling for You | Butterfly,,https://www.setlist.fm/setlist/weezer/2012/hard-rock-live-orlando-fl-6bda96a6.html,Hard Rock Live,Headline,2012,11,11,11/11/2012Hard Rock Live
11/11/2004,Matt Sharp and Golden Boy,NOT_FOUND,,,Redux,Headline,2004,11,11,11/11/2004Redux
11/09/2011,Weezer,Surf Wax America | Hash Pipe | Troublemaker | Pumped Up Kicks | Say It Ain't So | Keep Fishin' | We Are All on Drugs | Undone - The Sweater Song | Dope Nose | El Scorcho | You Might Think | Perfect Situation | My Name Is Jonas | Island in the Sun | (If You're Wondering If I Want You To) I Want You To | Buddy Holly | Beverly Hills | Pork and Beans,,https://www.setlist.fm/setlist/weezer/2011/doheny-state-beach-dana-point-ca-53d0333d.html,Doheny State Beach,Headline,2011,9,11,11/09/2011Doheny State Beach
11/09/2000,Nerf Herder,NOT_FOUND,,,Wedgewood Rooms,Support,2000,9,11,11/09/2000Wedgewood Rooms
11/09/2000,No use for a name,NOT_FOUND,,,Wedgewood Rooms,Headline,2000,9,11,11/09/2000Wedgewood Rooms
11/08/2005,Wild Boar,NOT_FOUND,,,Barfly,Headline,2005,8,11,11/08/2005Barfly
11/07/2005,Bright Eyes,Take It Easy (Love Nothing),Digital Ash in a Digital Urn,https://www.setlist.fm/setlist/bright-eyes/2005/somerset-house-london-england-7b9dbef4.html,Somerset House,Headline,2005,7,11,11/07/2005Somerset House
11/07/2004,Alanis Morissette,Eight Easy Steps | All I Really Want | The Couch (Part I) | Baba | Are You Still Mad | Flinch | Head Over Feet | The Couch (Part II) | You Oughta Know | Hands Clean | Front Row | The Couch (Part III) | Hand in My Pocket | 21 Things I Want in a Lover | Uninvited | Everything | Thank U,So-Called Chaos Tour,https://www.setlist.fm/setlist/alanis-morissette/2004/hyde-park-london-england-6bc692ce.html,Hyde Park,Festival,2004,7,11,11/07/2004Hyde Park
11/07/2004,Anastacia,,,https://www.setlist.fm/setlist/anastacia/2004/hyde-park-london-england-3cc7d87.html,Hyde Park,Festival,2004,7,11,11/07/2004Hyde Park
11/07/2004,Avril Lavigne,My Happy Ending | Don't Tell Me | Sk8er Boi | I'm With You,,https://www.setlist.fm/setlist/avril-lavigne/2004/hyde-park-london-england-23c428ab.html,Hyde Park,Festival,2004,7,11,11/07/2004Hyde Park
11/07/2004,Blue,,,https://www.setlist.fm/setlist/blue/2004/hyde-park-london-england-13d66979.html,Hyde Park,Festival,2004,7,11,11/07/2004Hyde Park
11/07/2004,Busted,,,https://www.setlist.fm/setlist/busted/2004/hyde-park-london-england-3bcc7c34.html,Hyde Park,Festival,2004,7,11,11/07/2004Hyde Park
11/07/2004,Lenny Kravitz,Where Are We Runnin'? | It Ain't Over 'Til It's Over | California | Fly Away | Are You Gonna Go My Way,baptism tour,https://www.setlist.fm/setlist/lenny-kravitz/2004/hyde-park-london-england-3cc7dbf.html,Hyde Park,Festival,2004,7,11,11/07/2004Hyde Park
11/07/2004,McFly,Down by the Lake | Obviously | That Girl | She Left Me | Room on the 3rd Floor | 5 Colours in Her Hair,The Tour,https://www.setlist.fm/setlist/mcfly/2004/hyde-park-london-england-1bcc7d84.html,Hyde Park,Festival,2004,7,11,11/07/2004Hyde Park
11/07/2004,Natasha Bedingfield,,,https://www.setlist.fm/setlist/natasha-bedingfield/2004/hyde-park-london-england-1bcc7da0.html,Hyde Park,Festival,2004,7,11,11/07/2004Hyde Park
11/07/2004,Nelly Furtado,I'm Like a Bird | Força | Try | Turn Off the Light | Powerless (Say What You Want),,https://www.setlist.fm/setlist/nelly-furtado/2004/hyde-park-london-england-bcc7dc6.html,Hyde Park,Festival,2004,7,11,11/07/2004Hyde Park
11/07/2004,Peter Andre,,,https://www.setlist.fm/setlist/peter-andre/2004/hyde-park-london-england-33cc7c69.html,Hyde Park,Festival,2004,7,11,11/07/2004Hyde Park
11/07/2004,Sugarbabes,,,https://www.setlist.fm/setlist/sugababes/2004/hyde-park-london-england-bcc7da6.html,Hyde Park,Festival,2004,7,11,11/07/2004Hyde Park
11/07/2004,The Corrs,,Borrowed Heaven Tour,https://www.setlist.fm/setlist/the-corrs/2004/hyde-park-london-england-3ebb98f.html,Hyde Park,Festival,2004,7,11,11/07/2004Hyde Park
11/07/2004,Will Young,,,https://www.setlist.fm/setlist/will-young/2004/hyde-park-london-england-13cc7d85.html,Hyde Park,Festival,2004,7,11,11/07/2004Hyde Park
11/06/2024,Bayside,"Pigsty | Montauk | How to Ruin Everything (Patience) | Interrobang | Go to Hell | Already Gone | They're Not Horses, They're Unicorns | Masterpiece | Castaway | Prayers | Don't Call Me Peanut | Duality | The New Flesh | I and I | Landing Feet First | Sick, Sick, Sick | Blame It on Bad Luck | They Looked Like Strong Hands | Devotion and Desire",,https://www.setlist.fm/setlist/bayside/2024/patterns-brighton-england-335640dd.html,Patterns,Headline,2024,6,11,11/06/2024Patterns
11/06/2018,Weezer,Africa | Buddy Holly | The Good Life | Pink Triangle | El Scorcho,,https://www.setlist.fm/setlist/weezer/2018/jimmy-kimmel-live-los-angeles-ca-13ea91bd.html,Jimmy Kimmel Live,Headline,2018,6,11,11/06/2018Jimmy Kimmel Live
11/06/2012,Kevin Devine,"Petite Mort | The City Has Left You Alone | Brooklyn Boy | Sleepwalking Through My Life | Time to Burn (Another Bag of Bones) | Matter of Time | Off-Screen | Afterparty | You're My Incentive | Carnival | Just Stay | Wolf's Mouth | All of Everything, Erased | Protest Singer | You Wouldn't Have to Ask | Between the Concrete & Clouds | Brother's Blood",,https://www.setlist.fm/setlist/kevin-devine/2012/birthdays-london-england-6bdf3e46.html,Birthdays,Headline,2012,6,11,11/06/2012Birthdays
11/05/2010,Ed Harcourt,Heart of a Wolf | Good Friends Are Hard to Find | So I've Been Told | Do as I Say Not as I Do | A Secret Society | Until Tomorrow Then | Killed by the Morning Sun | When the Lost Don't Want to Be Found,,https://www.setlist.fm/setlist/ed-harcourt/2010/the-pigalle-club-london-england-7b85a254.html,The Pigalle Club,Headline,2010,5,11,11/05/2010The Pigalle Club
11/05/2005,The Magic Numbers,,,https://www.setlist.fm/setlist/the-magic-numbers/2005/concorde-2-brighton-england-7b5d6a60.html,Concorde 2,Headline,2005,5,11,11/05/2005Concorde 2
11/04/2011,Jose Gonzalez,Hints | In Our Nature | Far Away | How Low | Crosses | The Nest | Abram | Hand on Your Heart | Broken Arrows | Cycling Trivialities | Teardrop | Down the Line | Fold | Heartbeats,,https://www.setlist.fm/setlist/jose-gonzalez/2011/barbican-centre-london-england-53d3b369.html,Barbican Centre,Headline,2011,4,11,11/04/2011Barbican Centre
11/02/2012,Brand New,"Welcome to Bangkok | The Archers Bows Have Broken | Millstone | Sowing Season | Vices | Sink | Sic transit gloria... Glory Fades | Okay I Believe You, but My Tommy Gun Don't | The Quiet Things That No One Ever Knows | Me vs. Maradona vs. Elvis | Jude Law and a Semester Abroad | Seventy Times 7 | Soco Amaretto Lime | Limousine (MS Rebridge) | Jesus | Degausser | You Won't Know",2012 UK Tour,https://www.setlist.fm/setlist/brand-new/2012/roundhouse-london-england-3de9ddb.html,Roundhouse,Headline,2012,2,11,11/02/2012Roundhouse
10/12/2017,The Killers,The Man | This Charming Man | Somebody Told Me | Spaceman | Run for Cover | Smile Like You Mean It | For Reasons Unknown | Human | Christmas in L.A. | A Dustland Fairytale | Runaways | Read My Mind | All These Things That I've Done | When You Were Young | Mr. Brightside,Wonderful Wonderful,https://www.setlist.fm/setlist/the-killers/2017/the-forum-inglewood-ca-be04d4a.html,The Forum,Support,2017,12,10,10/12/2017The Forum
10/11/2012,Ash,Orpheus | Girl From Mars | Shining Light | Kung Fu | Instinct | Return of White Rabbit | Evil Eye | Burn Baby Burn | Arcadia,2012 Vacation Tour,https://www.setlist.fm/setlist/ash/2012/hard-rock-live-orlando-fl-63c77273.html,Hard Rock Live,Support,2012,11,10,10/11/2012Hard Rock Live
10/11/2010,Four Year Strong,,,https://www.setlist.fm/setlist/four-year-strong/2010/electric-ballroom-london-england-4bd55ba2.html,Electric Ballroom,Headline,2010,11,10,10/11/2010Electric Ballroom
10/09/2019,Fall Out Boy,"Centuries | Sugar, We're Goin Down | Thnks fr th Mmrs | Dear Future Self (Hands Up) | Dance, Dance | My Songs Know What You Did in the Dark (Light Em Up) | This Ain't a Scene, It's an Arms Race | Saturday",,https://www.setlist.fm/setlist/fall-out-boy/2019/whisky-a-go-go-west-hollywood-ca-3b9c8cc4.html,Whisky A Go Go,Support,2019,9,10,10/09/2019Whisky A Go Go
10/09/2011,Rolf Harris,NOT_FOUND,,,Hyde Park,Festival,2011,9,10,10/09/2011Hyde Park
10/09/2011,Westlife,NOT_FOUND,,,Hyde Park,Festival,2011,9,10,10/09/2011Hyde Park
10/05/2018,Weezer,Island in the Sun | Say It Ain't So | Buddy Holly,,https://www.setlist.fm/setlist/weezer/2018/the-lounge-san-francisco-ca-5bedffc4.html,The Lounge,Headline,2018,5,10,10/05/2018The Lounge
10/03/2018,Moose Blood,Talk in Your Sleep | Honey | Bukowski | Glow | You Left in the Worst Way | Gum | Pups | Cherry | Pastel | Freckle | Just Outside | I Hope You're Missing Me | Sway | Have I Told You Enough | Swim Down | Shimmer | Can We Stay Like This | Knuckles | It's Too Much,,https://www.setlist.fm/setlist/moose-blood/2018/roundhouse-london-england-53efef8d.html,Roundhouse,Headline,2018,3,10,10/03/2018Roundhouse
10/03/2018,Rivers Cuomo,Losing My Religion | Today | Island in the Sun | Across the Sea | (If You're Wondering If I Want You To) I Want You To | El Scorcho | California Kids | Feels Like Summer | Beverly Hills | The Good Life | In the Garage | No Other One | Magic | Pork and Beans | Sober Up | Undone - The Sweater Song | Hash Pipe | L.A. Girlz | No One Else | Falling for You | Pink Triangle | Why Bother? | Perfect Situation | Champagne Supernova | Say It Ain't So | Buddy Holly | Where Is My Mind?,,https://www.setlist.fm/setlist/rivers-cuomo/2018/the-hi-hat-los-angeles-ca-73effe69.html,The Hi-Hat,Headline,2018,3,10,10/03/2018The Hi-Hat
10/03/2011,Amateur Transplants,NOT_FOUND,,,Wilton's Music Hall,Headline,2011,3,10,10/03/2011Wilton's Music Hall
10/03/2007,Enter Shikari,"Stand Your Ground; This Is Ancient Land | Enter Shikari | The Feast | Return to Energiser | No Sssweat | Anything Can Happen in the Next Half Hour... | Interlude 1 | Labyrinth | Jonny Sniper | Adieu | Mothership | OK, Time for Plan B | Sorry, You're Not a Winner",,https://www.setlist.fm/setlist/enter-shikari/2007/hammersmith-palais-london-england-3bd6482c.html,Hammersmith Palais,Headline,2007,3,10,10/03/2007Hammersmith Palais
10/02/2007,Sense Fail,NOT_FOUND,,,Academy Islington,Headline,2007,2,10,10/02/2007Academy Islington
10/01/2009,Julia Nunes,NOT_FOUND,,,The Duke of Uke,Headline,2009,1,10,10/01/2009The Duke of Uke
10/01/2009,Julia Nunes,NOT_FOUND,,,Hope and Anchor,Headline,2009,1,10,10/01/2009Hope and Anchor
10/01/2006,OK Go,,,https://www.setlist.fm/setlist/ok-go/2006/the-metro-club-london-england-2bb83cbe.html,The Metro Club,Headline,2006,1,10,10/01/2006The Metro Club
09/12/2008,Bayside,,,https://www.setlist.fm/setlist/bayside/2008/carling-academy-islington-london-england-1bd68538.html,Academy Islington,Headline,2008,12,9,09/12/2008Academy Islington
09/12/2008,Hit the Lights,NOT_FOUND,,,Academy Islington,Support,2008,12,9,09/12/2008Academy Islington
09/11/2022,Charlie Puth,Charlie Be Quiet! | Light Switch | There's a First Time for Everything | How Long | Tears on My Piano | We Don't Talk Anymore | Left and Right | No More Drama | Suffer | Loser | Smells Like Me | That's Hilarious | Somebody Told Me | STAY | Marks on My Neck | BOY | One Call Away | Attention | I Don't Think That I Like Her | See You Again,One Night Only Tour,https://www.setlist.fm/setlist/charlie-puth/2022/the-theatre-at-ace-hotel-los-angeles-ca-3bbe58d4.html,The Theatre at Ace Hotel,Headline,2022,11,9,09/11/2022The Theatre at Ace Hotel
09/11/2005,Bloodhound Gang,Boom | Farting With a Walkman On | Along Comes Mary | No Hard Feelings | I Wish I Was Queer So I Could Get Chicks | Uhn Tiss Uhn Tiss Uhn Tiss | Lift Your Head Up High (and Blow Your Brains Out) | Magna Cum Nada | Three Point One Four | Foxtrot Uniform Charlie Kilo | The Ballad of Chasey Lain | Ralph Wiggum | Jackass | Hell Yeah | You're Pretty When I'm Drunk | Fire Water Burn | The Bad Touch,Hefty Fine,https://www.setlist.fm/setlist/bloodhound-gang/2005/london-astoria-london-england-63d0da43.html,Astoria,Headline,2005,11,9,09/11/2005Astoria
09/10/2016,The Who,"I Can't Explain | The Seeker | Who Are You | The Kids Are Alright | I Can See for Miles | My Generation | Behind Blue Eyes | Bargain | Join Together | You Better You Bet | 5:15 | I'm One | The Rock | Love, Reign O'er Me | Eminence Front | Amazing Journey | Sparks | The Acid Queen | Pinball Wizard | See Me, Feel Me | Baba O'Riley | Won't Get Fooled Again",Back to The Who Tour 2016,https://www.setlist.fm/setlist/the-who/2016/empire-polo-club-indio-ca-2bfd1876.html,Empire Polo Club,Headline,2016,10,9,09/10/2016Empire Polo Club
09/10/2014,Weezer,Da Vinci | The British Are Coming | Go Away | Eulogy for a Rock Band | Foolish Father,Everything Will Be Alright In The End Tour,https://www.setlist.fm/setlist/weezer/2014/fingerprints-music-long-beach-ca-7bccaa30.html,Fingerprints Music,Headline,2014,10,9,09/10/2014Fingerprints Music
09/10/2013,Bowling For Soup,Me With No You | Almost | A-Hole | 2113 | Since We Broke Up | The Bitch Song | Today Is Gonna Be a Great Day | Last Call Casualty | Ohio (Come Back to Texas) | Emily | Two-Seater | A Friendly Goodbye | Envy | Goodbye Friend | All Figured Out | Tonight's the Night | Punk Rock 101 | A Really Cool Dance Song | If You Come Back to Me | Circle | Turbulence | 1985,Bid Farewell Tour,https://www.setlist.fm/setlist/bowling-for-soup/2013/union-chapel-london-england-3c729e3.html,Union Chapel,Headline,2013,10,9,09/10/2013Union Chapel
09/10/2012,Weezer,My Name Is Jonas | Troublemaker | El Scorcho | Memories | Keep Fishin' | We Are All on Drugs | Surf Wax America | (If You're Wondering If I Want You To) I Want You To | Dope Nose | Island in the Sun | Say It Ain't So | Perfect Situation | Hash Pipe | Buddy Holly | Beverly Hills | The Greatest Man That Ever Lived (Variations on a Shaker Hymn) | Pork and Beans | Undone - The Sweater Song,,https://www.setlist.fm/setlist/weezer/2012/bill-graham-civic-auditorium-san-francisco-ca-2bdd249e.html,Bill Graham Civic Auditorium,Headline,2012,10,9,09/10/2012Bill Graham Civic Auditorium
09/09/2006,Brand New,"Tautou | Okay I Believe You, but My Tommy Gun Don't | The Quiet Things That No One Ever Knows | The Shower Scene | Guernica | The Boy Who Blocked His Own Shot | Me vs. Maradona vs. Elvis | I Will Play My Game Beneath the Spin Light | Jaws Theme Swimming | Good to Know That If I Ever Need Attention All I Have to Do Is Die | Sowing Season | Luca | Millstone | Seventy Times 7 | Sic transit gloria... Glory Fades | Soco Amaretto Lime | Jude Law and a Semester Abroad | Play Crack the Sky",,https://www.setlist.fm/setlist/brand-new/2006/carling-academy-brixton-london-england-43d72feb.html,Brixton Academy,Headline,2006,9,9,09/09/2006Brixton Academy
09/07/2024,Press Club,NOT_FOUND,,,Lafayette,Support,2024,7,9,09/07/2024Lafayette
09/07/2024,Spanish Love Songs,"Haunted | Beer & Nyquil (Hold It Together) | Buffalo Buffalo | The Boy Considers His Haircut | Bellyache | Aloha to No One | Routine Pain | Self-Destruction (As a Sensible Career Choice) | Generation Loss | Kick | Beach Front Property | Losers | Optimism (As a Radical Life Choice) | Losers 2 | Dolores | Brave Faces, Everyone","Life Is Very Long, Brave Faces Everyone (In It's Entirety)",https://www.setlist.fm/setlist/spanish-love-songs/2024/lafayette-london-england-635756eb.html,Lafayette,Headline,2024,7,9,09/07/2024Lafayette
09/06/2011,Emmy The Great,,,https://www.setlist.fm/setlist/emmy-the-great/2011/st-pancras-old-church-london-england-2ba76466.html,St Pancras Old Church,Headline,2011,6,9,09/06/2011St Pancras Old Church
09/06/2011,Grace Petrie,NOT_FOUND,,,St Pancras Old Church,Support,2011,6,9,09/06/2011St Pancras Old Church
09/06/2009,The All American Rejects,"I Wanna | Fallin' Apart | Dirty Little Secret | Top of the World | My Paper Heart | Believe | Swing, Swing | Mona Lisa | It Ends Tonight | Real World | Damn Girl | Move Along | Gives You Hell | The Wind Blows",I Wanna Rock Tour,https://www.setlist.fm/setlist/the-allamerican-rejects/2009/roundhouse-london-england-13d60d9d.html,Roundhouse,Headline,2009,6,9,09/06/2009Roundhouse
09/05/2018,Rivers Cuomo,I Took a Pill in Ibiza | El Scorcho | Wonderwall | Buddy Holly | Basket Case | Undone - The Sweater Song | 1979 | Say It Ain't So | Happy Together | Island in the Sun | Can't Fight This Feeling | Sober Up | The Good Life | Slob | (Girl We Got a) Good Thing | Pink Triangle | Midnight | Getchoo | Pig | Talk Dirty to Me | No Other One | Falling for You | Today | In the Garage | No One Else | Why Bother? | Across the Sea | Tired of Sex,,https://www.setlist.fm/setlist/rivers-cuomo/2018/bottom-of-the-hill-san-francisco-ca-3eda5cb.html,Bottom of the Hill,Headline,2018,5,9,09/05/2018Bottom of the Hill
09/04/1999,Snug,NOT_FOUND,,,West End Centre,Headline,1999,4,9,09/04/1999West End Centre
09/03/2002,Crackout,,,https://www.setlist.fm/setlist/crackout/2002/the-forum-royal-tunbridge-wells-england-1bfd25d4.html,The Forum,Headline,2002,3,9,09/03/2002The Forum
08/12/2016,Mariah Carey,"Hark! The Herald Angels Sing | Charlie Brown Christmas | Oh Santa! | Christmas (Baby, Please Come Home) | Jesus, Oh What a Wonderful Child | The Christmas Song (Chestnuts Roasting on an Open Fire) | Silent Night | Joy to the World | When Christmas Comes | Here Comes Santa Claus (Right Down Santa Claus Lane) | Christmas Time Is in the Air Again | The Christmas Song (Chestnuts Roasting on an Open Fire) | O Holy Night | Emotions | We Belong Together | Hero | All I Want for Christmas Is You",All I Want for Christmas Is You,https://www.setlist.fm/setlist/mariah-carey/2016/beacon-theatre-new-york-ny-33fbdc51.html,Beacon Theatre,Headline,2016,12,8,08/12/2016Beacon Theatre
08/12/2007,Spice Girls,Spice Up Your Life | Stop | Say You'll Be There | Headlines (Friendship Never Ends) | The Lady Is a Vamp | Too Much | 2 Become 1 | Who Do You Think You Are | Supermodel (You Better Work) | Are You Gonna Go My Way | Maybe | Viva Forever | Holler | It's Raining Men | I Turn to You | Let Love Lead the Way | Mama | Celebration | Shake Your Body (Down to the Ground) | That's the Way (I Like It) | We Are Family | Goodbye | If U Can't Dance | Wannabe | Spice Up Your Life,The Return of the Spice Girls,https://www.setlist.fm/setlist/spice-girls/2007/mandalay-bay-events-center-las-vegas-nv-23db5857.html,Mandalay Bay Events Center,Headline,2007,12,8,08/12/2007Mandalay Bay Events Center
08/12/2005,Beth Orton,,,https://www.setlist.fm/setlist/beth-orton/2005/the-spitz-london-england-33d1f4d5.html,Spitz,Headline,2005,12,8,08/12/2005Spitz
08/11/2003,Dashboard Confessional,,"A Mark, a Mission, a Brand, a Scar",https://www.setlist.fm/setlist/dashboard-confessional/2003/shepherds-bush-empire-london-england-4383cf63.html,Shepherd's Bush Empire,Headline,2003,11,8,08/11/2003Shepherd's Bush Empire
08/11/2003,Simon & Garfunkel,"Old Friends / Bookends | A Hazy Shade of Winter | I Am a Rock | America | At the Zoo | Baby Driver | Kathy's Song | Hey, Schoolgirl | Bye Bye Love | Scarborough Fair | Homeward Bound | The Sound of Silence | Mrs. Robinson | Slip Slidin' Away | El cóndor pasa | Keep the Customer Satisfied | The Only Living Boy in New York | American Tune | My Little Town | Bridge Over Troubled Water | Cecilia | The Boxer | Leaves That Are Green | The 59th Street Bridge Song (Feelin' Groovy)",Old Friends,https://www.setlist.fm/setlist/simon-and-garfunkel/2003/mgm-grand-garden-arena-las-vegas-nv-3ddd95f.html,MGM Grand Garden Arena,Headline,2003,11,8,08/11/2003MGM Grand Garden Arena
08/10/2016,Paul McCartney,"A Hard Day's Night | Jet | Can't Buy Me Love | Letting Go | Day Tripper | Let Me Roll It | I've Got a Feeling | My Valentine | Nineteen Hundred and Eighty-Five | Maybe I'm Amazed | We Can Work It Out | In Spite of All the Danger | I've Just Seen a Face | Love Me Do | And I Love Her | Blackbird | Here Today | Queenie Eye | Lady Madonna | FourFiveSeconds | Eleanor Rigby | Being for the Benefit of Mr. Kite! | A Day in the Life | Why Don't We Do It in the Road? | Something | Ob-La-Di, Ob-La-Da | Band on the Run | Back in the U.S.S.R. | Let It Be | Live and Let Die | Hey Jude | I Wanna Be Your Man | Helter Skelter | Golden Slumbers | Carry That Weight | The End",One on One,https://www.setlist.fm/setlist/paul-mccartney/2016/empire-polo-club-indio-ca-3bfd20c0.html,Empire Polo Club,Headline,2016,10,8,08/10/2016Empire Polo Club
08/10/2015,Grizfolk,NOT_FOUND,,https://www.setlist.fm/setlist/grizfolk/2015/wiltern-theatre-los-angeles-ca-6be0d6fa.html,Wiltern Theatre,Headline,2015,10,8,08/10/2015Wiltern Theatre
08/09/2012,Alfie Boe,,,https://www.setlist.fm/setlist/alfie-boe/2012/hyde-park-london-england-7bc94eec.html,Hyde Park,Festival,2012,9,8,08/09/2012Hyde Park
08/09/2012,Il Divo,NOT_FOUND,,,Hyde Park,Festival,2012,9,8,08/09/2012Hyde Park
08/09/2012,Kylie Minogue,On a Night Like This | Finer Feelings | Can't Get You Out of My Head | I Should Be So Lucky | Slow | Wow | I Believe in You | Flower | Spinning Around | The Loco-Motion | All the Lovers,,https://www.setlist.fm/setlist/kylie-minogue/2012/hyde-park-london-england-3bddbc60.html,Hyde Park,Festival,2012,9,8,08/09/2012Hyde Park
08/08/2018,Weezer,Happy Days Intro | Buddy Holly | Beverly Hills | Pork and Beans | Undone - The Sweater Song | Hash Pipe | Perfect Situation | My Name Is Jonas | El Scorcho | In the Garage | The Good Life | Happy Together | Keep Fishin' | Island in the Sun | Take On Me | Burndt Jamb | (If You're Wondering If I Want You To) I Want You To | Feels Like Summer | Africa | Susanne | Say It Ain't So | Paranoid,North American Summer Tour 2018,https://www.setlist.fm/setlist/weezer/2018/the-forum-inglewood-ca-13eb49e1.html,The Forum,Headline,2018,8,8,08/08/2018The Forum
08/07/2012,Blink 182,Feeling This | Up All Night | The Rock Show | What's My Age Again? | Down | I Miss You | Wishing Well | Dumpweed | Always | Violence | After Midnight | First Date | Heart's All Gone | Man Overboard | Ghost on the Dance Floor | All the Small Things | Josie | Can a Drummer Get Some | Carousel | Dammit | Family Reunion | Call Me Maybe,20th Anniversary Tour,https://www.setlist.fm/setlist/blink182/2012/the-eden-project-st-austell-england-2bdf4ce6.html,The Eden Project,Headline,2012,7,8,08/07/2012The Eden Project
08/07/2012,The Computers,NOT_FOUND,,,The Eden Project,Support,2012,7,8,08/07/2012The Eden Project
08/06/2024,The Smashing Pumpkins,NOT_FOUND,,,The O2 Arena,Support,2024,6,8,08/06/2024The O2 Arena
08/06/2024,Weezer,"My Name Is Jonas | Beverly Hills | Dope Nose | Undone - The Sweater Song | Pork and Beans | All My Favorite Songs | Pink Triangle | Island in the Sun | Perfect Situation | The Good Life | Celebrity Skin | Burndt Jamb | In the Garage | Anonymous | Say It Ain't So | Run, Raven, Run | Hash Pipe | Only in Dreams | Surf Wax America | Buddy Holly",UK & Ireland Tour 2024,https://www.setlist.fm/setlist/weezer/2024/the-o2-arena-london-england-63aba2fb.html,The O2 Arena,Headline,2024,6,8,08/06/2024The O2 Arena
08/05/2014,The Wonder Years,"There, There | Passing Through a Screen Door | Local Man Ruins Everything | My Life as a Pigeon | Cul-de-Sac | Everything I Own Fits in This Backpack | You're Not Salinger. Get Over It. | Living Room Song | Dynamite Shovel | The Devil in My Bloodstream | Dismantling Summer | Don't Let Me Cave In | A Raindance in Traffic | Washington Square Park | Came Out Swinging | I Just Want to Sell Out My Funeral",The Greatest Generation World Tour - Europe,https://www.setlist.fm/setlist/the-wonder-years/2014/scala-london-england-63c37eff.html,Scala,Headline,2014,5,8,08/05/2014Scala
08/05/2005,Céline Dion,"A New Day Has Come | The Power of Love | It's All Coming Back to Me Now / Because You Loved Me / To Love You More | I'm Alive | Seduces Me | If I Could | At Last | Fever | I've Got the World on a String | A New Love | I Surrender | Accordion Interlude | Ammore Annascunnuto | Pour que tu m'aimes encore | I Wish | Love Can Move Mountains | I Drove All Night | Unable to Stay, Unwilling to Leave | My Heart Will Go On | What a Wonderful World",A New Day...,https://www.setlist.fm/setlist/celine-dion/2005/the-colosseum-las-vegas-nv-43fd87eb.html,The Colosseum,Headline,2005,5,8,08/05/2005The Colosseum
08/04/2016,Guns N’ Roses,Looney Tunes | The Equalizer | It's So Easy | Mr. Brownstone | Chinese Democracy | Welcome to the Jungle | Double Talkin' Jive | Estranged | Live and Let Die | Rocket Queen | You Could Be Mine | New Rose | This I Love | Coma | Love Theme from The Godfather | Sweet Child o' Mine | Better | Civil War | Wish You Were Here | November Rain | Knockin' on Heaven's Door | Nightrain | Patience | Paradise City,Not in This Lifetime,https://www.setlist.fm/setlist/guns-n-roses/2016/t-mobile-arena-las-vegas-nv-bf1b1b2.html,T-Mobile Arena,Headline,2016,4,8,08/04/2016T-Mobile Arena
08/04/2015,The Relationship,NOT_FOUND,,https://www.setlist.fm/setlist/the-relationship/2015/the-viper-room-west-hollywood-ca-43c8377b.html,The Viper Room,Headline,2015,4,8,08/04/2015The Viper Room
08/02/2023,Pentatonix,Heroes and Villains,,https://www.setlist.fm/setlist/pentatonix/2023/dolby-theatre-los-angeles-ca-7bbd727c.html,Dolby Theatre,Support,2023,2,8,08/02/2023Dolby Theatre
08/02/2004,Bryan Adams,,,https://www.setlist.fm/setlist/bryan-adams/2004/palace-grounds-bangalore-india-63ebe273.html,Palace Grounds,Headline,2004,2,8,08/02/2004Palace Grounds
07/12/2013,Arctic Monkeys,Do I Wanna Know? | Brianstorm | Dancing Shoes | Snap Out of It | Why'd You Only Call Me When You're High? | I Bet You Look Good on the Dancefloor | One for the Road | Arabella | R U Mine?,AM,https://www.setlist.fm/setlist/arctic-monkeys/2013/shrine-auditorium-los-angeles-ca-5bc40fd4.html,Shrine Auditorium,Support,2013,12,7,07/12/2013Shrine Auditorium
07/11/2014,Weezer,You Gave Your Love to Me Softly | Why Bother? | King | El Scorcho | The Other Way | The Good Life | Island in the Sun | Across the Sea | Buddy Holly | Ain't Got Nobody | Back to the Shack | Eulogy for a Rock Band | Lonely Girl | I've Had It Up to Here | The British Are Coming | Da Vinci | Go Away | Cleopatra | Foolish Father | The Waste Land | Anonymous | Return to Ithaka | Getchoo,Everything Will Be Alright In The End Tour,https://www.setlist.fm/setlist/weezer/2014/the-belasco-los-angeles-ca-6bcc02ea.html,The Belasco,Headline,2014,11,7,07/11/2014The Belasco
07/10/2017,X Ambassadors,Jungle | Loveless | Hang On | Love Songs Drug Songs | Ahead of Myself | Low Life | Gorgeous | Don't Stay | Unsteady | Renegades,,https://www.setlist.fm/setlist/x-ambassadors/2017/red-rocks-amphitheatre-morrison-co-53e3971d.html,Red Rocks Amphitheatre,Support,2017,10,7,07/10/2017Red Rocks Amphitheatre
07/10/2016,Bob Dylan,"Rainy Day Women #12 & 35 | Don't Think Twice, It's All Right | Highway 61 Revisited | It's All Over Now, Baby Blue | High Water (For Charley Patton) | Simple Twist of Fate | Early Roman Kings | Love Sick | Tangled Up in Blue | Lonesome Day Blues | Make You Feel My Love | Pay in Blood | Desolation Row | Soon After Midnight | Ballad of a Thin Man | Masters of War",Never Ending Tour,https://www.setlist.fm/setlist/bob-dylan/2016/empire-polo-club-indio-ca-5bfd2b28.html,Empire Polo Club,Headline,2016,10,7,07/10/2016Empire Polo Club
07/10/2014,Bad Books,NOT_FOUND,,,Shepherd's Bush Empire,Support,2014,10,7,07/10/2014Shepherd's Bush Empire
07/10/2014,Kevin Devine,NOT_FOUND,,,Shepherd's Bush Empire,Support,2014,10,7,07/10/2014Shepherd's Bush Empire
07/10/2014,Manchester Orchestra,Pride | Shake It Out | Pensacola | Pale Black Eye | Every Stone | The Ocean | I Can Barely Breathe | 100 Dollars | I've Got Friends | Simple Math | Colly Strings | Everything to Nothing | Cope | Sleeper 1972 | Top Notch | Deer | Where Have You Been? | The Only One,Cope,https://www.setlist.fm/setlist/manchester-orchestra/2014/o2-shepherds-bush-empire-london-england-23ccb437.html,Shepherd's Bush Empire,Headline,2014,10,7,07/10/2014Shepherd's Bush Empire
07/10/2011,Manchester Orchestra,Deer | Pride | April Fool | Now That You're Home | 100 Dollars | My Friend Marcus | Pale Black Eye | Pensacola | I've Got Friends | Shake It Out | I Can Barely Breathe | Simple Math | Colly Strings | The Only One | Virgin | Everything to Nothing | The River | The Party's Over,Simple Math,https://www.setlist.fm/setlist/manchester-orchestra/2011/koko-london-england-33d070f1.html,KOKO,Headline,2011,10,7,07/10/2011KOKO
07/09/2023,Busted,Air Hostess | Meet You There | Loser Kid | You Said No | Everything I Knew | MMMBop | Sleeping With the Light On | Good One | What I Go to School For | Who's David | Falling for You | Thunderbirds Are Go | She Wants to Be Me | 3am | Crashed the Wedding | Teenage Kicks | Year 3000,20th Anniversary & Greatest Hits Tour,https://www.setlist.fm/setlist/busted/2023/brighton-centre-brighton-england-2ba2e8ae.html,Brighton Centre,Headline,2023,9,7,07/09/2023Brighton Centre
07/09/2009,Beth Orton,NOT_FOUND,,,The Pigalle Club,Headline,2009,9,7,07/09/2009The Pigalle Club
07/09/2006,Bloodhound Gang,,,https://www.setlist.fm/setlist/bloodhound-gang/2006/koko-london-england-43c81bcf.html,KOKO,Headline,2006,9,7,07/09/2006KOKO
07/08/2025,Carly Cosgrove,NOT_FOUND,,,The Hope and Ruin,Support,2025,8,7,07/08/2025The Hope and Ruin
07/08/2025,Retirement Party,,,https://www.setlist.fm/setlist/retirement-party/2025/the-hope-and-ruin-brighton-england-635b5e8f.html,The Hope and Ruin,Headline,2025,8,7,07/08/2025The Hope and Ruin
07/08/2010,Ringo Starr & His All Starr Band,"It Don't Come Easy | Honey Don't | Choose Love | My Girl Sloopy | Free Ride | Talking in Your Sleep | I Wanna Be Your Man | Dream Weaver | Kyrie | The Other Side of Liverpool | Yellow Submarine | Frankenstein | Peace Dream | Back Off Boogaloo | What I Like About You | Rock and Roll, Hoochie Koo | Boys | Love Is Alive | Broken Wings | Photograph | Act Naturally | With a Little Help From My Friends",11th All Starr Band,https://www.setlist.fm/setlist/ringo-starr-and-his-all-starr-band/2010/greek-theatre-los-angeles-ca-63d5b6b7.html,Greek Theatre,Headline,2010,8,7,07/08/2010Greek Theatre
07/07/2001,Radiohead,The National Anthem | Airbag | Morning Bell | Lucky | Packt Like Sardines in a Crushd Tin Box | My Iron Lung | Exit Music (for a Film) | Knives Out | No Surprises | Dollars and Cents | Street Spirit (Fade Out) | I Might Be Wrong | Pyramid Song | Paranoid Android | Idioteque | Everything in Its Right Place | Fake Plastic Trees | Karma Police | You and Whose Army? | How to Disappear Completely | Talk Show Host | The Bends | Motion Picture Soundtrack | Creep,Kid A/Amnesiac Tour (Third Leg),https://www.setlist.fm/setlist/radiohead/2001/south-park-oxford-england-2bd6ec12.html,South Park,Headline,2001,7,7,07/07/2001South Park
07/07/2001,Sigur Ros,Svefn-g-englar | Untitled #8 – Popplagið,,https://www.setlist.fm/setlist/sigur-ros/2001/south-park-oxford-england-73d55eb1.html,South Park,Support,2001,7,7,07/07/2001South Park
07/06/2012,Westlife,What About Now | What Makes a Man | My Love | Safe | Uptown Girl | If I Let You Go | Queen of My Heart | Ain't That a Kick in the Head | I Gotta Feeling | Party Rock Anthem | Sex on Fire | Don't Cha | Let Me Entertain You | Bohemian Rhapsody | When You're Looking Like That | Mandy | Seasons in the Sun | Swear It Again | Home | You Raise Me Up | World of Our Own | Flying Without Wings,Greatest Hits,https://www.setlist.fm/setlist/westlife/2012/the-o2-arena-london-england-bd8d9d2.html,The O2 Arena,Headline,2012,6,7,07/06/2012The O2 Arena
07/06/2005,Weezer,Tired of Sex | In the Garage | Pardon Me | Buddy Holly | Photograph | Hold Me | Getchoo | Say It Ain't So | We Are All on Drugs | Island in the Sun | My Name Is Jonas | Peace | Slob | Beverly Hills | The Good Life | Undone - The Sweater Song | Haunt You Every Day | Hash Pipe,Make Believe Tour,https://www.setlist.fm/setlist/weezer/2005/vicar-street-dublin-ireland-1bd67584.html,Vicar Street,Headline,2005,6,7,07/06/2005Vicar Street
07/05/2006,Me First and the Gimme Gimmes,,,https://www.setlist.fm/setlist/me-first-and-the-gimme-gimmes/2006/london-astoria-london-england-3bdf1450.html,Astoria,Headline,2006,5,7,07/05/2006Astoria
07/02/2014,Man Overboard,,,,KOKO,Support,2014,2,7,07/02/2014KOKO
07/02/2014,Mayday Parade,"Ghosts | Jamie All Over | When You See My Friends | 12 Through 15 | Girls | Black Cat | Miserable at Best | Stay | Hold Onto Me | Kids in Love | Three Cheers for Five Years | Oh Well, Oh Well | Jersey | The Last Something That Meant Anything",Monsters Overseas Tour,https://www.setlist.fm/setlist/mayday-parade/2014/koko-london-england-7bc52a2c.html,KOKO,Headline,2014,2,7,07/02/2014KOKO
06/12/2014,Weezer,You Gave Your Love to Me Softly | Why Bother? | King | El Scorcho | December | The Good Life | Island in the Sun | No One Else | Buddy Holly | Ain't Got Nobody | Back to the Shack | Eulogy for a Rock Band | Lonely Girl | I've Had It Up to Here | The British Are Coming | Da Vinci | Go Away | Cleopatra | Foolish Father | The Waste Land | Anonymous | Return to Ithaka | Surf Wax America,Everything Will Be Alright In The End Tour,https://www.setlist.fm/setlist/weezer/2014/tabernacle-atlanta-ga-1bcdcd58.html,Tabernacle,Headline,2014,12,6,06/12/2014Tabernacle
06/11/2014,Weezer,You Gave Your Love to Me Softly | Why Bother? | King | El Scorcho | The Other Way | The Good Life | Island in the Sun | No Other One | Buddy Holly | Ain't Got Nobody | Back to the Shack | Eulogy for a Rock Band | Lonely Girl | I've Had It Up to Here | The British Are Coming | Da Vinci | Go Away | Cleopatra | Foolish Father | The Waste Land | Anonymous | Return to Ithaka | In the Garage,Everything Will Be Alright In The End Tour,https://www.setlist.fm/setlist/weezer/2014/the-glass-house-pomona-ca-bcc05e6.html,The Glass House,Headline,2014,11,6,06/11/2014The Glass House
06/09/2003,One Word Answer,NOT_FOUND,,,The Freebutt,Support,2003,9,6,06/09/2003The Freebutt
06/09/2003,Rufio,NOT_FOUND,,,The Freebutt,Headline,2003,9,6,06/09/2003The Freebutt
06/08/2016,Weezer,California Kids | Hash Pipe | My Name Is Jonas | (If You're Wondering If I Want You To) I Want You To | Pork and Beans | I Love the USA | Perfect Situation | Thank God for Girls | Beverly Hills | Dope Nose / Back to the Shack / Keep Fishin' / The Good Life / Surf Wax America | Undone - The Sweater Song | Island in the Sun | King of the World / Only in Dreams | Say It Ain't So | El Scorcho | Buddy Holly,White Album Tour,https://www.setlist.fm/setlist/weezer/2016/irvine-meadows-amphitheatre-irvine-ca-33fca43d.html,Irvine Meadows Amphitheatre,Headline,2016,8,6,06/08/2016Irvine Meadows Amphitheatre
06/07/2011,Weezer,Undone - The Sweater Song | My Name Is Jonas | El Scorcho | Holiday | Pink Triangle | Susanne | Island in the Sun | Teenage Dirtbag | The Good Life | The World Has Turned and Left Me Here | Say It Ain't So | Tired of Sex | You Gave Your Love to Me Softly | Pork and Beans | Across the Sea | The Greatest Man That Ever Lived (Variations on a Shaker Hymn) | Only in Dreams | Paranoid Android | Hash Pipe | Buddy Holly,,https://www.setlist.fm/setlist/weezer/2011/o2-academy-brixton-london-england-bd361ba.html,Brixton Academy,Headline,2011,7,6,06/07/2011Brixton Academy
06/07/2001,Backstreet Boys,NOT_FOUND,Black & Blue Tour,https://www.setlist.fm/setlist/backstreet-boys/2001/fleet-center-boston-ma-5bcb7bb8.html,Fleet Center,Headline,2001,7,6,06/07/2001Fleet Center
06/06/2015,Take That,I Like It | Love Love | Greatest Day | Get Ready for It | Hold Up a Light | Patience | The Garden | Up All Night | Said It All | Could It Be Magic | Let in the Sun | Affirmation | The Flood | Flaws | Relight My Fire | Back for Good | Pray | Portrait | These Days | Rule the World | Shine | Never Forget,Take That Live 2015,https://www.setlist.fm/setlist/take-that/2015/the-o2-arena-london-england-23c9ecc3.html,The O2 Arena,Headline,2015,6,6,06/06/2015The O2 Arena
06/06/2012,Weezer,Undone - The Sweater Song | Troublemaker | My Name Is Jonas | I Think We're Alone Now | Hash Pipe | Perfect Situation | Buddy Holly | (If You're Wondering If I Want You To) I Want You To | Island in the Sun | Pork and Beans | Say It Ain't So | Talk Dirty to Me | Beverly Hills | HOMELY GIRL,,https://www.setlist.fm/setlist/weezer/2012/the-roxy-west-hollywood-ca-3bdfcc24.html,The Roxy,Headline,2012,6,6,06/06/2012The Roxy
06/05/2005,Céline Dion,A New Day Has Come | The Power of Love | It's All Coming Back to Me Now / Because You Loved Me / To Love You More | I'm Alive | Seduces Me | If I Could | At Last | Fever | I've Got the World on a String | I Surrender | Ammore Annascunnuto | Pour que tu m'aimes encore | I Wish | Love Can Move Mountains | I Drove All Night | My Heart Will Go On | What a Wonderful World,A New Day...,https://www.setlist.fm/setlist/celine-dion/2005/the-colosseum-las-vegas-nv-53fd87f5.html,The Colosseum,Headline,2005,5,6,06/05/2005The Colosseum
06/01/2014,Scott & Rivers,Splash | FREAKIN' LOVE MY LIFE | HOMELY GIRL | Buddy Holly,,https://www.setlist.fm/setlist/scott-and-rivers/2014/trip-nightclub-santa-monica-ca-63e0d64b.html,TRiP Nightclub,Headline,2014,1,6,06/01/2014TRiP Nightclub
05/12/2012,Beth Orton,Magpie | State of Grace | Last Leaves of Autumn | She Cries Your Name | Central Reservation | Something More Beautiful | Poison Tree | Mystery | See Through Blue | Safe in Your Arms | Shopping Trolley | Concrete Sky | Call Me the Breeze | Dawn Chorus | Candles | Stolen Car | Feel to Believe | It's Not the Spotlight,Sugaring Season Tour,https://www.setlist.fm/setlist/beth-orton/2012/union-chapel-london-england-53da2321.html,Union Chapel,Headline,2012,12,5,05/12/2012Union Chapel
05/10/2016,Cyndi Lauper,She Bop | I Drove All Night | Girls Just Want to Have Fun | True Colors,,https://www.setlist.fm/setlist/cyndi-lauper/2016/greek-theatre-los-angeles-ca-2bfd0826.html,Greek Theatre,Headline,2016,10,5,05/10/2016Greek Theatre
05/10/2012,Mayday Parade,"Oh Well, Oh Well | Jersey | Kids in Love | No Heroes Allowed | Three Cheers for Five Years | Priceless | You Be the Anchor That Keeps My Feet on the Ground, I'll Be the Wings That Keep Your Heart in the Clouds | Anywhere but Here | Miserable at Best | Stay | When I Get Home, You're So Dead | When You See My Friends | Black Cat | Jamie All Over | I'd Hate to Be You When People Find Out What This Song Is About",UK October 2012 Tour,https://www.setlist.fm/setlist/mayday-parade/2012/the-peel-kingston-upon-thames-england-1bda9d24.html,The Peel,Headline,2012,10,5,05/10/2012The Peel
05/09/2021,A,NOT_FOUND,,,Hatfield House,Festival,2021,9,5,05/09/2021Hatfield House
05/09/2021,Alkaline Trio,NOT_FOUND,,,Hatfield House,Festival,2021,9,5,05/09/2021Hatfield House
05/09/2021,As It Is,NOT_FOUND,,,Hatfield House,Festival,2021,9,5,05/09/2021Hatfield House
05/09/2021,Frank Turner,NOT_FOUND,,,Hatfield House,Festival,2021,9,5,05/09/2021Hatfield House
05/09/2021,Mayday Parade,NOT_FOUND,,,Hatfield House,Festival,2021,9,5,05/09/2021Hatfield House
05/09/2021,McFly,NOT_FOUND,,,Hatfield House,Festival,2021,9,5,05/09/2021Hatfield House
05/09/2021,NOFX,NOT_FOUND,,,Hatfield House,Festival,2021,9,5,05/09/2021Hatfield House
05/09/2021,Roam,NOT_FOUND,,,Hatfield House,Festival,2021,9,5,05/09/2021Hatfield House
05/09/2021,Statechamps,NOT_FOUND,,,Hatfield House,Festival,2021,9,5,05/09/2021Hatfield House
05/09/2014,The Rentals,NOT_FOUND,,https://www.setlist.fm/setlist/the-rentals/2014/the-fonda-theatre-los-angeles-ca-6be0d66e.html,The Fonda Theatre,Support,2014,9,5,05/09/2014The Fonda Theatre
05/09/2008,Ash,Lose Control | Goldfinger | Girl From Mars | I'd Give You Anything | Gone the Dream | Kung Fu | Oh Yeah | Let It Flow | Innocent Smile | Angel Interceptor | Lost in You | Darkside Lightside | Sneaker | Get Ready | Petrol | Does Your Mother Know | Cantina Band | Jack Names the Planets | A Life Less Ordinary | Twilight of the Innocents | Shining Light | Orpheus | Ichiban | Burn Baby Burn,1977 12th Anniversary Shows,https://www.setlist.fm/setlist/ash/2008/roundhouse-london-england-3bd6f4a0.html,Roundhouse,Headline,2008,9,5,05/09/2008Roundhouse
05/09/2006,Ben Kweller,NOT_FOUND,,,Dingwalls,Headline,2006,9,5,05/09/2006Dingwalls
05/08/2016,Panic! at the Disco,Don't Threaten Me With a Good Time | Vegas Lights | The Ballad of Mona Lisa | Hallelujah | Time to Dance | Emperor's New Clothes | Girls/Girls/Boys | Ready to Go (Get Me Out of My Mind) | Nine in the Afternoon | Crazy=Genius | Miss Jackson | Golden Days | Bohemian Rhapsody | LA Devotee | Death of a Bachelor | I Write Sins Not Tragedies | This Is Gospel | Positive Hardcore | Victorious,Weezer & Panic! at the Disco Summer Tour,https://www.setlist.fm/setlist/panic-at-the-disco/2016/santa-barbara-bowl-santa-barbara-ca-7bfcae48.html,Santa Barbara Bowl,Support,2016,8,5,05/08/2016Santa Barbara Bowl
05/08/2013,The Menzingers,I Can't Seem to Tell | Good Things | Ava House | Sunday Morning | Sun Hotel | Sculptors and Vandals | Time Tables | Burn After Writing | Gates | The Obituaries | Bullet With Butterfly Wings,,https://www.setlist.fm/setlist/the-menzingers/2013/the-fighting-cocks-kingston-upon-thames-england-4bc6df0e.html,The Fighting Cocks,Headline,2013,8,5,05/08/2013The Fighting Cocks
05/08/2013,Tigers Jaw,NOT_FOUND,,,The Fighting Cocks,Support,2013,8,5,05/08/2013The Fighting Cocks
05/08/2011,Weezer,Troublemaker | Surf Wax America | Tired of Sex | Say It Ain't So | Pumped Up Kicks | Keep Fishin' | Perfect Situation | Holiday | Dope Nose | Island in the Sun | Hash Pipe | Photograph | Undone - The Sweater Song | (If You're Wondering If I Want You To) I Want You To | Pork and Beans | My Name Is Jonas | Paranoid Android | Buddy Holly | Beverly Hills,,https://www.setlist.fm/setlist/weezer/2011/the-sandbar-red-rock-hotel-and-casino-las-vegas-nv-4bd09326.html,"The Sandbar, Red Rock Hotel and Casino",Headline,2011,8,5,"05/08/2011The Sandbar, Red Rock Hotel and Casino"
05/07/2001,Crackout,NOT_FOUND,,,Shepherd's Bush Empire,Support,2001,7,5,05/07/2001Shepherd's Bush Empire
05/07/2001,Jimmy Eat World,,,https://www.setlist.fm/setlist/jimmy-eat-world/2001/shepherds-bush-empire-london-england-2b8544de.html,Shepherd's Bush Empire,Support,2001,7,5,05/07/2001Shepherd's Bush Empire
05/07/2001,Weezer,Burndt Jamb | Photograph | Zep Song | Island in the Sun | Crab | Keep Fishin' | Knock-Down Drag-Out | Listen Up | Don't Let Go | Smile | Hash Pipe | Tired of Sex | Undone - The Sweater Song | Buddy Holly | Say It Ain't So | Surf Wax America,Euro Freak Out Tour,https://www.setlist.fm/setlist/weezer/2001/shepherds-bush-empire-london-england-3d5f147.html,Shepherd's Bush Empire,Headline,2001,7,5,05/07/2001Shepherd's Bush Empire
05/06/2013,Björk,Biophilia Intro | Óskasteinar | Thunderbolt | Moon | Crystalline | Hollow | Dark Matter | Hidden Place | Unravel | Jóga | Virus | Generous Palmstroke | Sacrifice | Pagan Poetry | Mutual Core | Cosmogony | Solstice | Possibly Maybe | Náttúra | Declare Independence,Biophilia Tour,https://www.setlist.fm/setlist/bjork/2013/hollywood-palladium-los-angeles-ca-2bd9f48a.html,Hollywood Palladium,Headline,2013,6,5,05/06/2013Hollywood Palladium
05/05/2004,Britney,Check-In | Toxic | Overprotected | Boys | Showdown | Mystic Lounge | ...Baby One More Time | Oops!... I Did It Again | (You Drive Me) Crazy | Mystic Garden | Everytime | The Hook Up | I'm a Slave 4 U | The Onyx Zone | Shadow | Security Cameras | Touch of My Hand | Breathe on Me | Outrageous | Club | (I Got That) Boom Boom | Check Out | Me Against the Music,The Onyx Hotel,https://www.setlist.fm/setlist/britney-spears/2004/national-indoor-arena-birmingham-england-4bd3ff22.html,National Indoor Arena,Headline,2004,5,5,05/05/2004National Indoor Arena
05/04/2016,Weezer,California Kids | My Name Is Jonas | Hash Pipe | Back to the Shack | L.A. Girlz | El Scorcho | The British Are Coming | Pork and Beans | (If You're Wondering If I Want You To) I Want You To | Do You Wanna Get High? | Cleopatra | The Waste Land | Thank God for Girls | Say It Ain't So | The Good Life | You Gave Your Love to Me Softly | King of the World | Island in the Sun | Undone - The Sweater Song | Beverly Hills | Buddy Holly,White Album Tour,https://www.setlist.fm/setlist/weezer/2016/o2-academy-brixton-london-england-43f043e3.html,Brixton Academy,Headline,2016,4,5,05/04/2016Brixton Academy
05/01/2022,Weezer,Jump | Hero | Hash Pipe | Beverly Hills | Enter Sandman | Perfect Situation | Pork and Beans | Take On Me | All My Favorite Songs | Undone - The Sweater Song | Island in the Sun | Africa | California Snow | Say It Ain't So | Buddy Holly | London Calling,,https://www.setlist.fm/setlist/weezer/2022/toshiba-plaza-las-vegas-nv-6b8b467e.html,Toshiba Plaza,Headline,2022,1,5,05/01/2022Toshiba Plaza
04/11/2017,OK Go,C-C-C-Cinnamon Lips | Get Over It | Don't Ask Me | A Million Ways | Here It Goes Again | Do What You Want | WTF? | This Too Shall Pass | End Love | All Is Not Lost | White Knuckles | Shooting the Moon | What to Do | Last Leaf | Needing/Getting | The Writing's On the Wall | I Won't Let You Down | Upside Down & Inside Out | The One Moment | Skyscrapers | Song 2,The Live Video Tour,https://www.setlist.fm/setlist/ok-go/2017/royce-hall-los-angeles-ca-6be35642.html,Royce Hall,Headline,2017,11,4,04/11/2017Royce Hall
04/11/2006,The Flaming Lips,"Ta! Da! | Race for the Prize | Free Radicals | Yoshimi Battles the Pink Robots, Pt. 1 | Yoshimi Battles the Pink Robots, Pt. 2 | Vein of Stars | The Firebird Suite | The Yeah Yeah Yeah Song (With All Your Power) | Fight Test | The W.A.N.D. | My Cosmic Autumn Rebellion | She Don't Use Jelly | Do You Realize?? | A Spoonful Weighs a Ton",2006 Fall Tour,https://www.setlist.fm/setlist/the-flaming-lips/2006/brighton-centre-brighton-england-6bd65622.html,Brighton Centre,Headline,2006,11,4,04/11/2006Brighton Centre
04/11/2005,My Chemical Romance,"Interlude | Thank You for the Venom | Cemetery Drive | Honey, This Mirror Isn't Big Enough for the Two of Us | It's Not a Fashion Statement, It's a Fucking Deathwish | Helena | Hang 'Em High | Our Lady of Sorrows | The Ghost of You | The Jetset Life Is Gonna Kill You | Headfirst for Halos | Song 2 | To the End | I Never Told You What I Do for a Living | Romance | Give 'Em Hell, Kid | Disenchanted | You Know What They Do to Guys Like Us in Prison | Vampires Will Never Hurt You | I'm Not Okay (I Promise)",Three Cheers for Sweet Revenge,https://www.setlist.fm/setlist/my-chemical-romance/2005/carling-academy-brixton-london-england-33df703d.html,Brixton Academy,Headline,2005,11,4,04/11/2005Brixton Academy
04/09/2012,Grandaddy,"El Caminos in the West | Now It's On | ""Yeah"" Is What We Had | Fare Thee Not Well Mutineer | The Crystal Lake | Underneath the Weeping Willow | A.M. 180 | Lost on Yer Merry Way | The Go in the Go-For-It | Jed's Other Poem (Beautiful Ground) | Laughing Stock | Here | My Small Love | Levitz | Chartsengrafs | So You'll Aim Toward the Sky | Stray Dog and the Chocolate Shake | Hewlett's Daughter | Summer Here Kids | Oh Well, Okay | He's Simple, He's Dumb, He's the Pilot",2012 Reunion Tour,https://www.setlist.fm/setlist/grandaddy/2012/o2-shepherds-bush-empire-london-england-2bdc4cd6.html,Shepherd's Bush Empire,Headline,2012,9,4,04/09/2012Shepherd's Bush Empire
04/08/2011,Weezer,Troublemaker | Surf Wax America | Perfect Situation | No One Else | Undone - The Sweater Song | Pumped Up Kicks | My Name Is Jonas | Dope Nose | Island in the Sun | Pork and Beans | Pink Triangle | Photograph | Keep Fishin' | Hash Pipe | Paranoid Android | Beverly Hills | Say It Ain't So | (If You're Wondering If I Want You To) I Want You To | Buddy Holly,,https://www.setlist.fm/setlist/weezer/2011/pacific-amphitheatre-costa-mesa-ca-7bd0967c.html,Pacific Amphitheatre,Headline,2011,8,4,04/08/2011Pacific Amphitheatre
04/08/2009,Taking Back Sunday,NOT_FOUND,New Again,https://www.setlist.fm/setlist/taking-back-sunday/2009/heaven-london-england-33d7b8e1.html,Heaven,Headline,2009,8,4,04/08/2009Heaven
04/08/2005,Ed Harcourt,,,https://www.setlist.fm/setlist/ed-harcourt/2005/100-club-london-england-1bb2b984.html,100 Club,Headline,2005,8,4,04/08/2005100 Club
04/07/2001,Crackout,NOT_FOUND,,,Shepherd's Bush Empire,Support,2001,7,4,04/07/2001Shepherd's Bush Empire
04/07/2001,Jimmy Eat World,,,https://www.setlist.fm/setlist/jimmy-eat-world/2001/shepherds-bush-empire-london-england-63e9b203.html,Shepherd's Bush Empire,Support,2001,7,4,04/07/2001Shepherd's Bush Empire
04/07/2001,Weezer,Burndt Jamb | Photograph | Zep Song | Island in the Sun | Crab | Keep Fishin' | Knock-Down Drag-Out | Listen Up | Don't Let Go | Smile | Hash Pipe | Tired of Sex | Undone - The Sweater Song | Buddy Holly | Say It Ain't So | Surf Wax America,Euro Freak Out Tour,https://www.setlist.fm/setlist/weezer/2001/shepherds-bush-empire-london-england-1bd5f140.html,Shepherd's Bush Empire,Headline,2001,7,4,04/07/2001Shepherd's Bush Empire
04/06/2022,Beauty School,NOT_FOUND,,,Hatfield House,Festival,2022,6,4,04/06/2022Hatfield House
04/06/2022,Chunk No! Captain Chunk,NOT_FOUND,,,Hatfield House,Festival,2022,6,4,04/06/2022Hatfield House
04/06/2022,Knucklepuck,NOT_FOUND,,,Hatfield House,Festival,2022,6,4,04/06/2022Hatfield House
04/06/2022,Meet Me @ The Alter,NOT_FOUND,,,Hatfield House,Festival,2022,6,4,04/06/2022Hatfield House
04/06/2022,Punk Rock Factory,NOT_FOUND,,,Hatfield House,Festival,2022,6,4,04/06/2022Hatfield House
04/06/2022,The Story So Far,NOT_FOUND,,,Hatfield House,Festival,2022,6,4,04/06/2022Hatfield House
04/06/2022,The Wonder Years,NOT_FOUND,,,Hatfield House,Festival,2022,6,4,04/06/2022Hatfield House
04/06/2012,Deaf Havana,"Leeches | The World or Nothing | Smiles All Round | Youth in Retrospect | I Will Try | Little White Lies | Friends Like These | Anemophobia | Hunstanton Pier | I'm a Bore, Mostly | Nicotine and Alcohol Saved My Life | The Past Six Years",,https://www.setlist.fm/setlist/deaf-havana/2012/imber-court-sports-club-east-molesey-england-2bdfd4f6.html,Imber Court Sports Club,Festival,2012,6,4,04/06/2012Imber Court Sports Club
04/06/2012,Fun,One Foot | Why Am I the One | All the Pretty Girls | All Alone | Barlights | Carry On | The Gambler | We Are Young | You Can't Always Get What You Want | Some Nights,,https://www.setlist.fm/setlist/fun/2012/house-of-blues-west-hollywood-ca-63dfd6b3.html,House of Blues,Headline,2012,6,4,04/06/2012House of Blues
04/06/2012,Hundred Reasons,What You Get | Harmony | No Way Back | Kill Your Own | I'll Find You | Answers | Dissolve | What Thought Did | If I Could | Falter | Shine | Drowning | Oratorio | Silver | Gone Too Far | Avalanche,,https://www.setlist.fm/setlist/hundred-reasons/2012/imber-court-sports-club-east-molesey-england-4bdfd732.html,Imber Court Sports Club,Festival,2012,6,4,04/06/2012Imber Court Sports Club
04/06/2012,Kids In Glass Houses,Give Me What I Want | Artbreaker I | Youngblood (Let It Out) | Animals | For Better or Hearse | Raise Hell | Undercover Lover | Diamond Days | Fisticuffs | Sunshine | Saturday | Matters at All,,https://www.setlist.fm/setlist/kids-in-glass-houses/2012/imber-court-sports-club-east-molesey-england-2bdfd4f2.html,Imber Court Sports Club,Festival,2012,6,4,04/06/2012Imber Court Sports Club
04/06/2012,MC Lars,Hurricane Fresh | Generic Crunk Rap | 21 Concepts | Straight Outta Stockholm | Flow Like Poe | Ahab | Download This Song | Mr. Raven,,https://www.setlist.fm/setlist/mc-lars/2012/imber-court-sports-club-east-molesey-england-3bdfd400.html,Imber Court Sports Club,Festival,2012,6,4,04/06/2012Imber Court Sports Club
04/06/2012,The Computers,,,https://www.setlist.fm/setlist/the-computers/2012/imber-court-sports-club-east-molesey-england-33cfa029.html,Imber Court Sports Club,Festival,2012,6,4,04/06/2012Imber Court Sports Club
04/06/2012,Wheatus,,,https://www.setlist.fm/setlist/wheatus/2012/imber-court-sports-club-east-molesey-england-3bcfa028.html,Imber Court Sports Club,Festival,2012,6,4,04/06/2012Imber Court Sports Club
04/06/1999,Snug,NOT_FOUND,,,The Point,Headline,1999,6,4,04/06/1999The Point
04/02/2011,Angels & Airwaves,Et Ducit Mundum Per Luce | It Hurts | Young London | Hallucinations | Everything's Magic | Matt's Solo | Lifeline | Shove | Love Like Rockets | Start the Machine | The Adventure | The Flight of Apollo | The Moon-Atomic (...Fragments and Fictions) | Epic Holiday | Secret Crowds | Breathe | The War | There Is,2011 European Tour,https://www.setlist.fm/setlist/angels-and-airwaves/2011/hmv-forum-london-england-3bd2c06c.html,Kentish Town Forum,Headline,2011,2,4,04/02/2011Kentish Town Forum
03/12/2015,Weezer,Thank God for Girls,,https://www.setlist.fm/setlist/weezer/2015/conan-burbank-ca-7bf2feb8.html,Conan,Headline,2015,12,3,03/12/2015Conan
03/11/2016,Weezer,Hash Pipe | (If You're Wondering If I Want You To) I Want You To | L.A. Girlz | Pork and Beans | Perfect Situation | Thank God for Girls | Beverly Hills | Undone - The Sweater Song | Island in the Sun | King of the World / Only in Dreams | Say It Ain't So | Buddy Holly,White Album Tour,https://www.setlist.fm/setlist/weezer/2016/el-rey-theatre-los-angeles-ca-13fac9c9.html,El Rey Theatre,Headline,2016,11,3,03/11/2016El Rey Theatre
03/11/2003,The Flaming Lips,,2003 Fall Tour,https://www.setlist.fm/setlist/the-flaming-lips/2003/carling-apollo-hammersmith-london-england-3bd4145c.html,Hammersmith Apollo,Headline,2003,11,3,03/11/2003Hammersmith Apollo
03/09/2021,Fall Out Boy,"The Phoenix | Sugar, We're Goin Down | Irresistible | Uma Thurman | Grand Theft Autumn/Where Is Your Boy | Save Rock and Roll | The Last of the Real Ones | Dance, Dance | A Little Less Sixteen Candles, a Little More ""Touch Me"" | This Ain't a Scene, It's an Arms Race | My Songs Know What You Did in the Dark (Light Em Up) | I Don't Care | Thnks fr th Mmrs | Centuries | Saturday",Hella Mega Tour,https://www.setlist.fm/setlist/fall-out-boy/2021/dodger-stadium-los-angeles-ca-538ccf89.html,Dodger Stadium,Support,2021,9,3,03/09/2021Dodger Stadium
03/09/2013,Tegan and Sara,"Drove Me Wild | Goodbye, Goodbye | Back in Your Head | The Con | I Couldn't Be Your Friend | I Was a Fool | Now I'm All Messed Up | Alligator | Where Does the Good Go | Living Room | Shock to Your System | How Come You Don't Want Me | Feel It in My Bones | Closer",,https://www.setlist.fm/setlist/tegan-and-sara/2013/greek-theatre-los-angeles-ca-43c65f17.html,Greek Theatre,Support,2013,9,3,03/09/2013Greek Theatre
03/07/2001,Crackout,NOT_FOUND,,,Shepherd's Bush Empire,Support,2001,7,3,03/07/2001Shepherd's Bush Empire
03/07/2001,Jimmy Eat World,Goodbye Sky Harbor,,https://www.setlist.fm/setlist/jimmy-eat-world/2001/shepherds-bush-empire-london-england-33ee6495.html,Shepherd's Bush Empire,Support,2001,7,3,03/07/2001Shepherd's Bush Empire
03/07/2001,Weezer,Burndt Jamb | Photograph | Zep Song | Island in the Sun | Crab | Keep Fishin' | Knock-Down Drag-Out | Listen Up | Don't Let Go | Glorious Day | Hash Pipe | Tired of Sex | Undone - The Sweater Song | Buddy Holly | Say It Ain't So | Surf Wax America,Euro Freak Out Tour,https://www.setlist.fm/setlist/weezer/2001/shepherds-bush-empire-london-england-13d5f141.html,Shepherd's Bush Empire,Headline,2001,7,3,03/07/2001Shepherd's Bush Empire
03/05/2012,Dan Mangan,,,https://www.setlist.fm/setlist/dan-mangan/2012/bush-hall-london-england-6bde42da.html,Bush Hall,Headline,2012,5,3,03/05/2012Bush Hall
03/05/2004,Britney,Check-in | Toxic | Overprotected | Boys | Showdown | Mystic Lounge | ...Baby One More Time | Oops!... I Did It Again | (You Drive Me) Crazy | Mystic Garden | Everytime | The Hook Up | I'm a Slave 4 U | The Onyx Zone | Shadow | Security Cameras | Touch of My Hand | Breathe on Me | Outrageous | Club | (I Got That) Boom Boom | Check Out | Me Against the Music,The Onyx Hotel,https://www.setlist.fm/setlist/britney-spears/2004/wembley-arena-london-england-1bd0d53c.html,Wembley Arena,Headline,2004,5,3,03/05/2004Wembley Arena
03/04/2004,Outroads,NOT_FOUND,,,Brighton Centre,Festival,2004,4,3,03/04/2004Brighton Centre
03/03/2004,Fountains of Wayne,,,https://www.setlist.fm/setlist/fountains-of-wayne/2004/london-astoria-london-england-6bdf76be.html,Astoria,Headline,2004,3,3,03/03/2004Astoria
03/02/2023,Rivers Cuomo,California Girls | Grapes of Wrath | Everybody Wants to Rule the World | I Want a Dog | Take On Me | Aloo Gobi | Buddy Holly | L.A. Girlz | Summer Elaine and Drunk Dori | HOMELY GIRL | California Kids | California Girls,,https://www.setlist.fm/setlist/rivers-cuomo/2023/harvelles-santa-monica-ca-7bbd7264.html,Harvelle's,Headline,2023,2,3,03/02/2023Harvelle's
03/02/1999,Blur,Tender | Bugman | Coffee & TV | Swamp Song | 1992 | B.L.U.R.E.M.I. | Battle | Mellow Song | Trailerpark | Trimm Trabb | No Distance Left to Run | Beetlebum | There's No Other Way | Song 2 | Song 2,13 Tour,https://www.setlist.fm/setlist/blur/1999/oxford-brookes-students-union-oxford-england-6bd7be7a.html,Oxford Brookes Students' Union,Headline,1999,2,3,03/02/1999Oxford Brookes Students' Union
02/11/2019,OK Go,C-C-C-Cinnamon Lips | Get Over It | A Million Ways | Here It Goes Again | Do What You Want | WTF? | This Too Shall Pass | End Love | All Is Not Lost | White Knuckles | Shooting the Moon | What to Do | Last Leaf | Needing/Getting | The Writing's On the Wall | I Won't Let You Down | Upside Down & Inside Out | Obsession | The One Moment | Skyscrapers | Song 2,The Live Video Tour,https://www.setlist.fm/setlist/ok-go/2019/younes-and-soraya-nazarian-center-for-the-performing-arts-northridge-ca-5b9d13cc.html,Younes and Soraya Nazarian Center For The Performing Arts,Headline,2019,11,2,02/11/2019Younes and Soraya Nazarian Center For The Performing Arts
02/11/2017,Weezer,California Kids | Weekend Woman | The World Has Turned and Left Me Here | Feels Like Summer | Pork and Beans | Happy Hour | Perfect Situation | Mexican Fender | Island in the Sun,,https://www.setlist.fm/setlist/weezer/2017/winston-house-venice-ca-63e3528f.html,Winston House,Headline,2017,11,2,02/11/2017Winston House
02/11/2014,Weezer,You Gave Your Love to Me Softly | Why Bother? | King | El Scorcho | The Other Way | The Good Life | Island in the Sun | (If You're Wondering If I Want You To) I Want You To | Buddy Holly | Ain't Got Nobody | Back to the Shack | Eulogy for a Rock Band | Lonely Girl | I've Had It Up to Here | The British Are Coming | Da Vinci | Go Away | Cleopatra | Foolish Father | The Waste Land | Anonymous | Return to Ithaka | No Other One,Everything Will Be Alright In The End Tour,https://www.setlist.fm/setlist/weezer/2014/slims-san-francisco-ca-3cc152b.html,Slim's,Headline,2014,11,2,02/11/2014Slim's
02/11/2010,Rodrigo y Gabriela,NOT_FOUND,,https://www.setlist.fm/setlist/rodrigo-y-gabriela/2010/o2-shepherds-bush-empire-london-england-73d56edd.html,Shepherd's Bush Empire,Headline,2010,11,2,02/11/2010Shepherd's Bush Empire
02/11/2005,Wir Sind Helden,NOT_FOUND,,,The Garage,Headline,2005,11,2,02/11/2005The Garage
02/09/2023,Lady Gaga,"Orange Colored Sky | Luck Be a Lady | Steppin' Out With My Baby | The Best Is Yet to Come | Call Me Irresponsible | Poker Face | It Don't Mean a Thing (If It Ain't Got That Swing) | I Can't Give You Anything but Love, Baby | If I Had You | Do I Love You | Born This Way | Stupid Love | Sway | Rags to Riches | Mambo Italiano | 'O sole mio | Paparazzi | La Vie en rose | What a Difference a Day Makes | Bad Romance | Smile | Fly Me to the Moon | Theme From New York, New York",Lady Gaga Jazz & Piano,https://www.setlist.fm/setlist/lady-gaga/2023/dolby-live-at-park-mgm-las-vegas-nv-2ba2b096.html,Dolby Live at Park MGM,Headline,2023,9,2,02/09/2023Dolby Live at Park MGM
02/08/2012,Vinnie Caruana,,,https://www.setlist.fm/setlist/vinnie-caruana/2012/the-fighting-cocks-kingston-upon-thames-england-3dce5c3.html,The Fighting Cocks,Headline,2012,8,2,02/08/2012The Fighting Cocks
02/07/2003,Androids,NOT_FOUND,,,Concorde 2,Headline,2003,7,2,02/07/2003Concorde 2
02/06/2012,The Beach Boys,"Do It Again | Little Honda | Catch a Wave | Hawaii | Don't Back Down | Surfin' Safari | Surfer Girl | Please Let Me Wonder | Marcella | This Whole World | Then I Kissed Her | Disney Girls (1957) | In My Room | Kiss Me, Baby | Isn't It Time | Why Do Fools Fall in Love | When I Grow Up (to Be a Man) | Cotton Fields | Be True to Your School | Ballad of Ole' Betsy | Don't Worry Baby | Little Deuce Coupe | 409 | Shut Down | I Get Around | Add Some Music to Your Day | All This Is That | California Saga: California | Sloop John B | Wouldn't It Be Nice | I Just Wasn't Made for These Times | Sail On, Sailor | Heroes and Villains | That's Why God Made the Radio | Forever | God Only Knows | Good Vibrations | California Girls | Help Me, Rhonda | Rock and Roll Music | Do You Wanna Dance? | Surfin' U.S.A. | Kokomo | Barbara Ann | Fun, Fun, Fun",50th Anniversary Reunion Tour,https://www.setlist.fm/setlist/the-beach-boys/2012/hollywood-bowl-los-angeles-ca-5bdfe3b0.html,Hollywood Bowl,Headline,2012,6,2,02/06/2012Hollywood Bowl
02/06/2003,Brand New,,,https://www.setlist.fm/setlist/brand-new/2003/barfly-london-england-be1a58e.html,Barfly,Headline,2003,6,2,02/06/2003Barfly
02/05/2007,Kevin Devine,NOT_FOUND,,,93 Feet East,Headline,2007,5,2,02/05/200793 Feet East
02/03/2024,U2,Lemon Remix | Choral Intro | Zoo Station | The Fly | Even Better Than the Real Thing | Mysterious Ways | One | Until the End of the World | Who's Gonna Ride Your Wild Horses | Tryin' to Throw Your Arms Around the World | All I Want Is You | Desire | Angel of Harlem | Don't Dream It's Over | Acrobat | So Cruel | Ultraviolet (Light My Way) | Love Is Blindness | Viva Las Vegas | Elevation Remix | Elevation | Atomic City | Vertigo | Where the Streets Have No Name | With or Without You | Beautiful Day | 40 | Sky Saw,U2:UV Achtung Baby Live at Sphere,https://www.setlist.fm/setlist/u2/2024/sphere-at-the-venetian-resort-las-vegas-nv-4bad732e.html,Sphere at The Venetian Resort,Headline,2024,3,2,02/03/2024Sphere at The Venetian Resort
02/03/2002,Jason Donavon,NOT_FOUND,,,Warwick Student Union,Headline,2002,3,2,02/03/2002Warwick Student Union
02/02/2023,Rivers Cuomo,California Girls | Grapes of Wrath | Everybody Wants to Rule the World | I Want a Dog | Take On Me | Aloo Gobi | Buddy Holly | L.A. Girlz | Island in the Sun | Summer Elaine and Drunk Dori | HOMELY GIRL | California Girls,,https://www.setlist.fm/setlist/rivers-cuomo/2023/harvelles-santa-monica-ca-1bbd7d48.html,Harvelle's,Headline,2023,2,2,02/02/2023Harvelle's
02/02/2023,Seth Lakeman,NOT_FOUND,,https://www.setlist.fm/setlist/seth-lakeman/2023/chequer-mead-theatre-east-grinstead-england-3bbd1ca4.html,Chequer Mead Theatre,Headline,2023,2,2,02/02/2023Chequer Mead Theatre
01/12/2006,New Found Glory,All Downhill From Here | Understatement | Better Off Dead | Hold My Hand | Truth of My Youth | Sucker | On My Mind | Forget My Name | The Story So Far | Coming Home | Head On Collision | Glory of Love | I Don't Wanna Know | It's Not Your Fault | Hit or Miss | Too Good to Be | Failure's Not Flattering | Dressed to Kill | Intro | My Friends Over You,,https://www.setlist.fm/setlist/new-found-glory/2006/london-astoria-london-england-6bd58a02.html,Astoria,Headline,2006,12,1,01/12/2006Astoria
01/11/2017,Weezer,Say It Ain't So | El Scorcho | Mexican Fender | Undone - The Sweater Song | Happy Hour | Beverly Hills | Feels Like Summer | Buddy Holly | Island in the Sun,,https://www.setlist.fm/setlist/weezer/2017/amoeba-music-los-angeles-ca-13e3657d.html,Amoeba Music,Headline,2017,11,1,01/11/2017Amoeba Music
01/09/2023,Weezer,"My Name Is Jonas | Beverly Hills | Return to Ithaka | The Good Life | Pork and Beans | Pink Triangle | El Scorcho | You Gave Your Love to Me Softly | Blast Off! | Undone - The Sweater Song | Jamie | Susanne | Only in Dreams | The Greatest Man That Ever Lived (Variations on a Shaker Hymn) | Island in the Sun | Perfect Situation | All My Favorite Songs | Say It Ain't So | Run, Raven, Run | Hash Pipe | Thank You and Good Night | The Waste Land | Surf Wax America | Buddy Holly",Indie Rock Road Trip,https://www.setlist.fm/setlist/weezer/2023/bakkt-theater-las-vegas-nv-2ba2bc16.html,Bakkt Theater,Headline,2023,9,1,01/09/2023Bakkt Theater
01/08/2014,Weezer,My Name Is Jonas | Hash Pipe | Perfect Situation | Troublemaker | Island in the Sun | Beverly Hills | Dope Nose | Say It Ain't So | Back to the Shack | Surf Wax America | (If You're Wondering If I Want You To) I Want You To | Keep Fishin' | El Scorcho | Pork and Beans | Photograph | Song 2 | Undone - The Sweater Song | Buddy Holly,2014 Summer Tour,https://www.setlist.fm/setlist/weezer/2014/the-chelsea-las-vegas-nv-63cea203.html,The Chelsea,Headline,2014,8,1,01/08/2014The Chelsea
01/05/2018,The Fratellis,Henrietta | Starcrossed Losers | Baby Don't You Lie to Me! | Creepin' Up the Backstairs | Impostors (Little by Little) | Whistle for the Choir | Sugartown | For the Girl | I've Been Blind | Everybody Knows You Cried Last Night | Laughing Gas | Flathead | Thief | Ole Black 'n' Blue Eyes | Stand Up Tragedy | Too Much Wine | Baby Fratelli | A Heady Tale | I Am That | We Need Medicine | Chelsea Dagger | Runaround Sue,In Your Own Sweet Time Tour,https://www.setlist.fm/setlist/the-fratellis/2018/the-belasco-los-angeles-ca-1bec513c.html,The Belasco,Headline,2018,5,1,01/05/2018The Belasco
01/05/2005,Boysetsfire,Eviction Article | High Wire Escape Artist,Deconstruction Tour 2005,https://www.setlist.fm/setlist/boysetsfire/2005/london-astoria-london-england-63c972eb.html,Astoria,Festival,2005,5,1,01/05/2005Astoria
01/05/2005,Capdown,,Deconstruction Tour 2005,https://www.setlist.fm/setlist/capdown/2005/london-astoria-london-england-7bc972e8.html,Astoria,Festival,2005,5,1,01/05/2005Astoria
01/05/2005,From Autumn To Ashes,,Deconstruction Tour 2005,https://www.setlist.fm/setlist/from-autumn-to-ashes/2005/london-astoria-london-england-3380a4f9.html,Astoria,Festival,2005,5,1,01/05/2005Astoria
01/05/2005,Mad Caddies,,Deconstruction Tour 2005,https://www.setlist.fm/setlist/mad-caddies/2005/london-astoria-london-england-7bc972f0.html,Astoria,Festival,2005,5,1,01/05/2005Astoria
01/04/2016,Weezer,California Kids | L.A. Girlz | Do You Wanna Get High? | Slave | King of the World,White Album Tour,https://www.setlist.fm/setlist/weezer/2016/rough-trade-nyc-brooklyn-ny-7bf056e8.html,Rough Trade NYC,Headline,2016,4,1,01/04/2016Rough Trade NYC
01/03/2024,Madonna,It's a Celebration | Nothing Really Matters | Everybody | Into the Groove | Burning Up | Open Your Heart | Holiday | The Storm | Live to Tell | The Ritual | Like a Prayer | Living for Love | Erotica | Justify My Love | Hung Up | Bad Girl | Ballroom | Vogue | Human Nature | Crazy for You | The Beast Within | Die Another Day | Don't Tell Me | Mother and Father | Express Yourself | La Isla Bonita | Don't Cry for Me Argentina | Madonna | Bedtime Story | Ray of Light | Take a Bow | Billie Jean / Like a Virgin | Bitch I'm Madonna | Celebration,The Celebration Tour,https://www.setlist.fm/setlist/madonna/2024/t-mobile-arena-las-vegas-nv-7bad7ea8.html,T-Mobile Arena,Headline,2024,3,1,01/03/2024T-Mobile Arena
01/03/1997,Ash,Lose Control | Jack Names the Planets | T-Rex | Goldfinger | Darkside Lightside | Oh Yeah | Innocent Smile | Lost in You | Angel Interceptor | Uncle Pat | Girl From Mars | Hulk Hogan Bubblebath | Petrol | Get Ready | Kung Fu,Ashtoria Series,https://www.setlist.fm/setlist/ash/1997/london-astoria-london-england-6bdca6ca.html,Astoria,Headline,1997,3,1,01/03/1997Astoria
07/12/2025,Weezer,"My Name Is Jonas | Surf Wax America | The Good Life | Perfect Situation | Run, Raven, Run | Hash Pipe | Undone - The Sweater Song | Island in the Sun | Celebrity Skin | Beverly Hills | Pink Triangle | Jamie | El Scorcho | Pork and Beans | I Just Threw Out the Love of My Dreams | Say It Ain't So | Buddy Holly",,https://www.setlist.fm/setlist/weezer/2025/brisbane-showgrounds-brisbane-australia-b43c1fe.html,Brisbane Showgrounds,Headline,2025,12,07,07/12/2025Brisbane Showgrounds
06/12/2025,Weezer,My Name Is Jonas | Surf Wax America | The Good Life | Perfect Situation | Hash Pipe | Undone - The Sweater Song | Island in the Sun | Celebrity Skin | Beverly Hills | Pink Triangle | Jamie | El Scorcho | Pork and Beans | I Just Threw Out the Love of My Dreams | Say It Ain't So | Buddy Holly,,https://www.setlist.fm/setlist/weezer/2025/engie-stadium-sydney-australia-343c10b.html,ENGIE Stadium,Headline,2025,12,06,06/12/2025ENGIE Stadium
05/12/2025,Weezer,"My Name Is Jonas | Surf Wax America | The Good Life | Perfect Situation | Run, Raven, Run | Hash Pipe | Undone - The Sweater Song | Island in the Sun | Celebrity Skin | Beverly Hills | Pink Triangle | Jamie | El Scorcho | Pork and Beans | I Just Threw Out the Love of My Dreams | Say It Ain't So | Buddy Holly",,https://www.setlist.fm/setlist/weezer/2025/flemington-racecourse-melbourne-australia-b43c17a.html,Flemington Racecourse,Headline,2025,12,05,05/12/2025Flemington Racecourse
16/11/2025,Weezer,My Name Is Jonas | Dope Nose | No One Else | Perfect Situation | Hash Pipe | Surf Wax America | Undone - The Sweater Song | Island in the Sun | Celebrity Skin | Holiday | Why Bother? | In the Garage | Longtime Sunshine | Pink Triangle | Beverly Hills | I Just Threw Out the Love of My Dreams | Pork and Beans | Here's Where the Story Ends | El Scorcho | The Good Life | Say It Ain't So | Buddy Holly | I Know Very Well How I Got My Name,,https://www.setlist.fm/setlist/weezer/2025/autodromo-hermanos-rodriguez-mexico-city-mexico-33449cc1.html,Autódromo Hermanos Rodríguez,Headline,2025,11,16,16/11/2025Autódromo Hermanos Rodríguez
07/11/2025,Weezer,"My Name Is Jonas | Dope Nose | No One Else | Perfect Situation | Run, Raven, Run | Hash Pipe | Surf Wax America | Undone - The Sweater Song | Island in the Sun | Longtime Sunshine | In the Garage | Why Bother? | Holiday | Enter Sandman | You Gave Your Love to Me Softly | Pink Triangle | Devotion | Beverly Hills | I Just Threw Out the Love of My Dreams | Pork and Beans | The Good Life | Say It Ain't So | El Scorcho | Buddy Holly | Mama, I'm Coming Home",,https://www.setlist.fm/setlist/weezer/2025/ciudad-empresarial-santiago-chile-33458ca9.html,Ciudad Empresarial,Headline,2025,11,07,07/11/2025Ciudad Empresarial
05/11/2025,Weezer,"My Name Is Jonas | Dope Nose | No One Else | Perfect Situation | Run, Raven, Run | Hash Pipe | Surf Wax America | Undone - The Sweater Song | Island in the Sun | Holiday | In the Garage | Why Bother? | Enter Sandman | You Gave Your Love to Me Softly | Pink Triangle | Beverly Hills | I Just Threw Out the Love of My Dreams | Pork and Beans | El Scorcho | The Good Life | Say It Ain't So | Buddy Holly",,https://www.setlist.fm/setlist/weezer/2025/movistar-arena-buenos-aires-argentina-1b458d14.html,Movistar Arena,Headline,2025,11,05,05/11/2025Movistar Arena
02/11/2025,Weezer,"Sheraton Commander | My Name Is Jonas | Dope Nose | No One Else | Perfect Situation | Run, Raven, Run | Hash Pipe | Surf Wax America | Undone - The Sweater Song | Island in the Sun | Holiday | In the Garage | Why Bother? | You Gave Your Love to Me Softly | Pink Triangle | Beverly Hills | I Just Threw Out the Love of My Dreams | Pork and Beans | El Scorcho | The Good Life | Say It Ain't So | Buddy Holly",,https://www.setlist.fm/setlist/weezer/2025/parque-do-ibirapuera-sao-paulo-brazil-1345f96d.html,Parque do Ibirapuera,Headline,2025,11,02,02/11/2025Parque do Ibirapuera
19/10/2025,Weezer,My Name Is Jonas | Hash Pipe | Surf Wax America | Undone - The Sweater Song | Island in the Sun | Pink Triangle | Beverly Hills | I Just Threw Out the Love of My Dreams | In the Garage | Pork and Beans | El Scorcho | Say It Ain't So | Buddy Holly,,https://www.setlist.fm/setlist/weezer/2025/las-vegas-festival-grounds-las-vegas-nv-735bcafd.html,Las Vegas Festival Grounds,Headline,2025,10,19,19/10/2025Las Vegas Festival Grounds
18/10/2025,Weezer,My Name Is Jonas | Hash Pipe | Surf Wax America | Undone - The Sweater Song | Island in the Sun | Pink Triangle | Beverly Hills | I Just Threw Out the Love of My Dreams | Pork and Beans | Say It Ain't So | Buddy Holly,,https://www.setlist.fm/setlist/weezer/2025/las-vegas-festival-grounds-las-vegas-nv-351c50b.html,Las Vegas Festival Grounds,Headline,2025,10,18,18/10/2025Las Vegas Festival Grounds
28/09/2025,Weezer,"My Name Is Jonas | Dope Nose | No One Else | Perfect Situation | Run, Raven, Run | Hash Pipe | Surf Wax America | Undone - The Sweater Song | Island in the Sun | Holiday | In the Garage | Why Bother? | You Gave Your Love to Me Softly | Pink Triangle | Beverly Hills | I Just Threw Out the Love of My Dreams | Pork and Beans | El Scorcho | Enter Sandman | Say It Ain't So | Buddy Holly",,https://www.setlist.fm/setlist/weezer/2025/ocean-city-inlet-beach-ocean-city-md-435a6f1f.html,Ocean City Inlet Beach,Headline,2025,09,28,28/09/2025Ocean City Inlet Beach
20/09/2025,Weezer,"Blue Voyage Takeoff | Anonymous | Hash Pipe | Pork and Beans | Beverly Hills | Island in the Sun | Perfect Situation | Run, Raven, Run | Getchoo | Why Bother? | Pink Triangle | I Just Threw Out the Love of My Dreams | Blue Voyage Landing | My Name Is Jonas | No One Else | The World Has Turned and Left Me Here | Buddy Holly | Undone - The Sweater Song | Surf Wax America | Say It Ain't So | In the Garage | Holiday | Only in Dreams",The Voyage to the Blue Planet Tour,https://www.setlist.fm/setlist/weezer/2025/douglass-park-chicago-il-43469343.html,Douglass Park,Headline,2025,09,20,20/09/2025Douglass Park
10/09/2025,Weezer,Hash Pipe | My Name Is Jonas | Perfect Situation | Surf Wax America | Undone - The Sweater Song | Island in the Sun | Holiday | Africa | In the Garage | Why Bother? | You Gave Your Love to Me Softly | Pink Triangle | Beverly Hills | Everybody Wants to Rule the World | I Just Threw Out the Love of My Dreams | Pork and Beans | El Scorcho | Enter Sandman | The Good Life | Say It Ain't So | Buddy Holly,,https://www.setlist.fm/setlist/weezer/2025/mgm-music-hall-at-fenway-boston-ma-4b41b31a.html,MGM Music Hall at Fenway,Headline,2025,09,10,10/09/2025MGM Music Hall at Fenway
30/08/2025,Weezer,Hash Pipe | My Name Is Jonas | Dope Nose | Perfect Situation | Surf Wax America | Undone - The Sweater Song | Island in the Sun | Holiday | In the Garage | Why Bother? | You Gave Your Love to Me Softly | Pink Triangle | Beverly Hills | I Just Threw Out the Love of My Dreams | Pork and Beans | El Scorcho | The Good Life | Say It Ain't So | Buddy Holly,,https://www.setlist.fm/setlist/weezer/2025/fountain-stage-seattle-center-seattle-wa-1345d99d.html,"Fountain Stage, Seattle Center",Headline,2025,08,30,"30/08/2025Fountain Stage, Seattle Center"
20/07/2025,Weezer,Anonymous | Hash Pipe | My Name Is Jonas | Dope Nose | No One Else | Perfect Situation | Surf Wax America | Undone - The Sweater Song | Island in the Sun | Holiday | In the Garage | Why Bother? | Africa | You Gave Your Love to Me Softly | Pink Triangle | Beverly Hills | I Just Threw Out the Love of My Dreams | Pork and Beans | El Scorcho | The Good Life | Only in Dreams | Say It Ain't So | Buddy Holly,,https://www.setlist.fm/setlist/weezer/2025/harrahs-stir-cove-council-bluffs-ia-335b006d.html,Harrah's Stir Cove,Headline,2025,07,20,20/07/2025Harrah's Stir Cove
19/07/2025,Weezer,Hash Pipe | My Name Is Jonas | Dope Nose | No One Else | Perfect Situation | Surf Wax America | Undone - The Sweater Song | Island in the Sun | Holiday | In the Garage | Why Bother? | You Gave Your Love to Me Softly | Pink Triangle | Beverly Hills | I Just Threw Out the Love of My Dreams | Pork and Beans | El Scorcho | The Good Life | Say It Ain't So | Buddy Holly,,https://www.setlist.fm/setlist/weezer/2025/harriet-island-regional-park-st-paul-mn-b5aa90a.html,Harriet Island Regional Park,Headline,2025,07,19,19/07/2025Harriet Island Regional Park
12/07/2025,Weezer,Anonymous | Hash Pipe | My Name Is Jonas | Dope Nose | No One Else | Perfect Situation | Surf Wax America | Undone - The Sweater Song | Island in the Sun | Holiday | In the Garage | Why Bother? | The World Has Turned and Left Me Here | You Gave Your Love to Me Softly | Pink Triangle | Beverly Hills | Pork and Beans | El Scorcho | The Good Life | Only in Dreams | Say It Ain't So | Buddy Holly,,https://www.setlist.fm/setlist/weezer/2025/edmonton-exhibition-lands-racetrack-infield-edmonton-ab-canada-435a0b37.html,Edmonton Exhibition Lands Racetrack Infield,Headline,2025,07,12,12/07/2025Edmonton Exhibition Lands Racetrack Infield
10/07/2025,Weezer,Hash Pipe | My Name Is Jonas | Dope Nose | No One Else | Perfect Situation | Surf Wax America | Undone - The Sweater Song | Island in the Sun | Holiday | In the Garage | Why Bother? | The World Has Turned and Left Me Here | You Gave Your Love to Me Softly | Pink Triangle | Beverly Hills | I Just Threw Out the Love of My Dreams | Pork and Beans | El Scorcho | The Good Life | Say It Ain't So | Buddy Holly,2025 EU/UK Tour,https://www.setlist.fm/setlist/weezer/2025/iberdrola-music-madrid-spain-735d0619.html,Iberdrola Music,Headline,2025,07,10,10/07/2025Iberdrola Music
09/07/2025,Weezer,Susanne,,https://www.setlist.fm/setlist/weezer/2025/razzmatazz-barcelona-spain-6b457206.html,Razzmatazz,Headline,2025,07,09,09/07/2025Razzmatazz
06/07/2025,Weezer,Anonymous | Hash Pipe | My Name Is Jonas | Dope Nose | No One Else | Perfect Situation | Surf Wax America | Undone - The Sweater Song | Island in the Sun | Holiday | In the Garage | Why Bother? | The World Has Turned and Left Me Here | You Gave Your Love to Me Softly | Pink Triangle | Beverly Hills | I Just Threw Out the Love of My Dreams | Pork and Beans | El Scorcho | The Good Life | Only in Dreams | Say It Ain't So | Buddy Holly,2025 EU/UK Tour,https://www.setlist.fm/setlist/weezer/2025/le-zenith-paris-france-2b5e8c7e.html,Le Zénith,Headline,2025,07,06,06/07/2025Le Zénith
04/07/2025,Weezer,Hash Pipe | My Name Is Jonas | Dope Nose | No One Else | Perfect Situation | Surf Wax America | Undone - The Sweater Song | Island in the Sun | Holiday | Why Bother? | Beverly Hills | Pork and Beans | El Scorcho | You Gave Your Love to Me Softly | The Good Life | Say It Ain't So | Buddy Holly,2025 EU/UK Tour,https://www.setlist.fm/setlist/weezer/2025/main-stage-werchter-belgium-435a33b7.html,Main Stage,Headline,2025,07,04,04/07/2025Main Stage
02/07/2025,Weezer,Anonymous | Hash Pipe | My Name Is Jonas | Dope Nose | No One Else | Perfect Situation | Surf Wax America | Undone - The Sweater Song | Island in the Sun | Holiday | In the Garage | Why Bother? | Pink Triangle | Beverly Hills | I Just Threw Out the Love of My Dreams | Pork and Beans | El Scorcho | You Gave Your Love to Me Softly | The Good Life | Only in Dreams | Say It Ain't So | Buddy Holly,2025 EU/UK Tour,https://www.setlist.fm/setlist/weezer/2025/trinity-college-dublin-dublin-ireland-1b5e8d84.html,Trinity College Dublin,Headline,2025,07,02,02/07/2025Trinity College Dublin
30/06/2025,Weezer,"Anonymous | Hash Pipe | My Name Is Jonas | Dope Nose | No One Else | Perfect Situation | Run, Raven, Run | Getchoo | Surf Wax America | Undone - The Sweater Song | Island in the Sun | Holiday | In the Garage | Pink Triangle | Beverly Hills | Why Bother? | Pork and Beans | El Scorcho | The Good Life | Only in Dreams | Say It Ain't So | Buddy Holly",2025 EU/UK Tour,https://www.setlist.fm/setlist/weezer/2025/the-piece-hall-halifax-england-6b5e8ad6.html,The Piece Hall,Headline,2025,06,30,30/06/2025The Piece Hall
29/06/2025,Weezer,Hash Pipe | My Name Is Jonas | Dope Nose | No One Else | Perfect Situation | Surf Wax America | Undone - The Sweater Song | Island in the Sun | Holiday | Beverly Hills | Why Bother? | Pork and Beans | El Scorcho | The Good Life | Say It Ain't So | Buddy Holly,2025 EU/UK Tour,https://www.setlist.fm/setlist/weezer/2025/crystal-palace-park-london-england-4b51775e.html,Crystal Palace Park,Headline,2025,06,29,29/06/2025Crystal Palace Park
28/06/2025,Weezer,Hash Pipe | My Name Is Jonas | Dope Nose | No One Else | Perfect Situation | Surf Wax America | Undone - The Sweater Song | Island in the Sun | Holiday | Beverly Hills | Why Bother? | You Gave Your Love to Me Softly | Pork and Beans | The Good Life | Say It Ain't So | Buddy Holly,2025 EU/UK Tour,https://www.setlist.fm/setlist/weezer/2025/worthy-farm-pilton-england-4b5b676a.html,Worthy Farm,Headline,2025,06,28,28/06/2025Worthy Farm
26/06/2025,Weezer,Hash Pipe | My Name Is Jonas | Dope Nose | No One Else | Perfect Situation | Surf Wax America | Undone - The Sweater Song | Island in the Sun | Holiday | In the Garage | Why Bother? | You Gave Your Love to Me Softly | The Good Life | Beverly Hills | Pork and Beans | El Scorcho | Say It Ain't So | Buddy Holly,2025 EU/UK Tour,https://www.setlist.fm/setlist/weezer/2025/ekebergsletta-oslo-norway-4b5e8f5a.html,Ekebergsletta,Headline,2025,06,26,26/06/2025Ekebergsletta
24/06/2025,Weezer,Hash Pipe | My Name Is Jonas | No One Else | Perfect Situation | Surf Wax America | Undone - The Sweater Song | Island in the Sun | Holiday | In the Garage | Why Bother? | You Gave Your Love to Me Softly | The Good Life | Say It Ain't So | Pork and Beans | El Scorcho | Only in Dreams | Beverly Hills | Buddy Holly,2025 EU/UK Tour,https://www.setlist.fm/setlist/weezer/2025/gardet-stockholm-sweden-1b5e8d18.html,Gärdet,Headline,2025,06,24,24/06/2025Gärdet
22/06/2025,Weezer,"Anonymous | Dope Nose | Hash Pipe | My Name Is Jonas | No One Else | Perfect Situation | Run, Raven, Run | Getchoo | Surf Wax America | Undone - The Sweater Song | Island in the Sun | Holiday | In the Garage | Why Bother? | You Gave Your Love to Me Softly | The Good Life | Say It Ain't So | Pork and Beans | Pink Triangle | El Scorcho | Only in Dreams | Beverly Hills | Buddy Holly",2025 EU/UK Tour,https://www.setlist.fm/setlist/weezer/2025/store-vega-copenhagen-denmark-b4459d6.html,Store Vega,Headline,2025,06,22,22/06/2025Store Vega
20/06/2025,Weezer,Hash Pipe | My Name Is Jonas | Pork and Beans | Perfect Situation | Island in the Sun | Undone - The Sweater Song | Holiday | Africa | Surf Wax America | The Good Life | You Gave Your Love to Me Softly | Beverly Hills | Say It Ain't So | Buddy Holly,2025 EU/UK Tour,https://www.setlist.fm/setlist/weezer/2025/megaland-landgraaf-netherlands-7b5e2664.html,Megaland,Headline,2025,06,20,20/06/2025Megaland
19/06/2025,Weezer,"Anonymous | Dope Nose | Hash Pipe | My Name Is Jonas | No One Else | Perfect Situation | Run, Raven, Run | Getchoo | Surf Wax America | Undone - The Sweater Song | Island in the Sun | Holiday | In the Garage | Why Bother? | You Gave Your Love to Me Softly | The Good Life | Say It Ain't So | Pork and Beans | Pink Triangle | El Scorcho | Only in Dreams | Beverly Hills | Buddy Holly",2025 EU/UK Tour,https://www.setlist.fm/setlist/weezer/2025/alsterdorfer-sporthalle-hamburg-germany-b5e8d9a.html,Alsterdorfer Sporthalle,Headline,2025,06,19,19/06/2025Alsterdorfer Sporthalle
17/06/2025,Weezer,"Anonymous | Dope Nose | Hash Pipe | My Name Is Jonas | No One Else | Perfect Situation | Run, Raven, Run | Getchoo | Surf Wax America | Undone - The Sweater Song | Island in the Sun | Holiday | In the Garage | Why Bother? | You Gave Your Love to Me Softly | The Good Life | Say It Ain't So | Pork and Beans | Pink Triangle | Across the Sea | Only in Dreams | Beverly Hills | Buddy Holly",2025 EU/UK Tour,https://www.setlist.fm/setlist/weezer/2025/halle-622-zurich-switzerland-1b5e8da0.html,Halle 622,Headline,2025,06,17,17/06/2025Halle 622
15/06/2025,Weezer,Hash Pipe | My Name Is Jonas | Surf Wax America | Undone - The Sweater Song | Island in the Sun | Perfect Situation | Holiday | You Gave Your Love to Me Softly | The Good Life | Only in Dreams | Pork and Beans | No One Else | Say It Ain't So | Beverly Hills | Buddy Holly,2025 EU/UK Tour,https://www.setlist.fm/setlist/weezer/2025/visarno-arena-firenze-florence-italy-2b5f0012.html,Visarno Arena Firenze,Headline,2025,06,15,15/06/2025Visarno Arena Firenze
13/06/2025,Weezer,Hash Pipe | My Name Is Jonas | Perfect Situation | Surf Wax America | Undone - The Sweater Song | Island in the Sun | Why Bother? | Holiday | In the Garage | You Gave Your Love to Me Softly | The Good Life | Only in Dreams | Pork and Beans | Across the Sea | Say It Ain't So | Beverly Hills | Buddy Holly,2025 EU/UK Tour,https://www.setlist.fm/setlist/weezer/2025/apex-stage-castle-donington-england-3b5edc78.html,Apex Stage,Headline,2025,06,13,13/06/2025Apex Stage
10/06/2025,Weezer,"Anonymous | Dope Nose | Hash Pipe | My Name Is Jonas | No One Else | Perfect Situation | Run, Raven, Run | Getchoo | Surf Wax America | Undone - The Sweater Song | Island in the Sun | Holiday | In the Garage | Why Bother? | You Gave Your Love to Me Softly | The Good Life | Say It Ain't So | Pork and Beans | Pink Triangle | Africa | Across the Sea | Only in Dreams | Beverly Hills | Buddy Holly",2025 EU/UK Tour,https://www.setlist.fm/setlist/weezer/2025/columbiahalle-berlin-germany-b5e8dae.html,Columbiahalle,Headline,2025,06,10,10/06/2025Columbiahalle
08/06/2025,Weezer,Hash Pipe | My Name Is Jonas | Dope Nose | Island in the Sun | Holiday | Undone - The Sweater Song | Pork and Beans | Why Bother? | Perfect Situation | Surf Wax America | No One Else | You Gave Your Love to Me Softly | Beverly Hills | Say It Ain't So | Buddy Holly,2025 EU/UK Tour,https://www.setlist.fm/setlist/weezer/2025/utopia-stage-nuremberg-germany-6346c673.html,Utopia Stage,Headline,2025,06,08,08/06/2025Utopia Stage
06/06/2025,Weezer,Hash Pipe | My Name Is Jonas | Dope Nose | Island in the Sun | Holiday | Undone - The Sweater Song | Pork and Beans | Why Bother? | Perfect Situation | Surf Wax America | No One Else | You Gave Your Love to Me Softly | Beverly Hills | Say It Ain't So | Buddy Holly,2025 EU/UK Tour,https://www.setlist.fm/setlist/weezer/2025/utopia-stage-nurburg-germany-435fdf3b.html,Utopia Stage,Headline,2025,06,06,06/06/2025Utopia Stage
05/06/2025,Weezer,Hash Pipe | My Name Is Jonas | Pork and Beans | Perfect Situation | Island in the Sun | Undone - The Sweater Song | Holiday | Surf Wax America | Why Bother? | Africa | You Gave Your Love to Me Softly | Dope Nose | Beverly Hills | Say It Ain't So | Buddy Holly,2025 EU/UK Tour,https://www.setlist.fm/setlist/weezer/2025/eskelunden-aarhus-denmark-4b44a72e.html,Eskelunden,Headline,2025,06,05,05/06/2025Eskelunden
24/05/2025,Weezer,Anonymous | Dope Nose | Hash Pipe | Pork and Beans | Beverly Hills | Island in the Sun | Perfect Situation | Getchoo | Why Bother? | Pink Triangle | Across the Sea | My Name Is Jonas | No One Else | The World Has Turned and Left Me Here | Buddy Holly | Undone - The Sweater Song | Surf Wax America | Say It Ain't So | In the Garage | Holiday | Only in Dreams,The Voyage to the Blue Planet Tour,https://www.setlist.fm/setlist/weezer/2025/mizner-park-amphitheater-boca-raton-fl-5b59e718.html,Mizner Park Amphitheater,Headline,2025,05,24,24/05/2025Mizner Park Amphitheater
17/05/2025,Weezer,Anonymous | Dope Nose | Hash Pipe | Pork and Beans | Beverly Hills | Island in the Sun | Perfect Situation | Getchoo | Why Bother? | Pink Triangle | You Gave Your Love to Me Softly | Across the Sea | My Name Is Jonas | No One Else | The World Has Turned and Left Me Here | Buddy Holly | Undone - The Sweater Song | Surf Wax America | Say It Ain't So | In the Garage | Holiday | Only in Dreams,The Voyage to the Blue Planet Tour,https://www.setlist.fm/setlist/weezer/2025/utah-state-fairpark-salt-lake-city-ut-135fe5b1.html,Utah State Fairpark,Headline,2025,05,17,17/05/2025Utah State Fairpark
03/05/2025,Weezer,Anonymous | Dope Nose | Hash Pipe | Pork and Beans | Beverly Hills | Island in the Sun | Perfect Situation | Getchoo | Why Bother? | Pink Triangle | Across the Sea | My Name Is Jonas | No One Else | The World Has Turned and Left Me Here | Buddy Holly | Undone - The Sweater Song | Surf Wax America | Say It Ain't So | In the Garage | Holiday | Only in Dreams,The Voyage to the Blue Planet Tour,https://www.setlist.fm/setlist/weezer/2025/uptown-charlotte-nc-3b5ac8bc.html,Uptown,Headline,2025,05,03,03/05/2025Uptown
12/04/2025,Weezer,My Name Is Jonas | Hash Pipe | Pork and Beans | Undone - The Sweater Song | Island in the Sun | The Good Life | Perfect Situation | Surf Wax America | Beverly Hills | Enter Sandman | Say It Ain't So | Buddy Holly,,https://www.setlist.fm/setlist/weezer/2025/empire-polo-club-indio-ca-b59f9ae.html,Empire Polo Club,Headline,2025,04,12,12/04/2025Empire Polo Club
08/01/2025,Weezer,"Anonymous | Return to Ithaka | Dope Nose | Hash Pipe | Pork and Beans | Beverly Hills | Island in the Sun | Burndt Jamb | Perfect Situation | Run, Raven, Run | Getchoo | Why Bother? | Pink Triangle | Falling for You | You Gave Your Love to Me Softly | Across the Sea | My Name Is Jonas | No One Else | The World Has Turned and Left Me Here | Buddy Holly | Undone - The Sweater Song | Surf Wax America | Say It Ain't So | In the Garage | Holiday | Only in Dreams",The Voyage to the Blue Planet Tour,https://www.setlist.fm/setlist/weezer/2025/aichi-ken-geijutsu-gekijou-nagoya-japan-63528ec3.html,Aichi-ken Geijutsu Gekijou,Headline,2025,01,08,08/01/2025Aichi-ken Geijutsu Gekijou
07/01/2025,Weezer,"Anonymous | Return to Ithaka | Dope Nose | Hash Pipe | Pork and Beans | Beverly Hills | Island in the Sun | Burndt Jamb | Perfect Situation | Run, Raven, Run | Getchoo | Why Bother? | Pink Triangle | The Good Life | You Gave Your Love to Me Softly | Across the Sea | My Name Is Jonas | No One Else | The World Has Turned and Left Me Here | Buddy Holly | Undone - The Sweater Song | Surf Wax America | Say It Ain't So | In the Garage | Holiday | Only in Dreams",The Voyage to the Blue Planet Tour,https://www.setlist.fm/setlist/weezer/2025/zepp-osaka-bayside-osaka-japan-6b528ece.html,Zepp Osaka Bayside,Headline,2025,01,07,07/01/2025Zepp Osaka Bayside
05/01/2025,Weezer,Anonymous | Dope Nose | Pork and Beans | Beverly Hills | Island in the Sun | You Gave Your Love to Me Softly | Perfect Situation | Getchoo | Why Bother? | Pink Triangle | Across the Sea | My Name Is Jonas | Buddy Holly | Undone - The Sweater Song | Surf Wax America | Say It Ain't So | In the Garage | Holiday | Only in Dreams,The Voyage to the Blue Planet Tour,https://www.setlist.fm/setlist/weezer/2025/hall-7-8-chiba-japan-b53b5e2.html,Hall 7-8,Headline,2025,01,05,05/01/2025Hall 7-8
13/12/2024,Weezer,Beverly Hills,,https://www.setlist.fm/setlist/weezer/2024/moon-palace-cancun-resort-cancun-mexico-6b5dbe8a.html,Moon Palace Cancun Resort,Headline,2024,12,13,13/12/2024Moon Palace Cancun Resort
05/12/2024,Weezer,"Anonymous | Dope Nose | Hash Pipe | Pork and Beans | Beverly Hills | Island in the Sun | Perfect Situation | Run, Raven, Run | Getchoo | Why Bother? | Pink Triangle | You Gave Your Love to Me Softly | My Name Is Jonas | No One Else | Buddy Holly | Undone - The Sweater Song | Surf Wax America | Say It Ain't So | Only in Dreams",,https://www.setlist.fm/setlist/weezer/2024/las-vegas-festival-grounds-las-vegas-nv-735eb2c9.html,Las Vegas Festival Grounds,Headline,2024,12,05,05/12/2024Las Vegas Festival Grounds
16/11/2024,Weezer,Anonymous | Dope Nose | Hash Pipe | Pork and Beans | Beverly Hills | Island in the Sun | Perfect Situation | Getchoo | Why Bother? | Pink Triangle | You Gave Your Love to Me Softly | My Name Is Jonas | No One Else | Buddy Holly | Undone - The Sweater Song | Surf Wax America | Say It Ain't So | Holiday | Only in Dreams,The Voyage to the Blue Planet Tour,https://www.setlist.fm/setlist/weezer/2024/chase-field-phoenix-az-2b53e4ea.html,Chase Field,Headline,2024,11,16,16/11/2024Chase Field
12/10/2024,Weezer,"Anonymous | Return to Ithaka | Dope Nose | Hash Pipe | Pork and Beans | Beverly Hills | Island in the Sun | Burndt Jamb | Perfect Situation | Run, Raven, Run | Getchoo | Why Bother? | Pink Triangle | You Gave Your Love to Me Softly | Across the Sea | My Name Is Jonas | No One Else | The World Has Turned and Left Me Here | Buddy Holly | Undone - The Sweater Song | Surf Wax America | Say It Ain't So | In the Garage | Holiday | Only in Dreams",The Voyage to the Blue Planet Tour,https://www.setlist.fm/setlist/weezer/2024/acrisure-arena-thousand-palms-ca-33573419.html,Acrisure Arena,Headline,2024,10,12,12/10/2024Acrisure Arena
11/10/2024,Weezer,"Anonymous | Return to Ithaka | Dope Nose | Hash Pipe | Pork and Beans | Beverly Hills | Island in the Sun | Burndt Jamb | Perfect Situation | Run, Raven, Run | Getchoo | Why Bother? | Pink Triangle | You Gave Your Love to Me Softly | Across the Sea | My Name Is Jonas | No One Else | The World Has Turned and Left Me Here | Buddy Holly | Undone - The Sweater Song | Surf Wax America | Say It Ain't So | In the Garage | Holiday | Only in Dreams",The Voyage to the Blue Planet Tour,https://www.setlist.fm/setlist/weezer/2024/intuit-dome-inglewood-ca-1bab9d78.html,Intuit Dome,Headline,2024,10,11,11/10/2024Intuit Dome
09/10/2024,Weezer,"Anonymous | Return to Ithaka | Dope Nose | Hash Pipe | Pork and Beans | Beverly Hills | Island in the Sun | Burndt Jamb | Perfect Situation | Run, Raven, Run | Getchoo | Why Bother? | Pink Triangle | You Gave Your Love to Me Softly | Across the Sea | My Name Is Jonas | No One Else | The World Has Turned and Left Me Here | Buddy Holly | Undone - The Sweater Song | Surf Wax America | Say It Ain't So | In the Garage | Holiday | Only in Dreams",The Voyage to the Blue Planet Tour,https://www.setlist.fm/setlist/weezer/2024/chase-center-san-francisco-ca-7baba284.html,Chase Center,Headline,2024,10,09,09/10/2024Chase Center
08/10/2024,Weezer,"Anonymous | Return to Ithaka | Dope Nose | Hash Pipe | Pork and Beans | Beverly Hills | Island in the Sun | Burndt Jamb | Perfect Situation | Run, Raven, Run | Getchoo | Why Bother? | Pink Triangle | You Gave Your Love to Me Softly | Across the Sea | My Name Is Jonas | No One Else | The World Has Turned and Left Me Here | Buddy Holly | Undone - The Sweater Song | Surf Wax America | Say It Ain't So | In the Garage | Holiday | Only in Dreams",The Voyage to the Blue Planet Tour,https://www.setlist.fm/setlist/weezer/2024/golden-1-center-sacramento-ca-7baba280.html,Golden 1 Center,Headline,2024,10,08,08/10/2024Golden 1 Center
06/10/2024,Weezer,"Blue Voyage Takeoff | Anonymous | Return to Ithaka | Dope Nose | Hash Pipe | Pork and Beans | Beverly Hills | Island in the Sun | Burndt Jamb | Perfect Situation | Run, Raven, Run | Getchoo | Why Bother? | Pink Triangle | You Gave Your Love to Me Softly | Across the Sea | Blue Voyage Landing | My Name Is Jonas | No One Else | The World Has Turned and Left Me Here | Buddy Holly | Undone - The Sweater Song | Surf Wax America | Say It Ain't So | In the Garage | Holiday | Only in Dreams | Voyage to the Blue Planet Credits",The Voyage to the Blue Planet Tour,https://www.setlist.fm/setlist/weezer/2024/moda-center-portland-or-6baba282.html,Moda Center,Headline,2024,10,06,06/10/2024Moda Center
05/10/2024,Weezer,"Anonymous | Return to Ithaka | Dope Nose | Hash Pipe | Pork and Beans | Beverly Hills | Island in the Sun | Burndt Jamb | Perfect Situation | Run, Raven, Run | Getchoo | Why Bother? | Pink Triangle | You Gave Your Love to Me Softly | Across the Sea | My Name Is Jonas | No One Else | The World Has Turned and Left Me Here | Buddy Holly | Undone - The Sweater Song | Surf Wax America | Say It Ain't So | In the Garage | Holiday | Only in Dreams",The Voyage to the Blue Planet Tour,https://www.setlist.fm/setlist/weezer/2024/rogers-arena-vancouver-bc-canada-63aba283.html,Rogers Arena,Headline,2024,10,05,05/10/2024Rogers Arena
04/10/2024,Weezer,"Blue Voyage Takeoff | Anonymous | Return to Ithaka | Dope Nose | Hash Pipe | Pork and Beans | Beverly Hills | Island in the Sun | Burndt Jamb | Perfect Situation | Run, Raven, Run | Getchoo | Why Bother? | Pink Triangle | You Gave Your Love to Me Softly | Across the Sea | My Name Is Jonas | No One Else | The World Has Turned and Left Me Here | Buddy Holly | Undone - The Sweater Song | Surf Wax America | Say It Ain't So | In the Garage | Holiday | Only in Dreams | Voyage to the Blue Planet Credits",The Voyage to the Blue Planet Tour,https://www.setlist.fm/setlist/weezer/2024/climate-pledge-arena-seattle-wa-63aba29f.html,Climate Pledge Arena,Headline,2024,10,04,04/10/2024Climate Pledge Arena
01/10/2024,Weezer,Blue Voyage Takeoff | Anonymous | Return to Ithaka | Dope Nose | Hash Pipe | Pork and Beans | Beverly Hills | Island in the Sun | Burndt Jamb | Perfect Situation | Getchoo | Why Bother? | Pink Triangle | You Gave Your Love to Me Softly | Across the Sea | Blue Voyage Landing | My Name Is Jonas | No One Else | The World Has Turned and Left Me Here | Buddy Holly | Undone - The Sweater Song | Surf Wax America | Say It Ain't So | In the Garage | Holiday | Only in Dreams | Voyage to the Blue Planet Credits,The Voyage to the Blue Planet Tour,https://www.setlist.fm/setlist/weezer/2024/blue-arena-loveland-co-63aba2a7.html,Blue Arena,Headline,2024,10,01,01/10/2024Blue Arena
29/09/2024,Weezer,"Anonymous | Return to Ithaka | Dope Nose | Hash Pipe | Pork and Beans | Burndt Jamb | Beverly Hills | Island in the Sun | Perfect Situation | Run, Raven, Run | Getchoo | Why Bother? | Pink Triangle | You Gave Your Love to Me Softly | Across the Sea | My Name Is Jonas | No One Else | The World Has Turned and Left Me Here | Buddy Holly | Undone - The Sweater Song | Surf Wax America | Say It Ain't So | In the Garage | Holiday | Only in Dreams",The Voyage to the Blue Planet Tour,https://www.setlist.fm/setlist/weezer/2024/american-airlines-center-dallas-tx-73aba2ad.html,American Airlines Center,Headline,2024,09,29,29/09/2024American Airlines Center
28/09/2024,Weezer,"Blue Voyage Takeoff | Anonymous | Return to Ithaka | Dope Nose | Hash Pipe | Pork and Beans | Beverly Hills | Island in the Sun | Any Friend of Diane's | Perfect Situation | Run, Raven, Run | Getchoo | Why Bother? | Pink Triangle | You Gave Your Love to Me Softly | Across the Sea | Blue Voyage Landing | My Name Is Jonas | No One Else | The World Has Turned and Left Me Here | Buddy Holly | Undone - The Sweater Song | Surf Wax America | Say It Ain't So | In the Garage | Holiday | Only in Dreams | Voyage to the Blue Planet Credits",The Voyage to the Blue Planet Tour,https://www.setlist.fm/setlist/weezer/2024/toyota-center-houston-tx-63aba2af.html,Toyota Center,Headline,2024,09,28,28/09/2024Toyota Center
27/09/2024,Weezer,"Blue Voyage Takeoff | Anonymous | Return to Ithaka | Dope Nose | Hash Pipe | Pork and Beans | Beverly Hills | Island in the Sun | All My Favorite Songs | Perfect Situation | Run, Raven, Run | Getchoo | Why Bother? | Pink Triangle | You Gave Your Love to Me Softly | Across the Sea | Blue Voyage Landing | My Name Is Jonas | No One Else | The World Has Turned and Left Me Here | Buddy Holly | Undone - The Sweater Song | Surf Wax America | Say It Ain't So | In the Garage | Holiday | Only in Dreams | Voyage to the Blue Planet Credits",The Voyage to the Blue Planet Tour,https://www.setlist.fm/setlist/weezer/2024/moody-center-austin-tx-6baba2aa.html,Moody Center,Headline,2024,09,27,27/09/2024Moody Center
21/09/2024,Weezer,"Blue Voyage Takeoff | Anonymous | Return to Ithaka | Dope Nose | Hash Pipe | Pork and Beans | Beverly Hills | Island in the Sun | I Just Threw Out the Love of My Dreams | Perfect Situation | Run, Raven, Run | Getchoo | Why Bother? | Pink Triangle | You Gave Your Love to Me Softly | Across the Sea | Blue Voyage Landing | My Name Is Jonas | No One Else | The World Has Turned and Left Me Here | Buddy Holly | Undone - The Sweater Song | Surf Wax America | Say It Ain't So | In the Garage | Holiday | Only in Dreams | Voyage to the Blue Planet Credits",The Voyage to the Blue Planet Tour,https://www.setlist.fm/setlist/weezer/2024/hard-rock-live-hollywood-fl-7baba2b0.html,Hard Rock Live,Headline,2024,09,21,21/09/2024Hard Rock Live
20/09/2024,Weezer,"Blue Voyage Takeoff | Anonymous | Return to Ithaka | Dope Nose | Hash Pipe | Pork and Beans | Beverly Hills | Island in the Sun | Burndt Jamb | Perfect Situation | Run, Raven, Run | Getchoo | Why Bother? | Pink Triangle | You Gave Your Love to Me Softly | Across the Sea | Blue Voyage Landing | My Name Is Jonas | No One Else | The World Has Turned and Left Me Here | Buddy Holly | Undone - The Sweater Song | Surf Wax America | Say It Ain't So | In the Garage | Holiday | Only in Dreams | Voyage to the Blue Planet Credits",The Voyage to the Blue Planet Tour,https://www.setlist.fm/setlist/weezer/2024/kia-center-orlando-fl-63aba2bf.html,Kia Center,Headline,2024,09,20,20/09/2024Kia Center
18/09/2024,Weezer,"Blue Voyage Takeoff | Anonymous | Return to Ithaka | Dope Nose | Hash Pipe | Pork and Beans | Beverly Hills | Island in the Sun | Any Friend of Diane's | Perfect Situation | Run, Raven, Run | Getchoo | Why Bother? | Pink Triangle | You Gave Your Love to Me Softly | Across the Sea | Blue Voyage Landing | My Name Is Jonas | No One Else | The World Has Turned and Left Me Here | Buddy Holly | Undone - The Sweater Song | Surf Wax America | Say It Ain't So | In the Garage | Holiday | Only in Dreams | Voyage to the Blue Planet Credits",The Voyage to the Blue Planet Tour,https://www.setlist.fm/setlist/weezer/2024/bon-secours-wellness-arena-greenville-sc-73aba2c5.html,Bon Secours Wellness Arena,Headline,2024,09,18,18/09/2024Bon Secours Wellness Arena
17/09/2024,Weezer,"Blue Voyage Takeoff | Anonymous | Return to Ithaka | Dope Nose | Hash Pipe | Pork and Beans | Beverly Hills | All My Favorite Songs | Island in the Sun | I Just Threw Out the Love of My Dreams | Perfect Situation | Run, Raven, Run | Getchoo | Why Bother? | Pink Triangle | You Gave Your Love to Me Softly | Across the Sea | Blue Voyage Landing | My Name Is Jonas | No One Else | The World Has Turned and Left Me Here | Buddy Holly | Undone - The Sweater Song | Surf Wax America | Say It Ain't So | In the Garage | Holiday | Only in Dreams | Voyage to the Blue Planet Credits",The Voyage to the Blue Planet Tour,https://www.setlist.fm/setlist/weezer/2024/bridgestone-arena-nashville-tn-73aba2cd.html,Bridgestone Arena,Headline,2024,09,17,17/09/2024Bridgestone Arena
15/09/2024,Weezer,"Blue Voyage Takeoff | Anonymous | Return to Ithaka | Dope Nose | Hash Pipe | Pork and Beans | Beverly Hills | All My Favorite Songs | Island in the Sun | I Just Threw Out the Love of My Dreams | Perfect Situation | Run, Raven, Run | Getchoo | Why Bother? | Pink Triangle | You Gave Your Love to Me Softly | Across the Sea | Blue Voyage Landing | My Name Is Jonas | No One Else | The World Has Turned and Left Me Here | Buddy Holly | Undone - The Sweater Song | Surf Wax America | Say It Ain't So | In the Garage | Holiday | Only in Dreams | Voyage to the Blue Planet Credits",The Voyage to the Blue Planet Tour,https://www.setlist.fm/setlist/weezer/2024/the-anthem-washington-dc-63aba2cb.html,The Anthem,Headline,2024,09,15,15/09/2024The Anthem
14/09/2024,Weezer,"Blue Voyage Takeoff | Anonymous | Return to Ithaka | Dope Nose | Hash Pipe | Pork and Beans | Beverly Hills | Burndt Jamb | Island in the Sun | Any Friend of Diane's | Perfect Situation | Run, Raven, Run | Getchoo | Why Bother? | Pink Triangle | You Gave Your Love to Me Softly | Across the Sea | Blue Voyage Landing | My Name Is Jonas | No One Else | The World Has Turned and Left Me Here | Buddy Holly | Undone - The Sweater Song | Surf Wax America | Say It Ain't So | In the Garage | Holiday | Only in Dreams | Voyage to the Blue Planet Credits",The Voyage to the Blue Planet Tour,https://www.setlist.fm/setlist/weezer/2024/the-anthem-washington-dc-6baba2d2.html,The Anthem,Headline,2024,09,14,14/09/2024The Anthem
13/09/2024,Weezer,"Blue Voyage Takeoff | Anonymous | Return to Ithaka | Dope Nose | Hash Pipe | Pork and Beans | Beverly Hills | Burndt Jamb | Island in the Sun | Any Friend of Diane's | Perfect Situation | Run, Raven, Run | Getchoo | Why Bother? | Pink Triangle | You Gave Your Love to Me Softly | Across the Sea | Blue Voyage Landing | My Name Is Jonas | No One Else | The World Has Turned and Left Me Here | Buddy Holly | Undone - The Sweater Song | Surf Wax America | Say It Ain't So | In the Garage | Holiday | Only in Dreams | Voyage to the Blue Planet Credits",The Voyage to the Blue Planet Tour,https://www.setlist.fm/setlist/weezer/2024/wells-fargo-center-philadelphia-pa-babbda6.html,Wells Fargo Center,Headline,2024,09,13,13/09/2024Wells Fargo Center
11/09/2024,Weezer,"Blue Voyage Takeoff | Anonymous | Return to Ithaka | Dope Nose | Hash Pipe | Pork and Beans | Beverly Hills | Burndt Jamb | Island in the Sun | Any Friend of Diane's | Perfect Situation | Run, Raven, Run | Getchoo | Why Bother? | Pink Triangle | You Gave Your Love to Me Softly | Across the Sea | Blue Voyage Landing | My Name Is Jonas | No One Else | The World Has Turned and Left Me Here | Buddy Holly | Undone - The Sweater Song | Surf Wax America | Say It Ain't So | In the Garage | Holiday | Only in Dreams | Voyage to the Blue Planet Credits",The Voyage to the Blue Planet Tour,https://www.setlist.fm/setlist/weezer/2024/madison-square-garden-new-york-ny-7baba2e4.html,Madison Square Garden,Headline,2024,09,11,11/09/2024Madison Square Garden
10/09/2024,Weezer,"Blue Voyage Takeoff | Anonymous | Return to Ithaka | Dope Nose | Hash Pipe | Pork and Beans | Beverly Hills | Burndt Jamb | Island in the Sun | Any Friend of Diane's | Perfect Situation | Run, Raven, Run | Getchoo | Why Bother? | Pink Triangle | You Gave Your Love to Me Softly | Across the Sea | Blue Voyage Landing | My Name Is Jonas | No One Else | The World Has Turned and Left Me Here | Buddy Holly | Undone - The Sweater Song | Surf Wax America | Say It Ain't So | In the Garage | Holiday | Only in Dreams | Voyage to the Blue Planet Credits",The Voyage to the Blue Planet Tour,https://www.setlist.fm/setlist/weezer/2024/td-garden-boston-ma-3baba43c.html,TD Garden,Headline,2024,09,10,10/09/2024TD Garden
08/09/2024,Weezer,"Blue Voyage Takeoff | Anonymous | Return to Ithaka | Dope Nose | Hash Pipe | Pork and Beans | Beverly Hills | Burndt Jamb | Island in the Sun | Any Friend of Diane's | Perfect Situation | Run, Raven, Run | Getchoo | Why Bother? | Pink Triangle | You Gave Your Love to Me Softly | Across the Sea | Blue Voyage Landing | My Name Is Jonas | No One Else | The World Has Turned and Left Me Here | Buddy Holly | Undone - The Sweater Song | Surf Wax America | Say It Ain't So | In the Garage | Holiday | Only in Dreams | Voyage to the Blue Planet Credits",The Voyage to the Blue Planet Tour,https://www.setlist.fm/setlist/weezer/2024/scotiabank-arena-toronto-on-canada-73aba2e1.html,Scotiabank Arena,Headline,2024,09,08,08/09/2024Scotiabank Arena
07/09/2024,Weezer,"Blue Voyage Takeoff | Anonymous | Return to Ithaka | Dope Nose | Hash Pipe | Pork and Beans | Beverly Hills | Burndt Jamb | Island in the Sun | Any Friend of Diane's | Perfect Situation | Run, Raven, Run | Getchoo | Why Bother? | Pink Triangle | You Gave Your Love to Me Softly | Across the Sea | Blue Voyage Landing | My Name Is Jonas | No One Else | The World Has Turned and Left Me Here | Buddy Holly | Undone - The Sweater Song | Surf Wax America | Say It Ain't So | In the Garage | Holiday | Only in Dreams | Voyage to the Blue Planet Credits",The Voyage to the Blue Planet Tour,https://www.setlist.fm/setlist/weezer/2024/nationwide-arena-columbus-oh-63aba2ef.html,Nationwide Arena,Headline,2024,09,07,07/09/2024Nationwide Arena
06/09/2024,Weezer,"Blue Voyage Takeoff | Anonymous | Return to Ithaka | Dope Nose | Hash Pipe | Pork and Beans | Beverly Hills | Burndt Jamb | Island in the Sun | Any Friend of Diane's | Perfect Situation | Run, Raven, Run | Getchoo | Why Bother? | Pink Triangle | You Gave Your Love to Me Softly | Across the Sea | Blue Voyage Landing | My Name Is Jonas | No One Else | The World Has Turned and Left Me Here | Buddy Holly | Undone - The Sweater Song | Surf Wax America | Say It Ain't So | In the Garage | Holiday | Only in Dreams | Voyage to the Blue Planet Credits",The Voyage to the Blue Planet Tour,https://www.setlist.fm/setlist/weezer/2024/allstate-arena-rosemont-il-63aba2eb.html,Allstate Arena,Headline,2024,09,06,06/09/2024Allstate Arena
04/09/2024,Weezer,"Blue Voyage Takeoff | Anonymous | Return to Ithaka | Dope Nose | Hash Pipe | Pork and Beans | Beverly Hills | Burndt Jamb | Island in the Sun | Any Friend of Diane's | Perfect Situation | Run, Raven, Run | Getchoo | Why Bother? | Pink Triangle | You Gave Your Love to Me Softly | Across the Sea | Blue Voyage Landing | My Name Is Jonas | No One Else | The World Has Turned and Left Me Here | Buddy Holly | Undone - The Sweater Song | Surf Wax America | Say It Ain't So | In the Garage | Holiday | Only in Dreams | Voyage to the Blue Planet Credits",The Voyage to the Blue Planet Tour,https://www.setlist.fm/setlist/weezer/2024/xcel-energy-center-st-paul-mn-63aba2f7.html,Xcel Energy Center,Headline,2024,09,04,04/09/2024Xcel Energy Center
24/06/2024,Weezer,"My Name Is Jonas | Beverly Hills | Dope Nose | Undone - The Sweater Song | Pork and Beans | Africa | Pink Triangle | Island in the Sun | Perfect Situation | The Good Life | Celebrity Skin | You Gave Your Love to Me Softly | In the Garage | Anonymous | Say It Ain't So | Run, Raven, Run | Hash Pipe | Enter Sandman | Surf Wax America | Buddy Holly",,https://www.setlist.fm/setlist/weezer/2024/budweiser-stage-toronto-on-canada-5b5733e4.html,Budweiser Stage,Headline,2024,06,24,24/06/2024Budweiser Stage
14/06/2024,Weezer,"My Name Is Jonas | Beverly Hills | Dope Nose | Undone - The Sweater Song | Pork and Beans | All My Favorite Songs | Pink Triangle | Island in the Sun | Perfect Situation | The Good Life | Celebrity Skin | You Gave Your Love to Me Softly | In the Garage | Anonymous | Say It Ain't So | Run, Raven, Run | Hash Pipe | Only in Dreams | Surf Wax America | Buddy Holly",UK & Ireland Tour 2024,https://www.setlist.fm/setlist/weezer/2024/cardiff-castle-cardiff-wales-63aba2f3.html,Cardiff Castle,Headline,2024,06,14,14/06/2024Cardiff Castle
13/06/2024,Weezer,"My Name Is Jonas | Beverly Hills | Dope Nose | Undone - The Sweater Song | Pork and Beans | All My Favorite Songs | Pink Triangle | Island in the Sun | Perfect Situation | The Good Life | Celebrity Skin | Burndt Jamb | In the Garage | Anonymous | Say It Ain't So | Run, Raven, Run | Hash Pipe | Only in Dreams | Surf Wax America | Buddy Holly",UK & Ireland Tour 2024,https://www.setlist.fm/setlist/weezer/2024/co-op-live-manchester-england-73aba2fd.html,Co-op Live,Headline,2024,06,13,13/06/2024Co-op Live
12/06/2024,Weezer,"My Name Is Jonas | Beverly Hills | Dope Nose | Undone - The Sweater Song | Pork and Beans | All My Favorite Songs | Pink Triangle | Island in the Sun | Perfect Situation | The Good Life | Celebrity Skin | Burndt Jamb | In the Garage | Anonymous | Say It Ain't So | Run, Raven, Run | Hash Pipe | Only in Dreams | Surf Wax America | Buddy Holly",UK & Ireland Tour 2024,https://www.setlist.fm/setlist/weezer/2024/the-ovo-hydro-glasgow-scotland-7baba2f8.html,The OVO Hydro,Headline,2024,06,12,12/06/2024The OVO Hydro
10/06/2024,Weezer,"My Name Is Jonas | Beverly Hills | Dope Nose | Undone - The Sweater Song | Pork and Beans | All My Favorite Songs | Pink Triangle | Island in the Sun | Perfect Situation | The Good Life | Celebrity Skin | Burndt Jamb | In the Garage | Anonymous | Say It Ain't So | Run, Raven, Run | Hash Pipe | Only in Dreams | Surf Wax America | Buddy Holly",UK & Ireland Tour 2024,https://www.setlist.fm/setlist/weezer/2024/3arena-dublin-ireland-73aba2f9.html,3Arena,Headline,2024,06,10,10/06/20243Arena
08/06/2024,Weezer,"My Name Is Jonas | Beverly Hills | Dope Nose | Undone - The Sweater Song | Pork and Beans | All My Favorite Songs | Pink Triangle | Island in the Sun | Perfect Situation | The Good Life | Celebrity Skin | Burndt Jamb | In the Garage | Anonymous | Say It Ain't So | Run, Raven, Run | Hash Pipe | Only in Dreams | Surf Wax America | Buddy Holly",UK & Ireland Tour 2024,https://www.setlist.fm/setlist/weezer/2024/the-o2-arena-london-england-63aba2fb.html,The O2 Arena,Headline,2024,06,08,08/06/2024The O2 Arena
07/06/2024,Weezer,"My Name Is Jonas | Beverly Hills | Dope Nose | Undone - The Sweater Song | Pork and Beans | Photograph | All My Favorite Songs | You Gave Your Love to Me Softly | Pink Triangle | Island in the Sun | Perfect Situation | The Good Life | Celebrity Skin | In the Garage | Say It Ain't So | Run, Raven, Run | Hash Pipe | Only in Dreams | Buddy Holly",UK & Ireland Tour 2024,https://www.setlist.fm/setlist/weezer/2024/utilita-arena-birmingham-birmingham-england-73aba205.html,Utilita Arena Birmingham,Headline,2024,06,07,07/06/2024Utilita Arena Birmingham
01/06/2024,Weezer,"My Name Is Jonas | Beverly Hills | Dope Nose | Pork and Beans | You Gave Your Love to Me Softly | Africa | Island in the Sun | Perfect Situation | Enter Sandman | Undone - The Sweater Song | All My Favorite Songs | Anonymous | Celebrity Skin | Say It Ain't So | Run, Raven, Run | Hash Pipe | Only in Dreams | Buddy Holly",,https://www.setlist.fm/setlist/weezer/2024/naval-base-san-diego-san-diego-ca-5b5633b0.html,Naval Base San Diego,Headline,2024,06,01,01/06/2024Naval Base San Diego
13/05/2024,Weezer,Buddy Holly | Undone - The Sweater Song | Say It Ain't So | Surf Wax America,,https://www.setlist.fm/setlist/weezer/2024/spotify-studios-los-angeles-ca-43572b7b.html,Spotify Studios,Headline,2024,05,13,13/05/2024Spotify Studios
11/05/2024,Weezer,"My Name Is Jonas | Beverly Hills | Dope Nose | Undone - The Sweater Song | Pork and Beans | You Gave Your Love to Me Softly | Celebrity Skin | Any Friend of Diane's | Pink Triangle | Island in the Sun | Perfect Situation | Holiday | Burndt Jamb | All My Favorite Songs | Anonymous | Say It Ain't So | Run, Raven, Run | Hash Pipe | Only in Dreams | Buddy Holly",,https://www.setlist.fm/setlist/weezer/2024/embarcadero-marina-park-north-san-diego-ca-6baba2a2.html,Embarcadero Marina Park North,Headline,2024,05,11,11/05/2024Embarcadero Marina Park North
08/05/2024,Weezer,The Good Life | Buddy Holly,,https://www.setlist.fm/setlist/weezer/2024/john-mulaney-presents-everybodys-in-la-los-angeles-ca-33a9c039.html,John Mulaney Presents: Everybody's in L.A.,Headline,2024,05,08,08/05/2024John Mulaney Presents: Everybody's in L.A.
04/05/2024,Weezer,My Name Is Jonas | Beverly Hills | Dope Nose | Pork and Beans | Eulogy for a Rock Band | You Gave Your Love to Me Softly | The Good Life | I Just Threw Out the Love of My Dreams | Island in the Sun | Perfect Situation | All My Favorite Songs | Celebrity Skin | Falling for You | Undone - The Sweater Song | Anonymous | Say It Ain't So | Hash Pipe | Only in Dreams | Buddy Holly,,https://www.setlist.fm/setlist/weezer/2024/central-park-atlanta-ga-babb552.html,Central Park,Headline,2024,05,04,04/05/2024Central Park
29/04/2024,Weezer,Cleopatra | Eulogy for a Rock Band | Anonymous | Sheila Can Do It | Everything Happens for a Reason | Here Comes the Rain | Bird With a Broken Wing | Mirror Image | Any Friend of Diane's | The Angel and the One | Dope Nose | Slave | Burndt Jamb | I Just Threw Out the Love of My Dreams | Across the Sea | Falling for You | No One Else | In the Garage | Holiday | Only in Dreams | Celebrity Skin,,https://www.setlist.fm/setlist/weezer/2024/constellation-room-santa-ana-ca-13a805fd.html,Constellation Room,Headline,2024,04,29,29/04/2024Constellation Room
11/04/2024,Weezer,Say It Ain't So,,https://www.setlist.fm/setlist/weezer/2024/the-kelly-clarkson-show-new-york-ny-4ba903d6.html,The Kelly Clarkson Show,Headline,2024,04,11,11/04/2024The Kelly Clarkson Show
15/03/2024,Weezer,My Name Is Jonas | No One Else | The World Has Turned and Left Me Here | Buddy Holly | Undone - The Sweater Song | Surf Wax America | In the Garage | Say It Ain't So | Holiday | Only in Dreams | Mykel and Carli,,https://www.setlist.fm/setlist/weezer/2024/lodge-room-los-angeles-ca-3baae098.html,Lodge Room,Headline,2024,03,15,15/03/2024Lodge Room
09/01/2024,Weezer,"My Name Is Jonas | Beverly Hills | Pork and Beans | Africa | Undone - The Sweater Song | The Greatest Man That Ever Lived (Variations on a Shaker Hymn) | Island in the Sun | Say It Ain't So | Run, Raven, Run | Hash Pipe | Buddy Holly",,https://www.setlist.fm/setlist/weezer/2024/zouk-las-vegas-nv-7baf760c.html,Zouk,Headline,2024,01,09,09/01/2024Zouk
29/12/2023,Weezer,"My Name Is Jonas | Beverly Hills | Return to Ithaka | The Good Life | Pork and Beans | Pink Triangle | Africa | Photograph | Blast Off! | Undone - The Sweater Song | Susanne | Only in Dreams | The Greatest Man That Ever Lived (Variations on a Shaker Hymn) | Island in the Sun | Perfect Situation | All My Favorite Songs | Say It Ain't So | Run, Raven, Run | Hash Pipe | Thank You and Good Night | The Waste Land | Surf Wax America | Buddy Holly",,https://www.setlist.fm/setlist/weezer/2023/choctaw-grand-theater-durant-ok-63af8ebf.html,Choctaw Grand Theater,Headline,2023,12,29,29/12/2023Choctaw Grand Theater
11/10/2023,Weezer,"Africa | My Name Is Jonas | Beverly Hills | Return to Ithaka | The Good Life | Pork and Beans | El Scorcho | Across the Sea | Photograph | Undone - The Sweater Song | Home | Susanne | Only in Dreams | The Greatest Man That Ever Lived (Variations on a Shaker Hymn) | Island in the Sun | Perfect Situation | All My Favorite Songs | Say It Ain't So | Run, Raven, Run | Hash Pipe | Thank You and Good Night | The Waste Land | Surf Wax America | Buddy Holly | True",Indie Rock Road Trip,https://www.setlist.fm/setlist/weezer/2023/the-star-theatre-singapore-singapore-4ba36fda.html,The Star Theatre,Headline,2023,10,11,11/10/2023The Star Theatre
08/10/2023,Weezer,"I Was Made for Lovin' You | You Get What You Give | Song 2 | Enter Sandman | Africa | My Name Is Jonas | Beverly Hills | Return to Ithaka | The Good Life | Photograph | Pork and Beans | El Scorcho | Falling for You | Undone - The Sweater Song | Running Red Lights | The World Has Turned and Left Me Here | Susanne | Only in Dreams | The Greatest Man That Ever Lived (Variations on a Shaker Hymn) | Island in the Sun | Perfect Situation | All My Favorite Songs | Say It Ain't So | Run, Raven, Run | Hash Pipe | Thank You and Good Night | The Waste Land | Surf Wax America | Buddy Holly",Indie Rock Road Trip,https://www.setlist.fm/setlist/weezer/2023/brisbane-entertainment-centre-brisbane-australia-33a30c5d.html,Brisbane Entertainment Centre,Headline,2023,10,08,08/10/2023Brisbane Entertainment Centre
07/10/2023,Weezer,My Name Is Jonas | Beverly Hills | Return to Ithaka | Pork and Beans | In the Garage | Strutter | Undone - The Sweater Song | Only in Dreams | Island in the Sun | Say It Ain't So | Hash Pipe | Thank You and Good Night | Buddy Holly,Indie Rock Road Trip,https://www.setlist.fm/setlist/weezer/2023/accor-stadium-sydney-australia-4ba31f8e.html,Accor Stadium,Headline,2023,10,07,07/10/2023Accor Stadium
06/10/2023,Weezer,"Africa | My Name Is Jonas | Beverly Hills | Return to Ithaka | The Good Life | Pork and Beans | In the Garage | Strutter | El Scorcho | Photograph | Undone - The Sweater Song | Waiting on You | Susanne | Only in Dreams | The Greatest Man That Ever Lived (Variations on a Shaker Hymn) | Island in the Sun | Perfect Situation | All My Favorite Songs | Say It Ain't So | Run, Raven, Run | Hash Pipe | Thank You and Good Night | The Waste Land | Surf Wax America | Buddy Holly",Indie Rock Road Trip,https://www.setlist.fm/setlist/weezer/2023/john-cain-arena-melbourne-australia-43a32b37.html,John Cain Arena,Headline,2023,10,06,06/10/2023John Cain Arena
01/10/2023,Weezer,"Take On Me | My Name Is Jonas | Beverly Hills | Return to Ithaka | Pork and Beans | Africa | Undone - The Sweater Song | Susanne | Only in Dreams | The Greatest Man That Ever Lived (Variations on a Shaker Hymn) | Island in the Sun | Perfect Situation | All My Favorite Songs | Say It Ain't So | Run, Raven, Run | Hash Pipe | Thank You and Good Night | The Waste Land | Surf Wax America | Buddy Holly | London Calling",,https://www.setlist.fm/setlist/weezer/2023/ocean-city-inlet-beach-ocean-city-md-13a3ddb1.html,Ocean City Inlet Beach,Headline,2023,10,01,01/10/2023Ocean City Inlet Beach
21/09/2023,Weezer,"My Name Is Jonas | Beverly Hills | Return to Ithaka | Pork and Beans | Undone - The Sweater Song | Only in Dreams | The Greatest Man That Ever Lived (Variations on a Shaker Hymn) | Island in the Sun | Perfect Situation | All My Favorite Songs | Say It Ain't So | Run, Raven, Run | Hash Pipe | Thank You and Good Night | The Waste Land | Surf Wax America | Buddy Holly",,https://www.setlist.fm/setlist/weezer/2023/highland-festival-grounds-at-the-kentucky-expo-center-louisville-ky-5ba253ac.html,Highland Festival Grounds at the Kentucky Expo Center,Headline,2023,09,21,21/09/2023Highland Festival Grounds at the Kentucky Expo Center
19/09/2023,Weezer,NOT_FOUND,,https://www.setlist.fm/setlist/weezer/2023/delta-center-salt-lake-city-ut-33a248e9.html,Delta Center,Headline,2023,09,19,19/09/2023Delta Center
17/09/2023,Weezer,My Name Is Jonas | Beverly Hills | The Good Life | Pork and Beans | Undone - The Sweater Song | The Greatest Man That Ever Lived (Variations on a Shaker Hymn) | Island in the Sun | Perfect Situation | All My Favorite Songs | Say It Ain't So | Hash Pipe | Surf Wax America | Buddy Holly,,https://www.setlist.fm/setlist/weezer/2023/asbury-park-oceanfront-asbury-park-nj-5ba20364.html,Asbury Park Oceanfront,Headline,2023,09,17,17/09/2023Asbury Park Oceanfront
03/09/2023,Weezer,"My Name Is Jonas | Beverly Hills | Return to Ithaka | The Good Life | Pork and Beans | Pink Triangle | El Scorcho | Blast Off! | Undone - The Sweater Song | Grapes of Wrath | Susanne | Only in Dreams | The Greatest Man That Ever Lived (Variations on a Shaker Hymn) | Island in the Sun | Perfect Situation | All My Favorite Songs | Say It Ain't So | Run, Raven, Run | Hash Pipe | Thank You and Good Night | The Waste Land | Surf Wax America | Buddy Holly",Indie Rock Road Trip,https://www.setlist.fm/setlist/weezer/2023/gallagher-square-san-diego-ca-7ba2a678.html,Gallagher Square,Headline,2023,09,03,03/09/2023Gallagher Square
02/09/2023,Weezer,"My Name Is Jonas | Beverly Hills | Return to Ithaka | The Good Life | Pork and Beans | Pink Triangle | El Scorcho | You Gave Your Love to Me Softly | Blast Off! | Undone - The Sweater Song | The World Has Turned and Left Me Here | Susanne | Only in Dreams | The Greatest Man That Ever Lived (Variations on a Shaker Hymn) | Island in the Sun | Perfect Situation | All My Favorite Songs | Say It Ain't So | Run, Raven, Run | Hash Pipe | Thank You and Good Night | The Waste Land | Surf Wax America | Buddy Holly",Indie Rock Road Trip,https://www.setlist.fm/setlist/weezer/2023/fivepoint-amphitheatre-irvine-ca-13a2b1d5.html,FivePoint Amphitheatre,Headline,2023,09,02,02/09/2023FivePoint Amphitheatre
01/09/2023,Weezer,"My Name Is Jonas | Beverly Hills | Return to Ithaka | The Good Life | Pork and Beans | Pink Triangle | El Scorcho | You Gave Your Love to Me Softly | Blast Off! | Undone - The Sweater Song | Jamie | Susanne | Only in Dreams | The Greatest Man That Ever Lived (Variations on a Shaker Hymn) | Island in the Sun | Perfect Situation | All My Favorite Songs | Say It Ain't So | Run, Raven, Run | Hash Pipe | Thank You and Good Night | The Waste Land | Surf Wax America | Buddy Holly",Indie Rock Road Trip,https://www.setlist.fm/setlist/weezer/2023/bakkt-theater-las-vegas-nv-2ba2bc16.html,Bakkt Theater,Headline,2023,09,01,01/09/2023Bakkt Theater
30/08/2023,Weezer,"Africa | My Name Is Jonas | Beverly Hills | Return to Ithaka | The Good Life | Pork and Beans | Pink Triangle | El Scorcho | You Gave Your Love to Me Softly | Blast Off! | Undone - The Sweater Song | Waiting on You | Susanne | Only in Dreams | The Greatest Man That Ever Lived (Variations on a Shaker Hymn) | Island in the Sun | Perfect Situation | All My Favorite Songs | Say It Ain't So | Run, Raven, Run | Hash Pipe | Thank You and Good Night | The Waste Land | Surf Wax America | Buddy Holly",Indie Rock Road Trip,https://www.setlist.fm/setlist/weezer/2023/arizona-financial-theatre-phoenix-az-43a55727.html,Arizona Financial Theatre,Headline,2023,08,30,30/08/2023Arizona Financial Theatre
28/08/2023,Weezer,"Africa | My Name Is Jonas | Beverly Hills | Return to Ithaka | The Good Life | Pork and Beans | Pink Triangle | El Scorcho | You Gave Your Love to Me Softly | Blast Off! | Undone - The Sweater Song | No One Else | Susanne | Only in Dreams | The Greatest Man That Ever Lived (Variations on a Shaker Hymn) | Island in the Sun | Perfect Situation | All My Favorite Songs | Say It Ain't So | Run, Raven, Run | Hash Pipe | Thank You and Good Night | The Waste Land | Surf Wax America | Buddy Holly",Indie Rock Road Trip,https://www.setlist.fm/setlist/weezer/2023/fiddlers-green-amphitheatre-greenwood-village-co-1ba57584.html,Fiddler's Green Amphitheatre,Headline,2023,08,28,28/08/2023Fiddler's Green Amphitheatre
27/08/2023,Weezer,"Africa | My Name Is Jonas | Beverly Hills | Return to Ithaka | The Good Life | Pork and Beans | Pink Triangle | El Scorcho | You Gave Your Love to Me Softly | Blast Off! | Undone - The Sweater Song | High as a Kite | Susanne | Only in Dreams | The Greatest Man That Ever Lived (Variations on a Shaker Hymn) | Island in the Sun | Perfect Situation | All My Favorite Songs | Run, Raven, Run | Hash Pipe | Say It Ain't So | Thank You and Good Night | The Waste Land | Surf Wax America | Buddy Holly",Indie Rock Road Trip,https://www.setlist.fm/setlist/weezer/2023/saltair-magna-ut-7ba5027c.html,Saltair,Headline,2023,08,27,27/08/2023Saltair
26/08/2023,Weezer,"Take On Me | My Name Is Jonas | Beverly Hills | Return to Ithaka | The Good Life | Africa | Pork and Beans | El Scorcho | Undone - The Sweater Song | Susanne | Only in Dreams | The Greatest Man That Ever Lived (Variations on a Shaker Hymn) | Island in the Sun | Perfect Situation | All My Favorite Songs | Say It Ain't So | Run, Raven, Run | Hash Pipe | Thank You and Good Night | The Waste Land | Surf Wax America | Buddy Holly",Indie Rock Road Trip,https://www.setlist.fm/setlist/weezer/2023/hillcrest-country-club-boise-id-33a50c55.html,Hillcrest Country Club,Headline,2023,08,26,26/08/2023Hillcrest Country Club
24/08/2023,Weezer,"Africa | My Name Is Jonas | Beverly Hills | Return to Ithaka | The Good Life | Pork and Beans | Pink Triangle | El Scorcho | You Gave Your Love to Me Softly | Blast Off! | Undone - The Sweater Song | Tired of Sex | Susanne | Only in Dreams | The Greatest Man That Ever Lived (Variations on a Shaker Hymn) | Island in the Sun | Perfect Situation | All My Favorite Songs | Say It Ain't So | Run, Raven, Run | Hash Pipe | Thank You and Good Night | The Waste Land | Surf Wax America | Buddy Holly",Indie Rock Road Trip,https://www.setlist.fm/setlist/weezer/2023/william-randolph-hearst-greek-theatre-berkeley-ca-3ba524bc.html,William Randolph Hearst Greek Theatre,Headline,2023,08,24,24/08/2023William Randolph Hearst Greek Theatre
22/08/2023,Weezer,"Africa | My Name Is Jonas | Beverly Hills | Return to Ithaka | The Good Life | Pork and Beans | Pink Triangle | El Scorcho | You Gave Your Love to Me Softly | Blast Off! | Undone - The Sweater Song | (Girl We Got a) Good Thing | Susanne | Only in Dreams | The Greatest Man That Ever Lived (Variations on a Shaker Hymn) | Island in the Sun | Perfect Situation | All My Favorite Songs | Say It Ain't So | Run, Raven, Run | Hash Pipe | Thank You and Good Night | The Waste Land | Surf Wax America | Buddy Holly",Indie Rock Road Trip,https://www.setlist.fm/setlist/weezer/2023/hayden-homes-amphitheater-bend-or-3ba5c430.html,Hayden Homes Amphitheater,Headline,2023,08,22,22/08/2023Hayden Homes Amphitheater
20/08/2023,Weezer,"Africa | My Name Is Jonas | Beverly Hills | Return to Ithaka | The Good Life | Pork and Beans | Pink Triangle | El Scorcho | You Gave Your Love to Me Softly | Blast Off! | Undone - The Sweater Song | L.A. Girlz | Susanne | Only in Dreams | The Greatest Man That Ever Lived (Variations on a Shaker Hymn) | Island in the Sun | Perfect Situation | All My Favorite Songs | Say It Ain't So | Run, Raven, Run | Hash Pipe | Thank You and Good Night | The Waste Land | Surf Wax America | Buddy Holly",Indie Rock Road Trip,https://www.setlist.fm/setlist/weezer/2023/white-river-amphitheatre-auburn-wa-1ba5e9b8.html,White River Amphitheatre,Headline,2023,08,20,20/08/2023White River Amphitheatre
19/08/2023,Weezer,"My Name Is Jonas | Beverly Hills | Return to Ithaka | The Good Life | Pork and Beans | Pink Triangle | El Scorcho | Undone - The Sweater Song | Susanne | Only in Dreams | The Greatest Man That Ever Lived (Variations on a Shaker Hymn) | Island in the Sun | Perfect Situation | All My Favorite Songs | Say It Ain't So | Run, Raven, Run | Hash Pipe | Thank You and Good Night | The Waste Land | Surf Wax America | Buddy Holly",Indie Rock Road Trip,https://www.setlist.fm/setlist/weezer/2023/ambleside-park-west-vancouver-bc-canada-2ba5f86a.html,Ambleside Park,Headline,2023,08,19,19/08/2023Ambleside Park
02/08/2023,Weezer,"My Name Is Jonas | Beverly Hills | Return to Ithaka | The Good Life | Pork and Beans | Pink Triangle | El Scorcho | Why Bother? | Blast Off! | Undone - The Sweater Song | Across the Sea | Susanne | Only in Dreams | The Greatest Man That Ever Lived (Variations on a Shaker Hymn) | Island in the Sun | All My Favorite Songs | Say It Ain't So | Run, Raven, Run | Hash Pipe | Falling for You | Thank You and Good Night | The Waste Land | Surf Wax America | Buddy Holly",,https://www.setlist.fm/setlist/weezer/2023/zepp-divercity-tokyo-tokyo-japan-53a43741.html,Zepp DiverCity (TOKYO),Headline,2023,08,02,02/08/2023Zepp DiverCity (TOKYO)
01/08/2023,Weezer,"My Name Is Jonas | Beverly Hills | Return to Ithaka | The Good Life | Pork and Beans | Pink Triangle | El Scorcho | You Gave Your Love to Me Softly | Blast Off! | Undone - The Sweater Song | In the Garage | Endless Bummer | Only in Dreams | The Greatest Man That Ever Lived (Variations on a Shaker Hymn) | Island in the Sun | All My Favorite Songs | Run, Raven, Run | Say It Ain't So | Hash Pipe | Across the Sea | Thank You and Good Night | The Waste Land | Surf Wax America | Buddy Holly",,https://www.setlist.fm/setlist/weezer/2023/zepp-osaka-bayside-osaka-japan-1ba43d54.html,Zepp Osaka Bayside,Headline,2023,08,01,01/08/2023Zepp Osaka Bayside
30/07/2023,Weezer,"My Name Is Jonas | Beverly Hills | Return to Ithaka | The Good Life | Pork and Beans | Pink Triangle | El Scorcho | Blast Off! | Undone - The Sweater Song | O Girlfriend | Only in Dreams | The Greatest Man That Ever Lived (Variations on a Shaker Hymn) | Island in the Sun | Perfect Situation | All My Favorite Songs | Say It Ain't So | Run, Raven, Run | Hash Pipe | Thank You and Good Night | The Waste Land | Surf Wax America | Buddy Holly",,https://www.setlist.fm/setlist/weezer/2023/white-stage-yuzawa-japan-5ba4d74c.html,WHITE STAGE,Headline,2023,07,30,30/07/2023WHITE STAGE
13/07/2023,Weezer,"Africa | My Name Is Jonas | Beverly Hills | Return to Ithaka | The Good Life | Pork and Beans | Pink Triangle | El Scorcho | I Just Threw Out the Love of My Dreams | Blast Off! | Undone - The Sweater Song | Falling for You | Susanne | Only in Dreams | The Greatest Man That Ever Lived (Variations on a Shaker Hymn) | Island in the Sun | Perfect Situation | All My Favorite Songs | Say It Ain't So | Run, Raven, Run | Hash Pipe | Thank You and Good Night | The Waste Land | Surf Wax America | Buddy Holly",Indie Rock Road Trip,https://www.setlist.fm/setlist/weezer/2023/forest-hills-stadium-queens-ny-2ba71006.html,Forest Hills Stadium,Headline,2023,07,13,13/07/2023Forest Hills Stadium
11/07/2023,Weezer,"Africa | My Name Is Jonas | Beverly Hills | Return to Ithaka | The Good Life | Pork and Beans | Pink Triangle | El Scorcho | You Gave Your Love to Me Softly | Blast Off! | Undone - The Sweater Song | Endless Bummer | Susanne | Only in Dreams | The Greatest Man That Ever Lived (Variations on a Shaker Hymn) | Island in the Sun | Perfect Situation | All My Favorite Songs | Say It Ain't So | Run, Raven, Run | Hash Pipe | Thank You and Good Night | The Waste Land | Surf Wax America | Buddy Holly",Indie Rock Road Trip,https://www.setlist.fm/setlist/weezer/2023/stage-ae-pittsburgh-pa-13a72545.html,Stage AE,Headline,2023,07,11,11/07/2023Stage AE
09/07/2023,Weezer,"My Name Is Jonas | Beverly Hills | Return to Ithaka | The Good Life | Pork and Beans | Pink Triangle | El Scorcho | You Gave Your Love to Me Softly | Blast Off! | Undone - The Sweater Song | Endless Bummer | Susanne | Only in Dreams | The Greatest Man That Ever Lived (Variations on a Shaker Hymn) | Island in the Sun | Perfect Situation | Say It Ain't So | Run, Raven, Run | Hash Pipe | Thank You and Good Night | The Waste Land | Surf Wax America | Buddy Holly",Indie Rock Road Trip,https://www.setlist.fm/setlist/weezer/2023/hard-rock-live-gary-in-2ba73c46.html,Hard Rock Live,Headline,2023,07,09,09/07/2023Hard Rock Live
07/07/2023,Weezer,"Africa | My Name Is Jonas | Beverly Hills | Return to Ithaka | The Good Life | Pork and Beans | Pink Triangle | El Scorcho | Enter Sandman | Undone - The Sweater Song | Susanne | Only in Dreams | The Greatest Man That Ever Lived (Variations on a Shaker Hymn) | Island in the Sun | Perfect Situation | Say It Ain't So | Run, Raven, Run | Hash Pipe | Thank You and Good Night | The Waste Land | Surf Wax America | Buddy Holly",Indie Rock Road Trip,https://www.setlist.fm/setlist/weezer/2023/lebreton-flats-park-ottawa-on-canada-13a7c1cd.html,LeBreton Flats Park,Headline,2023,07,07,07/07/2023LeBreton Flats Park
06/07/2023,Weezer,"Africa | My Name Is Jonas | Beverly Hills | Return to Ithaka | The Good Life | Pork and Beans | Pink Triangle | El Scorcho | Enter Sandman | Undone - The Sweater Song | Susanne | Only in Dreams | The Greatest Man That Ever Lived (Variations on a Shaker Hymn) | Island in the Sun | Perfect Situation | Say It Ain't So | Run, Raven, Run | Hash Pipe | Thank You and Good Night | The Waste Land | Surf Wax America | Buddy Holly",Indie Rock Road Trip,https://www.setlist.fm/setlist/weezer/2023/plaines-dabraham-quebec-city-qc-canada-3a7ddf7.html,Plaines d'Abraham,Headline,2023,07,06,06/07/2023Plaines d'Abraham
04/07/2023,Weezer,"Africa | My Name Is Jonas | Beverly Hills | Return to Ithaka | The Good Life | Pork and Beans | Pink Triangle | El Scorcho | I Just Threw Out the Love of My Dreams | Blast Off! | Undone - The Sweater Song | Longtime Sunshine | Susanne | Only in Dreams | The Greatest Man That Ever Lived (Variations on a Shaker Hymn) | Island in the Sun | Perfect Situation | All My Favorite Songs | Say It Ain't So | Run, Raven, Run | Hash Pipe | Thank You and Good Night | The Waste Land | Surf Wax America | Buddy Holly",Indie Rock Road Trip,https://www.setlist.fm/setlist/weezer/2023/budweiser-stage-toronto-on-canada-7ba7f624.html,Budweiser Stage,Headline,2023,07,04,04/07/2023Budweiser Stage
03/07/2023,Weezer,"My Name Is Jonas | Beverly Hills | Return to Ithaka | The Good Life | Pork and Beans | Pink Triangle | El Scorcho | You Gave Your Love to Me Softly | Blast Off! | Undone - The Sweater Song | I'm Just Being Honest | Susanne | Only in Dreams | The Greatest Man That Ever Lived (Variations on a Shaker Hymn) | Island in the Sun | Perfect Situation | All My Favorite Songs | Say It Ain't So | Run, Raven, Run | Hash Pipe | Thank You and Good Night | The Waste Land | Surf Wax America | Buddy Holly",Indie Rock Road Trip,https://www.setlist.fm/setlist/weezer/2023/constellation-brands--marvin-sands-performing-arts-center-canandaigua-ny-5ba7ff90.html,Constellation Brands – Marvin Sands Performing Arts Center,Headline,2023,07,03,03/07/2023Constellation Brands – Marvin Sands Performing Arts Center
01/07/2023,Weezer,"My Name Is Jonas | Beverly Hills | Return to Ithaka | The Good Life | Pork and Beans | Pink Triangle | El Scorcho | You Gave Your Love to Me Softly | Blast Off! | Undone - The Sweater Song | Aloo Gobi | Susanne | Only in Dreams | The Greatest Man That Ever Lived (Variations on a Shaker Hymn) | Island in the Sun | Perfect Situation | All My Favorite Songs | Say It Ain't So | Run, Raven, Run | Hash Pipe | Thank You and Good Night | The Waste Land | Surf Wax America | Buddy Holly",Indie Rock Road Trip,https://www.setlist.fm/setlist/weezer/2023/the-palladium-outdoors-worcester-ma-3a7913f.html,The Palladium Outdoors,Headline,2023,07,01,01/07/2023The Palladium Outdoors
30/06/2023,Weezer,"Africa | My Name Is Jonas | Beverly Hills | Return to Ithaka | The Good Life | Pork and Beans | Pink Triangle | El Scorcho | You Gave Your Love to Me Softly | Blast Off! | Undone - The Sweater Song | Devotion | Susanne | Only in Dreams | The Greatest Man That Ever Lived (Variations on a Shaker Hymn) | Island in the Sun | Perfect Situation | All My Favorite Songs | Say It Ain't So | Run, Raven, Run | Hash Pipe | Thank You and Good Night | The Waste Land | Surf Wax America | Buddy Holly",Indie Rock Road Trip,https://www.setlist.fm/setlist/weezer/2023/maine-savings-amphitheater-bangor-me-1ba79d60.html,Maine Savings Amphitheater,Headline,2023,06,30,30/06/2023Maine Savings Amphitheater
28/06/2023,Weezer,"My Name Is Jonas | Beverly Hills | Return to Ithaka | The Good Life | Pork and Beans | Pink Triangle | El Scorcho | You Gave Your Love to Me Softly | Blast Off! | Undone - The Sweater Song | A Little Bit of Love | Susanne | Only in Dreams | The Greatest Man That Ever Lived (Variations on a Shaker Hymn) | Island in the Sun | Perfect Situation | All My Favorite Songs | Say It Ain't So | Run, Raven, Run | Hash Pipe | Thank You and Good Night | The Waste Land | Surf Wax America | Buddy Holly",Indie Rock Road Trip,https://www.setlist.fm/setlist/weezer/2023/hartford-healthcare-amphitheater-bridgeport-ct-43a7b78b.html,Hartford HealthCare Amphitheater,Headline,2023,06,28,28/06/2023Hartford HealthCare Amphitheater
27/06/2023,Weezer,"Africa | My Name Is Jonas | Beverly Hills | Return to Ithaka | The Good Life | Pork and Beans | Pink Triangle | El Scorcho | You Gave Your Love to Me Softly | Blast Off! | Undone - The Sweater Song | No Other One | Susanne | Only in Dreams | The Greatest Man That Ever Lived (Variations on a Shaker Hymn) | Island in the Sun | Perfect Situation | All My Favorite Songs | Say It Ain't So | Run, Raven, Run | Hash Pipe | Thank You and Good Night | The Waste Land | Surf Wax America | Buddy Holly",Indie Rock Road Trip,https://www.setlist.fm/setlist/weezer/2023/td-pavilion-at-the-mann-philadelphia-pa-2ba6401a.html,TD Pavilion at the Mann,Headline,2023,06,27,27/06/2023TD Pavilion at the Mann
25/06/2023,Weezer,"Africa | My Name Is Jonas | Beverly Hills | Return to Ithaka | The Good Life | Pork and Beans | Pink Triangle | El Scorcho | Blast Off! | Undone - The Sweater Song | Lover in the Snow | Susanne | Only in Dreams | The Greatest Man That Ever Lived (Variations on a Shaker Hymn) | Island in the Sun | Perfect Situation | All My Favorite Songs | Say It Ain't So | Run, Raven, Run | Hash Pipe | Thank You and Good Night | The Waste Land | Surf Wax America | Buddy Holly",Indie Rock Road Trip,https://www.setlist.fm/setlist/weezer/2023/ameris-bank-amphitheatre-alpharetta-ga-1ba6550c.html,Ameris Bank Amphitheatre,Headline,2023,06,25,25/06/2023Ameris Bank Amphitheatre
24/06/2023,Weezer,"Africa | My Name Is Jonas | Beverly Hills | Return to Ithaka | The Good Life | Pork and Beans | Pink Triangle | El Scorcho | Blast Off! | Undone - The Sweater Song | Why Bother? | Susanne | Only in Dreams | The Greatest Man That Ever Lived (Variations on a Shaker Hymn) | Island in the Sun | Perfect Situation | All My Favorite Songs | Say It Ain't So | Run, Raven, Run | Hash Pipe | Thank You and Good Night | The Waste Land | Surf Wax America | Buddy Holly",Indie Rock Road Trip,https://www.setlist.fm/setlist/weezer/2023/pnc-music-pavilion-charlotte-nc-1ba661e8.html,PNC Music Pavilion,Headline,2023,06,24,24/06/2023PNC Music Pavilion
23/06/2023,Weezer,"Africa | My Name Is Jonas | Beverly Hills | Return to Ithaka | The Good Life | Pork and Beans | Pink Triangle | El Scorcho | Blast Off! | Undone - The Sweater Song | Getchoo | Susanne | Only in Dreams | The Greatest Man That Ever Lived (Variations on a Shaker Hymn) | Island in the Sun | Perfect Situation | All My Favorite Songs | Say It Ain't So | Run, Raven, Run | Hash Pipe | Thank You and Good Night | The Waste Land | Surf Wax America | Buddy Holly | Personality Crisis",Indie Rock Road Trip,https://www.setlist.fm/setlist/weezer/2023/merriweather-post-pavilion-columbia-md-33a66c75.html,Merriweather Post Pavilion,Headline,2023,06,23,23/06/2023Merriweather Post Pavilion
18/06/2023,Weezer,"Africa | My Name Is Jonas | Beverly Hills | Return to Ithaka | The Good Life | Pork and Beans | Pink Triangle | El Scorcho | I Just Threw Out the Love of My Dreams | Blast Off! | Undone - The Sweater Song | In the Garage | Susanne | Only in Dreams | The Greatest Man That Ever Lived (Variations on a Shaker Hymn) | Island in the Sun | Perfect Situation | All My Favorite Songs | Say It Ain't So | Run, Raven, Run | Hash Pipe | Thank You and Good Night | The Waste Land | Surf Wax America | Buddy Holly",Indie Rock Road Trip,https://www.setlist.fm/setlist/weezer/2023/pine-knob-music-theatre-clarkston-mi-53a6232d.html,Pine Knob Music Theatre,Headline,2023,06,18,18/06/2023Pine Knob Music Theatre
17/06/2023,Weezer,"Africa | My Name Is Jonas | Beverly Hills | Return to Ithaka | The Good Life | Pork and Beans | Pink Triangle | Blast Off! | Undone - The Sweater Song | Susanne | Only in Dreams | The Greatest Man That Ever Lived (Variations on a Shaker Hymn) | Island in the Sun | Perfect Situation | Say It Ain't So | Run, Raven, Run | Hash Pipe | Thank You and Good Night | The Waste Land | Surf Wax America | Buddy Holly",Indie Rock Road Trip,https://www.setlist.fm/setlist/weezer/2023/garfield-park-indianapolis-in-73a62e45.html,Garfield Park,Headline,2023,06,17,17/06/2023Garfield Park
16/06/2023,Weezer,"Africa | My Name Is Jonas | Beverly Hills | Return to Ithaka | The Good Life | Pork and Beans | Pink Triangle | El Scorcho | I Just Threw Out the Love of My Dreams | Blast Off! | Undone - The Sweater Song | I Want a Dog | Susanne | Only in Dreams | The Greatest Man That Ever Lived (Variations on a Shaker Hymn) | Island in the Sun | Perfect Situation | All My Favorite Songs | Say It Ain't So | Run, Raven, Run | Hash Pipe | Thank You and Good Night | The Waste Land | Surf Wax America | Buddy Holly",Indie Rock Road Trip,https://www.setlist.fm/setlist/weezer/2023/blossom-music-center-cuyahoga-falls-oh-7ba63a70.html,Blossom Music Center,Headline,2023,06,16,16/06/2023Blossom Music Center
14/06/2023,Weezer,"Africa | My Name Is Jonas | Beverly Hills | Return to Ithaka | The Good Life | Pork and Beans | Pink Triangle | El Scorcho | I Just Threw Out the Love of My Dreams | Blast Off! | Undone - The Sweater Song | O Girlfriend | Susanne | Only in Dreams | The Greatest Man That Ever Lived (Variations on a Shaker Hymn) | Island in the Sun | Perfect Situation | All My Favorite Songs | Say It Ain't So | Run, Raven, Run | Hash Pipe | Thank You and Good Night | The Waste Land | Surf Wax America | Buddy Holly",Indie Rock Road Trip,https://www.setlist.fm/setlist/weezer/2023/breese-stevens-field-madison-wi-63a6ca07.html,Breese Stevens Field,Headline,2023,06,14,14/06/2023Breese Stevens Field
13/06/2023,Weezer,"Africa | My Name Is Jonas | Beverly Hills | Return to Ithaka | The Good Life | Pork and Beans | Pink Triangle | El Scorcho | I Just Threw Out the Love of My Dreams | Blast Off! | Undone - The Sweater Song | Holiday | Susanne | Only in Dreams | The Greatest Man That Ever Lived (Variations on a Shaker Hymn) | Island in the Sun | Perfect Situation | All My Favorite Songs | Say It Ain't So | Run, Raven, Run | Hash Pipe | Thank You and Good Night | The Waste Land | Surf Wax America | Buddy Holly",Indie Rock Road Trip,https://www.setlist.fm/setlist/weezer/2023/minneapolis-armory-minneapolis-mn-23a6d06f.html,Minneapolis Armory,Headline,2023,06,13,13/06/2023Minneapolis Armory
11/06/2023,Weezer,"Africa | My Name Is Jonas | Beverly Hills | Return to Ithaka | The Good Life | Pork and Beans | Pink Triangle | El Scorcho | I Just Threw Out the Love of My Dreams | Blast Off! | Undone - The Sweater Song | California Kids | Susanne | Only in Dreams | The Greatest Man That Ever Lived (Variations on a Shaker Hymn) | Island in the Sun | Perfect Situation | All My Favorite Songs | Say It Ain't So | Run, Raven, Run | Hash Pipe | Thank You and Good Night | The Waste Land | Surf Wax America | Buddy Holly",Indie Rock Road Trip,https://www.setlist.fm/setlist/weezer/2023/azura-amphitheater-bonner-springs-ks-6ba6eade.html,Azura Amphitheater,Headline,2023,06,11,11/06/2023Azura Amphitheater
10/06/2023,Weezer,"Africa | My Name Is Jonas | Beverly Hills | Return to Ithaka | The Good Life | Pork and Beans | Pink Triangle | El Scorcho | I Just Threw Out the Love of My Dreams | Blast Off! | Undone - The Sweater Song | Across the Sea | Susanne | Only in Dreams | The Greatest Man That Ever Lived (Variations on a Shaker Hymn) | Island in the Sun | Perfect Situation | All My Favorite Songs | Say It Ain't So | Run, Raven, Run | Hash Pipe | Thank You and Good Night | The Waste Land | Surf Wax America | Buddy Holly",Indie Rock Road Trip,https://www.setlist.fm/setlist/weezer/2023/the-zoo-amphitheatre-oklahoma-city-ok-ba6f5ba.html,The Zoo Amphitheatre,Headline,2023,06,10,10/06/2023The Zoo Amphitheatre
08/06/2023,Weezer,"Take On Me | My Name Is Jonas | Beverly Hills | Return to Ithaka | The Good Life | Pork and Beans | Pink Triangle | El Scorcho | I Just Threw Out the Love of My Dreams | Blast Off! | Undone - The Sweater Song | Africa | Susanne | Only in Dreams | The Greatest Man That Ever Lived (Variations on a Shaker Hymn) | Island in the Sun | Perfect Situation | All My Favorite Songs | Say It Ain't So | Run, Raven, Run | Hash Pipe | Thank You and Good Night | The Waste Land | Surf Wax America | Buddy Holly",Indie Rock Road Trip,https://www.setlist.fm/setlist/weezer/2023/germania-insurance-amphitheater-austin-tx-13a689c5.html,Germania Insurance Amphitheater,Headline,2023,06,08,08/06/2023Germania Insurance Amphitheater
06/06/2023,Weezer,"Africa | My Name Is Jonas | Beverly Hills | Return to Ithaka | The Good Life | Pork and Beans | Pink Triangle | El Scorcho | Blast Off! | Undone - The Sweater Song | Do You Wanna Get High? | Susanne | Only in Dreams | The Greatest Man That Ever Lived (Variations on a Shaker Hymn) | Island in the Sun | Perfect Situation | All My Favorite Songs | Say It Ain't So | Run, Raven, Run | Hash Pipe | Thank You and Good Night | The Waste Land | Surf Wax America | Buddy Holly",Indie Rock Road Trip,https://www.setlist.fm/setlist/weezer/2023/the-pavilion-at-toyota-music-factory-irving-tx-43a69f47.html,The Pavilion at Toyota Music Factory,Headline,2023,06,06,06/06/2023The Pavilion at Toyota Music Factory
04/06/2023,Weezer,"Africa | My Name Is Jonas | Beverly Hills | Return to Ithaka | The Good Life | Pork and Beans | Pink Triangle | El Scorcho | Blast Off! | Undone - The Sweater Song | Photograph | Susanne | Only in Dreams | The Greatest Man That Ever Lived (Variations on a Shaker Hymn) | Island in the Sun | Perfect Situation | All My Favorite Songs | Say It Ain't So | Run, Raven, Run | Hash Pipe | Thank You and Good Night | The Waste Land | Surf Wax America | Buddy Holly",Indie Rock Road Trip,https://www.setlist.fm/setlist/weezer/2023/the-orion-amphitheater-huntsville-al-ba6b15e.html,The Orion Amphitheater,Headline,2023,06,04,04/06/2023The Orion Amphitheater
03/06/2023,Weezer,"My Name Is Jonas | Beverly Hills | Return to Ithaka | The Good Life | Pork and Beans | Pink Triangle | Undone - The Sweater Song | Susanne | Only in Dreams | The Greatest Man That Ever Lived (Variations on a Shaker Hymn) | Island in the Sun | Perfect Situation | Say It Ain't So | Run, Raven, Run | Hash Pipe | Thank You and Good Night | The Waste Land | Surf Wax America | Buddy Holly",,https://www.setlist.fm/setlist/weezer/2023/the-red-mile-lexington-ky-23a6bc9b.html,The Red Mile,Headline,2023,06,03,03/06/2023The Red Mile
17/05/2023,Weezer,Beverly Hills | Island in the Sun | Buddy Holly,,https://www.setlist.fm/setlist/weezer/2023/paramount-studios-los-angeles-ca-13b9c179.html,Paramount Studios,Headline,2023,05,17,17/05/2023Paramount Studios
24/04/2023,Weezer,"My Name Is Jonas | Beverly Hills | Return to Ithaka | The Good Life | Pork and Beans | I've Had It Up to Here | Pink Triangle | Blue Like Jazz | El Scorcho | Blast Off! | Undone - The Sweater Song | Longtime Sunshine | Endless Bummer | Only in Dreams | The Greatest Man That Ever Lived (Variations on a Shaker Hymn) | Paperface | Island in the Sun | Perfect Situation | All My Favorite Songs | Iambic Pentameter | Say It Ain't So | Run, Raven, Run | Hash Pipe | Thank You and Good Night | The Waste Land | Surf Wax America | Buddy Holly",,https://www.setlist.fm/setlist/weezer/2023/the-glass-house-pomona-ca-5bb83708.html,The Glass House,Headline,2023,04,24,24/04/2023The Glass House
05/04/2023,Weezer,Beverly Hills | My Name Is Jonas | Pork and Beans | California Kids | El Scorcho | Island in the Sun | Perfect Situation | All My Favorite Songs | Susanne | Undone - The Sweater Song | Pink Triangle | Enter Sandman | Say It Ain't So | Hash Pipe | Africa | The Greatest Man That Ever Lived (Variations on a Shaker Hymn) | Surf Wax America | Buddy Holly,,https://www.setlist.fm/setlist/weezer/2023/walt-disney-world-swan-and-dolphin-lake-buena-vista-fl-4bbb63e6.html,Walt Disney World Swan and Dolphin,Headline,2023,04,05,05/04/2023Walt Disney World Swan and Dolphin
18/03/2023,Weezer,"Beverly Hills | My Name Is Jonas | Pork and Beans | El Scorcho | Island in the Sun | Perfect Situation | All My Favorite Songs | I Just Threw Out the Love of My Dreams | Pink Triangle | Susanne | The Good Life | Undone - The Sweater Song | Say It Ain't So | Run, Raven, Run | Hash Pipe | Africa | The Greatest Man That Ever Lived (Variations on a Shaker Hymn) | Surf Wax America | Buddy Holly",,https://www.setlist.fm/setlist/weezer/2023/raymond-james-stadium-grounds-tampa-fl-3bba5bb.html,Raymond James Stadium Grounds,Headline,2023,03,18,18/03/2023Raymond James Stadium Grounds
15/03/2023,Weezer,"Beverly Hills | My Name Is Jonas | Pork and Beans | El Scorcho | Island in the Sun | The World Has Turned and Left Me Here | I Just Threw Out the Love of My Dreams | Pink Triangle | Say It Ain't So | Run, Raven, Run | Hash Pipe | Undone - The Sweater Song | The Good Life | Aloo Gobi | Susanne | Only in Dreams | Burndt Jamb | Summer Elaine and Drunk Dori | The Greatest Man That Ever Lived (Variations on a Shaker Hymn) | All My Favorite Songs | Surf Wax America | Buddy Holly",,https://www.setlist.fm/setlist/weezer/2023/the-roxy-west-hollywood-ca-13bbbdb9.html,The Roxy,Headline,2023,03,15,15/03/2023The Roxy
27/02/2023,Weezer,What Happens After You? | Beverly Hills,,https://www.setlist.fm/setlist/weezer/2023/pasadena-civic-auditorium-pasadena-ca-bba3122.html,Pasadena Civic Auditorium,Headline,2023,02,27,27/02/2023Pasadena Civic Auditorium
25/02/2023,Weezer,"Beverly Hills | My Name Is Jonas | California Kids | Pork and Beans | El Scorcho | Island in the Sun | The World Has Turned and Left Me Here | I Just Threw Out the Love of My Dreams | All My Favorite Songs | Africa | Say It Ain't So | Run, Raven, Run | Hash Pipe | Undone - The Sweater Song | The Good Life | Burndt Jamb | The Greatest Man That Ever Lived (Variations on a Shaker Hymn) | Pink Triangle | Buddy Holly",,https://www.setlist.fm/setlist/weezer/2023/home-plate-stage-tempe-az-23baec1f.html,Home Plate Stage,Headline,2023,02,25,25/02/2023Home Plate Stage
08/02/2023,Weezer,California Girls,,https://www.setlist.fm/setlist/weezer/2023/dolby-theatre-los-angeles-ca-53bd738d.html,Dolby Theatre,Headline,2023,02,08,08/02/2023Dolby Theatre
27/01/2023,Weezer,Beverly Hills | My Name Is Jonas | Magic | Hash Pipe | Everybody Wants to Rule the World | All My Favorite Songs | Undone - The Sweater Song | I Just Threw Out the Love of My Dreams | Teenage Dirtbag | Pork and Beans | Feels Like Summer | Take On Me | California Girls | Island in the Sun | Africa | California Snow | Say It Ain't So | Buddy Holly,,https://www.setlist.fm/setlist/weezer/2023/gilleys-dallas-dallas-tx-33ba6831.html,Gilley's Dallas,Headline,2023,01,27,27/01/2023Gilley's Dallas
29/11/2022,Weezer,My Name Is Jonas | Beverly Hills | Hash Pipe | Pork and Beans | The World Has Turned and Left Me Here | Take On Me | Pink Triangle | I Just Threw Out the Love of My Dreams | Undone - The Sweater Song | Anak Sekolah | Island in the Sun | Africa | California Snow | Say It Ain't So | Buddy Holly,,https://www.setlist.fm/setlist/weezer/2022/peninsula-nusa-dua-nusa-dua-indonesia-63bf22ab.html,Peninsula Nusa Dua,Headline,2022,11,29,29/11/2022Peninsula Nusa Dua
26/11/2022,Weezer,My Name Is Jonas | Beverly Hills | Magic | Hash Pipe | Pork and Beans | Teenage Dirtbag | Undone - The Sweater Song | What Happens After You? | The Good Life | Anak Sekolah | Island in the Sun | Africa | California Snow | Say It Ain't So | Buddy Holly,,https://www.setlist.fm/setlist/weezer/2022/allianz-ecopark-kota-administrasi-jakarta-utara-indonesia-3bf35c3.html,Allianz Ecopark,Headline,2022,11,26,26/11/2022Allianz Ecopark
22/10/2022,Weezer,Beverly Hills | Magic | Hash Pipe | Undone - The Sweater Song | Pork and Beans | Teenage Dirtbag | Records | Island in the Sun | Africa | California Snow | Say It Ain't So | Buddy Holly,,https://www.setlist.fm/setlist/weezer/2022/hollywood-bowl-los-angeles-ca-4bbebfbe.html,Hollywood Bowl,Headline,2022,10,22,22/10/2022Hollywood Bowl
11/10/2022,Weezer,My Name Is Jonas | Beverly Hills | Magic | Hash Pipe | You Gave Your Love to Me Softly | Pork and Beans | Teenage Dirtbag | Enter Sandman | Undone - The Sweater Song | Records | Take On Me | Island in the Sun | Africa | Say It Ain't So | Buddy Holly,,https://www.setlist.fm/setlist/weezer/2022/allegiant-stadium-las-vegas-nv-63b10683.html,Allegiant Stadium,Headline,2022,10,11,11/10/2022Allegiant Stadium
23/09/2022,Weezer,My Name Is Jonas | Hash Pipe | Beverly Hills | I Just Threw Out the Love of My Dreams | Records | You Gave Your Love to Me Softly | What Happens After You? | Undone - The Sweater Song | The Greatest Man That Ever Lived (Variations on a Shaker Hymn) | Teenage Dirtbag | Island in the Sun | Africa | California Snow | Say It Ain't So | Buddy Holly,,https://www.setlist.fm/setlist/weezer/2022/the-woodlands-of-dover-international-speedway-dover-de-6bb062c2.html,The Woodlands of Dover International Speedway,Headline,2022,09,23,23/09/2022The Woodlands of Dover International Speedway
21/09/2022,Weezer,I Want a Dog | What Happens After You?,,https://www.setlist.fm/setlist/weezer/2022/jimmy-kimmel-live-los-angeles-ca-53b06f39.html,Jimmy Kimmel Live,Headline,2022,09,21,21/09/2022Jimmy Kimmel Live
19/09/2022,Weezer,Sheraton Commander | Basketball | Iambic Pentameter | I Want a Dog | Dark Enough to See the Stars | The One That Got Away | The Deep and Dreamless Sleep | What Happens After You? | Beverly Hills | I Just Threw Out the Love of My Dreams | Records | You Gave Your Love to Me Softly | All My Favorite Songs | Undone - The Sweater Song | The Greatest Man That Ever Lived (Variations on a Shaker Hymn) | Teenage Dirtbag | California Snow | Say It Ain't So | Basketball | What Happens After You?,,https://www.setlist.fm/setlist/weezer/2022/troubadour-west-hollywood-ca-3b001cf.html,Troubadour,Headline,2022,09,19,19/09/2022Troubadour
07/08/2022,Weezer,Jump | Hash Pipe | Beverly Hills | My Name Is Jonas | Pork and Beans | A Little Bit of Love | I Just Threw Out the Love of My Dreams | Records | All My Favorite Songs | Undone - The Sweater Song | Enter Sandman | Pink Triangle | Feels Like Summer | Island in the Sun | Africa | California Snow | Say It Ain't So | Buddy Holly,,https://www.setlist.fm/setlist/weezer/2022/golden-gate-park-san-francisco-ca-5bb3bfcc.html,Golden Gate Park,Headline,2022,08,07,07/08/2022Golden Gate Park
02/07/2022,Weezer,Jump | Hash Pipe | Beverly Hills | My Name Is Jonas | Pork and Beans | A Little Bit of Love | Records | All My Favorite Songs | Undone - The Sweater Song | Enter Sandman | Feels Like Summer | Island in the Sun | Africa | California Snow | Say It Ain't So | Buddy Holly,Hella Mega Tour,https://www.setlist.fm/setlist/weezer/2022/paris-la-defense-arena-nanterre-france-43b5db8b.html,Paris La Défense Arena,Headline,2022,07,02,02/07/2022Paris La Défense Arena
29/06/2022,Weezer,Jump | Hash Pipe | Beverly Hills | My Name Is Jonas | Pork and Beans | A Little Bit of Love | Records | All My Favorite Songs | Undone - The Sweater Song | Enter Sandman | Feels Like Summer | Island in the Sun | Africa | California Snow | Say It Ain't So | Buddy Holly,Hella Mega Tour,https://www.setlist.fm/setlist/weezer/2022/bellahouston-park-glasgow-scotland-63b5fa6b.html,Bellahouston Park,Headline,2022,06,29,29/06/2022Bellahouston Park
27/06/2022,Weezer,Hash Pipe | Beverly Hills | My Name Is Jonas | Pork and Beans | A Little Bit of Love | Records | All My Favorite Songs | Undone - The Sweater Song | Enter Sandman | Feels Like Summer | Island in the Sun | Africa | California Snow | Say It Ain't So | Buddy Holly,Hella Mega Tour,https://www.setlist.fm/setlist/weezer/2022/marlay-park-dublin-ireland-73b58ae5.html,Marlay Park,Headline,2022,06,27,27/06/2022Marlay Park
25/06/2022,Weezer,Hash Pipe | Beverly Hills | My Name Is Jonas | Pork and Beans | A Little Bit of Love | Records | All My Favorite Songs | Undone - The Sweater Song | Enter Sandman | Feels Like Summer | Island in the Sun | Africa | California Snow | Say It Ain't So | Buddy Holly,Hella Mega Tour,https://www.setlist.fm/setlist/weezer/2022/the-john-smiths-stadium-huddersfield-england-23b59c8f.html,The John Smith's Stadium,Headline,2022,06,25,25/06/2022The John Smith's Stadium
24/06/2022,Weezer,Hash Pipe | Beverly Hills | My Name Is Jonas | Pork and Beans | A Little Bit of Love | Records | All My Favorite Songs | Undone - The Sweater Song | Enter Sandman | Feels Like Summer | Island in the Sun | Africa | California Snow | Say It Ain't So | Buddy Holly,Hella Mega Tour,https://www.setlist.fm/setlist/weezer/2022/london-stadium-london-england-7bb5aae0.html,London Stadium,Headline,2022,06,24,24/06/2022London Stadium
22/06/2022,Weezer,Jump | Hash Pipe | Beverly Hills | My Name Is Jonas | Pork and Beans | A Little Bit of Love | Records | All My Favorite Songs | Undone - The Sweater Song | Enter Sandman | Feels Like Summer | Island in the Sun | Africa | California Snow | Say It Ain't So | Buddy Holly,Hella Mega Tour,https://www.setlist.fm/setlist/weezer/2022/stadspark-groningen-netherlands-4bb5bb0e.html,Stadspark,Headline,2022,06,22,22/06/2022Stadspark
21/06/2022,Weezer,Jump | Hash Pipe | Beverly Hills | My Name Is Jonas | Pork and Beans | A Little Bit of Love | Records | All My Favorite Songs | Undone - The Sweater Song | Enter Sandman | I Just Threw Out the Love of My Dreams | Island in the Sun | Africa | California Snow | Say It Ain't So | Buddy Holly,Hella Mega Tour,https://www.setlist.fm/setlist/weezer/2022/sportpaleis-merksem-belgium-3bb44044.html,Sportpaleis,Headline,2022,06,21,21/06/2022Sportpaleis
19/06/2022,Weezer,Hash Pipe | Beverly Hills | My Name Is Jonas | Pork and Beans | A Little Bit of Love | All My Favorite Songs | Undone - The Sweater Song | Enter Sandman | Feels Like Summer | Records | You Gave Your Love to Me Softly | Island in the Sun | Africa | California Snow | Say It Ain't So | Buddy Holly,Hella Mega Tour,https://www.setlist.fm/setlist/weezer/2022/ernst-happel-stadion-vienna-austria-7bb456ac.html,Ernst Happel Stadion,Headline,2022,06,19,19/06/2022Ernst Happel Stadion
18/06/2022,Weezer,Jump | Hash Pipe | Beverly Hills | My Name Is Jonas | Pork and Beans | A Little Bit of Love | I Just Threw Out the Love of My Dreams | All My Favorite Songs | Undone - The Sweater Song | Enter Sandman | Feels Like Summer | The Good Life | You Gave Your Love to Me Softly | Pink Triangle | Island in the Sun | Africa | California Snow | Say It Ain't So | Buddy Holly,,https://www.setlist.fm/setlist/weezer/2022/festivalpark-hradec-kralove-czechia-6bb45e36.html,Festivalpark,Headline,2022,06,18,18/06/2022Festivalpark
16/06/2022,Weezer,Hash Pipe | Beverly Hills | My Name Is Jonas | Pork and Beans | A Little Bit of Love | I Just Threw Out the Love of My Dreams | All My Favorite Songs | Undone - The Sweater Song | Enter Sandman | Feels Like Summer | Island in the Sun | Africa | California Snow | Say It Ain't So | Buddy Holly,,https://www.setlist.fm/setlist/weezer/2022/visarno-arena-firenze-florence-italy-2bb474ee.html,Visarno Arena Firenze,Headline,2022,06,16,16/06/2022Visarno Arena Firenze
15/06/2022,Weezer,Hash Pipe | Beverly Hills | My Name Is Jonas | Pork and Beans | A Little Bit of Love | I Just Threw Out the Love of My Dreams | All My Favorite Songs | Undone - The Sweater Song | Enter Sandman | The Good Life | Pink Triangle | Island in the Sun | Africa | California Snow | Say It Ain't So | Buddy Holly,,https://www.setlist.fm/setlist/weezer/2022/ippodromo-snai-la-maura-milan-italy-53b403d5.html,Ippodromo Snai La Maura,Headline,2022,06,15,15/06/2022Ippodromo Snai La Maura
11/06/2022,Weezer,Jump | Hash Pipe | Beverly Hills | My Name Is Jonas | Pork and Beans | A Little Bit of Love | I Just Threw Out the Love of My Dreams | All My Favorite Songs | Undone - The Sweater Song | Enter Sandman | The Good Life | Pink Triangle | Island in the Sun | Africa | California Snow | Say It Ain't So | Buddy Holly,,https://www.setlist.fm/setlist/weezer/2022/tele2-arena-stockholm-sweden-1bb42964.html,Tele2 Arena,Headline,2022,06,11,11/06/2022Tele2 Arena
09/06/2022,Weezer,Hash Pipe | Beverly Hills | My Name Is Jonas | Pork and Beans | A Little Bit of Love | I Just Threw Out the Love of My Dreams | All My Favorite Songs | Undone - The Sweater Song | Enter Sandman | Feels Like Summer | Pink Triangle | Island in the Sun | Africa | California Snow | Say It Ain't So | Buddy Holly,,https://www.setlist.fm/setlist/weezer/2022/color-line-stadion-alesund-norway-4bb43f0e.html,Color Line Stadion,Headline,2022,06,09,09/06/2022Color Line Stadion
04/06/2022,Weezer,Jump | Hash Pipe | Beverly Hills | My Name Is Jonas | Pork and Beans | A Little Bit of Love | All My Favorite Songs | Undone - The Sweater Song | Island in the Sun | Africa | California Snow | Say It Ain't So | Buddy Holly,,https://www.setlist.fm/setlist/weezer/2022/zeppelinfeld-nuremberg-germany-7bb4f614.html,Zeppelinfeld,Headline,2022,06,04,04/06/2022Zeppelinfeld
03/06/2022,Weezer,Jump | Hash Pipe | Beverly Hills | My Name Is Jonas | Pork and Beans | All My Favorite Songs | Undone - The Sweater Song | A Little Bit of Love | Island in the Sun | Africa | California Snow | Say It Ain't So | Buddy Holly,,https://www.setlist.fm/setlist/weezer/2022/utopia-stage-nurburg-germany-bb4fd9a.html,Utopia Stage,Headline,2022,06,03,03/06/2022Utopia Stage
01/06/2022,Weezer,Jump | Hash Pipe | Beverly Hills | My Name Is Jonas | Pork and Beans | A Little Bit of Love | I Just Threw Out the Love of My Dreams | All My Favorite Songs | Undone - The Sweater Song | Enter Sandman | Feels Like Summer | Pink Triangle | Island in the Sun | Africa | California Snow | Say It Ain't So | Buddy Holly,,https://www.setlist.fm/setlist/weezer/2022/parkbuhne-wuhlheide-berlin-germany-43b493a7.html,Parkbühne Wuhlheide,Headline,2022,06,01,01/06/2022Parkbühne Wuhlheide
29/05/2022,Weezer,Jump | Hash Pipe | Beverly Hills | My Name Is Jonas | Perfect Situation | Pork and Beans | Lithium | A Little Bit of Love | El Scorcho | All My Favorite Songs | Undone - The Sweater Song | Pink Triangle | Feels Like Summer | Surf Wax America | In the Garage | Island in the Sun | Africa | California Snow | Say It Ain't So | Buddy Holly,,https://www.setlist.fm/setlist/weezer/2022/harvard-athletic-complex-boston-ma-43b4b7af.html,Harvard Athletic Complex,Headline,2022,05,29,29/05/2022Harvard Athletic Complex
24/05/2022,Weezer,Jump | Hash Pipe | Beverly Hills | My Name Is Jonas | Perfect Situation | Pork and Beans | Enter Sandman | A Little Bit of Love | El Scorcho | All My Favorite Songs | Undone - The Sweater Song | Pink Triangle | Take On Me | Surf Wax America | In the Garage | Island in the Sun | Africa | California Snow | Say It Ain't So | Buddy Holly,,https://www.setlist.fm/setlist/weezer/2022/gaylord-palms-resort-and-convention-center-kissimmee-fl-3bb74850.html,Gaylord Palms Resort & Convention Center,Headline,2022,05,24,24/05/2022Gaylord Palms Resort & Convention Center
13/05/2022,Weezer,Jump | Hash Pipe | Beverly Hills | My Name Is Jonas | Perfect Situation | Pork and Beans | Enter Sandman | A Little Bit of Love | El Scorcho | All My Favorite Songs | Undone - The Sweater Song | The Good Life | Feels Like Summer | Surf Wax America | In the Garage | Island in the Sun | Africa | California Snow | Say It Ain't So | Buddy Holly | London Calling,,https://www.setlist.fm/setlist/weezer/2022/redondo-beach-pier-redondo-beach-ca-2bb7cc7e.html,Redondo Beach Pier,Headline,2022,05,13,13/05/2022Redondo Beach Pier
04/05/2022,Weezer,NOT_FOUND,,https://www.setlist.fm/setlist/weezer/2022/venetian-hotel-and-casino-las-vegas-nv-3b78517.html,Venetian Hotel & Casino,Headline,2022,05,04,04/05/2022Venetian Hotel & Casino
03/05/2022,Weezer,Jump | Hash Pipe | Beverly Hills | My Name Is Jonas | Perfect Situation | Pork and Beans | Enter Sandman | A Little Bit of Love | El Scorcho | All My Favorite Songs | Undone - The Sweater Song | The Good Life | Feels Like Summer | Surf Wax America | In the Garage | Island in the Sun | Africa | California Snow | Say It Ain't So | Buddy Holly,,https://www.setlist.fm/setlist/weezer/2022/byline-bank-aragon-ballroom-chicago-il-53b7a3a1.html,Byline Bank Aragon Ballroom,Headline,2022,05,03,03/05/2022Byline Bank Aragon Ballroom
01/05/2022,Weezer,Jump | Hash Pipe | Beverly Hills | My Name Is Jonas | Perfect Situation | Pork and Beans | Enter Sandman | A Little Bit of Love | El Scorcho | All My Favorite Songs | Undone - The Sweater Song | The Good Life | Feels Like Summer | Surf Wax America | In the Garage | Island in the Sun | Africa | California Snow | Say It Ain't So | Buddy Holly,,https://www.setlist.fm/setlist/weezer/2022/fairgrounds-in-liberty-park-memphis-tn-6bb64602.html,Fairgrounds in Liberty Park,Headline,2022,05,01,01/05/2022Fairgrounds in Liberty Park
28/04/2022,Weezer,Hash Pipe | Beverly Hills | A Little Bit of Love | All My Favorite Songs | Undone - The Sweater Song | Enter Sandman | Island in the Sun | Say It Ain't So | Africa | Buddy Holly,,https://www.setlist.fm/setlist/weezer/2022/draft-theater-las-vegas-nv-1bb64598.html,Draft Theater,Headline,2022,04,28,28/04/2022Draft Theater
21/03/2022,Weezer,A Little Bit of Love,,https://www.setlist.fm/setlist/weezer/2022/jimmy-kimmel-live-los-angeles-ca-7b891660.html,Jimmy Kimmel Live,Headline,2022,03,21,21/03/2022Jimmy Kimmel Live
05/01/2022,Weezer,Jump | Hero | Hash Pipe | Beverly Hills | Enter Sandman | Perfect Situation | Pork and Beans | Take On Me | All My Favorite Songs | Undone - The Sweater Song | Island in the Sun | Africa | California Snow | Say It Ain't So | Buddy Holly | London Calling,,https://www.setlist.fm/setlist/weezer/2022/toshiba-plaza-las-vegas-nv-6b8b467e.html,Toshiba Plaza,Headline,2022,01,05,05/01/2022Toshiba Plaza
16/12/2021,Weezer,Hero,,https://www.setlist.fm/setlist/weezer/2021/moon-palace-cancun-resort-cancun-mexico-6ba006fa.html,Moon Palace Cancun Resort,Headline,2021,12,16,16/12/2021Moon Palace Cancun Resort
11/12/2021,Weezer,Hero | Hash Pipe | Beverly Hills | The End of the Game | My Name Is Jonas | Perfect Situation | Pork and Beans | Feels Like Summer | Enter Sandman | All My Favorite Songs | Undone - The Sweater Song | Surf Wax America | Island in the Sun | Africa | California Snow | Say It Ain't So | Buddy Holly,,https://www.setlist.fm/setlist/weezer/2021/mesa-amphitheatre-mesa-az-4b8bd70a.html,Mesa Amphitheatre,Headline,2021,12,11,11/12/2021Mesa Amphitheatre
05/12/2021,Weezer,Jump | Hero | Hash Pipe | Beverly Hills | The End of the Game | My Name Is Jonas | Perfect Situation | Pork and Beans |  | Enter Sandman | All My Favorite Songs | Undone - The Sweater Song | Surf Wax America | Island in the Sun | Africa | California Snow | Say It Ain't So | Buddy Holly,,https://www.setlist.fm/setlist/weezer/2021/fort-lauderdale-beach-park-fort-lauderdale-fl-138b91c1.html,Fort Lauderdale Beach Park,Headline,2021,12,05,05/12/2021Fort Lauderdale Beach Park
04/12/2021,Weezer,Jump | Hero | Hash Pipe | All the Good Ones | Beverly Hills | The End of the Game | My Name Is Jonas | Perfect Situation | Pork and Beans | El Scorcho | Enter Sandman | Pink Triangle | All My Favorite Songs | Undone - The Sweater Song | Surf Wax America | Island in the Sun | Africa | California Snow | Say It Ain't So | Buddy Holly,,https://www.setlist.fm/setlist/weezer/2021/midflorida-credit-union-amphitheatre-tampa-fl-3b8b9800.html,MidFlorida Credit Union Amphitheatre,Headline,2021,12,04,04/12/2021MidFlorida Credit Union Amphitheatre
29/10/2021,Weezer,Hash Pipe | Beverly Hills | My Name Is Jonas | Pork and Beans | Enter Sandman | Perfect Situation | All My Favorite Songs | Undone - The Sweater Song | Island in the Sun | Africa | California Snow | Say It Ain't So | Buddy Holly,,https://www.setlist.fm/setlist/weezer/2021/unknown-venue-unknown-city-4b8aa326.html,,Headline,2021,10,29,29/10/2021
23/10/2021,Weezer,Island in the Sun | Say It Ain't So,,https://www.setlist.fm/setlist/weezer/2021/unknown-venue-los-angeles-ca-6b8d52fe.html,,Headline,2021,10,23,23/10/2021
18/09/2021,Weezer,Hero | Hash Pipe | All the Good Ones | Beverly Hills | The End of the Game | My Name Is Jonas | Everybody Wants to Rule the World | Perfect Situation | Pork and Beans | Feels Like Summer | The Good Life | Enter Sandman | All My Favorite Songs | Undone - The Sweater Song | Surf Wax America | Island in the Sun | Africa | California Snow | Say It Ain't So | Buddy Holly,,https://www.setlist.fm/setlist/weezer/2021/silverado-resort-and-spa-napa-ca-138c4961.html,Silverado Resort and Spa,Headline,2021,09,18,18/09/2021Silverado Resort and Spa
17/09/2021,Weezer,Beverly Hills | All My Favorite Songs | Hash Pipe | Island in the Sun | Africa | Say It Ain't So | Buddy Holly,,https://www.setlist.fm/setlist/weezer/2021/t-mobile-arena-las-vegas-nv-738c6e35.html,T-Mobile Arena,Headline,2021,09,17,17/09/2021T-Mobile Arena
06/09/2021,Weezer,Jump | Hero | Hash Pipe | All the Good Ones | Beverly Hills | The End of the Game | My Name Is Jonas | Pork and Beans | Feels Like Summer | All My Favorite Songs | Undone - The Sweater Song | Surf Wax America | El Scorcho | Island in the Sun | Africa | California Snow | Say It Ain't So | Buddy Holly,Hella Mega Tour,https://www.setlist.fm/setlist/weezer/2021/t-mobile-park-seattle-wa-638c3663.html,T-Mobile Park,Headline,2021,09,06,06/09/2021T-Mobile Park
03/09/2021,Weezer,Jump | Hero | Hash Pipe | All the Good Ones | Beverly Hills | The End of the Game | My Name Is Jonas | Pork and Beans | Feels Like Summer | All My Favorite Songs | Undone - The Sweater Song | Surf Wax America | El Scorcho | Island in the Sun | Africa | California Snow | Say It Ain't So | Buddy Holly,Hella Mega Tour,https://www.setlist.fm/setlist/weezer/2021/dodger-stadium-los-angeles-ca-4b8ccf8e.html,Dodger Stadium,Headline,2021,09,03,03/09/2021Dodger Stadium
01/09/2021,Weezer,Hero | Hash Pipe | All the Good Ones | Beverly Hills | The End of the Game | My Name Is Jonas | Pork and Beans | Feels Like Summer | All My Favorite Songs | Undone - The Sweater Song | Surf Wax America | El Scorcho | Island in the Sun | Africa | California Snow | Say It Ain't So | Buddy Holly,Hella Mega Tour,https://www.setlist.fm/setlist/weezer/2021/american-family-insurance-amphitheater-milwaukee-wi-438cdb3f.html,American Family Insurance Amphitheater,Headline,2021,09,01,01/09/2021American Family Insurance Amphitheater
29/08/2021,Weezer,Hero | Hash Pipe | All the Good Ones | Beverly Hills | The End of the Game | My Name Is Jonas | Pork and Beans | Feels Like Summer | All My Favorite Songs | Undone - The Sweater Song | Surf Wax America | El Scorcho | Island in the Sun | Africa | California Snow | Say It Ain't So | Buddy Holly,Hella Mega Tour,https://www.setlist.fm/setlist/weezer/2021/petco-park-san-diego-ca-738cf245.html,Petco Park,Headline,2021,08,29,29/08/2021Petco Park
27/08/2021,Weezer,Jump | Hero | Hash Pipe | All the Good Ones | Beverly Hills | The End of the Game | My Name Is Jonas | Pork and Beans | Feels Like Summer | All My Favorite Songs | Undone - The Sweater Song | Surf Wax America | El Scorcho | Island in the Sun | Africa | California Snow | Say It Ain't So | Buddy Holly,Hella Mega Tour,https://www.setlist.fm/setlist/weezer/2021/oracle-park-san-francisco-ca-38cfd87.html,Oracle Park,Headline,2021,08,27,27/08/2021Oracle Park
25/08/2021,Weezer,Jump | Hero | Hash Pipe | All the Good Ones | Beverly Hills | The End of the Game | My Name Is Jonas | Pork and Beans | Feels Like Summer | All My Favorite Songs | Undone - The Sweater Song | Surf Wax America | El Scorcho | Island in the Sun | Africa | California Snow | Say It Ain't So | Buddy Holly,Hella Mega Tour,https://www.setlist.fm/setlist/weezer/2021/dicks-sporting-goods-park-commerce-city-co-3b8c8814.html,Dick's Sporting Goods Park,Headline,2021,08,25,25/08/2021Dick's Sporting Goods Park
23/08/2021,Weezer,Jump | Hero | Hash Pipe | All the Good Ones | Beverly Hills | The End of the Game | My Name Is Jonas | Pork and Beans | Feels Like Summer | All My Favorite Songs | Undone - The Sweater Song | Surf Wax America | El Scorcho | Island in the Sun | Africa | California Snow | Say It Ain't So | Buddy Holly,Hella Mega Tour,https://www.setlist.fm/setlist/weezer/2021/target-field-minneapolis-mn-438c9763.html,Target Field,Headline,2021,08,23,23/08/2021Target Field
20/08/2021,Weezer,Jump | Hero | Hash Pipe | All the Good Ones | Beverly Hills | The End of the Game | My Name Is Jonas | Pork and Beans | Feels Like Summer | All My Favorite Songs | Undone - The Sweater Song | Surf Wax America | El Scorcho | Island in the Sun | Africa | California Snow | Say It Ain't So | Buddy Holly,Hella Mega Tour,https://www.setlist.fm/setlist/weezer/2021/citizens-bank-park-philadelphia-pa-7b8caa4c.html,Citizens Bank Park,Headline,2021,08,20,20/08/2021Citizens Bank Park
19/08/2021,Weezer,Jump | Hero | Hash Pipe | All the Good Ones | Beverly Hills | The End of the Game | My Name Is Jonas | Pork and Beans | Feels Like Summer | All My Favorite Songs | Undone - The Sweater Song | Surf Wax America | El Scorcho | Island in the Sun | Africa | California Snow | Say It Ain't So | Buddy Holly,Hella Mega Tour,https://www.setlist.fm/setlist/weezer/2021/pnc-park-pittsburgh-pa-5b8cafac.html,PNC Park,Headline,2021,08,19,19/08/2021PNC Park
17/08/2021,Weezer,Jump | Hero | Hash Pipe | All the Good Ones | Beverly Hills | The End of the Game | My Name Is Jonas | Pork and Beans | Feels Like Summer | All My Favorite Songs | Undone - The Sweater Song | Surf Wax America | El Scorcho | Island in the Sun | Africa | California Snow | Say It Ain't So | Buddy Holly,Hella Mega Tour,https://www.setlist.fm/setlist/weezer/2021/historic-crew-stadium-columbus-oh-b8cb542.html,Historic Crew Stadium,Headline,2021,08,17,17/08/2021Historic Crew Stadium
15/08/2021,Weezer,Jump | Hero | Hash Pipe | All the Good Ones | Beverly Hills | The End of the Game | My Name Is Jonas | Pork and Beans | Feels Like Summer | All My Favorite Songs | Undone - The Sweater Song | Surf Wax America | El Scorcho | Island in the Sun | Africa | California Snow | Say It Ain't So | Buddy Holly | Bear Claws,Hella Mega Tour,https://www.setlist.fm/setlist/weezer/2021/wrigley-field-chicago-il-138f4129.html,Wrigley Field,Headline,2021,08,15,15/08/2021Wrigley Field
13/08/2021,Weezer,Jump | Hero | Hash Pipe | All the Good Ones | Beverly Hills | The End of the Game | My Name Is Jonas | Pork and Beans | Feels Like Summer | All My Favorite Songs | Undone - The Sweater Song | Surf Wax America | El Scorcho | Island in the Sun | Africa | California Snow | Say It Ain't So | Buddy Holly,Hella Mega Tour,https://www.setlist.fm/setlist/weezer/2021/hersheypark-stadium-hershey-pa-4b8f53ae.html,Hersheypark Stadium,Headline,2021,08,13,13/08/2021Hersheypark Stadium
10/08/2021,Weezer,Jump | Hero | Hash Pipe | All the Good Ones | Beverly Hills | The End of the Game | My Name Is Jonas | Pork and Beans | Feels Like Summer | All My Favorite Songs | Undone - The Sweater Song | Surf Wax America | El Scorcho | Island in the Sun | Africa | California Snow | Say It Ain't So | Buddy Holly,Hella Mega Tour,https://www.setlist.fm/setlist/weezer/2021/comerica-park-detroit-mi-7b8f66e4.html,Comerica Park,Headline,2021,08,10,10/08/2021Comerica Park
08/08/2021,Weezer,"Jump | Hero | Hash Pipe | All the Good Ones | Beverly Hills | The End of the Game | My Name Is Jonas | Pork and Beans | Feels Like Summer | All My Favorite Songs | Undone - The Sweater Song | Surf Wax America | El Scorcho | Sugar, We're Goin Down | Island in the Sun | Africa | California Snow | Say It Ain't So | Buddy Holly",Hella Mega Tour,https://www.setlist.fm/setlist/weezer/2021/nationals-park-washington-dc-738f728d.html,Nationals Park,Headline,2021,08,08,08/08/2021Nationals Park
07/08/2021,Weezer,"Jump | Hero | Hash Pipe | All the Good Ones | Beverly Hills | The End of the Game | My Name Is Jonas | Pork and Beans | Feels Like Summer | Holiday | The Good Life | I Need Some of That | Perfect Situation | All My Favorite Songs | Undone - The Sweater Song | Surf Wax America | El Scorcho | Sugar, We're Goin Down | Island in the Sun | Africa | California Snow | Say It Ain't So | Buddy Holly",,https://www.setlist.fm/setlist/weezer/2021/premier-theater-at-foxwoods-mashantucket-ct-638f7617.html,Premier Theater at Foxwoods,Headline,2021,08,07,07/08/2021Premier Theater at Foxwoods
05/08/2021,Weezer,"Jump | Hero | Hash Pipe | All the Good Ones | Beverly Hills | The End of the Game | My Name Is Jonas | Pork and Beans | Feels Like Summer | All My Favorite Songs | Undone - The Sweater Song | Surf Wax America | El Scorcho | Sugar, We're Goin Down | Island in the Sun | Africa | California Snow | Say It Ain't So | Buddy Holly",Hella Mega Tour,https://www.setlist.fm/setlist/weezer/2021/fenway-park-boston-ma-7b8f0284.html,Fenway Park,Headline,2021,08,05,05/08/2021Fenway Park
04/08/2021,Weezer,"Jump | Hero | Hash Pipe | All the Good Ones | Beverly Hills | The End of the Game | My Name Is Jonas | Pork and Beans | Feels Like Summer | All My Favorite Songs | Undone - The Sweater Song | Surf Wax America | El Scorcho | Sugar, We're Goin Down | Island in the Sun | Africa | California Snow | Say It Ain't So | Buddy Holly",Hella Mega Tour,https://www.setlist.fm/setlist/weezer/2021/citi-field-queens-ny-238f042f.html,Citi Field,Headline,2021,08,04,04/08/2021Citi Field
01/08/2021,Weezer,Jump | Hero | All the Good Ones | Beverly Hills | Hash Pipe | The End of the Game | My Name Is Jonas | Pork and Beans | Feels Like Summer | All My Favorite Songs | Undone - The Sweater Song | Surf Wax America | El Scorcho | Island in the Sun | Africa | California Snow | Say It Ain't So | Buddy Holly,Hella Mega Tour,https://www.setlist.fm/setlist/weezer/2021/hard-rock-stadium-miami-gardens-fl-38f1567.html,Hard Rock Stadium,Headline,2021,08,01,01/08/2021Hard Rock Stadium
31/07/2021,Weezer,Jump | Hero | Hash Pipe | All the Good Ones | Beverly Hills | The End of the Game | My Name Is Jonas | Pork and Beans | Feels Like Summer | All My Favorite Songs | Undone - The Sweater Song | Surf Wax America | El Scorcho | Island in the Sun | Africa | California Snow | Say It Ain't So | Buddy Holly,Hella Mega Tour,https://www.setlist.fm/setlist/weezer/2021/tiaa-bank-field-jacksonville-fl-3b8f1cd4.html,TIAA Bank Field,Headline,2021,07,31,31/07/2021TIAA Bank Field
29/07/2021,Weezer,Jump | Hero | Hash Pipe | All the Good Ones | Beverly Hills | The End of the Game | My Name Is Jonas | Pork and Beans | Feels Like Summer | All My Favorite Songs | Undone - The Sweater Song | Surf Wax America | El Scorcho | Island in the Sun | Africa | California Snow | Say It Ain't So | Buddy Holly,Hella Mega Tour,https://www.setlist.fm/setlist/weezer/2021/minute-maid-park-houston-tx-4b8f2b66.html,Minute Maid Park,Headline,2021,07,29,29/07/2021Minute Maid Park
27/07/2021,Weezer,Jump | Hero | Hash Pipe | All the Good Ones | Beverly Hills | The End of the Game | My Name Is Jonas | Pork and Beans | Feels Like Summer | All My Favorite Songs | Undone - The Sweater Song | Surf Wax America | El Scorcho | Island in the Sun | Africa | California Snow | Say It Ain't So | Buddy Holly,Hella Mega Tour,https://www.setlist.fm/setlist/weezer/2021/truist-park-atlanta-ga-38f3137.html,Truist Park,Headline,2021,07,27,27/07/2021Truist Park
24/07/2021,Weezer,Jump | Hero | Hash Pipe | All the Good Ones | Beverly Hills | The End of the Game | My Name Is Jonas | Pork and Beans | Feels Like Summer | All My Favorite Songs | Undone - The Sweater Song | Surf Wax America | El Scorcho | Island in the Sun | Africa | California Snow | Say It Ain't So | Buddy Holly,Hella Mega Tour,https://www.setlist.fm/setlist/weezer/2021/globe-life-field-arlington-tx-538fc769.html,Globe Life Field,Headline,2021,07,24,24/07/2021Globe Life Field
16/07/2021,Weezer,Hero,,https://www.setlist.fm/setlist/weezer/2021/good-morning-america-new-york-ny-3b8fec58.html,Good Morning America,Headline,2021,07,16,16/07/2021Good Morning America
23/06/2021,Weezer,I Need Some of That,,https://www.setlist.fm/setlist/weezer/2021/late-night-with-seth-meyers-new-york-ny-238e4c37.html,Late Night with Seth Meyers,Headline,2021,06,23,23/06/2021Late Night with Seth Meyers
10/06/2021,Weezer,Tell Me What You Want,,https://www.setlist.fm/setlist/weezer/2021/unknown-venue-unknown-city-2b8e0022.html,,Headline,2021,06,10,10/06/2021
10/05/2021,Weezer,All the Good Ones,,https://www.setlist.fm/setlist/weezer/2021/the-tonight-show-starring-jimmy-fallon-new-york-ny-1b8ef92c.html,The Tonight Show Starring Jimmy Fallon,Headline,2021,05,10,10/05/2021The Tonight Show Starring Jimmy Fallon
07/05/2021,Weezer,Say It Ain't So | Hero | All the Good Ones | Africa | All My Favorite Songs | I Need Some of That | Getchoo | The End of the Game | My Name Is Jonas | Buddy Holly,,https://www.setlist.fm/setlist/weezer/2021/iheartradio-theater-burbank-ca-638e8e57.html,iHeartRadio Theater,Headline,2021,05,07,07/05/2021iHeartRadio Theater
16/04/2021,Weezer,All My Favorite Songs | Aloo Gobi | Grapes of Wrath | Numbers | Playing My Piano | Mirror Image | Screens | Bird With a Broken Wing | Dead Roses | Everything Happens for a Reason | Here Comes the Rain | La Brea Tar Pits | Hero | Say It Ain't So | Island in the Sun | Falling for You | Africa | Buddy Holly,,https://www.setlist.fm/setlist/weezer/2021/walt-disney-concert-hall-los-angeles-ca-4381772f.html,Walt Disney Concert Hall,Headline,2021,04,16,16/04/2021Walt Disney Concert Hall
17/11/2020,Weezer,Buddy Holly | Beverly Hills | Island in the Sun | Africa | Hero | Say It Ain't So,,https://www.setlist.fm/setlist/weezer/2020/32nd-annual-supercomputing-celebration-san-diego-ca-6b821afe.html,32nd Annual Supercomputing Celebration,Headline,2020,11,17,17/11/202032nd Annual Supercomputing Celebration
17/09/2020,Weezer,Buddy Holly | Beverly Hills | Hash Pipe | Undone - The Sweater Song | My Name Is Jonas | Africa | Island in the Sun | Say It Ain't So,,https://www.setlist.fm/setlist/weezer/2020/private-venue-los-angeles-ca-7b8532cc.html,Private Venue,Headline,2020,09,17,17/09/2020Private Venue
17/06/2020,Weezer,Hero,,https://www.setlist.fm/setlist/weezer/2020/private-venue-los-angeles-ca-43874b27.html,Private Venue,Headline,2020,06,17,17/06/2020Private Venue
01/03/2020,Weezer,Buddy Holly | Undone - The Sweater Song | Everybody Wants to Rule the World | Pork and Beans | Surf Wax America | In the Garage | The End of the Game | Take On Me | Happy Hour | Holiday | Africa | Perfect Situation | Hash Pipe | Lithium | Island in the Sun | Beverly Hills | Paranoid | My Name Is Jonas | Say It Ain't So,,https://www.setlist.fm/setlist/weezer/2020/tempe-beach-park-tempe-az-1b99a5c4.html,Tempe Beach Park,Headline,2020,03,01,01/03/2020Tempe Beach Park
16/11/2019,Weezer,Buddy Holly | Undone - The Sweater Song | Take On Me | My Name Is Jonas | Perfect Situation | Paranoid | Holiday | The End of the Game | Africa | Hash Pipe | Surf Wax America | The Good Life | Beverly Hills | Island in the Sun | Thank God for Girls | Everybody Wants to Rule the World | Pork and Beans | Buddy Holly | Lithium | Say It Ain't So,,https://www.setlist.fm/setlist/weezer/2019/autodromo-hermanos-rodriguez-mexico-city-mexico-1b9a99e0.html,Autódromo Hermanos Rodríguez,Headline,2019,11,16,16/11/2019Autódromo Hermanos Rodríguez
01/11/2019,Weezer,Buddy Holly | Africa | Beverly Hills | Take On Me | Undone - The Sweater Song | Everybody Wants to Rule the World | Island in the Sun | No Scrubs | Say It Ain't So,,https://www.setlist.fm/setlist/weezer/2019/brenton-skating-plaza-des-moines-ia-739d7ed5.html,Brenton Skating Plaza,Headline,2019,11,01,01/11/2019Brenton Skating Plaza
18/10/2019,Weezer,Buddy Holly | Africa | Pork and Beans | Undone - The Sweater Song | Hash Pipe | (If You're Wondering If I Want You To) I Want You To | Everybody Wants to Rule the World | Surf Wax America | My Name Is Jonas | Lithium | The End of the Game | Perfect Situation | Paranoid | Beverly Hills | Island in the Sun | Take On Me | Buddy Holly | No Scrubs | Say It Ain't So,,https://www.setlist.fm/setlist/weezer/2019/uab-campus-green-birmingham-al-239df45b.html,UAB Campus Green,Headline,2019,10,18,18/10/2019UAB Campus Green
09/10/2019,Weezer,Buddy Holly | Africa | My Name Is Jonas | Island in the Sun | Paranoid | (If You're Wondering If I Want You To) I Want You To | Hash Pipe | Undone - The Sweater Song | Lithium | Surf Wax America | Troublemaker | Everybody Wants to Rule the World | Beverly Hills | Pork and Beans | Take On Me | Perfect Situation | The End of the Game | Happy Together | No Scrubs | Say It Ain't So,,https://www.setlist.fm/setlist/weezer/2019/grand-hyatt-kauai-resort-and-spa-koloa-hi-7b9daec8.html,Grand Hyatt Kauai Resort & Spa,Headline,2019,10,09,09/10/2019Grand Hyatt Kauai Resort & Spa
04/10/2019,Weezer,Buddy Holly | Undone - The Sweater Song | Hash Pipe | Paranoid | Island in the Sun | Beverly Hills | My Name Is Jonas | Pork and Beans | Take On Me | The End of the Game | Perfect Situation | Lithium | Say It Ain't So,,https://www.setlist.fm/setlist/weezer/2019/estadio-nacional-de-costa-rica-san-jose-costa-rica-4b9c67c6.html,Estadio Nacional de Costa Rica,Headline,2019,10,04,04/10/2019Estadio Nacional de Costa Rica
01/10/2019,Weezer,Buddy Holly | Undone - The Sweater Song | Hash Pipe | Surf Wax America | Pork and Beans | Take On Me | Perfect Situation | Island in the Sun | The Good Life | Lithium | Beverly Hills | The End of the Game | Paranoid | My Name Is Jonas | Say It Ain't So,,https://www.setlist.fm/setlist/weezer/2019/estadio-el-campin-bogota-colombia-139c01ed.html,Estadio El Campín,Headline,2019,10,01,01/10/2019Estadio El Campín
28/09/2019,Weezer,Buddy Holly | Beverly Hills | Pork and Beans | Africa | Holiday | In the Garage | Take On Me | Island in the Sun | Perfect Situation | Happy Together | The End of the Game | Undone - The Sweater Song | My Name Is Jonas | Paranoid | Hash Pipe | Surf Wax America | Lithium | Buddy Holly | Say It Ain't So,,https://www.setlist.fm/setlist/weezer/2019/parque-olimpico-rio-de-janeiro-brazil-4b9c1fca.html,Parque Olímpico,Headline,2019,09,28,28/09/2019Parque Olímpico
26/09/2019,Weezer,Buddy Holly | Undone - The Sweater Song | Hash Pipe | My Name Is Jonas | Happy Together | Holiday | Island in the Sun | Perfect Situation | Take On Me | The End of the Game | Surf Wax America | Africa | The Good Life | El Scorcho | Paranoid | Pork and Beans | Beverly Hills | Lithium | Buddy Holly | Say It Ain't So,,https://www.setlist.fm/setlist/weezer/2019/ginasio-do-ibirapuera-sao-paulo-brazil-2b9c2876.html,Ginásio do Ibirapuera,Headline,2019,09,26,26/09/2019Ginásio do Ibirapuera
24/09/2019,Weezer,Buddy Holly | Beverly Hills | (If You're Wondering If I Want You To) I Want You To | Surf Wax America | Island in the Sun | Take On Me | Perfect Situation | Holiday | Happy Together | In the Garage | The End of the Game | Undone - The Sweater Song | Lithium | Hash Pipe | My Name Is Jonas | El Scorcho | Pork and Beans | Africa | Buddy Holly | Paranoid | Say It Ain't So,,https://www.setlist.fm/setlist/weezer/2019/movistar-arena-santiago-chile-2b9c3042.html,Movistar Arena,Headline,2019,09,24,24/09/2019Movistar Arena
22/09/2019,Weezer,Buddy Holly | Beverly Hills | Hash Pipe | Africa | My Name Is Jonas | Pork and Beans | Happy Together | Island in the Sun | Perfect Situation | Holiday | Surf Wax America | The End of the Game | Undone - The Sweater Song | Take On Me | In the Garage | El Scorcho | Paranoid | The Good Life | Buddy Holly | Lithium | Say It Ain't So,,https://www.setlist.fm/setlist/weezer/2019/jockey-club-del-peru-lima-peru-7b9cc6ec.html,Jockey Club del Perú,Headline,2019,09,22,22/09/2019Jockey Club del Perú
18/09/2019,Weezer,Buddy Holly | Africa | Hash Pipe | Beverly Hills | Happy Together | Undone - The Sweater Song | The End of the Game | In the Garage | Take On Me | My Name Is Jonas | Perfect Situation | Island in the Sun | No Scrubs | Surf Wax America | Pork and Beans | Buddy Holly | Everybody Wants to Rule the World | Say It Ain't So,,https://www.setlist.fm/setlist/weezer/2019/acl-live-at-the-moody-theater-austin-tx-5b9ccf48.html,ACL Live at The Moody Theater,Headline,2019,09,18,18/09/2019ACL Live at The Moody Theater
11/09/2019,Weezer,The End of the Game,,https://www.setlist.fm/setlist/weezer/2019/jimmy-kimmel-live-los-angeles-ca-b9c89da.html,Jimmy Kimmel Live,Headline,2019,09,11,11/09/2019Jimmy Kimmel Live
10/09/2019,Weezer,Buddy Holly | Beverly Hills | Hash Pipe | Undone - The Sweater Song | Island in the Sun | The End of the Game | Pork and Beans | Africa | Say It Ain't So | Buddy Holly,,https://www.setlist.fm/setlist/weezer/2019/whisky-a-go-go-west-hollywood-ca-2b9c8cc6.html,Whisky A Go Go,Headline,2019,09,10,10/09/2019Whisky A Go Go
01/09/2019,Weezer,Buddy Holly | Undone - The Sweater Song | Hash Pipe | Everybody Wants to Rule the World | Holiday | Africa | My Name Is Jonas | No Scrubs | Island in the Sun | Perfect Situation | Happy Together | (If You're Wondering If I Want You To) I Want You To | Take On Me | The Good Life | Beverly Hills | Pork and Beans | Buddy Holly | Surf Wax America | Say It Ain't So,,https://www.setlist.fm/setlist/weezer/2019/washington-state-fair-events-center-puyallup-wa-539f6335.html,Washington State Fair Events Center,Headline,2019,09,01,01/09/2019Washington State Fair Events Center
30/08/2019,Weezer,Buddy Holly | Surf Wax America | Hash Pipe | Perfect Situation | Happy Together | Pork and Beans | Undone - The Sweater Song | Everybody Wants to Rule the World | My Name Is Jonas | The Good Life | (If You're Wondering If I Want You To) I Want You To | Beverly Hills | Take On Me | Island in the Sun | Holiday | Africa | Buddy Holly | No Scrubs | Say It Ain't So,,https://www.setlist.fm/setlist/weezer/2019/town-park-snowmass-village-co-239f70a3.html,Town Park,Headline,2019,08,30,30/08/2019Town Park
29/08/2019,Weezer,Buddy Holly | Undone - The Sweater Song | Pork and Beans | My Name Is Jonas | Beverly Hills | Island in the Sun | Africa | Hash Pipe | Holiday | Perfect Situation | Take On Me | The Good Life | The World Has Turned and Left Me Here | Happy Together | Buddy Holly | Say It Ain't So,,https://www.setlist.fm/setlist/weezer/2019/mission-ballroom-denver-co-539f7759.html,Mission Ballroom,Headline,2019,08,29,29/08/2019Mission Ballroom
28/08/2019,Weezer,Buddy Holly | Undone - The Sweater Song | My Name Is Jonas | Everybody Wants to Rule the World | Surf Wax America | Perfect Situation | Happy Together | In the Garage | Take On Me | Hash Pipe | (If You're Wondering If I Want You To) I Want You To | Island in the Sun | Beverly Hills | Pork and Beans | Holiday | No Scrubs | Buddy Holly | Africa | Say It Ain't So,,https://www.setlist.fm/setlist/weezer/2019/grand-america-hotel-salt-lake-city-ut-139f61bd.html,Grand America Hotel,Headline,2019,08,28,28/08/2019Grand America Hotel
26/08/2019,Weezer,Buddy Holly | Surf Wax America | Africa | Hash Pipe | My Name Is Jonas | Everybody Wants to Rule the World | In the Garage | (If You're Wondering If I Want You To) I Want You To | Perfect Situation | Island in the Sun | Take On Me | Feels Like Summer | Happy Together | Beverly Hills | Pork and Beans | Undone - The Sweater Song | Buddy Holly | No Scrubs | Say It Ain't So,,https://www.setlist.fm/setlist/weezer/2019/boston-convention-and-exhibition-center-boston-ma-7b9f7ad4.html,Boston Convention and Exhibition Center,Headline,2019,08,26,26/08/2019Boston Convention and Exhibition Center
18/08/2019,Weezer,Buddy Holly | My Name Is Jonas | Africa | Beverly Hills | Take On Me | Pork and Beans | Perfect Situation | Happy Together | Surf Wax America | Undone - The Sweater Song | Island in the Sun | Hash Pipe | Say It Ain't So,,https://www.setlist.fm/setlist/weezer/2019/maishima-osaka-japan-339fcc4d.html,Maishima,Headline,2019,08,18,18/08/2019Maishima
16/08/2019,Weezer,Buddy Holly | My Name Is Jonas | Perfect Situation | Surf Wax America | Africa | Hash Pipe | Undone - The Sweater Song | Take On Me | Island in the Sun | Beverly Hills | Pork and Beans | Say It Ain't So,,https://www.setlist.fm/setlist/weezer/2019/zozo-marine-stadium-chiba-japan-3b9fe0cc.html,ZOZO Marine Stadium,Headline,2019,08,16,16/08/2019ZOZO Marine Stadium
14/08/2019,Weezer,Buddy Holly | Beverly Hills | Surf Wax America | Perfect Situation | (If You're Wondering If I Want You To) I Want You To | Holiday | Across the Sea | Africa | The Good Life | Take On Me | Undone - The Sweater Song | Island in the Sun | El Scorcho | Everybody Wants to Rule the World | Why Bother? | Stand by Me | California | HOMELY GIRL | My Name Is Jonas | Hash Pipe | Happy Together | Pink Triangle | Can't Knock the Hustle | Pork and Beans | Buddy Holly | Paranoid | Say It Ain't So,,https://www.setlist.fm/setlist/weezer/2019/toyosu-pit-tokyo-japan-439feb97.html,Toyosu PIT,Headline,2019,08,14,14/08/2019Toyosu PIT
11/08/2019,Weezer,Buddy Holly | My Name Is Jonas | Africa | The Good Life | Holiday | Everybody Wants to Rule the World | Beverly Hills | Take On Me | Pork and Beans |  | Perfect Situation | Happy Together | Surf Wax America | Undone - The Sweater Song | Island in the Sun | Becoming Dust | Buddy Holly | Hash Pipe | Say It Ain't So,,https://www.setlist.fm/setlist/weezer/2019/songdo-moonlight-festival-park-incheon-south-korea-239f88ef.html,Songdo Moonlight Festival Park,Headline,2019,08,11,11/08/2019Songdo Moonlight Festival Park
05/08/2019,Weezer,Happy Days Intro | Buddy Holly | My Name Is Jonas | Africa | Hash Pipe | Perfect Situation | Happy Together | Feels Like Summer | The Good Life | Thank God for Girls | Pork and Beans | (If You're Wondering If I Want You To) I Want You To | Beverly Hills | Island in the Sun | Take On Me | Undone - The Sweater Song | Troublemaker | Buddy Holly | No Scrubs | Say It Ain't So,,https://www.setlist.fm/setlist/weezer/2019/wind-creek-steel-stage-at-pnc-plaza-bethlehem-pa-339e4075.html,Wind Creek Steel Stage at PNC Plaza,Headline,2019,08,05,05/08/2019Wind Creek Steel Stage at PNC Plaza
03/08/2019,Weezer,Buddy Holly | My Name Is Jonas | Africa | Island in the Sun | Happy Together | Surf Wax America | Perfect Situation | (If You're Wondering If I Want You To) I Want You To | In the Garage | Feels Like Summer | Everybody Wants to Rule the World | Beverly Hills | Take On Me | Thank God for Girls | Pork and Beans | Undone - The Sweater Song | Hash Pipe | Buddy Holly | Say It Ain't So,,https://www.setlist.fm/setlist/weezer/2019/parc-champigny-levis-qc-canada-539e53c9.html,Parc Champigny,Headline,2019,08,03,03/08/2019Parc Champigny
27/07/2019,Weezer,Buddy Holly | My Name Is Jonas | Africa | Hash Pipe | No Scrubs | Surf Wax America | (If You're Wondering If I Want You To) I Want You To | Undone - The Sweater Song | Holiday | Pork and Beans | Feels Like Summer | The Good Life | Beverly Hills | Happy Together | Island in the Sun | Perfect Situation | Buddy Holly | Take On Me | Say It Ain't So,,https://www.setlist.fm/setlist/weezer/2019/north-dakota-state-fair-grandstand-minot-nd-339e0419.html,North Dakota State  Fair Grandstand,Headline,2019,07,27,27/07/2019North Dakota State  Fair Grandstand
20/07/2019,Weezer,Buddy Holly | My Name Is Jonas | Africa | Hash Pipe | In the Garage | Everybody Wants to Rule the World | Surf Wax America | (If You're Wondering If I Want You To) I Want You To | Undone - The Sweater Song | Holiday | Pork and Beans | Feels Like Summer | The Good Life | Beverly Hills | Happy Together | Island in the Sun | Perfect Situation | Buddy Holly | Take On Me | Say It Ain't So,European Summer Tour 2019,https://www.setlist.fm/setlist/weezer/2019/malakoff-nordfjordeid-norway-3b9e2c78.html,Malakoff,Headline,2019,07,20,20/07/2019Malakoff
18/07/2019,Weezer,Buddy Holly | Surf Wax America | Beverly Hills | My Name Is Jonas | Africa | Holiday | Feels Like Summer | Island in the Sun | Happy Together | Perfect Situation | You Might Think | Pink Triangle | Undone - The Sweater Song | Take On Me | In the Garage | Hash Pipe | Buddy Holly | The Good Life | Say It Ain't So,European Summer Tour 2019,https://www.setlist.fm/setlist/weezer/2019/telegrafbukta-tromso-norway-b9ec9f2.html,Telegrafbukta,Headline,2019,07,18,18/07/2019Telegrafbukta
16/07/2019,Weezer,My Name Is Jonas | Undone - The Sweater Song | Hash Pipe | Beverly Hills | Holiday | Perfect Situation | Happy Together | In the Garage | No One Else | The World Has Turned and Left Me Here | The Good Life | Feels Like Summer | You Might Think | Island in the Sun | Say It Ain't So | Africa | Pork and Beans | Buddy Holly | Take On Me | Buddy Holly,European Summer Tour 2019,https://www.setlist.fm/setlist/weezer/2019/stora-scenen-grona-lund-stockholm-sweden-39ee597.html,"Stora Scenen, Gröna Lund",Headline,2019,07,16,"16/07/2019Stora Scenen, Gröna Lund"
13/07/2019,Weezer,Buddy Holly | Undone - The Sweater Song | Holiday | The Good Life | Beverly Hills | Everybody Wants to Rule the World | Happy Hour | Hash Pipe | Happy Together | Surf Wax America | Feels Like Summer | The World Has Turned and Left Me Here | Africa | Pork and Beans | My Name Is Jonas | Take On Me | Perfect Situation | Island in the Sun | Say It Ain't So,European Summer Tour 2019,https://www.setlist.fm/setlist/weezer/2019/kobetamendi-bilbao-spain-6b9e829e.html,Kobetamendi,Headline,2019,07,13,13/07/2019Kobetamendi
11/07/2019,Weezer,My Name Is Jonas | Beverly Hills | Pork and Beans | Happy Together | Undone - The Sweater Song | Take On Me | Feels Like Summer | Perfect Situation | The Good Life | Africa | Island in the Sun | Hash Pipe | Say It Ain't So | Buddy Holly,European Summer Tour 2019,https://www.setlist.fm/setlist/weezer/2019/passeio-maritimo-de-alges-oeiras-portugal-1b9e8d38.html,Passeio Marítimo de Algés,Headline,2019,07,11,11/07/2019Passeio Marítimo de Algés
08/07/2019,Weezer,Happy Days Intro | My Name Is Jonas | No One Else | Undone - The Sweater Song | Happy Together | El Scorcho | Holiday | In the Garage | The Good Life | Africa | Pink Triangle | Feels Like Summer | Why Bother? | Island in the Sun | Beverly Hills | Take On Me | Pork and Beans | Perfect Situation | Hash Pipe | Say It Ain't So | Buddy Holly,European Summer Tour 2019,https://www.setlist.fm/setlist/weezer/2019/x-tra-zurich-switzerland-7b9ea698.html,X-TRA,Headline,2019,07,08,08/07/2019X-TRA
07/07/2019,Weezer,Happy Days Intro | My Name Is Jonas | Beverly Hills | Hash Pipe | Thank God for Girls | Everybody Wants to Rule the World | Pork and Beans | Africa | Troublemaker | Holiday | The World Has Turned and Left Me Here | Happy Together | Surf Wax America | Take On Me | Undone - The Sweater Song | Island in the Sun | The Good Life | Perfect Situation | Say It Ain't So | Buddy Holly,European Summer Tour 2019,https://www.setlist.fm/setlist/weezer/2019/arena-joe-strummer-bologna-italy-6b9eb61e.html,Arena Joe Strummer,Headline,2019,07,07,07/07/2019Arena Joe Strummer
06/07/2019,Weezer,Buddy Holly | My Name Is Jonas | Perfect Situation | Pork and Beans | Beverly Hills | Tired of Sex | Happy Hour | Take On Me | Surf Wax America | You Might Think | The World Has Turned and Left Me Here | The Good Life | Africa | Hash Pipe | California Kids | Undone - The Sweater Song | Buddy Holly | Island in the Sun | Say It Ain't So,European Summer Tour 2019,https://www.setlist.fm/setlist/weezer/2019/presquile-de-malsaucy-belfort-france-39eb92b.html,Presqu'île de Malsaucy,Headline,2019,07,06,06/07/2019Presqu'île de Malsaucy
05/07/2019,Weezer,My Name Is Jonas | Pork and Beans | Undone - The Sweater Song | Take On Me | Beverly Hills | Holiday | Hash Pipe | Perfect Situation | Buddy Holly | Africa | Island in the Sun | Say It Ain't So,European Summer Tour 2019,https://www.setlist.fm/setlist/weezer/2019/stade-de-france-saint-denis-france-43914713.html,Stade de France,Headline,2019,07,05,05/07/2019Stade de France
02/07/2019,Weezer,Buddy Holly | Why Bother? | Perfect Situation | My Name Is Jonas | No Scrubs | Pork and Beans | El Scorcho | Pink Triangle | Holiday | Island in the Sun | Africa | Troublemaker | In the Garage | Take On Me | The Good Life | Undone - The Sweater Song | Happy Together | Say It Ain't So | Buddy Holly | Hash Pipe | Beverly Hills,European Summer Tour 2019,https://www.setlist.fm/setlist/weezer/2019/stadtpark-freilichtbuhne-hamburg-germany-4b915f16.html,Stadtpark Freilichtbühne,Headline,2019,07,02,02/07/2019Stadtpark Freilichtbühne
01/07/2019,Weezer,Buddy Holly | Surf Wax America | My Name Is Jonas | Beverly Hills | Pork and Beans | Holiday | Island in the Sun | Perfect Situation | Hash Pipe | Feels Like Summer | Undone - The Sweater Song | Happy Together | Pink Triangle | Take On Me | The Good Life | El Scorcho | Everybody Wants to Rule the World | Say It Ain't So | Buddy Holly | Why Bother? | Africa,European Summer Tour 2019,https://www.setlist.fm/setlist/weezer/2019/ronda-utrecht-netherlands-6391623b.html,Ronda,Headline,2019,07,01,01/07/2019Ronda
29/06/2019,Weezer,Happy Days Intro | Buddy Holly | Why Bother? | El Scorcho | Happy Together | My Name Is Jonas | Undone - The Sweater Song | Hash Pipe | No Scrubs | Pink Triangle | Thank God for Girls | Take On Me | Perfect Situation | Pork and Beans | Africa | The Good Life | Island in the Sun | Surf Wax America | In the Garage | Buddy Holly | Beverly Hills | Say It Ain't So,European Summer Tour 2019,https://www.setlist.fm/setlist/weezer/2019/o2-academy-brixton-london-england-3b91687c.html,O2 Academy Brixton,Headline,2019,06,29,29/06/2019O2 Academy Brixton
28/06/2019,Weezer,Happy Days Intro | Buddy Holly | My Name Is Jonas | Undone - The Sweater Song | (If You're Wondering If I Want You To) I Want You To | Beverly Hills | Pork and Beans | Perfect Situation | Hash Pipe | Take On Me | In the Garage | The Good Life | Africa | Island in the Sun | Happy Together | Say It Ain't So,European Summer Tour 2019,https://www.setlist.fm/setlist/weezer/2019/festivalpark-werchter-belgium-b9179e6.html,Festivalpark,Headline,2019,06,28,28/06/2019Festivalpark
12/06/2019,Weezer,Happy Days Intro | Buddy Holly | My Name Is Jonas | Undone - The Sweater Song | Hash Pipe | (If You're Wondering If I Want You To) I Want You To | Take On Me | In the Garage | Island in the Sun | Happy Together | Pork and Beans | No Scrubs | Beverly Hills | Perfect Situation | Africa | Say It Ain't So,,https://www.setlist.fm/setlist/weezer/2019/petco-park-san-diego-ca-2b91dc6a.html,Petco Park,Headline,2019,06,12,12/06/2019Petco Park
06/06/2019,Weezer,Happy Days Intro | Buddy Holly | My Name Is Jonas | Africa | Hash Pipe | No Scrubs | Island in the Sun | Beverly Hills | Surf Wax America | Undone - The Sweater Song | (If You're Wondering If I Want You To) I Want You To | Take On Me | Pork and Beans | Perfect Situation | Say It Ain't So,,https://www.setlist.fm/setlist/weezer/2019/discovery-meadow-san-jose-ca-43918fbf.html,Discovery Meadow,Headline,2019,06,06,06/06/2019Discovery Meadow
29/05/2019,Weezer,Happy Days Intro | Buddy Holly | My Name Is Jonas | (If You're Wondering If I Want You To) I Want You To | Perfect Situation | Hash Pipe | Africa | Island in the Sun | Beverly Hills | Surf Wax America | Undone - The Sweater Song | Everybody Wants to Rule the World | In the Garage | Take On Me | El Scorcho | Pork and Beans | No Scrubs | Buddy Holly | Say It Ain't So,,https://www.setlist.fm/setlist/weezer/2019/rosss-landing-chattanooga-tn-3904533.html,Ross's Landing,Headline,2019,05,29,29/05/2019Ross's Landing
19/05/2019,Weezer,Africa | Everybody Wants to Rule the World | Take On Me,,https://www.setlist.fm/setlist/weezer/2019/american-idol-los-angeles-ca-7b900ee8.html,American Idol,Headline,2019,05,19,19/05/2019American Idol
20/04/2019,Weezer,Buddy Holly | Happy Days Intro | Buddy Holly | Hash Pipe | My Name Is Jonas | Undone - The Sweater Song | Pork and Beans | Africa | The Good Life | Happy Together | Island in the Sun | Beverly Hills | El Scorcho | Take On Me | Perfect Situation | Say It Ain't So,North American Spring Tour 2019,https://www.setlist.fm/setlist/weezer/2019/empire-polo-club-indio-ca-4393038b.html,Empire Polo Club,Headline,2019,04,20,20/04/2019Empire Polo Club
15/04/2019,Weezer,High as a Kite | Everybody Wants to Rule the World,,https://www.setlist.fm/setlist/weezer/2019/jimmy-kimmel-live-los-angeles-ca-6b930e8e.html,Jimmy Kimmel Live,Headline,2019,04,15,15/04/2019Jimmy Kimmel Live
13/04/2019,Weezer,Beverly Hills | Happy Days Intro | Buddy Holly | My Name Is Jonas | Beverly Hills | Hash Pipe | El Scorcho | Everybody Wants to Rule the World | Undone - The Sweater Song | Can't Knock the Hustle | No Scrubs | Pork and Beans | Perfect Situation | Island in the Sun | Africa | Say It Ain't So,North American Spring Tour 2019,https://www.setlist.fm/setlist/weezer/2019/empire-polo-club-indio-ca-13931d19.html,Empire Polo Club,Headline,2019,04,13,13/04/2019Empire Polo Club
12/04/2019,Weezer,Beverly Hills | Happy Days Intro | Buddy Holly | My Name Is Jonas | Africa | Pork and Beans | El Scorcho | Everybody Wants to Rule the World | Undone - The Sweater Song | Can't Knock the Hustle | Paranoid | The World Has Turned and Left Me Here | Take On Me | Up the Beach | Beverly Hills | Pink Triangle | Thank God for Girls | Island in the Sun | No Scrubs | Hash Pipe | Perfect Situation | Say It Ain't So,North American Spring Tour 2019,https://www.setlist.fm/setlist/weezer/2019/mandalay-bay-events-center-las-vegas-nv-3933993.html,Mandalay Bay Events Center,Headline,2019,04,12,12/04/2019Mandalay Bay Events Center
10/04/2019,Weezer,Beverly Hills | Happy Days Intro | Buddy Holly | My Name Is Jonas | Africa | Pork and Beans | El Scorcho | Everybody Wants to Rule the World | Undone - The Sweater Song | Can't Knock the Hustle | Paranoid | Stand by Me | Up the Beach | Beverly Hills | Pink Triangle | Thank God for Girls | Island in the Sun | No Scrubs | Hash Pipe | Perfect Situation | Say It Ain't So,North American Spring Tour 2019,https://www.setlist.fm/setlist/weezer/2019/oracle-arena-oakland-ca-7393cab9.html,Oracle Arena,Headline,2019,04,10,10/04/2019Oracle Arena
09/04/2019,Weezer,Beverly Hills | Happy Days Intro | Buddy Holly | My Name Is Jonas | In the Garage | El Scorcho | Island in the Sun | Everybody Wants to Rule the World | Undone - The Sweater Song | Can't Knock the Hustle | Paranoid | The World Has Turned and Left Me Here | Happy Together | Up the Beach | Beverly Hills | Pork and Beans | Perfect Situation | Troublemaker | Africa | Hash Pipe | No Scrubs | Say It Ain't So,North American Spring Tour 2019,https://www.setlist.fm/setlist/weezer/2019/golden-1-center-sacramento-ca-1b93cd38.html,Golden 1 Center,Headline,2019,04,09,09/04/2019Golden 1 Center
07/04/2019,Weezer,Beverly Hills | Happy Days Intro | Buddy Holly | (If You're Wondering If I Want You To) I Want You To | Africa | The Good Life | My Name Is Jonas | Island in the Sun | Undone - The Sweater Song | Can't Knock the Hustle | Paranoid | Perfect Situation | Stand by Me | Up the Beach | Beverly Hills | Take On Me | El Scorcho | Pork and Beans | Everybody Wants to Rule the World | Hash Pipe | Surf Wax America | Say It Ain't So,North American Spring Tour 2019,https://www.setlist.fm/setlist/weezer/2019/rogers-arena-vancouver-bc-canada-3393dc41.html,Rogers Arena,Headline,2019,04,07,07/04/2019Rogers Arena
06/04/2019,Weezer,Beverly Hills | Happy Days Intro | Buddy Holly | (If You're Wondering If I Want You To) I Want You To | Africa | Tired of Sex | My Name Is Jonas | El Scorcho | Everybody Wants to Rule the World | High as a Kite | Paranoid | Perfect Situation | Take On Me | Up the Beach | Beverly Hills | Pork and Beans | No Scrubs | Island in the Sun | Undone - The Sweater Song | Hash Pipe | Surf Wax America | Say It Ain't So,North American Spring Tour 2019,https://www.setlist.fm/setlist/weezer/2019/moda-center-portland-or-5b93ebac.html,Moda Center,Headline,2019,04,06,06/04/2019Moda Center
05/04/2019,Weezer,Beverly Hills | Happy Days Intro | Buddy Holly | (If You're Wondering If I Want You To) I Want You To | El Scorcho | Island in the Sun | Undone - The Sweater Song | Pork and Beans | Africa | Surf Wax America | High as a Kite | Paranoid | In the Garage | Stand by Me | Up the Beach | Hash Pipe | Perfect Situation | Why Bother? | Everybody Wants to Rule the World | Beverly Hills | Take On Me | Say It Ain't So,North American Spring Tour 2019,https://www.setlist.fm/setlist/weezer/2019/ford-idaho-center-arena-nampa-id-5b93efac.html,Ford Idaho Center Arena,Headline,2019,04,05,05/04/2019Ford Idaho Center Arena
31/03/2019,Weezer,Pork and Beans | Happy Days Intro | Buddy Holly | (If You're Wondering If I Want You To) I Want You To | Africa | Tired of Sex | Undone - The Sweater Song | Island in the Sun | Everybody Wants to Rule the World | Can't Knock the Hustle | Paranoid | Perfect Situation | Stand by Me | Up the Beach | Beverly Hills | My Name Is Jonas | No Scrubs | Pork and Beans | El Scorcho | Hash Pipe | Surf Wax America | Say It Ain't So,North American Spring Tour 2019,https://www.setlist.fm/setlist/weezer/2019/alliant-energy-center-madison-wi-7b9392cc.html,Alliant Energy Center,Headline,2019,03,31,31/03/2019Alliant Energy Center
30/03/2019,Weezer,Pork and Beans | Happy Days Intro | Buddy Holly | (If You're Wondering If I Want You To) I Want You To | Surf Wax America | Undone - The Sweater Song | My Name Is Jonas | El Scorcho | Everybody Wants to Rule the World | High as a Kite | Paranoid | Perfect Situation | Take On Me | Up the Beach | Hash Pipe | Africa | Island in the Sun | No Scrubs | Pink Triangle | Beverly Hills | Pork and Beans | Say It Ain't So,North American Spring Tour 2019,https://www.setlist.fm/setlist/weezer/2019/xcel-energy-center-st-paul-mn-13939505.html,Xcel Energy Center,Headline,2019,03,30,30/03/2019Xcel Energy Center
28/03/2019,Weezer,Pork and Beans | Happy Days Intro | Buddy Holly | My Name Is Jonas | Africa | The Good Life | Undone - The Sweater Song | Island in the Sun | Everybody Wants to Rule the World | Can't Knock the Hustle | Paranoid | (If You're Wondering If I Want You To) I Want You To | Take On Me | Up the Beach | Hash Pipe | Perfect Situation | Troublemaker | No Scrubs | Pork and Beans | Beverly Hills | Surf Wax America | Say It Ain't So,North American Spring Tour 2019,https://www.setlist.fm/setlist/weezer/2019/wells-fargo-arena-des-moines-ia-5b93a7f0.html,Wells Fargo Arena,Headline,2019,03,28,28/03/2019Wells Fargo Arena
27/03/2019,Weezer,Buddy Holly | Happy Days Intro | My Name Is Jonas | Buddy Holly | Africa | Island in the Sun | Undone - The Sweater Song | Pork and Beans | No Scrubs | Troublemaker | High as a Kite | Paranoid | In the Garage | Take On Me | Up the Beach | Beverly Hills | Pink Triangle | Everybody Wants to Rule the World | Perfect Situation | Hash Pipe | (If You're Wondering If I Want You To) I Want You To | Say It Ain't So,North American Spring Tour 2019,https://www.setlist.fm/setlist/weezer/2019/bok-center-tulsa-ok-7b93b2c0.html,BOK Center,Headline,2019,03,27,27/03/2019BOK Center
26/03/2019,Weezer,Buddy Holly | Happy Days Intro | My Name Is Jonas | The Good Life | In the Garage | Troublemaker | Undone - The Sweater Song | Surf Wax America | El Scorcho | Can't Knock the Hustle | Paranoid | Island in the Sun | Take On Me | Up the Beach | Beverly Hills | Pork and Beans | Africa | Say It Ain't So | Perfect Situation | Hash Pipe | No Scrubs | Buddy Holly,North American Spring Tour 2019,https://www.setlist.fm/setlist/weezer/2019/sprint-center-kansas-city-mo-5b93b7a4.html,Sprint Center,Headline,2019,03,26,26/03/2019Sprint Center
24/03/2019,Weezer,Buddy Holly | Happy Days Intro | My Name Is Jonas | (If You're Wondering If I Want You To) I Want You To | El Scorcho | Surf Wax America | Undone - The Sweater Song | Island in the Sun | The Good Life | Can't Knock the Hustle | Paranoid | Perfect Situation | Stand by Me | Up the Beach | Beverly Hills | Pork and Beans | Take On Me | Say It Ain't So | Africa | Hash Pipe | No Scrubs | Buddy Holly,North American Spring Tour 2019,https://www.setlist.fm/setlist/weezer/2019/enterprise-center-st-louis-mo-139245b9.html,Enterprise Center,Headline,2019,03,24,24/03/2019Enterprise Center
22/03/2019,Weezer,Buddy Holly | Happy Days Intro | My Name Is Jonas | The Good Life | (If You're Wondering If I Want You To) I Want You To | Surf Wax America | Undone - The Sweater Song | Happy Together | Perfect Situation | Island in the Sun | High as a Kite | Paranoid | In the Garage | Take On Me | Up the Beach | Beverly Hills | Pork and Beans | Africa | Say It Ain't So | Hash Pipe | No Scrubs | Buddy Holly,North American Spring Tour 2019,https://www.setlist.fm/setlist/weezer/2019/fedexforum-memphis-tn-23925457.html,FedExForum,Headline,2019,03,22,22/03/2019FedExForum
20/03/2019,Weezer,Buddy Holly | Happy Days Intro | My Name Is Jonas | Pink Triangle | El Scorcho | Buddy Holly | Undone - The Sweater Song | (If You're Wondering If I Want You To) I Want You To | Pork and Beans | Can't Knock the Hustle | Paranoid | Perfect Situation | Happy Together | Up the Beach | Beverly Hills | Surf Wax America | No Scrubs | Island in the Sun | Africa | Hash Pipe | Take On Me | Say It Ain't So,North American Spring Tour 2019,https://www.setlist.fm/setlist/weezer/2019/van-andel-arena-grand-rapids-mi-3b926454.html,Van Andel Arena,Headline,2019,03,20,20/03/2019Van Andel Arena
19/03/2019,Weezer,Buddy Holly | Happy Days Intro | My Name Is Jonas | The Good Life | (If You're Wondering If I Want You To) I Want You To | Island in the Sun | Undone - The Sweater Song | Pork and Beans | No Scrubs | Surf Wax America | High as a Kite | Paranoid | Perfect Situation | Stand by Me | Up the Beach | Beverly Hills | Take On Me | Say It Ain't So | Africa | Hash Pipe | El Scorcho | Buddy Holly,North American Spring Tour 2019,https://www.setlist.fm/setlist/weezer/2019/value-city-arena-columbus-oh-43926fa7.html,Value City Arena,Headline,2019,03,19,19/03/2019Value City Arena
17/03/2019,Weezer,Buddy Holly | Happy Days Intro | My Name Is Jonas | The Good Life | Buddy Holly | Thank God for Girls | Undone - The Sweater Song | Pork and Beans | No Scrubs | Living in L.A. | Paranoid | (If You're Wondering If I Want You To) I Want You To | Stand by Me | Up the Beach | Beverly Hills | Island in the Sun | Take On Me | Perfect Situation | El Scorcho | Africa | Hash Pipe | Surf Wax America | Say It Ain't So,North American Spring Tour 2019,https://www.setlist.fm/setlist/weezer/2019/royal-farms-arena-baltimore-md-b927936.html,Royal Farms Arena,Headline,2019,03,17,17/03/2019Royal Farms Arena
16/03/2019,Weezer,Buddy Holly | Happy Days Intro | My Name Is Jonas | The Good Life | (If You're Wondering If I Want You To) I Want You To | No Scrubs | Undone - The Sweater Song | Africa | Surf Wax America | Pork and Beans | El Scorcho | High as a Kite | In the Garage | Happy Together | Up the Beach | Hash Pipe | Pink Triangle | Island in the Sun | Perfect Situation | Take On Me | Beverly Hills | Say It Ain't So | Buddy Holly,North American Spring Tour 2019,https://www.setlist.fm/setlist/weezer/2019/premier-theater-at-foxwoods-mashantucket-ct-53920711.html,Premier Theater at Foxwoods,Headline,2019,03,16,16/03/2019Premier Theater at Foxwoods
14/03/2019,Weezer,Buddy Holly | Happy Days Intro | My Name Is Jonas | Pink Triangle | Africa | You Gave Your Love to Me Softly | Undone - The Sweater Song | Pork and Beans | Happy Together | In the Garage | Buddy Holly | High as a Kite | El Scorcho | No Scrubs | Up the Beach | Beverly Hills | Island in the Sun | Take On Me | Perfect Situation | Hash Pipe | (If You're Wondering If I Want You To) I Want You To | Surf Wax America | Say It Ain't So,North American Spring Tour 2019,https://www.setlist.fm/setlist/weezer/2019/times-union-center-albany-ny-2b920cd2.html,Times Union Center,Headline,2019,03,14,14/03/2019Times Union Center
13/03/2019,Weezer,Buddy Holly | Happy Days Intro | My Name Is Jonas | (If You're Wondering If I Want You To) I Want You To | Africa | Island in the Sun | Undone - The Sweater Song | Pork and Beans | No Other One | El Scorcho | In the Garage | Living in L.A. | Surf Wax America | Stand by Me | Up the Beach | Beverly Hills | Take On Me | Perfect Situation | Say It Ain't So | Hash Pipe | Happy Together | Buddy Holly,North American Spring Tour 2019,https://www.setlist.fm/setlist/weezer/2019/centre-bell-montreal-qc-canada-6b921e96.html,Centre Bell,Headline,2019,03,13,13/03/2019Centre Bell
12/03/2019,Weezer,Buddy Holly | Happy Days Intro | My Name Is Jonas | (If You're Wondering If I Want You To) I Want You To | El Scorcho | Buddy Holly | Undone - The Sweater Song | Africa | Surf Wax America | Pork and Beans | Can't Knock the Hustle | Island in the Sun | No Scrubs | Up the Beach | Beverly Hills | You Gave Your Love to Me Softly | Perfect Situation | Hash Pipe | Take On Me | Say It Ain't So,North American Spring Tour 2019,https://www.setlist.fm/setlist/weezer/2019/madison-square-garden-new-york-ny-13922531.html,Madison Square Garden,Headline,2019,03,12,12/03/2019Madison Square Garden
10/03/2019,Weezer,Buddy Holly | Happy Days Intro | My Name Is Jonas | Surf Wax America | Troublemaker | Africa | Undone - The Sweater Song | Happy Hour | Pork and Beans | In the Garage | Can't Knock the Hustle | Perfect Situation | Happy Together | Up the Beach | Beverly Hills | (If You're Wondering If I Want You To) I Want You To | Island in the Sun | Thank God for Girls | Say It Ain't So | Hash Pipe | Take On Me | El Scorcho | Buddy Holly,North American Spring Tour 2019,https://www.setlist.fm/setlist/weezer/2019/colonial-life-arena-columbia-sc-63923a77.html,Colonial Life Arena,Headline,2019,03,10,10/03/2019Colonial Life Arena
08/03/2019,Weezer,Buddy Holly | My Name Is Jonas | The World Has Turned and Left Me Here | (If You're Wondering If I Want You To) I Want You To | Buddy Holly | Undone - The Sweater Song | Perfect Situation | Pork and Beans | In the Garage | Can't Knock the Hustle | Island in the Sun | Happy Together | Up the Beach | Hash Pipe | Falling for You | Africa | Surf Wax America | Take On Me | Beverly Hills | Everybody Wants to Rule the World | Say It Ain't So,North American Spring Tour 2019,https://www.setlist.fm/setlist/weezer/2019/kfc-yum-center-louisville-ky-3b923cd0.html,KFC Yum! Center,Headline,2019,03,08,08/03/2019KFC Yum! Center
01/03/2019,Weezer,Living in L.A. | Take On Me,,https://www.setlist.fm/setlist/weezer/2019/good-morning-america-new-york-ny-3392ec41.html,Good Morning America,Headline,2019,03,01,01/03/2019Good Morning America
28/02/2019,Weezer,Undone - The Sweater Song | Hash Pipe | Take On Me | Beverly Hills | Living in L.A. | Island in the Sun | Can't Knock the Hustle | Say It Ain't So | Africa | Buddy Holly | Buddy Holly,,https://www.setlist.fm/setlist/weezer/2019/iheartradio-theater-new-york-ny-3b92f028.html,iHeartRadio Theater,Headline,2019,02,28,28/02/2019iHeartRadio Theater
27/02/2019,Weezer,Longtime Sunshine | Living in L.A. | Across the Sea | High as a Kite,,https://www.setlist.fm/setlist/weezer/2019/tiny-desk-concerts-washington-dc-6393fa9f.html,Tiny Desk Concerts,Headline,2019,02,27,27/02/2019Tiny Desk Concerts
27/02/2019,Weezer,The Good Life | Susanne | You Gave Your Love to Me Softly | Living in L.A. | El Scorcho | Can't Knock the Hustle | Everybody Wants to Rule the World | Say It Ain't So | Buddy Holly | Island in the Sun,,https://www.setlist.fm/setlist/weezer/2019/black-cat-washington-dc-139289b9.html,Black Cat,Headline,2019,02,27,27/02/2019Black Cat
26/02/2019,Weezer,Living in L.A.,,https://www.setlist.fm/setlist/weezer/2019/the-tonight-show-starring-jimmy-fallon-new-york-ny-1b9281d0.html,The Tonight Show Starring Jimmy Fallon,Headline,2019,02,26,26/02/2019The Tonight Show Starring Jimmy Fallon
08/02/2019,Weezer,Buddy Holly | Perfect Situation | Troublemaker | My Name Is Jonas | Everybody Wants to Rule the World | Undone - The Sweater Song | (If You're Wondering If I Want You To) I Want You To | Thank God for Girls | Pork and Beans | Beverly Hills | Happy Together | No Scrubs | Island in the Sun | Surf Wax America | Africa | Hash Pipe | The World Has Turned and Left Me Here | Say It Ain't So,,https://www.setlist.fm/setlist/weezer/2019/hyatt-regency-san-diego-ca-2b9510ee.html,Hyatt Regency,Headline,2019,02,08,08/02/2019Hyatt Regency
25/01/2019,Weezer,Buddy Holly | Everybody Wants to Rule the World | Surf Wax America | Africa | Beverly Hills | Hash Pipe | Perfect Situation | Undone - The Sweater Song | Take On Me | Happy Together | My Name Is Jonas | Island in the Sun | In the Garage | Say It Ain't So,,https://www.setlist.fm/setlist/weezer/2019/masonic-auditorium-san-francisco-ca-33958c69.html,Masonic Auditorium,Headline,2019,01,25,25/01/2019Masonic Auditorium
19/01/2019,Weezer,Undone - The Sweater Song | Island in the Sun | Beverly Hills | Hash Pipe | Buddy Holly | Can't Knock the Hustle | Pork and Beans | Say It Ain't So | Africa,,https://www.setlist.fm/setlist/weezer/2019/the-forum-inglewood-ca-43944b8b.html,The Forum,Headline,2019,01,19,19/01/2019The Forum
01/01/2019,Weezer,Africa | Can't Knock the Hustle | Say It Ain't So,,https://www.setlist.fm/setlist/weezer/2019/notre-dame-stadium-notre-dame-in-13942149.html,Notre Dame Stadium,Headline,2019,01,01,01/01/2019Notre Dame Stadium
31/12/2018,Weezer,Happy Days Intro | Buddy Holly | Beverly Hills | Hash Pipe | Feels Like Summer | Undone - The Sweater Song | My Name Is Jonas | Pork and Beans | Happy Together | Keep Fishin' | Island in the Sun | Take On Me | Burndt Jamb | Perfect Situation | Paranoid | Africa | Say It Ain't So,,https://www.setlist.fm/setlist/weezer/2018/house-of-blues-chicago-il-5b94233c.html,House of Blues,Headline,2018,12,31,31/12/2018House of Blues
31/12/2018,Weezer,Africa | Can't Knock the Hustle,,https://www.setlist.fm/setlist/weezer/2018/times-square-new-york-ny-13942501.html,Times Square,Headline,2018,12,31,31/12/2018Times Square
18/12/2018,Weezer,Island in the Sun | Africa | Say It Ain't So,,https://www.setlist.fm/setlist/weezer/2018/the-theatre-at-ace-hotel-los-angeles-ca-1394e9fd.html,The Theatre at Ace Hotel,Headline,2018,12,18,18/12/2018The Theatre at Ace Hotel
12/12/2018,Weezer,Happy Days Intro | Buddy Holly | Hash Pipe | Beverly Hills | Feels Like Summer | Undone - The Sweater Song | My Name Is Jonas | Happy Hour | Perfect Situation | Happy Together | Keep Fishin' | Island in the Sun | Take On Me | Burndt Jamb | El Scorcho | The Good Life | Pork and Beans | Africa | We Wish You a Merry Christmas | We Wish You a Merry Christmas | Pink Triangle | Say It Ain't So | Paranoid,,https://www.setlist.fm/setlist/weezer/2018/metropolitan-opera-house-philadelphia-pa-1394a93d.html,Metropolitan Opera House,Headline,2018,12,12,12/12/2018Metropolitan Opera House
08/12/2018,Weezer,Buddy Holly | Hash Pipe | Beverly Hills | Feels Like Summer | My Name Is Jonas | Undone - The Sweater Song | Perfect Situation | Pork and Beans | El Scorcho | Happy Hour | Happy Together | Keep Fishin' | Island in the Sun | Take On Me | Burndt Jamb | Africa | (If You're Wondering If I Want You To) I Want You To | Say It Ain't So | Paranoid,,https://www.setlist.fm/setlist/weezer/2018/2-poniente-301-san-andres-cholula-mexico-7b94be3c.html,2 Poniente #301,Headline,2018,12,08,08/12/20182 Poniente #301
01/12/2018,Weezer,Buddy Holly | Beverly Hills | Hash Pipe | Feels Like Summer | Undone - The Sweater Song | My Name Is Jonas | El Scorcho | Perfect Situation | Happy Together | Keep Fishin' | Island in the Sun | Pork and Beans | Africa | Say It Ain't So | Paranoid,,https://www.setlist.fm/setlist/weezer/2018/dailys-place-amphitheater-jacksonville-fl-3b97041c.html,Daily's Place Amphitheater,Headline,2018,12,01,01/12/2018Daily's Place Amphitheater
30/11/2018,Weezer,Buddy Holly | Beverly Hills | Pork and Beans | Undone - The Sweater Song | Hash Pipe | Perfect Situation | My Name Is Jonas | El Scorcho | Island in the Sun | Feels Like Summer | Africa | Say It Ain't So | Paranoid,,https://www.setlist.fm/setlist/weezer/2018/orlando-amphitheater-orlando-fl-73970e39.html,Orlando Amphitheater,Headline,2018,11,30,30/11/2018Orlando Amphitheater
25/09/2018,Weezer,Happy Days Intro | Buddy Holly | Beverly Hills | Pork and Beans | Undone - The Sweater Song | Hash Pipe | Perfect Situation | My Name Is Jonas | El Scorcho | In the Garage | Happy Together | Keep Fishin' | Island in the Sun | Take On Me | Burndt Jamb | (If You're Wondering If I Want You To) I Want You To | Feels Like Summer | Africa | Everybody Wants to Rule the World | Say It Ain't So | Paranoid,North American Summer Tour 2018,https://www.setlist.fm/setlist/weezer/2018/dna-lounge-san-francisco-ca-23e91473.html,DNA Lounge,Headline,2018,09,25,25/09/2018DNA Lounge
14/09/2018,Weezer,Buddy Holly | Beverly Hills | Pork and Beans | Undone - The Sweater Song | Hash Pipe | Perfect Situation | My Name Is Jonas | El Scorcho | The Good Life | Happy Together | Keep Fishin' | Island in the Sun | Take On Me | Burndt Jamb | (If You're Wondering If I Want You To) I Want You To | Feels Like Summer | Africa | All the Small Things | Say It Ain't So | Paranoid,North American Summer Tour 2018,https://www.setlist.fm/setlist/weezer/2018/douglas-park-chicago-il-53e99bcd.html,Douglas Park,Headline,2018,09,14,14/09/2018Douglas Park
18/08/2018,Weezer,Happy Days Intro | Buddy Holly | Beverly Hills | Pork and Beans | Undone - The Sweater Song | Hash Pipe | Perfect Situation | My Name Is Jonas | El Scorcho | (If You're Wondering If I Want You To) I Want You To | The Good Life | Happy Together | Burndt Jamb | Keep Fishin' | Island in the Sun | Take On Me | Thank God for Girls | Feels Like Summer | Africa | Troublemaker | Say It Ain't So | Paranoid,North American Summer Tour 2018,https://www.setlist.fm/setlist/weezer/2018/aksarben-village-omaha-ne-53e8f741.html,Aksarben Village,Headline,2018,08,18,18/08/2018Aksarben Village
17/08/2018,Weezer,Happy Days Intro | Buddy Holly | Beverly Hills | Pork and Beans | Undone - The Sweater Song | Hash Pipe | Perfect Situation | My Name Is Jonas | El Scorcho | In the Garage | The Good Life | Happy Together | Keep Fishin' | Island in the Sun | Take On Me | Burndt Jamb | Surf Wax America | Feels Like Summer | Africa | Pink Triangle | Say It Ain't So | Paranoid,North American Summer Tour 2018,https://www.setlist.fm/setlist/weezer/2018/eagles-ballroom-milwaukee-wi-33e88011.html,Eagles Ballroom,Headline,2018,08,17,17/08/2018Eagles Ballroom
12/08/2018,Weezer,Happy Days Intro | Buddy Holly | Beverly Hills | Pork and Beans | Undone - The Sweater Song | Hash Pipe | Perfect Situation | My Name Is Jonas | El Scorcho | In the Garage | The Good Life | Happy Together | Island in the Sun | Take On Me | Burndt Jamb | (If You're Wondering If I Want You To) I Want You To | Feels Like Summer | Africa | Surf Wax America | Say It Ain't So | Paranoid,North American Summer Tour 2018,https://www.setlist.fm/setlist/weezer/2018/ak-chin-pavilion-phoenix-az-1be8a93c.html,Ak-Chin Pavilion,Headline,2018,08,12,12/08/2018Ak-Chin Pavilion
11/08/2018,Weezer,Happy Days Intro | Buddy Holly | Beverly Hills | Pork and Beans | Undone - The Sweater Song | Hash Pipe | Perfect Situation | My Name Is Jonas | El Scorcho | In the Garage | The Good Life | Happy Together | Keep Fishin' | Island in the Sun | Take On Me | Burndt Jamb | (If You're Wondering If I Want You To) I Want You To | Feels Like Summer | Africa | Pink Triangle | Say It Ain't So | Paranoid,North American Summer Tour 2018,https://www.setlist.fm/setlist/weezer/2018/mattress-firm-amphitheatre-chula-vista-ca-5be8b714.html,Mattress Firm Amphitheatre,Headline,2018,08,11,11/08/2018Mattress Firm Amphitheatre
08/08/2018,Weezer,Happy Days Intro | Buddy Holly | Beverly Hills | Pork and Beans | Undone - The Sweater Song | Hash Pipe | Perfect Situation | My Name Is Jonas | El Scorcho | In the Garage | The Good Life | Happy Together | Keep Fishin' | Island in the Sun | Take On Me | Burndt Jamb | (If You're Wondering If I Want You To) I Want You To | Feels Like Summer | Africa | Susanne | Say It Ain't So | Paranoid,North American Summer Tour 2018,https://www.setlist.fm/setlist/weezer/2018/the-forum-inglewood-ca-13eb49e1.html,The Forum,Headline,2018,08,08,08/08/2018The Forum
07/08/2018,Weezer,Happy Days Intro | Buddy Holly | Beverly Hills | Pork and Beans | Undone - The Sweater Song | Hash Pipe | Perfect Situation | My Name Is Jonas | El Scorcho | The Good Life | In the Garage | Happy Together | Keep Fishin' | Island in the Sun | Take On Me | Burndt Jamb | (If You're Wondering If I Want You To) I Want You To | Feels Like Summer | Africa | Surf Wax America | Say It Ain't So,North American Summer Tour 2018,https://www.setlist.fm/setlist/weezer/2018/shoreline-amphitheatre-mountain-view-ca-73eb56e1.html,Shoreline Amphitheatre,Headline,2018,08,07,07/08/2018Shoreline Amphitheatre
04/08/2018,Weezer,Happy Days Intro | Buddy Holly | Beverly Hills | Pork and Beans | Undone - The Sweater Song | Hash Pipe | Perfect Situation | My Name Is Jonas | El Scorcho | In the Garage | The Good Life | Happy Together | Keep Fishin' | Island in the Sun | Take On Me | Burndt Jamb | (If You're Wondering If I Want You To) I Want You To | Feels Like Summer | Africa | Surf Wax America | Say It Ain't So,North American Summer Tour 2018,https://www.setlist.fm/setlist/weezer/2018/white-river-amphitheatre-auburn-wa-7beb6e14.html,White River Amphitheatre,Headline,2018,08,04,04/08/2018White River Amphitheatre
01/08/2018,Weezer,Happy Days Intro | Buddy Holly | Beverly Hills | Pork and Beans | Undone - The Sweater Song | Hash Pipe | Perfect Situation | My Name Is Jonas | El Scorcho | In the Garage | (If You're Wondering If I Want You To) I Want You To | Happy Together | Keep Fishin' | Island in the Sun | Take On Me | Burndt Jamb | The Good Life | Feels Like Summer | Africa | You Gave Your Love to Me Softly | Say It Ain't So,North American Summer Tour 2018,https://www.setlist.fm/setlist/weezer/2018/usana-amphitheatre-west-valley-city-ut-4beb07e6.html,USANA Amphitheatre,Headline,2018,08,01,01/08/2018USANA Amphitheatre
31/07/2018,Weezer,Happy Days Intro | Buddy Holly | Beverly Hills | Pork and Beans | Undone - The Sweater Song | Hash Pipe | Perfect Situation | My Name Is Jonas | El Scorcho | In the Garage | Pink Triangle | Happy Together | Keep Fishin' | Island in the Sun | Take On Me | Burndt Jamb | (If You're Wondering If I Want You To) I Want You To | Feels Like Summer | Africa | The Good Life | Say It Ain't So,North American Summer Tour 2018,https://www.setlist.fm/setlist/weezer/2018/fiddlers-green-amphitheatre-greenwood-village-co-beb0d3a.html,Fiddler's Green Amphitheatre,Headline,2018,07,31,31/07/2018Fiddler's Green Amphitheatre
29/07/2018,Weezer,Happy Days Intro | Buddy Holly | Beverly Hills | Pork and Beans | Undone - The Sweater Song | Hash Pipe | Perfect Situation | My Name Is Jonas | El Scorcho | In the Garage | No Other One | Happy Together | Keep Fishin' | Island in the Sun | Take On Me | Burndt Jamb | (If You're Wondering If I Want You To) I Want You To | Feels Like Summer | Africa | Troublemaker | Say It Ain't So,North American Summer Tour 2018,https://www.setlist.fm/setlist/weezer/2018/walmart-amp-rogers-ar-13eb1da5.html,Walmart AMP,Headline,2018,07,29,29/07/2018Walmart AMP
28/07/2018,Weezer,Happy Days Intro | Buddy Holly | Beverly Hills | Pork and Beans | Undone - The Sweater Song | Hash Pipe | Perfect Situation | My Name Is Jonas | El Scorcho | In the Garage | Why Bother? | Happy Together | Keep Fishin' | Island in the Sun | Take On Me | Burndt Jamb | (If You're Wondering If I Want You To) I Want You To | Feels Like Summer | Africa | Susanne | Say It Ain't So | Paranoid,North American Summer Tour 2018,https://www.setlist.fm/setlist/weezer/2018/ascend-amphitheater-nashville-tn-13eb25c5.html,Ascend Amphitheater,Headline,2018,07,28,28/07/2018Ascend Amphitheater
27/07/2018,Weezer,Happy Days Intro | Buddy Holly | Beverly Hills | Pork and Beans | Undone - The Sweater Song | Hash Pipe | Perfect Situation | My Name Is Jonas | El Scorcho | In the Garage | Surf Wax America | Happy Together | Keep Fishin' | Island in the Sun | Take On Me | Burndt Jamb | (If You're Wondering If I Want You To) I Want You To | Feels Like Summer | Africa | The Good Life | Say It Ain't So,North American Summer Tour 2018,https://www.setlist.fm/setlist/weezer/2018/cellairis-amphitheatre-at-lakewood-atlanta-ga-2beb2c56.html,Cellairis Amphitheatre at Lakewood,Headline,2018,07,27,27/07/2018Cellairis Amphitheatre at Lakewood
25/07/2018,Weezer,Happy Days Intro | Buddy Holly | Beverly Hills | Pork and Beans | Undone - The Sweater Song | Hash Pipe | Perfect Situation | My Name Is Jonas | El Scorcho | In the Garage | Surf Wax America | Happy Together | Keep Fishin' | Island in the Sun | Take On Me | Burndt Jamb | (If You're Wondering If I Want You To) I Want You To | Feels Like Summer | Africa | Pink Triangle | Say It Ain't So | Paranoid,North American Summer Tour 2018,https://www.setlist.fm/setlist/weezer/2018/pnc-music-pavilion-charlotte-nc-63ebc24f.html,PNC Music Pavilion,Headline,2018,07,25,25/07/2018PNC Music Pavilion
24/07/2018,Weezer,Happy Days Intro | Buddy Holly | Beverly Hills | Pork and Beans | Undone - The Sweater Song | Hash Pipe | Perfect Situation | My Name Is Jonas | El Scorcho | In the Garage | Thank God for Girls | Happy Together | Keep Fishin' | Island in the Sun | Take On Me | Burndt Jamb | (If You're Wondering If I Want You To) I Want You To | Feels Like Summer | Africa | Surf Wax America | Say It Ain't So,North American Summer Tour 2018,https://www.setlist.fm/setlist/weezer/2018/coastal-credit-union-music-park-at-walnut-creek-raleigh-nc-4bebcb3a.html,Coastal Credit Union Music Park at Walnut Creek,Headline,2018,07,24,24/07/2018Coastal Credit Union Music Park at Walnut Creek
22/07/2018,Weezer,Happy Days Intro | Buddy Holly | Beverly Hills | Pork and Beans | Undone - The Sweater Song | Hash Pipe | Perfect Situation | My Name Is Jonas | El Scorcho | In the Garage | No One Else | Happy Together | Keep Fishin' | Island in the Sun | Take On Me | Burndt Jamb | (If You're Wondering If I Want You To) I Want You To | Feels Like Summer | Africa | The Good Life | Say It Ain't So,North American Summer Tour 2018,https://www.setlist.fm/setlist/weezer/2018/jiffy-lube-live-bristow-va-3ebd9df.html,Jiffy Lube Live,Headline,2018,07,22,22/07/2018Jiffy Lube Live
21/07/2018,Weezer,Happy Days Intro | Buddy Holly | Beverly Hills | Pork and Beans | Undone - The Sweater Song | Hash Pipe | Perfect Situation | My Name Is Jonas | El Scorcho | In the Garage | The Good Life | Happy Together | Keep Fishin' | Island in the Sun | Take On Me | Burndt Jamb | (If You're Wondering If I Want You To) I Want You To | Feels Like Summer | Africa | Surf Wax America | Say It Ain't So | Paranoid,North American Summer Tour 2018,https://www.setlist.fm/setlist/weezer/2018/bbandt-pavilion-camden-nj-4bebe7ae.html,BB&T Pavilion,Headline,2018,07,21,21/07/2018BB&T Pavilion
20/07/2018,Weezer,Buddy Holly | Beverly Hills | Pork and Beans | Undone - The Sweater Song | (If You're Wondering If I Want You To) I Want You To | Perfect Situation | My Name Is Jonas | El Scorcho | In the Garage | Why Bother? | Happy Together | Keep Fishin' | Island in the Sun | Take On Me | Burndt Jamb | Hash Pipe | Feels Like Summer | Africa | The Good Life | Say It Ain't So | Paranoid,North American Summer Tour 2018,https://www.setlist.fm/setlist/weezer/2018/pnc-bank-arts-center-holmdel-nj-43ebf30b.html,PNC Bank Arts Center,Headline,2018,07,20,20/07/2018PNC Bank Arts Center
18/07/2018,Weezer,Happy Days Intro | Buddy Holly | Beverly Hills | Pork and Beans | Undone - The Sweater Song | Hash Pipe | Perfect Situation | My Name Is Jonas | El Scorcho | In the Garage | (If You're Wondering If I Want You To) I Want You To | Happy Together | Keep Fishin' | Island in the Sun | Take On Me | Burndt Jamb | Pink Triangle | Feels Like Summer | Africa | The Good Life | Say It Ain't So | Paranoid,North American Summer Tour 2018,https://www.setlist.fm/setlist/weezer/2018/northwell-health-at-jones-beach-theater-wantagh-ny-2beb8056.html,Northwell Health at Jones Beach Theater,Headline,2018,07,18,18/07/2018Northwell Health at Jones Beach Theater
17/07/2018,Weezer,Happy Days Intro | Buddy Holly | Beverly Hills | Pork and Beans | Undone - The Sweater Song | Hash Pipe | Perfect Situation | My Name Is Jonas | El Scorcho | In the Garage | (If You're Wondering If I Want You To) I Want You To | Happy Together | Keep Fishin' | Island in the Sun | Take On Me | Burndt Jamb | Surf Wax America | Feels Like Summer | Africa | The Good Life | Say It Ain't So,North American Summer Tour 2018,https://www.setlist.fm/setlist/weezer/2018/xfinity-center-mansfield-ma-13eb8925.html,Xfinity Center,Headline,2018,07,17,17/07/2018Xfinity Center
15/07/2018,Weezer,Happy Days Intro | Buddy Holly | Beverly Hills | Pork and Beans | Undone - The Sweater Song | Hash Pipe | Perfect Situation | My Name Is Jonas | El Scorcho | In the Garage | Susanne | Happy Together | Keep Fishin' | Island in the Sun | Take On Me | Burndt Jamb | (If You're Wondering If I Want You To) I Want You To | Feels Like Summer | Africa | The Good Life | Say It Ain't So,North American Summer Tour 2018,https://www.setlist.fm/setlist/weezer/2018/st-josephs-health-amphitheater-at-lakeview-syracuse-ny-6beba2a6.html,St. Joseph's Health Amphitheater at Lakeview,Headline,2018,07,15,15/07/2018St. Joseph's Health Amphitheater at Lakeview
14/07/2018,Weezer,Happy Days Intro | Buddy Holly | Beverly Hills | Pork and Beans | Undone - The Sweater Song | Hash Pipe | Perfect Situation | My Name Is Jonas | El Scorcho | Pink Triangle | In the Garage | Happy Together | Keep Fishin' | Island in the Sun | Magic | Take On Me | Burndt Jamb | (If You're Wondering If I Want You To) I Want You To | Feels Like Summer | Africa | The Good Life | Say It Ain't So | Paranoid,North American Summer Tour 2018,https://www.setlist.fm/setlist/weezer/2018/budweiser-stage-toronto-on-canada-6bebaa32.html,Budweiser Stage,Headline,2018,07,14,14/07/2018Budweiser Stage
13/07/2018,Weezer,Happy Days Intro | Buddy Holly | Beverly Hills | Pork and Beans | Undone - The Sweater Song | Hash Pipe | Perfect Situation | My Name Is Jonas | El Scorcho | Troublemaker | In the Garage | Happy Together | Keep Fishin' | Island in the Sun | Take On Me | Burndt Jamb | (If You're Wondering If I Want You To) I Want You To | Feels Like Summer | Africa | The Good Life | Say It Ain't So,North American Summer Tour 2018,https://www.setlist.fm/setlist/weezer/2018/dte-energy-music-theatre-clarkston-mi-73ebb271.html,DTE Energy Music Theatre,Headline,2018,07,13,13/07/2018DTE Energy Music Theatre
11/07/2018,Weezer,Happy Days Intro | Buddy Holly | Beverly Hills | Pork and Beans | Undone - The Sweater Song | Hash Pipe | Perfect Situation | My Name Is Jonas | El Scorcho | Surf Wax America | In the Garage | Happy Together | Keep Fishin' | Island in the Sun | Take On Me | Burndt Jamb | Troublemaker | Feels Like Summer | Africa | Across the Sea | Say It Ain't So,North American Summer Tour 2018,https://www.setlist.fm/setlist/weezer/2018/blossom-music-center-cuyahoga-falls-oh-2bea40d6.html,Blossom Music Center,Headline,2018,07,11,11/07/2018Blossom Music Center
10/07/2018,Weezer,Happy Days Intro | Buddy Holly | Beverly Hills | Pork and Beans | Undone - The Sweater Song | Hash Pipe | Perfect Situation | My Name Is Jonas | El Scorcho | Why Bother? | In the Garage | Happy Together | Keep Fishin' | Island in the Sun | Take On Me | Burndt Jamb | Troublemaker | Feels Like Summer | Africa | California Kids | Say It Ain't So,North American Summer Tour 2018,https://www.setlist.fm/setlist/weezer/2018/keybank-pavilion-burgettstown-pa-23ea486b.html,KeyBank Pavilion,Headline,2018,07,10,10/07/2018KeyBank Pavilion
08/07/2018,Weezer,Happy Days Intro | Buddy Holly | Beverly Hills | Pork and Beans | Undone - The Sweater Song | Hash Pipe | Perfect Situation | My Name Is Jonas | El Scorcho | Troublemaker | In the Garage | Happy Together | Keep Fishin' | Island in the Sun | Take On Me | Burndt Jamb | Tired of Sex | Feels Like Summer | Africa | Surf Wax America | Say It Ain't So,North American Summer Tour 2018,https://www.setlist.fm/setlist/weezer/2018/ruoff-home-mortgage-music-center-noblesville-in-73ea5a85.html,Ruoff Home Mortgage Music Center,Headline,2018,07,08,08/07/2018Ruoff Home Mortgage Music Center
07/07/2018,Weezer,Happy Days Intro | Buddy Holly | Beverly Hills | Pork and Beans | Undone - The Sweater Song | Hash Pipe | Perfect Situation | My Name Is Jonas | El Scorcho | (If You're Wondering If I Want You To) I Want You To | In the Garage | Happy Together | Keep Fishin' | Island in the Sun | Wonderwall | Burndt Jamb | The Good Life | Feels Like Summer | Africa | You Gave Your Love to Me Softly | Say It Ain't So,North American Summer Tour 2018,https://www.setlist.fm/setlist/weezer/2018/hollywood-casino-amphitheatre-tinley-park-il-63ea6213.html,Hollywood Casino Amphitheatre,Headline,2018,07,07,07/07/2018Hollywood Casino Amphitheatre
06/07/2018,Weezer,Happy Days Intro | Buddy Holly | Beverly Hills | Pork and Beans | Undone - The Sweater Song | Hash Pipe | Perfect Situation | My Name Is Jonas | El Scorcho | Susanne | In the Garage | Happy Together | Keep Fishin' | Island in the Sun | Today | Scott's Jam | The Good Life | Feels Like Summer | Africa | Falling for You | Say It Ain't So,North American Summer Tour 2018,https://www.setlist.fm/setlist/weezer/2018/riverbend-music-center-cincinnati-oh-23ea647f.html,Riverbend Music Center,Headline,2018,07,06,06/07/2018Riverbend Music Center
30/06/2018,Weezer,Buddy Holly | Beverly Hills | Hash Pipe | Undone - The Sweater Song | Pork and Beans | Perfect Situation | My Name Is Jonas | El Scorcho | No One Else | In the Garage | Happy Together | Keep Fishin' | Island in the Sun | Wonderwall | Scott's Jam | The Good Life | Feels Like Summer | Africa | Susanne | Say It Ain't So,North American Summer Tour 2018,https://www.setlist.fm/setlist/weezer/2018/austin360-amphitheater-austin-tx-23ea085b.html,Austin360 Amphitheater,Headline,2018,06,30,30/06/2018Austin360 Amphitheater
29/06/2018,Weezer,Happy Days Intro | Buddy Holly | Beverly Hills | Hash Pipe | Undone - The Sweater Song | Pork and Beans | Perfect Situation | My Name Is Jonas | El Scorcho | Holiday | Surf Wax America | Happy Together | Keep Fishin' | Island in the Sun | Wonderwall | Scott's Jam | The Good Life | Feels Like Summer | Africa | Pink Triangle | Say It Ain't So,North American Summer Tour 2018,https://www.setlist.fm/setlist/weezer/2018/cynthia-woods-mitchell-pavilion-the-woodlands-tx-43ea17b3.html,Cynthia Woods Mitchell Pavilion,Headline,2018,06,29,29/06/2018Cynthia Woods Mitchell Pavilion
27/06/2018,Weezer,Happy Days Intro | Buddy Holly | Beverly Hills | Hash Pipe | Undone - The Sweater Song | Pork and Beans | Perfect Situation | My Name Is Jonas | El Scorcho | In the Garage | No One Else | Happy Together | Keep Fishin' | Island in the Sun | Wonderwall | Scott's Jam | The Good Life | Feels Like Summer | Africa | Tired of Sex | Say It Ain't So,North American Summer Tour 2018,https://www.setlist.fm/setlist/weezer/2018/dos-equis-pavilion-dallas-tx-43ea2733.html,Dos Equis Pavilion,Headline,2018,06,27,27/06/2018Dos Equis Pavilion
26/06/2018,Weezer,Buddy Holly | Beverly Hills | Hash Pipe | Undone - The Sweater Song | Pork and Beans | Perfect Situation | My Name Is Jonas | El Scorcho | The Good Life | The World Has Turned and Left Me Here | Happy Together | Island in the Sun | Wonderwall | Scott's Jam | No One Else | Feels Like Summer | Africa | Tired of Sex | Say It Ain't So,North American Summer Tour 2018,https://www.setlist.fm/setlist/weezer/2018/bold-sphere-music-at-champions-square-new-orleans-la-33ea2811.html,Bold Sphere Music at Champions Square,Headline,2018,06,26,26/06/2018Bold Sphere Music at Champions Square
23/06/2018,Weezer,Buddy Holly | Beverly Hills | Hash Pipe | Undone - The Sweater Song | Pork and Beans | Perfect Situation | My Name Is Jonas | El Scorcho | The Good Life | In the Garage | Happy Together | Island in the Sun | Wonderwall | Scott's Jam | (If You're Wondering If I Want You To) I Want You To | Feels Like Summer | Africa | Pink Triangle | Say It Ain't So,North American Summer Tour 2018,https://www.setlist.fm/setlist/weezer/2018/midflorida-credit-union-amphitheatre-tampa-fl-33ea3c45.html,MidFlorida Credit Union Amphitheatre,Headline,2018,06,23,23/06/2018MidFlorida Credit Union Amphitheatre
22/06/2018,Weezer,Happy Days Intro | Buddy Holly | Beverly Hills | Hash Pipe | Undone - The Sweater Song | Pork and Beans | Perfect Situation | My Name Is Jonas | El Scorcho | The Good Life | In the Garage | Surf Wax America | Happy Together | Island in the Sun | Wonderwall | Scott's Jam | Feels Like Summer | Can't Stop Partying | Africa | Say It Ain't So,North American Summer Tour 2018,https://www.setlist.fm/setlist/weezer/2018/coral-sky-amphitheatre-west-palm-beach-fl-6beacae6.html,Coral Sky Amphitheatre,Headline,2018,06,22,22/06/2018Coral Sky Amphitheatre
16/06/2018,Weezer,Buddy Holly | Beverly Hills | Hash Pipe | Perfect Situation | My Name Is Jonas | Undone - The Sweater Song | El Scorcho | Pork and Beans | The Good Life | Surf Wax America | In the Garage | Pink Triangle | Wonderwall | Africa | Feels Like Summer | Island in the Sun | Today | Say It Ain't So,North American Summer Tour 2018,https://www.setlist.fm/setlist/weezer/2018/marina-de-montebello-montebello-qc-canada-33eaf425.html,Marina de Montebello,Headline,2018,06,16,16/06/2018Marina de Montebello
11/06/2018,Weezer,Africa | Buddy Holly | The Good Life | Pink Triangle | El Scorcho,,https://www.setlist.fm/setlist/weezer/2018/jimmy-kimmel-live-los-angeles-ca-13ea91bd.html,Jimmy Kimmel Live,Headline,2018,06,11,11/06/2018Jimmy Kimmel Live
10/05/2018,Weezer,Island in the Sun | Say It Ain't So | Buddy Holly,,https://www.setlist.fm/setlist/weezer/2018/the-lounge-san-francisco-ca-5bedffc4.html,The Lounge,Headline,2018,05,10,10/05/2018The Lounge
10/05/2018,Weezer,Undone - The Sweater Song | My Name Is Jonas | Hash Pipe | Beverly Hills |  | Say It Ain't So | You Might Think | Perfect Situation | In the Garage | Wonderwall | No One Else | Where Is My Mind? |  | Island in the Sun | Basket Case | Buddy Holly,,https://www.setlist.fm/setlist/weezer/2018/the-armory-san-francisco-ca-43ed8bdb.html,The Armory,Headline,2018,05,10,10/05/2018The Armory
13/03/2018,Weezer,Undone - The Sweater Song | Island in the Sun | Beverly Hills | Pork and Beans | Feels Like Summer | Hash Pipe | Perfect Situation | My Name Is Jonas | Where Is My Mind? | Say It Ain't So | Buddy Holly | Losing My Religion | Today,,https://www.setlist.fm/setlist/weezer/2018/los-angeles-firehouse-museum-los-angeles-ca-63efd203.html,Los Angeles Firehouse Museum,Headline,2018,03,13,13/03/2018Los Angeles Firehouse Museum
03/02/2018,Weezer,Surf Wax America | Pork and Beans | El Scorcho | My Name Is Jonas | Thank God for Girls | Undone - The Sweater Song | Happy Hour | Where Is My Mind? | Hash Pipe | Feels Like Summer | Beverly Hills | Buddy Holly | Say It Ain't So | Island in the Sun,Australasia Winter Tour 2018,https://www.setlist.fm/setlist/weezer/2018/mount-smart-stadium-auckland-new-zealand-63eefae7.html,Mount Smart Stadium,Headline,2018,02,03,03/02/2018Mount Smart Stadium
30/01/2018,Weezer,Surf Wax America | Pork and Beans | El Scorcho | My Name Is Jonas | Thank God for Girls | Undone - The Sweater Song | Happy Hour | Where Is My Mind? | Hash Pipe | Feels Like Summer | Beverly Hills | Buddy Holly | Say It Ain't So | Island in the Sun,Australasia Winter Tour 2018,https://www.setlist.fm/setlist/weezer/2018/etihad-stadium-melbourne-australia-63ee9623.html,Etihad Stadium,Headline,2018,01,30,30/01/2018Etihad Stadium
27/01/2018,Weezer,Surf Wax America | Pork and Beans | El Scorcho | My Name Is Jonas | Thank God for Girls | Undone - The Sweater Song | Happy Hour | Where Is My Mind? | Hash Pipe | Feels Like Summer | Beverly Hills | Buddy Holly | Say It Ain't So | Island in the Sun,Australasia Winter Tour 2018,https://www.setlist.fm/setlist/weezer/2018/anz-stadium-sydney-australia-2beeacc2.html,ANZ Stadium,Headline,2018,01,27,27/01/2018ANZ Stadium
25/01/2018,Weezer,Surf Wax America | Pork and Beans | El Scorcho | My Name Is Jonas | Thank God for Girls | Undone - The Sweater Song | Happy Hour | Where Is My Mind? | Hash Pipe | Feels Like Summer | Beverly Hills | Buddy Holly | Say It Ain't So | Island in the Sun,Australasia Winter Tour 2018,https://www.setlist.fm/setlist/weezer/2018/suncorp-stadium-brisbane-australia-43e14307.html,Suncorp Stadium,Headline,2018,01,25,25/01/2018Suncorp Stadium
23/01/2018,Weezer,Surf Wax America | Pork and Beans | El Scorcho | My Name Is Jonas | Thank God for Girls | Undone - The Sweater Song | Happy Hour | Where Is My Mind? | Hash Pipe | Feels Like Summer | Beverly Hills | Buddy Holly | Say It Ain't So | Island in the Sun,Australasia Winter Tour 2018,https://www.setlist.fm/setlist/weezer/2018/coopers-stadium-adelaide-australia-33e1442d.html,Coopers Stadium,Headline,2018,01,23,23/01/2018Coopers Stadium
20/01/2018,Weezer,In the Garage | Surf Wax America | Pork and Beans | Happy Hour | El Scorcho | My Name Is Jonas | Undone - The Sweater Song | Where Is My Mind? | Hash Pipe | Feels Like Summer | Beverly Hills | Buddy Holly | Say It Ain't So | Island in the Sun,Australasia Winter Tour 2018,https://www.setlist.fm/setlist/weezer/2018/nib-stadium-perth-australia-2be1503e.html,nib Stadium,Headline,2018,01,20,20/01/2018nib Stadium
12/12/2017,Weezer,El Scorcho | In the Garage | Surf Wax America | Pork and Beans | Hash Pipe | Undone - The Sweater Song | Happy Hour | A Ballad for the Fallen Soldier | My Name Is Jonas | Where Is My Mind? | Buddy Holly | Beverly Hills | Feels Like Summer | Island in the Sun | Say It Ain't So,,https://www.setlist.fm/setlist/weezer/2017/crystal-ballroom-portland-or-43e1af0b.html,Crystal Ballroom,Headline,2017,12,12,12/12/2017Crystal Ballroom
10/12/2017,Weezer,Say It Ain't So | Hash Pipe | Undone - The Sweater Song | Happy Hour | Beverly Hills | Feels Like Summer | Where Is My Mind? | Buddy Holly | Island in the Sun,,https://www.setlist.fm/setlist/weezer/2017/the-forum-inglewood-ca-be04d46.html,The Forum,Headline,2017,12,10,10/12/2017The Forum
09/12/2017,Weezer,California Kids | Say It Ain't So | Hash Pipe | Undone - The Sweater Song | Happy Hour | Beverly Hills | Feels Like Summer | Where Is My Mind? | Buddy Holly | Island in the Sun,,https://www.setlist.fm/setlist/weezer/2017/oracle-arena-oakland-ca-53e05799.html,Oracle Arena,Headline,2017,12,09,09/12/2017Oracle Arena
02/12/2017,Weezer,California Kids | My Name Is Jonas | Pork and Beans | Undone - The Sweater Song | Thank God for Girls | Happy Hour | Hash Pipe | Where Is My Mind? | Say It Ain't So | Beverly Hills | Feels Like Summer | Buddy Holly | Island in the Sun,,https://www.setlist.fm/setlist/weezer/2017/fort-lauderdale-beach-park-fort-lauderdale-fl-be07dda.html,Fort Lauderdale Beach Park,Headline,2017,12,02,02/12/2017Fort Lauderdale Beach Park
01/12/2017,Weezer,Undone - The Sweater Song | Pork and Beans | Happy Hour | My Name Is Jonas | Beverly Hills | Say It Ain't So | Where Is My Mind? | Feels Like Summer | Buddy Holly | Island in the Sun,,https://www.setlist.fm/setlist/weezer/2017/the-block-chester-pa-4be07f42.html,The Block,Headline,2017,12,01,01/12/2017The Block
06/11/2017,Weezer,Happy Hour | Mexican Fender,,https://www.setlist.fm/setlist/weezer/2017/the-late-late-show-with-james-corden-los-angeles-ca-53e0b3c9.html,The Late Late Show with James Corden,Headline,2017,11,06,06/11/2017The Late Late Show with James Corden
02/11/2017,Weezer,California Kids | Weekend Woman | The World Has Turned and Left Me Here | Feels Like Summer | Pork and Beans | Happy Hour | Perfect Situation | Mexican Fender | Island in the Sun,,https://www.setlist.fm/setlist/weezer/2017/winston-house-venice-ca-63e3528f.html,Winston House,Headline,2017,11,02,02/11/2017Winston House
01/11/2017,Weezer,Say It Ain't So | El Scorcho | Mexican Fender | Undone - The Sweater Song | Happy Hour | Beverly Hills | Feels Like Summer | Buddy Holly | Island in the Sun,,https://www.setlist.fm/setlist/weezer/2017/amoeba-music-los-angeles-ca-13e3657d.html,Amoeba Music,Headline,2017,11,01,01/11/2017Amoeba Music
30/10/2017,Weezer,Happy Hour,,https://www.setlist.fm/setlist/weezer/2017/late-show-with-stephen-colbert-new-york-ny-53e36b39.html,Late Show With Stephen Colbert,Headline,2017,10,30,30/10/2017Late Show With Stephen Colbert
28/10/2017,Weezer,Happy Hour | Island in the Sun,,https://www.setlist.fm/setlist/weezer/2017/bbc-radio-4-studios-london-england-5be37b00.html,BBC Radio 4 Studios,Headline,2017,10,28,28/10/2017BBC Radio 4 Studios
28/10/2017,Weezer,El Scorcho | In the Garage | No One Else | California Kids | Surf Wax America | The World Has Turned and Left Me Here | King of the World | My Name Is Jonas | Happy Hour | A Ballad for the Fallen Soldier | Hey Ya! | Thank God for Girls | Pork and Beans | Undone - The Sweater Song | Island in the Sun | Feels Like Summer | Hash Pipe | Beverly Hills | Say It Ain't So | Buddy Holly | The Guns of Brixton,Feels Like Summer,https://www.setlist.fm/setlist/weezer/2017/the-sse-arena-wembley-london-england-23e30823.html,"The SSE Arena, Wembley",Headline,2017,10,28,"28/10/2017The SSE Arena, Wembley"
27/10/2017,Weezer,California Kids | The World Has Turned and Left Me Here | The Good Life | California Kids | No One Else | In the Garage | Surf Wax America | El Scorcho | My Name Is Jonas | King of the World | Thank God for Girls | Pork and Beans | Happy Hour | A Ballad for the Fallen Soldier | Undone - The Sweater Song | Island in the Sun | Feels Like Summer | Hash Pipe | Beverly Hills | Say It Ain't So | Buddy Holly,Feels Like Summer,https://www.setlist.fm/setlist/weezer/2017/o2-academy-birmingham-england-53e31325.html,O2 Academy,Headline,2017,10,27,27/10/2017O2 Academy
25/10/2017,Weezer,California Kids | The World Has Turned and Left Me Here | The Good Life | No One Else | California Kids | In the Garage | Surf Wax America | El Scorcho | Pork and Beans | King of the World | Thank God for Girls | Happy Hour | A Ballad for the Fallen Soldier | My Name Is Jonas | Undone - The Sweater Song | Island in the Sun | Feels Like Summer | Hash Pipe | Beverly Hills | Say It Ain't So | Buddy Holly,Feels Like Summer,https://www.setlist.fm/setlist/weezer/2017/o2-apollo-manchester-manchester-england-3be31c50.html,O2 Apollo Manchester,Headline,2017,10,25,25/10/2017O2 Apollo Manchester
24/10/2017,Weezer,California Kids | King of the World | The Good Life | California Kids | No One Else | Surf Wax America | El Scorcho | Thank God for Girls | My Name Is Jonas | Mexican Fender | Pork and Beans | Happy Hour | A Ballad for the Fallen Soldier | Hey Ya! | Undone - The Sweater Song | Island in the Sun | Feels Like Summer | Hash Pipe | Beverly Hills | Say It Ain't So | Buddy Holly,Feels Like Summer,https://www.setlist.fm/setlist/weezer/2017/o2-academy-glasgow-glasgow-scotland-33e324f5.html,O2 Academy Glasgow,Headline,2017,10,24,24/10/2017O2 Academy Glasgow
23/10/2017,Weezer,California Kids | King of the World | The Good Life | California Kids | No One Else | Surf Wax America | El Scorcho | Thank God for Girls | My Name Is Jonas | Weekend Woman | Pork and Beans | Happy Hour | A Ballad for the Fallen Soldier | Hey Ya! | Undone - The Sweater Song | Island in the Sun | Feels Like Summer | Hash Pipe | Beverly Hills | Say It Ain't So | Buddy Holly,Feels Like Summer,https://www.setlist.fm/setlist/weezer/2017/o2-academy-leeds-leeds-england-43e32fcb.html,O2 Academy Leeds,Headline,2017,10,23,23/10/2017O2 Academy Leeds
22/10/2017,Weezer,Buddy Holly | Happy Hour | Island in the Sun | Feels Like Summer,,https://www.setlist.fm/setlist/weezer/2017/maida-vale-studios-london-england-43e32313.html,Maida Vale Studios,Headline,2017,10,22,22/10/2017Maida Vale Studios
21/10/2017,Weezer,Surf Wax America | California Kids | Memories | King of the World | The Good Life | El Scorcho | Thank God for Girls | My Name Is Jonas | Pork and Beans | Weekend Woman | Undone - The Sweater Song | Happy Hour | A Ballad for the Fallen Soldier | Hey Ya! | Buddy Holly | Hash Pipe | Beverly Hills | Feels Like Summer | Island in the Sun | Say It Ain't So,Feels Like Summer,https://www.setlist.fm/setlist/weezer/2017/poppodium-013-tilburg-netherlands-63e33af7.html,Poppodium 013,Headline,2017,10,21,21/10/2017Poppodium 013
19/10/2017,Weezer,El Scorcho | Surf Wax America | The Good Life | California Kids | Perfect Situation | (If You're Wondering If I Want You To) I Want You To | Pork and Beans | Weekend Woman | My Name Is Jonas | Thank God for Girls | Happy Hour | A Ballad for the Fallen Soldier | Hey Ya! | Undone - The Sweater Song | Buddy Holly | Hash Pipe | Beverly Hills | Feels Like Summer | Island in the Sun | Say It Ain't So,Feels Like Summer,https://www.setlist.fm/setlist/weezer/2017/lolympia-bruno-coquatrix-paris-france-2be3c4ca.html,L'Olympia Bruno Coquatrix,Headline,2017,10,19,19/10/2017L'Olympia Bruno Coquatrix
18/10/2017,Weezer,Mexican Fender | Surf Wax America | The Good Life | California Kids | Perfect Situation | (If You're Wondering If I Want You To) I Want You To | Pork and Beans | Weekend Woman | My Name Is Jonas | Thank God for Girls | Happy Hour | A Ballad for the Fallen Soldier | Hey Ya! | Undone - The Sweater Song | Buddy Holly | Hash Pipe | Beverly Hills | Feels Like Summer | Island in the Sun | Say It Ain't So,Feels Like Summer,https://www.setlist.fm/setlist/weezer/2017/ancienne-belgique-brussels-belgium-33e3cccd.html,Ancienne Belgique,Headline,2017,10,18,18/10/2017Ancienne Belgique
16/10/2017,Weezer,Mexican Fender | Surf Wax America | The Good Life | California Kids | Perfect Situation | (If You're Wondering If I Want You To) I Want You To | Pork and Beans | Thank God for Girls | Weekend Woman | My Name Is Jonas | Hey Ya! | Undone - The Sweater Song | Hash Pipe | Beverly Hills | Buddy Holly | Feels Like Summer | Island in the Sun | Say It Ain't So,Feels Like Summer,https://www.setlist.fm/setlist/weezer/2017/e-werk-cologne-germany-3be3d84c.html,E-Werk,Headline,2017,10,16,16/10/2017E-Werk
15/10/2017,Weezer,Mexican Fender | Surf Wax America | The Good Life | California Kids | Perfect Situation | (If You're Wondering If I Want You To) I Want You To | Pork and Beans | Thank God for Girls | Weekend Woman | My Name Is Jonas | Hey Ya! | Undone - The Sweater Song | Hash Pipe | Beverly Hills | Buddy Holly | Feels Like Summer | Island in the Sun | Say It Ain't So,Feels Like Summer,https://www.setlist.fm/setlist/weezer/2017/columbiahalle-berlin-germany-7be3e2ec.html,Columbiahalle,Headline,2017,10,15,15/10/2017Columbiahalle
07/10/2017,Weezer,Mexican Fender | Surf Wax America | The Good Life | California Kids | Perfect Situation | (If You're Wondering If I Want You To) I Want You To | Undone - The Sweater Song | Pork and Beans | My Name Is Jonas | Thank God for Girls | Hey Ya! | Hash Pipe | Weekend Woman | Feels Like Summer | Beverly Hills | Buddy Holly | Island in the Sun | Say It Ain't So,,https://www.setlist.fm/setlist/weezer/2017/red-rocks-amphitheatre-morrison-co-33e38c79.html,Red Rocks Amphitheatre,Headline,2017,10,07,07/10/2017Red Rocks Amphitheatre
06/10/2017,Weezer,Mexican Fender | Surf Wax America | The Good Life | California Kids | Perfect Situation | (If You're Wondering If I Want You To) I Want You To | Undone - The Sweater Song | Pork and Beans | My Name Is Jonas | Thank God for Girls | Hey Ya! | Hash Pipe | Feels Like Summer | Beverly Hills | Buddy Holly | Island in the Sun | Say It Ain't So,,https://www.setlist.fm/setlist/weezer/2017/silverado-resort-and-spa-napa-ca-be3f9ea.html,Silverado Resort and Spa,Headline,2017,10,06,06/10/2017Silverado Resort and Spa
05/10/2017,Weezer,Mexican Fender | Surf Wax America | The Good Life | California Kids | Perfect Situation | (If You're Wondering If I Want You To) I Want You To | Undone - The Sweater Song | Pork and Beans | My Name Is Jonas | Thank God for Girls | Hey Ya! | Hash Pipe | Feels Like Summer | Beverly Hills | Buddy Holly | Island in the Sun | Say It Ain't So,,https://www.setlist.fm/setlist/weezer/2017/grand-sierra-theatre-reno-nv-be3951e.html,Grand Sierra Theatre,Headline,2017,10,05,05/10/2017Grand Sierra Theatre
17/09/2017,Weezer,Hash Pipe | My Name Is Jonas | Pork and Beans | Mexican Fender | (If You're Wondering If I Want You To) I Want You To | Perfect Situation | Hey Ya! | Thank God for Girls | Beverly Hills | Dope Nose / Back to the Shack / Keep Fishin' / The Good Life / Surf Wax America | Feels Like Summer | Undone - The Sweater Song | Island in the Sun | Say It Ain't So | Buddy Holly,,https://www.setlist.fm/setlist/weezer/2017/citi-field-queens-ny-73e22641.html,Citi Field,Headline,2017,09,17,17/09/2017Citi Field
16/09/2017,Weezer,Hash Pipe | Pork and Beans | Perfect Situation | Thank God for Girls | Beverly Hills | Hey Ya! | Feels Like Summer | (If You're Wondering If I Want You To) I Want You To | Undone - The Sweater Song | Island in the Sun | Say It Ain't So | Buddy Holly,,https://www.setlist.fm/setlist/weezer/2017/piedmont-park-atlanta-ga-73e226fd.html,Piedmont Park,Headline,2017,09,16,16/09/2017Piedmont Park
15/09/2017,Weezer,Hash Pipe | My Name Is Jonas | Pork and Beans | Mexican Fender | (If You're Wondering If I Want You To) I Want You To | Perfect Situation | Hey Ya! | Thank God for Girls | Beverly Hills | Dope Nose / Back to the Shack / Keep Fishin' / The Good Life / Surf Wax America | Feels Like Summer | Undone - The Sweater Song | Island in the Sun | Say It Ain't So | El Scorcho | Buddy Holly,,https://www.setlist.fm/setlist/weezer/2017/del-mar-fairgrounds-del-mar-ca-1be231a4.html,Del Mar Fairgrounds,Headline,2017,09,15,15/09/2017Del Mar Fairgrounds
10/09/2017,Weezer,Hash Pipe | My Name Is Jonas | Pork and Beans | Mexican Fender | (If You're Wondering If I Want You To) I Want You To | Perfect Situation | Hey Ya! | Thank God for Girls | Beverly Hills | Dope Nose / Back to the Shack / Keep Fishin' / The Good Life / Surf Wax America | Feels Like Summer | Undone - The Sweater Song | Island in the Sun | Say It Ain't So | Buddy Holly,,https://www.setlist.fm/setlist/weezer/2017/forest-park-st-louis-mo-be2c59e.html,Forest Park,Headline,2017,09,10,10/09/2017Forest Park
09/09/2017,Weezer,Hash Pipe | My Name Is Jonas | Pork and Beans | Mexican Fender | (If You're Wondering If I Want You To) I Want You To | Perfect Situation | Hey Ya! | Thank God for Girls | Beverly Hills | Dope Nose / Back to the Shack / Keep Fishin' / The Good Life / Surf Wax America | Feels Like Summer | Undone - The Sweater Song | Island in the Sun | Say It Ain't So | Buddy Holly,,https://www.setlist.fm/setlist/weezer/2017/providence-medical-center-amphitheater-bonner-springs-ks-13e23db5.html,Providence Medical Center Amphitheater,Headline,2017,09,09,09/09/2017Providence Medical Center Amphitheater
08/09/2017,Weezer,Island in the Sun | Feels Like Summer | Buddy Holly,,https://www.setlist.fm/setlist/weezer/2017/edelweiss-cruises-milwaukee-wi-3be2c428.html,Edelweiss Cruises,Headline,2017,09,08,08/09/2017Edelweiss Cruises
02/09/2017,Weezer,California Kids | Hash Pipe | My Name Is Jonas | Pork and Beans | (If You're Wondering If I Want You To) I Want You To | Perfect Situation | Hey Ya! | Thank God for Girls | Beverly Hills | Dope Nose / Back to the Shack / Keep Fishin' / The Good Life / Surf Wax America | Feels Like Summer | Undone - The Sweater Song | Island in the Sun | King of the World | Say It Ain't So | Buddy Holly,,https://www.setlist.fm/setlist/weezer/2017/memorial-stadium-seattle-wa-23e2f82b.html,Memorial Stadium,Headline,2017,09,02,02/09/2017Memorial Stadium
26/08/2017,Weezer,Hash Pipe | My Name Is Jonas | Pork and Beans | (If You're Wondering If I Want You To) I Want You To | Perfect Situation | Hey Ya! | Thank God for Girls | Beverly Hills | Feels Like Summer | Undone - The Sweater Song | Island in the Sun | Say It Ain't So | Buddy Holly,,https://www.setlist.fm/setlist/weezer/2017/parque-fundidora-monterrey-mexico-3be2a010.html,Parque Fundidora,Headline,2017,08,26,26/08/2017Parque Fundidora
20/08/2017,Weezer,Hash Pipe | My Name Is Jonas | Pork and Beans | (If You're Wondering If I Want You To) I Want You To | Perfect Situation | Hey Ya! | Thank God for Girls | Beverly Hills | Dope Nose / Back to the Shack / Keep Fishin' / The Good Life / Surf Wax America | Feels Like Summer | Undone - The Sweater Song | Island in the Sun | King of the World | Say It Ain't So | Buddy Holly,,https://www.setlist.fm/setlist/weezer/2017/burls-creek-event-grounds-oro-medonte-on-canada-73e2ba89.html,Burl’s Creek Event Grounds,Headline,2017,08,20,20/08/2017Burl’s Creek Event Grounds
23/07/2017,Weezer,My Name Is Jonas | Hash Pipe | Pork and Beans | (If You're Wondering If I Want You To) I Want You To | Perfect Situation | Hey Ya! | Thank God for Girls | Beverly Hills | Dope Nose / Back to the Shack / Keep Fishin' / The Good Life / Surf Wax America | Feels Like Summer | Undone - The Sweater Song | Island in the Sun | King of the World | Say It Ain't So | Buddy Holly,,https://www.setlist.fm/setlist/weezer/2017/cool-river-ranch-martindale-tx-6be59246.html,Cool River Ranch,Headline,2017,07,23,23/07/2017Cool River Ranch
16/07/2017,Weezer,California Kids | Hash Pipe | My Name Is Jonas | Pork and Beans | (If You're Wondering If I Want You To) I Want You To | Perfect Situation | Hey Ya! | Thank God for Girls | Beverly Hills | Dope Nose / Back to the Shack / Keep Fishin' / The Good Life / Surf Wax America | Feels Like Summer | Undone - The Sweater Song | Island in the Sun | King of the World | Say It Ain't So | El Scorcho | Buddy Holly,,https://www.setlist.fm/setlist/weezer/2017/waterfront-park-louisville-ky-be449de.html,Waterfront Park,Headline,2017,07,16,16/07/2017Waterfront Park
15/07/2017,Weezer,California Kids | Hash Pipe | My Name Is Jonas | Pork and Beans | (If You're Wondering If I Want You To) I Want You To | Perfect Situation | Hey Ya! | Thank God for Girls | Beverly Hills | Dope Nose / Back to the Shack / Keep Fishin' / The Good Life / Surf Wax America | Feels Like Summer | Undone - The Sweater Song | Island in the Sun | King of the World | Say It Ain't So | El Scorcho | Buddy Holly,,https://www.setlist.fm/setlist/weezer/2017/soaring-eagle-casino-and-resort-outdoor-stage-mount-pleasant-mi-13e5bd8d.html,Soaring Eagle Casino & Resort Outdoor Stage,Headline,2017,07,15,15/07/2017Soaring Eagle Casino & Resort Outdoor Stage
14/07/2017,Weezer,California Kids | Hash Pipe | My Name Is Jonas | Pork and Beans | Do You Wanna Get High? | (If You're Wondering If I Want You To) I Want You To | Perfect Situation | Hey Ya! | Thank God for Girls | Beverly Hills | Dope Nose / Back to the Shack / Keep Fishin' / The Good Life / Surf Wax America | Feels Like Summer | Undone - The Sweater Song | Island in the Sun | King of the World | Say It Ain't So | El Scorcho | Buddy Holly,,https://www.setlist.fm/setlist/weezer/2017/treasure-island-resort-and-casino-welch-mn-be441b6.html,Treasure Island Resort & Casino,Headline,2017,07,14,14/07/2017Treasure Island Resort & Casino
25/06/2017,Weezer,Hash Pipe | My Name Is Jonas | Pork and Beans | King of the World | Hey Ya! | (If You're Wondering If I Want You To) I Want You To | Perfect Situation | Thank God for Girls | Beverly Hills | Undone - The Sweater Song | Island in the Sun | Say It Ain't So | Buddy Holly,,https://www.setlist.fm/setlist/weezer/2017/rose-bowl-pasadena-ca-be4e1f6.html,Rose Bowl,Headline,2017,06,25,25/06/2017Rose Bowl
24/06/2017,Weezer,Hash Pipe | My Name Is Jonas | Pork and Beans | King of the World | Hey Ya! | (If You're Wondering If I Want You To) I Want You To | Perfect Situation | Troublemaker | Thank God for Girls | Beverly Hills | Dope Nose / Back to the Shack / Keep Fishin' / The Good Life / Surf Wax America | Undone - The Sweater Song | Island in the Sun | Feels Like Summer | Say It Ain't So | Buddy Holly,,https://www.setlist.fm/setlist/weezer/2017/shoreline-amphitheatre-mountain-view-ca-5be4df70.html,Shoreline Amphitheatre,Headline,2017,06,24,24/06/2017Shoreline Amphitheatre
17/06/2017,Weezer,Hash Pipe | My Name Is Jonas | Pork and Beans | King of the World | Memories | Hey Ya! | (If You're Wondering If I Want You To) I Want You To | Troublemaker | Thank God for Girls | Beverly Hills | Undone - The Sweater Song | Island in the Sun | Feels Like Summer | Say It Ain't So | Buddy Holly,,https://www.setlist.fm/setlist/weezer/2017/atandt-park-san-francisco-ca-5be49714.html,AT&T Park,Headline,2017,06,17,17/06/2017AT&T Park
16/06/2017,Weezer,Hash Pipe | My Name Is Jonas | Pork and Beans | King of the World | Memories | Hey Ya! | (If You're Wondering If I Want You To) I Want You To | Perfect Situation | Troublemaker | Thank God for Girls | Beverly Hills | Dope Nose / Back to the Shack / Keep Fishin' / The Good Life / Surf Wax America | Undone - The Sweater Song | Island in the Sun | Feels Like Summer | Say It Ain't So | Buddy Holly,,https://www.setlist.fm/setlist/weezer/2017/the-woodlands-of-dover-international-speedway-dover-de-13e4ad81.html,The Woodlands of Dover International Speedway,Headline,2017,06,16,16/06/2017The Woodlands of Dover International Speedway
28/05/2017,Weezer,California Kids | Hash Pipe | My Name Is Jonas | Pork and Beans | Feels Like Summer | Memories | Hey Ya! | (If You're Wondering If I Want You To) I Want You To | Perfect Situation | Troublemaker | Thank God for Girls | Beverly Hills | Dope Nose / Back to the Shack / Keep Fishin' / The Good Life / Surf Wax America | Undone - The Sweater Song | Island in the Sun | King of the World | Say It Ain't So | Buddy Holly,,https://www.setlist.fm/setlist/weezer/2017/harvard-athletic-complex-boston-ma-53e73775.html,Harvard Athletic Complex,Headline,2017,05,28,28/05/2017Harvard Athletic Complex
19/05/2017,Weezer,Hash Pipe | My Name Is Jonas | Pork and Beans | Feels Like Summer | El Scorcho | (If You're Wondering If I Want You To) I Want You To | Perfect Situation | Thank God for Girls | Beverly Hills | Dope Nose / Back to the Shack / Keep Fishin' / The Good Life / Surf Wax America | Troublemaker | King of the World | Undone - The Sweater Song | Island in the Sun | Say It Ain't So | Buddy Holly,,https://www.setlist.fm/setlist/weezer/2017/the-hangout-gulf-shores-al-3e7e957.html,The Hangout,Headline,2017,05,19,19/05/2017The Hangout
17/05/2017,Weezer,NOT_FOUND,,https://www.setlist.fm/setlist/weezer/2017/the-mirage-las-vegas-nv-7b509ae0.html,The Mirage,Headline,2017,05,17,17/05/2017The Mirage
15/05/2017,Weezer,Feels Like Summer,,https://www.setlist.fm/setlist/weezer/2017/the-tonight-show-starring-jimmy-fallon-new-york-ny-43e7f38b.html,The Tonight Show Starring Jimmy Fallon,Headline,2017,05,15,15/05/2017The Tonight Show Starring Jimmy Fallon
14/05/2017,Weezer,Hash Pipe | My Name Is Jonas | (If You're Wondering If I Want You To) I Want You To | Pork and Beans | Feels Like Summer | Perfect Situation | Thank God for Girls | Beverly Hills | Undone - The Sweater Song | Island in the Sun | Surf Wax America | Say It Ain't So | Buddy Holly,,https://www.setlist.fm/setlist/weezer/2017/merriweather-post-pavilion-columbia-md-5be78f54.html,Merriweather Post Pavilion,Headline,2017,05,14,14/05/2017Merriweather Post Pavilion
13/05/2017,Weezer,California Kids | Hash Pipe | My Name Is Jonas | (If You're Wondering If I Want You To) I Want You To | Pork and Beans | Feels Like Summer | Perfect Situation | Thank God for Girls | Beverly Hills | Undone - The Sweater Song | Island in the Sun | Say It Ain't So | El Scorcho | Buddy Holly,,https://www.setlist.fm/setlist/weezer/2017/classic-amphitheater-richmond-va-7be78e0c.html,Classic Amphitheater,Headline,2017,05,13,13/05/2017Classic Amphitheater
12/05/2017,Weezer,Hash Pipe | My Name Is Jonas | (If You're Wondering If I Want You To) I Want You To | Pork and Beans | Feels Like Summer | Perfect Situation | Thank God for Girls | Beverly Hills | Undone - The Sweater Song | Island in the Sun | Say It Ain't So | El Scorcho | Buddy Holly,,https://www.setlist.fm/setlist/weezer/2017/charlotte-metro-credit-union-amphitheatre-charlotte-nc-23e7989f.html,Charlotte Metro Credit Union Amphitheatre,Headline,2017,05,12,12/05/2017Charlotte Metro Credit Union Amphitheatre
11/05/2017,Weezer,Hash Pipe | My Name Is Jonas | (If You're Wondering If I Want You To) I Want You To | Pork and Beans | Feels Like Summer | Perfect Situation | Thank God for Girls | Beverly Hills | Undone - The Sweater Song | Island in the Sun | Say It Ain't So | El Scorcho | Buddy Holly,,https://www.setlist.fm/setlist/weezer/2017/waterside-district-norfolk-va-13e785d5.html,Waterside District,Headline,2017,05,11,11/05/2017Waterside District
04/05/2017,Weezer,California Kids | Hash Pipe | My Name Is Jonas | (If You're Wondering If I Want You To) I Want You To | Pork and Beans | Feels Like Summer | Perfect Situation | Thank God for Girls | Beverly Hills | Dope Nose / Back to the Shack / Keep Fishin' / The Good Life / Surf Wax America | Undone - The Sweater Song | Island in the Sun | King of the World / Only in Dreams | Say It Ain't So | El Scorcho | Buddy Holly,,https://www.setlist.fm/setlist/weezer/2017/st-augustine-amphitheatre-st-augustine-fl-3be648d8.html,St. Augustine Amphitheatre,Headline,2017,05,04,04/05/2017St. Augustine Amphitheatre
03/05/2017,Weezer,California Kids | Hash Pipe | My Name Is Jonas | (If You're Wondering If I Want You To) I Want You To | Pork and Beans | Feels Like Summer | Perfect Situation | Thank God for Girls | Beverly Hills | Dope Nose / Back to the Shack / Keep Fishin' / The Good Life / Surf Wax America | Undone - The Sweater Song | Island in the Sun | King of the World / Only in Dreams | Say It Ain't So | El Scorcho | Buddy Holly,,https://www.setlist.fm/setlist/weezer/2017/west-palm-beach-waterfront-west-palm-beach-fl-53e65f5d.html,West Palm Beach Waterfront,Headline,2017,05,03,03/05/2017West Palm Beach Waterfront
09/04/2017,Weezer,California Kids | Hash Pipe | My Name Is Jonas | (If You're Wondering If I Want You To) I Want You To | Pork and Beans | Feels Like Summer | Perfect Situation | Thank God for Girls | Beverly Hills | Dope Nose / Back to the Shack / Keep Fishin' / The Good Life / Surf Wax America | Undone - The Sweater Song | Island in the Sun | King of the World / Only in Dreams | Say It Ain't So | El Scorcho | Buddy Holly | Summer Elaine and Drunk Dori,,https://www.setlist.fm/setlist/weezer/2017/showbox-seattle-wa-2be6f45a.html,Showbox,Headline,2017,04,09,09/04/2017Showbox
08/04/2017,Weezer,California Kids | Hash Pipe | My Name Is Jonas | (If You're Wondering If I Want You To) I Want You To | Pork and Beans | Feels Like Summer | Perfect Situation | Thank God for Girls | Beverly Hills | Dope Nose / Back to the Shack / Keep Fishin' / The Good Life / Surf Wax America | Undone - The Sweater Song | Island in the Sun | King of the World / Only in Dreams | Say It Ain't So | El Scorcho | Buddy Holly,,https://www.setlist.fm/setlist/weezer/2017/south-okanagan-events-centre-penticton-bc-canada-6be68a6e.html,South Okanagan Events Centre,Headline,2017,04,08,08/04/2017South Okanagan Events Centre
06/04/2017,Weezer,California Kids | Hash Pipe | My Name Is Jonas | (If You're Wondering If I Want You To) I Want You To | Pork and Beans | Feels Like Summer | Perfect Situation | Thank God for Girls | Beverly Hills | Dope Nose / Back to the Shack / Keep Fishin' / The Good Life / Surf Wax America | Undone - The Sweater Song | Island in the Sun | King of the World / Only in Dreams | Say It Ain't So | El Scorcho | Buddy Holly,,https://www.setlist.fm/setlist/weezer/2017/encana-events-centre-dawson-creek-bc-canada-7be69640.html,Encana Events Centre,Headline,2017,04,06,06/04/2017Encana Events Centre
05/04/2017,Weezer,California Kids | Hash Pipe | My Name Is Jonas | (If You're Wondering If I Want You To) I Want You To | Pork and Beans | Feels Like Summer | Perfect Situation | Thank God for Girls | Beverly Hills | Dope Nose / Back to the Shack / Keep Fishin' / The Good Life / Surf Wax America | Undone - The Sweater Song | Island in the Sun | King of the World / Only in Dreams | Say It Ain't So | El Scorcho | Buddy Holly,,https://www.setlist.fm/setlist/weezer/2017/grey-eagle-resort-and-casino-calgary-ab-canada-53e69be5.html,Grey Eagle Resort & Casino,Headline,2017,04,05,05/04/2017Grey Eagle Resort & Casino
04/04/2017,Weezer,California Kids | Hash Pipe | My Name Is Jonas | (If You're Wondering If I Want You To) I Want You To | Pork and Beans | Feels Like Summer | Perfect Situation | Thank God for Girls | Beverly Hills | Dope Nose / Back to the Shack / Keep Fishin' / The Good Life / Surf Wax America | Undone - The Sweater Song | Island in the Sun | King of the World / Only in Dreams | Say It Ain't So | El Scorcho | Buddy Holly,,https://www.setlist.fm/setlist/weezer/2017/shaw-conference-centre-edmonton-ab-canada-3e6a1ff.html,Shaw Conference Centre,Headline,2017,04,04,04/04/2017Shaw Conference Centre
02/04/2017,Weezer,California Kids | Hash Pipe | My Name Is Jonas | (If You're Wondering If I Want You To) I Want You To | Pork and Beans | Feels Like Summer | Perfect Situation | Thank God for Girls | Beverly Hills | Dope Nose / Back to the Shack / Keep Fishin' / The Good Life / Surf Wax America | Undone - The Sweater Song | Island in the Sun | King of the World / Only in Dreams | Say It Ain't So | El Scorcho | Buddy Holly,,https://www.setlist.fm/setlist/weezer/2017/mts-centre-winnipeg-mb-canada-be6adde.html,MTS Centre,Headline,2017,04,02,02/04/2017MTS Centre
31/03/2017,Weezer,California Kids | Hash Pipe | My Name Is Jonas | (If You're Wondering If I Want You To) I Want You To | Pork and Beans | Feels Like Summer | Perfect Situation | Thank God for Girls | Beverly Hills | Dope Nose / Back to the Shack / Keep Fishin' / The Good Life / Surf Wax America | Undone - The Sweater Song | Island in the Sun | King of the World / Only in Dreams | Say It Ain't So | El Scorcho | Buddy Holly,,https://www.setlist.fm/setlist/weezer/2017/sasktel-centre-saskatoon-sk-canada-33e6bcb5.html,SaskTel Centre,Headline,2017,03,31,31/03/2017SaskTel Centre
21/03/2017,Weezer,Feels Like Summer | Island in the Sun,,https://www.setlist.fm/setlist/weezer/2017/jimmy-kimmel-live-los-angeles-ca-3bf96c2c.html,Jimmy Kimmel Live,Headline,2017,03,21,21/03/2017Jimmy Kimmel Live
18/03/2017,Weezer,Hash Pipe | Pork and Beans | (If You're Wondering If I Want You To) I Want You To | Perfect Situation | Beverly Hills | Feels Like Summer | Undone - The Sweater Song | Island in the Sun | King of the World | Say It Ain't So | Buddy Holly,,https://www.setlist.fm/setlist/weezer/2017/stubbs-bar-b-q-austin-tx-23f904d3.html,Stubb's Bar-B-Q,Headline,2017,03,18,18/03/2017Stubb's Bar-B-Q
17/03/2017,Weezer,Hash Pipe | Pork and Beans | (If You're Wondering If I Want You To) I Want You To | You Gave Your Love to Me Softly | Perfect Situation | Beverly Hills | Feels Like Summer | Undone - The Sweater Song | Island in the Sun | King of the World | Say It Ain't So | Buddy Holly,,https://www.setlist.fm/setlist/weezer/2017/brazos-hall-austin-tx-43f90f1b.html,Brazos Hall,Headline,2017,03,17,17/03/2017Brazos Hall
11/12/2016,Weezer,Hash Pipe | (If You're Wondering If I Want You To) I Want You To | Pork and Beans | Perfect Situation | Thank God for Girls | Beverly Hills | Island in the Sun | King of the World | Say It Ain't So | Buddy Holly,White Album Tour,https://www.setlist.fm/setlist/weezer/2016/the-forum-inglewood-ca-bfbd5ca.html,The Forum,Headline,2016,12,11,11/12/2016The Forum
09/12/2016,Weezer,California Kids | Hash Pipe | My Name Is Jonas | (If You're Wondering If I Want You To) I Want You To | Pork and Beans | El Scorcho | Perfect Situation | Thank God for Girls | Beverly Hills | Undone - The Sweater Song | Island in the Sun | King of the World | Say It Ain't So | Buddy Holly,White Album Tour,https://www.setlist.fm/setlist/weezer/2016/pearl-concert-theater-las-vegas-nv-bfbe1f2.html,Pearl Concert Theater,Headline,2016,12,09,09/12/2016Pearl Concert Theater
07/12/2016,Weezer,California Kids | Hash Pipe | My Name Is Jonas | (If You're Wondering If I Want You To) I Want You To | Pork and Beans | Friend of a Friend | Perfect Situation | Thank God for Girls | Beverly Hills | Undone - The Sweater Song | Island in the Sun | King of the World | Say It Ain't So | Buddy Holly,White Album Tour,https://www.setlist.fm/setlist/weezer/2016/revention-music-center-houston-tx-43fbe3e7.html,Revention Music Center,Headline,2016,12,07,07/12/2016Revention Music Center
06/12/2016,Weezer,California Kids | Hash Pipe | My Name Is Jonas | (If You're Wondering If I Want You To) I Want You To | Pork and Beans | Summer Elaine and Drunk Dori | Perfect Situation | Thank God for Girls | Beverly Hills | Undone - The Sweater Song | Island in the Sun | King of the World | Say It Ain't So | Buddy Holly,White Album Tour,https://www.setlist.fm/setlist/weezer/2016/verizon-theatre-at-grand-prairie-grand-prairie-tx-43fbefe3.html,Verizon Theatre at Grand Prairie,Headline,2016,12,06,06/12/2016Verizon Theatre at Grand Prairie
05/12/2016,Weezer,California Kids | Hash Pipe | My Name Is Jonas | (If You're Wondering If I Want You To) I Want You To | Pork and Beans | Summer Elaine and Drunk Dori | Perfect Situation | Thank God for Girls | Beverly Hills | Undone - The Sweater Song | Island in the Sun | King of the World | Say It Ain't So | Buddy Holly,White Album Tour,https://www.setlist.fm/setlist/weezer/2016/brady-theater-tulsa-ok-63fbee6b.html,Brady Theater,Headline,2016,12,05,05/12/2016Brady Theater
03/12/2016,Weezer, | California Kids | Hash Pipe | My Name Is Jonas | (If You're Wondering If I Want You To) I Want You To | Pork and Beans | Wind in Our Sail | Jacked Up | Perfect Situation | Thank God for Girls | Beverly Hills | Summer Elaine and Drunk Dori | Undone - The Sweater Song | Island in the Sun | King of the World / Only in Dreams | Say It Ain't So | El Scorcho | Buddy Holly,White Album Tour,https://www.setlist.fm/setlist/weezer/2016/sands-bethlehem-event-center-bethlehem-pa-43fb8bcb.html,Sands Bethlehem Event Center,Headline,2016,12,03,03/12/2016Sands Bethlehem Event Center
02/12/2016,Weezer,California Kids | King of the World | I Love the USA | Island in the Sun | El Scorcho | Slave | Pork and Beans | Jacked Up | Say It Ain't So | Buddy Holly,White Album Tour,https://www.setlist.fm/setlist/weezer/2016/brighton-music-hall-boston-ma-53fb8339.html,Brighton Music Hall,Headline,2016,12,02,02/12/2016Brighton Music Hall
01/12/2016,Weezer,California Kids | Hash Pipe | My Name Is Jonas | (If You're Wondering If I Want You To) I Want You To | Pork and Beans | You Gave Your Love to Me Softly | Perfect Situation | Thank God for Girls | Beverly Hills | Undone - The Sweater Song | Island in the Sun | King of the World | Say It Ain't So | Buddy Holly,White Album Tour,https://www.setlist.fm/setlist/weezer/2016/aragon-ballroom-chicago-il-6bfb96fe.html,Aragon Ballroom,Headline,2016,12,01,01/12/2016Aragon Ballroom
03/11/2016,Weezer,Hash Pipe | (If You're Wondering If I Want You To) I Want You To | L.A. Girlz | Pork and Beans | Perfect Situation | Thank God for Girls | Beverly Hills | Undone - The Sweater Song | Island in the Sun | King of the World / Only in Dreams | Say It Ain't So | Buddy Holly,White Album Tour,https://www.setlist.fm/setlist/weezer/2016/el-rey-theatre-los-angeles-ca-13fac9c9.html,El Rey Theatre,Headline,2016,11,03,03/11/2016El Rey Theatre
19/10/2016,Weezer,I Love the USA,,https://www.setlist.fm/setlist/weezer/2016/the-late-late-show-with-james-corden-los-angeles-ca-23fd44e3.html,The Late Late Show with James Corden,Headline,2016,10,19,19/10/2016The Late Late Show with James Corden
16/10/2016,Weezer,California Kids | Hash Pipe | My Name Is Jonas | (If You're Wondering If I Want You To) I Want You To | Pork and Beans | I Love the USA | Perfect Situation | Thank God for Girls | Beverly Hills | Undone - The Sweater Song | Island in the Sun | King of the World / Only in Dreams | Say It Ain't So | Buddy Holly,White Album Tour,https://www.setlist.fm/setlist/weezer/2016/pima-county-fairgrounds-tucson-az-1bfd5148.html,Pima County Fairgrounds,Headline,2016,10,16,16/10/2016Pima County Fairgrounds
10/09/2016,Weezer,California Kids | Hash Pipe | My Name Is Jonas | (If You're Wondering If I Want You To) I Want You To | Pork and Beans | I Love the USA | Perfect Situation | Thank God for Girls | Beverly Hills | Dope Nose / Back to the Shack / Keep Fishin' / The Good Life / Surf Wax America | Undone - The Sweater Song | Island in the Sun | King of the World / Only in Dreams | Say It Ain't So | Buddy Holly,White Album Tour,https://www.setlist.fm/setlist/weezer/2016/bonney-field-sacramento-ca-3bfc4890.html,Bonney Field,Headline,2016,09,10,10/09/2016Bonney Field
06/09/2016,Weezer,California Kids | Island in the Sun | King of the World | Buddy Holly,,https://www.setlist.fm/setlist/weezer/2016/clive-davis-theater-at-the-grammy-museum-los-angeles-ca-2bfc5022.html,Clive Davis Theater at the Grammy Museum,Headline,2016,09,06,06/09/2016Clive Davis Theater at the Grammy Museum
03/09/2016,Weezer,California Kids | Hash Pipe | My Name Is Jonas | (If You're Wondering If I Want You To) I Want You To | Pork and Beans | I Love the USA | Perfect Situation | Thank God for Girls | Beverly Hills | Dope Nose / Back to the Shack / Keep Fishin' / The Good Life / Surf Wax America | Undone - The Sweater Song | Island in the Sun | King of the World / Only in Dreams | Say It Ain't So | El Scorcho | Buddy Holly,White Album Tour,https://www.setlist.fm/setlist/weezer/2016/minnesota-state-fair-grandstand-falcon-heights-mn-43fc73eb.html,Minnesota State Fair Grandstand,Headline,2016,09,03,03/09/2016Minnesota State Fair Grandstand
02/09/2016,Weezer,California Kids | Hash Pipe | My Name Is Jonas | (If You're Wondering If I Want You To) I Want You To | Pork and Beans | I Love the USA | Perfect Situation | Thank God for Girls | Beverly Hills | Dope Nose / Back to the Shack / Keep Fishin' / The Good Life / Surf Wax America | Undone - The Sweater Song | Island in the Sun | King of the World / Only in Dreams | Say It Ain't So | El Scorcho | Buddy Holly,White Album Tour,https://www.setlist.fm/setlist/weezer/2016/bluestem-amphitheater-moorhead-mn-53fc73f5.html,Bluestem Amphitheater,Headline,2016,09,02,02/09/2016Bluestem Amphitheater
21/08/2016,Weezer,California Kids | Hash Pipe | (If You're Wondering If I Want You To) I Want You To | L.A. Girlz | Pork and Beans | Perfect Situation | Thank God for Girls | Beverly Hills | Dope Nose / Back to the Shack / Keep Fishin' / The Good Life / Surf Wax America | Undone - The Sweater Song | Island in the Sun | Say It Ain't So | El Scorcho | Buddy Holly,White Album Tour,https://www.setlist.fm/setlist/weezer/2016/maishima-baseball-stadium-osaka-japan-bfcc16a.html,Maishima Baseball Stadium,Headline,2016,08,21,21/08/2016Maishima Baseball Stadium
20/08/2016,Weezer,Hash Pipe | (If You're Wondering If I Want You To) I Want You To | Pork and Beans | Perfect Situation | Thank God for Girls | Beverly Hills | California | Dope Nose / Back to the Shack / Keep Fishin' / The Good Life / Surf Wax America | Island in the Sun | Say It Ain't So | Buddy Holly,White Album Tour,https://www.setlist.fm/setlist/weezer/2016/qvc-marine-field-chiba-japan-6bfcce06.html,QVC Marine Field,Headline,2016,08,20,20/08/2016QVC Marine Field
18/08/2016,Weezer,California Kids | Hash Pipe | My Name Is Jonas | (If You're Wondering If I Want You To) I Want You To | L.A. Girlz | Pork and Beans | Perfect Situation | Thank God for Girls | Beverly Hills | Dope Nose / Back to the Shack / Keep Fishin' / The Good Life / Surf Wax America | Undone - The Sweater Song | Island in the Sun | King of the World / Only in Dreams | Say It Ain't So | HOMELY GIRL | El Scorcho | Buddy Holly,White Album Tour,https://www.setlist.fm/setlist/weezer/2016/studio-coast-tokyo-japan-63fcce07.html,STUDIO COAST,Headline,2016,08,18,18/08/2016STUDIO COAST
15/08/2016,Weezer,California Kids | Hash Pipe | My Name Is Jonas | (If You're Wondering If I Want You To) I Want You To | Pork and Beans | Jacked Up | Perfect Situation | Thank God for Girls | Beverly Hills | Dope Nose / Back to the Shack / Keep Fishin' / The Good Life / Surf Wax America | Undone - The Sweater Song | Island in the Sun | King of the World / Only in Dreams | Say It Ain't So | El Scorcho | Buddy Holly,White Album Tour,https://www.setlist.fm/setlist/weezer/2016/suntec-singapore-convention-and-exhibition-centre-singapore-singapore-13fce149.html,Suntec Singapore Convention & Exhibition Centre,Headline,2016,08,15,15/08/2016Suntec Singapore Convention & Exhibition Centre
13/08/2016,Weezer,California Kids | Hash Pipe | My Name Is Jonas | El Scorcho | (If You're Wondering If I Want You To) I Want You To | Pork and Beans | You Gave Your Love to Me Softly | Perfect Situation | Thank God for Girls | Beverly Hills | Dope Nose / Back to the Shack / Keep Fishin' / The Good Life / Surf Wax America | Undone - The Sweater Song | Island in the Sun | King of the World / Only in Dreams | Say It Ain't So | We Are Young | Becoming Dust | Buddy Holly,White Album Tour,https://www.setlist.fm/setlist/weezer/2016/songdo-moonlight-festival-park-incheon-south-korea-33fcec25.html,Songdo Moonlight Festival Park,Headline,2016,08,13,13/08/2016Songdo Moonlight Festival Park
06/08/2016,Weezer,California Kids | Hash Pipe | My Name Is Jonas | (If You're Wondering If I Want You To) I Want You To | Pork and Beans | I Love the USA | Perfect Situation | Thank God for Girls | Beverly Hills | Dope Nose / Back to the Shack / Keep Fishin' / The Good Life / Surf Wax America | Undone - The Sweater Song | Island in the Sun | King of the World / Only in Dreams | Say It Ain't So | El Scorcho | Buddy Holly,White Album Tour,https://www.setlist.fm/setlist/weezer/2016/irvine-meadows-amphitheatre-irvine-ca-33fca43d.html,Irvine Meadows Amphitheatre,Headline,2016,08,06,06/08/2016Irvine Meadows Amphitheatre
05/08/2016,Weezer,California Kids | Hash Pipe | My Name Is Jonas | (If You're Wondering If I Want You To) I Want You To | Pork and Beans | I Love the USA | Perfect Situation | Thank God for Girls | Beverly Hills | Dope Nose / Back to the Shack / Keep Fishin' / The Good Life / Surf Wax America | Undone - The Sweater Song | Island in the Sun | King of the World / Only in Dreams | Say It Ain't So | El Scorcho | Buddy Holly,White Album Tour,https://www.setlist.fm/setlist/weezer/2016/santa-barbara-bowl-santa-barbara-ca-6bfcae4a.html,Santa Barbara Bowl,Headline,2016,08,05,05/08/2016Santa Barbara Bowl
03/08/2016,Weezer,California Kids | Hash Pipe | My Name Is Jonas | (If You're Wondering If I Want You To) I Want You To | Pork and Beans | I Love the USA | Perfect Situation | Thank God for Girls | Beverly Hills | Dope Nose / Back to the Shack / Keep Fishin' / The Good Life / Surf Wax America | Undone - The Sweater Song | Island in the Sun | King of the World / Only in Dreams | Say It Ain't So | El Scorcho | Buddy Holly,White Album Tour,https://www.setlist.fm/setlist/weezer/2016/sleep-train-amphitheatre-chula-vista-ca-1bfcb5c0.html,Sleep Train Amphitheatre,Headline,2016,08,03,03/08/2016Sleep Train Amphitheatre
02/08/2016,Weezer,California Kids | Hash Pipe | My Name Is Jonas | (If You're Wondering If I Want You To) I Want You To | Pork and Beans | I Love the USA | Perfect Situation | Thank God for Girls | Beverly Hills | Dope Nose / Back to the Shack / Keep Fishin' / The Good Life / Surf Wax America | Undone - The Sweater Song | Island in the Sun | King of the World / Only in Dreams | Say It Ain't So | El Scorcho | Buddy Holly,White Album Tour,https://www.setlist.fm/setlist/weezer/2016/ak-chin-pavilion-phoenix-az-3fcbd73.html,Ak-Chin Pavilion,Headline,2016,08,02,02/08/2016Ak-Chin Pavilion
31/07/2016,Weezer,California Kids | Hash Pipe | My Name Is Jonas | (If You're Wondering If I Want You To) I Want You To | Pork and Beans | I Love the USA | Perfect Situation | Thank God for Girls | Beverly Hills | Dope Nose / Back to the Shack / Keep Fishin' / The Good Life / Surf Wax America | Undone - The Sweater Song | King of the World / Only in Dreams | Island in the Sun | Say It Ain't So | El Scorcho | Buddy Holly,White Album Tour,https://www.setlist.fm/setlist/weezer/2016/shoreline-amphitheatre-mountain-view-ca-53ff4bb9.html,Shoreline Amphitheatre,Headline,2016,07,31,31/07/2016Shoreline Amphitheatre
30/07/2016,Weezer,California Kids | Hash Pipe | My Name Is Jonas | (If You're Wondering If I Want You To) I Want You To | Pork and Beans | I Love the USA | Perfect Situation | Thank God for Girls | Beverly Hills | Dope Nose / Back to the Shack / Keep Fishin' / The Good Life / Surf Wax America | Undone - The Sweater Song | Island in the Sun | King of the World / Only in Dreams | Say It Ain't So | El Scorcho | Buddy Holly,White Album Tour,https://www.setlist.fm/setlist/weezer/2016/mcmenamins-historic-edgefield-manor-troutdale-or-13ff4d0d.html,McMenamins Historic Edgefield Manor,Headline,2016,07,30,30/07/2016McMenamins Historic Edgefield Manor
29/07/2016,Weezer,California Kids | Hash Pipe | My Name Is Jonas | (If You're Wondering If I Want You To) I Want You To | Pork and Beans | I Love the USA | Perfect Situation | Thank God for Girls | Beverly Hills | Dope Nose / Back to the Shack / Keep Fishin' / The Good Life / Surf Wax America | Undone - The Sweater Song | King of the World / Only in Dreams | Island in the Sun | Say It Ain't So | El Scorcho | Buddy Holly,White Album Tour,https://www.setlist.fm/setlist/weezer/2016/marymoor-park-redmond-wa-23ff5427.html,Marymoor Park,Headline,2016,07,29,29/07/2016Marymoor Park
28/07/2016,Weezer,California Kids | Hash Pipe | My Name Is Jonas | (If You're Wondering If I Want You To) I Want You To | Pork and Beans | I Love the USA | Perfect Situation | Thank God for Girls | Beverly Hills | Dope Nose / Back to the Shack / Keep Fishin' / The Good Life / Surf Wax America | Undone - The Sweater Song | King of the World / Only in Dreams | Island in the Sun | Say It Ain't So | Buddy Holly,White Album Tour,https://www.setlist.fm/setlist/weezer/2016/deer-lake-park-burnaby-bc-canada-63ff5e4f.html,Deer Lake Park,Headline,2016,07,28,28/07/2016Deer Lake Park
26/07/2016,Weezer,California Kids | Hash Pipe | My Name Is Jonas | (If You're Wondering If I Want You To) I Want You To | Pork and Beans | I Love the USA | Perfect Situation | Thank God for Girls | Beverly Hills | Dope Nose / Back to the Shack / Keep Fishin' / The Good Life / Surf Wax America | Undone - The Sweater Song | King of the World / Only in Dreams | Island in the Sun | Say It Ain't So | El Scorcho | Buddy Holly,White Album Tour,https://www.setlist.fm/setlist/weezer/2016/usana-amphitheatre-west-valley-city-ut-3bff68a0.html,USANA Amphitheatre,Headline,2016,07,26,26/07/2016USANA Amphitheatre
24/07/2016,Weezer,California Kids | Hash Pipe | My Name Is Jonas | (If You're Wondering If I Want You To) I Want You To | Pork and Beans | I Love the USA | Perfect Situation | Thank God for Girls | Beverly Hills | Dope Nose / Back to the Shack / Keep Fishin' / The Good Life / Surf Wax America | Undone - The Sweater Song | King of the World / Only in Dreams | Island in the Sun | Say It Ain't So | El Scorcho | Buddy Holly,White Album Tour,https://www.setlist.fm/setlist/weezer/2016/fiddlers-green-amphitheatre-greenwood-village-co-3bff74bc.html,Fiddler's Green Amphitheatre,Headline,2016,07,24,24/07/2016Fiddler's Green Amphitheatre
23/07/2016,Weezer,California Kids | Hash Pipe | My Name Is Jonas | (If You're Wondering If I Want You To) I Want You To | Pork and Beans | I Love the USA | Perfect Situation | Beverly Hills | Thank God for Girls | Dope Nose / Back to the Shack / Keep Fishin' / The Good Life / Surf Wax America | Undone - The Sweater Song | King of the World / Only in Dreams | Island in the Sun | Say It Ain't So | El Scorcho | Buddy Holly,White Album Tour,https://www.setlist.fm/setlist/weezer/2016/harrahs-stir-cove-council-bluffs-ia-4bff7fa2.html,Harrah's Stir Cove,Headline,2016,07,23,23/07/2016Harrah's Stir Cove
22/07/2016,Weezer,California Kids | Hash Pipe | My Name Is Jonas | (If You're Wondering If I Want You To) I Want You To | Pork and Beans | I Love the USA | Perfect Situation | Beverly Hills | Thank God for Girls | Dope Nose / Back to the Shack / Keep Fishin' / The Good Life / Surf Wax America | Undone - The Sweater Song | King of the World / Only in Dreams | Island in the Sun | Say It Ain't So | El Scorcho | Buddy Holly,White Album Tour,https://www.setlist.fm/setlist/weezer/2016/badlands-motor-speedway-brandon-sd-13ff0161.html,Badlands Motor Speedway,Headline,2016,07,22,22/07/2016Badlands Motor Speedway
20/07/2016,Weezer,California Kids | Hash Pipe | My Name Is Jonas | (If You're Wondering If I Want You To) I Want You To | Pork and Beans | I Love the USA | Perfect Situation | Beverly Hills | Thank God for Girls | Dope Nose / Back to the Shack / Keep Fishin' / The Good Life / Surf Wax America | Undone - The Sweater Song | King of the World / Only in Dreams | Island in the Sun | Say It Ain't So | El Scorcho | Buddy Holly,White Album Tour,https://www.setlist.fm/setlist/weezer/2016/starlight-theater-kansas-city-mo-5bff176c.html,Starlight Theater,Headline,2016,07,20,20/07/2016Starlight Theater
17/07/2016,Weezer,California Kids | Hash Pipe | My Name Is Jonas | (If You're Wondering If I Want You To) I Want You To | Pork and Beans | I Love the USA | Perfect Situation | Thank God for Girls | Beverly Hills | Dope Nose / Back to the Shack / Keep Fishin' / The Good Life / Surf Wax America | Undone - The Sweater Song | King of the World / Only in Dreams | Island in the Sun | Say It Ain't So | El Scorcho | Buddy Holly,White Album Tour,https://www.setlist.fm/setlist/weezer/2016/walmart-amp-rogers-ar-3bff28a0.html,Walmart AMP,Headline,2016,07,17,17/07/2016Walmart AMP
16/07/2016,Weezer,California Kids | Hash Pipe | My Name Is Jonas | (If You're Wondering If I Want You To) I Want You To | Pork and Beans | I Love the USA | Perfect Situation | Thank God for Girls | Beverly Hills | Dope Nose / Back to the Shack / Keep Fishin' / The Good Life / Surf Wax America | Undone - The Sweater Song | King of the World / Only in Dreams | Island in the Sun | Say It Ain't So | El Scorcho | Buddy Holly,White Album Tour,https://www.setlist.fm/setlist/weezer/2016/the-zoo-amphitheatre-oklahoma-city-ok-13ff319d.html,The Zoo Amphitheatre,Headline,2016,07,16,16/07/2016The Zoo Amphitheatre
15/07/2016,Weezer,California Kids | Hash Pipe | My Name Is Jonas | (If You're Wondering If I Want You To) I Want You To | Pork and Beans | I Love the USA | Perfect Situation | Thank God for Girls | Beverly Hills | Dope Nose / Back to the Shack / Keep Fishin' / The Good Life / Surf Wax America | Undone - The Sweater Song | King of the World / Only in Dreams | Island in the Sun | Say It Ain't So | El Scorcho | Buddy Holly,White Album Tour,https://www.setlist.fm/setlist/weezer/2016/gexa-energy-pavilion-dallas-tx-1bff39e0.html,Gexa Energy Pavilion,Headline,2016,07,15,15/07/2016Gexa Energy Pavilion
13/07/2016,Weezer,California Kids | Hash Pipe | My Name Is Jonas | (If You're Wondering If I Want You To) I Want You To | Pork and Beans | I Love the USA | Perfect Situation | Thank God for Girls | Beverly Hills | Dope Nose / Back to the Shack / Keep Fishin' / The Good Life / Surf Wax America | Undone - The Sweater Song | King of the World / Only in Dreams | Island in the Sun | Say It Ain't So | El Scorcho | Buddy Holly,White Album Tour,https://www.setlist.fm/setlist/weezer/2016/ascend-amphitheater-nashville-tn-63ffca3f.html,Ascend Amphitheater,Headline,2016,07,13,13/07/2016Ascend Amphitheater
12/07/2016,Weezer,California Kids | Hash Pipe | My Name Is Jonas | (If You're Wondering If I Want You To) I Want You To | Jacked Up | Pork and Beans | I Love the USA | Perfect Situation | Thank God for Girls | Beverly Hills | Dope Nose / Back to the Shack / Keep Fishin' / The Good Life / Surf Wax America | Undone - The Sweater Song | King of the World / Only in Dreams | Island in the Sun | Say It Ain't So | El Scorcho | Buddy Holly,White Album Tour,https://www.setlist.fm/setlist/weezer/2016/klipsch-music-center-noblesville-in-1bffcd6c.html,Klipsch Music Center,Headline,2016,07,12,12/07/2016Klipsch Music Center
10/07/2016,Weezer,California Kids | Hash Pipe | My Name Is Jonas | (If You're Wondering If I Want You To) I Want You To | Jacked Up | Pork and Beans | I Love the USA | Perfect Situation | Thank God for Girls | Beverly Hills | Dope Nose / Back to the Shack / Keep Fishin' / The Good Life / Surf Wax America | Undone - The Sweater Song | King of the World / Only in Dreams | Island in the Sun | Say It Ain't So | El Scorcho | Buddy Holly,White Album Tour,https://www.setlist.fm/setlist/weezer/2016/hollywood-casino-amphitheatre-tinley-park-il-3bffdcbc.html,Hollywood Casino Amphitheatre,Headline,2016,07,10,10/07/2016Hollywood Casino Amphitheatre
09/07/2016,Weezer,California Kids | Hash Pipe | My Name Is Jonas | (If You're Wondering If I Want You To) I Want You To | Jacked Up | Pork and Beans | I Love the USA | Perfect Situation | Thank God for Girls | Beverly Hills | Dope Nose / Back to the Shack / Keep Fishin' / The Good Life / Surf Wax America | Undone - The Sweater Song | King of the World / Only in Dreams | Island in the Sun | Say It Ain't So | El Scorcho | Buddy Holly,White Album Tour,https://www.setlist.fm/setlist/weezer/2016/marcus-amphitheater-milwaukee-wi-53ffe775.html,Marcus Amphitheater,Headline,2016,07,09,09/07/2016Marcus Amphitheater
08/07/2016,Weezer,California Kids | Hash Pipe | My Name Is Jonas | (If You're Wondering If I Want You To) I Want You To | Jacked Up | Pork and Beans | L.A. Girlz | Perfect Situation | Thank God for Girls | Beverly Hills | Dope Nose / Back to the Shack / Keep Fishin' / The Good Life / Surf Wax America | Undone - The Sweater Song | King of the World / Only in Dreams | Island in the Sun | Say It Ain't So | El Scorcho | Buddy Holly,White Album Tour,https://www.setlist.fm/setlist/weezer/2016/dte-energy-music-theatre-clarkston-mi-7bffee34.html,DTE Energy Music Theatre,Headline,2016,07,08,08/07/2016DTE Energy Music Theatre
06/07/2016,Weezer,California Kids | Hash Pipe | My Name Is Jonas | (If You're Wondering If I Want You To) I Want You To | Jacked Up | Pork and Beans | L.A. Girlz | Perfect Situation | Thank God for Girls | Beverly Hills | Dope Nose / Back to the Shack / Keep Fishin' / The Good Life / Surf Wax America | Undone - The Sweater Song | King of the World / Only in Dreams | Island in the Sun | Say It Ain't So | El Scorcho | Buddy Holly,White Album Tour,https://www.setlist.fm/setlist/weezer/2016/molson-amphitheatre-toronto-on-canada-1bfff534.html,Molson Amphitheatre,Headline,2016,07,06,06/07/2016Molson Amphitheatre
05/07/2016,Weezer,Island in the Sun | King of the World | Buddy Holly,,https://www.setlist.fm/setlist/weezer/2016/radio-1045-performance-theatre-philadelphia-pa-43ffef6f.html,Radio 104.5 Performance Theatre,Headline,2016,07,05,05/07/2016Radio 104.5 Performance Theatre
05/07/2016,Weezer,California Kids | Hash Pipe | My Name Is Jonas | (If You're Wondering If I Want You To) I Want You To | Jacked Up | Pork and Beans | L.A. Girlz | Perfect Situation | Thank God for Girls | Beverly Hills | Dope Nose / Back to the Shack / Keep Fishin' / The Good Life / Surf Wax America | Undone - The Sweater Song | King of the World / Only in Dreams | Island in the Sun | Say It Ain't So | El Scorcho | Buddy Holly,White Album Tour,https://www.setlist.fm/setlist/weezer/2016/bbandt-pavilion-camden-nj-3bfffc0c.html,BB&T Pavilion,Headline,2016,07,05,05/07/2016BB&T Pavilion
03/07/2016,Weezer,California Kids | Hash Pipe | My Name Is Jonas | (If You're Wondering If I Want You To) I Want You To | Jacked Up | Pork and Beans | L.A. Girlz | Perfect Situation | Thank God for Girls | Beverly Hills | Dope Nose / Back to the Shack / Keep Fishin' / The Good Life / Surf Wax America | Undone - The Sweater Song | King of the World / Only in Dreams | Island in the Sun | Say It Ain't So | El Scorcho | Buddy Holly,White Album Tour,https://www.setlist.fm/setlist/weezer/2016/stage-ae-pittsburgh-pa-6bff8a1a.html,Stage AE,Headline,2016,07,03,03/07/2016Stage AE
02/07/2016,Weezer,California Kids | Hash Pipe | My Name Is Jonas | (If You're Wondering If I Want You To) I Want You To | Jacked Up | Pork and Beans | L.A. Girlz | Perfect Situation | Thank God for Girls | Beverly Hills | Dope Nose / Back to the Shack / Keep Fishin' / The Good Life / Surf Wax America | Undone - The Sweater Song | King of the World / Only in Dreams | Island in the Sun | Say It Ain't So | El Scorcho | Buddy Holly,White Album Tour,https://www.setlist.fm/setlist/weezer/2016/pnc-bank-arts-center-holmdel-nj-23ff8ce3.html,PNC Bank Arts Center,Headline,2016,07,02,02/07/2016PNC Bank Arts Center
01/07/2016,Weezer,California Kids | Hash Pipe | My Name Is Jonas | (If You're Wondering If I Want You To) I Want You To | Jacked Up | Pork and Beans | L.A. Girlz | Perfect Situation | Thank God for Girls | Beverly Hills | Dope Nose / Back to the Shack / Keep Fishin' / The Good Life / Surf Wax America | Undone - The Sweater Song | King of the World / Only in Dreams | Island in the Sun | Say It Ain't So | El Scorcho | Buddy Holly,White Album Tour,https://www.setlist.fm/setlist/weezer/2016/xfinity-center-mansfield-ma-4bff974a.html,Xfinity Center,Headline,2016,07,01,01/07/2016Xfinity Center
30/06/2016,Weezer,California Kids | Hash Pipe | My Name Is Jonas | (If You're Wondering If I Want You To) I Want You To | Jacked Up | Pork and Beans | L.A. Girlz | Perfect Situation | Thank God for Girls | Beverly Hills | Dope Nose / Back to the Shack / Keep Fishin' / The Good Life / Surf Wax America | Undone - The Sweater Song | King of the World / Only in Dreams | Island in the Sun | Say It Ain't So | El Scorcho | Buddy Holly,White Album Tour,https://www.setlist.fm/setlist/weezer/2016/nikon-at-jones-beach-theater-wantagh-ny-43ff9f87.html,Nikon at Jones Beach Theater,Headline,2016,06,30,30/06/2016Nikon at Jones Beach Theater
28/06/2016,Weezer,California Kids | Hash Pipe | My Name Is Jonas | (If You're Wondering If I Want You To) I Want You To | Jacked Up | Pork and Beans | L.A. Girlz | Perfect Situation | Thank God for Girls | Beverly Hills | Dope Nose / Back to the Shack / Keep Fishin' / The Good Life / Surf Wax America | Undone - The Sweater Song | King of the World / Only in Dreams | Island in the Sun | Say It Ain't So | El Scorcho | Buddy Holly,White Album Tour,https://www.setlist.fm/setlist/weezer/2016/bank-of-new-hampshire-pavilion-at-meadowbrook-gilford-nh-33fface5.html,Bank of New Hampshire Pavilion at Meadowbrook,Headline,2016,06,28,28/06/2016Bank of New Hampshire Pavilion at Meadowbrook
26/06/2016,Weezer,California Kids | Hash Pipe | My Name Is Jonas | (If You're Wondering If I Want You To) I Want You To | Jacked Up | Pork and Beans | L.A. Girlz | Perfect Situation | Thank God for Girls | Beverly Hills | Dope Nose / Back to the Shack / Keep Fishin' / The Good Life / Surf Wax America | Undone - The Sweater Song | King of the World / Only in Dreams | Island in the Sun | Say It Ain't So | El Scorcho | Buddy Holly,White Album Tour,https://www.setlist.fm/setlist/weezer/2016/the-pavilion-at-montage-mountain-scranton-pa-3bffb810.html,The Pavilion at Montage Mountain,Headline,2016,06,26,26/06/2016The Pavilion at Montage Mountain
25/06/2016,Weezer,California Kids | Hash Pipe | My Name Is Jonas | (If You're Wondering If I Want You To) I Want You To | Jacked Up | Pork and Beans | Troublemaker | Perfect Situation | Thank God for Girls | Beverly Hills | Dope Nose / Back to the Shack / Keep Fishin' / The Good Life / Surf Wax America | Undone - The Sweater Song | King of the World / Only in Dreams | Island in the Sun | Say It Ain't So | El Scorcho | Buddy Holly,White Album Tour,https://www.setlist.fm/setlist/weezer/2016/constellation-brands--marvin-sands-performing-arts-center-canandaigua-ny-bfe41de.html,Constellation Brands – Marvin Sands Performing Arts Center,Headline,2016,06,25,25/06/2016Constellation Brands – Marvin Sands Performing Arts Center
24/06/2016,Weezer,California Kids | Hash Pipe | My Name Is Jonas | (If You're Wondering If I Want You To) I Want You To | Jacked Up | Pork and Beans | Troublemaker | Perfect Situation | Thank God for Girls | Beverly Hills | Dope Nose / Back to the Shack / Keep Fishin' / The Good Life / Surf Wax America | Undone - The Sweater Song | King of the World / Only in Dreams | Island in the Sun | Say It Ain't So | El Scorcho | Buddy Holly,White Album Tour,https://www.setlist.fm/setlist/weezer/2016/jiffy-lube-live-bristow-va-5bfe4b4c.html,Jiffy Lube Live,Headline,2016,06,24,24/06/2016Jiffy Lube Live
22/06/2016,Weezer,California Kids | Hash Pipe | My Name Is Jonas | (If You're Wondering If I Want You To) I Want You To | Jacked Up | Pork and Beans | Perfect Situation | Thank God for Girls | Beverly Hills | Dope Nose / Back to the Shack / Keep Fishin' / The Good Life / Surf Wax America | Undone - The Sweater Song | Tired of Sex | King of the World / Only in Dreams | Island in the Sun | Say It Ain't So | El Scorcho | Buddy Holly,White Album Tour,https://www.setlist.fm/setlist/weezer/2016/veterans-united-home-loans-amphitheater-at-virginia-beach-virginia-beach-va-3bfe54e0.html,Veterans United Home Loans Amphitheater at Virginia Beach,Headline,2016,06,22,22/06/2016Veterans United Home Loans Amphitheater at Virginia Beach
21/06/2016,Weezer,California Kids | Hash Pipe | My Name Is Jonas | (If You're Wondering If I Want You To) I Want You To | Jacked Up | Pork and Beans | Perfect Situation | Thank God for Girls | Beverly Hills | Dope Nose / Back to the Shack / Keep Fishin' / The Good Life / Surf Wax America | Undone - The Sweater Song | Tired of Sex | King of the World / Only in Dreams | Island in the Sun | Say It Ain't So | El Scorcho | Buddy Holly,White Album Tour,https://www.setlist.fm/setlist/weezer/2016/coastal-credit-union-music-park-at-walnut-creek-raleigh-nc-4bfe5fbe.html,Coastal Credit Union Music Park at Walnut Creek,Headline,2016,06,21,21/06/2016Coastal Credit Union Music Park at Walnut Creek
20/06/2016,Weezer,California Kids | Hash Pipe | My Name Is Jonas | (If You're Wondering If I Want You To) I Want You To | Jacked Up | Pork and Beans | Perfect Situation | Thank God for Girls | Beverly Hills | Dope Nose / Back to the Shack / Keep Fishin' / The Good Life / Surf Wax America | Tired of Sex | Undone - The Sweater Song | King of the World / Only in Dreams | Island in the Sun | Say It Ain't So | El Scorcho | Buddy Holly,White Album Tour,https://www.setlist.fm/setlist/weezer/2016/pnc-music-pavilion-charlotte-nc-4bfe6346.html,PNC Music Pavilion,Headline,2016,06,20,20/06/2016PNC Music Pavilion
19/06/2016,Weezer,California Kids | Hash Pipe | My Name Is Jonas | (If You're Wondering If I Want You To) I Want You To | L.A. Girlz | Pork and Beans | Perfect Situation | Thank God for Girls | Beverly Hills | Dope Nose / Back to the Shack / Keep Fishin' / The Good Life / Surf Wax America | Tired of Sex | Undone - The Sweater Song | King of the World / Only in Dreams | Island in the Sun | Say It Ain't So | El Scorcho | Buddy Holly,White Album Tour,https://www.setlist.fm/setlist/weezer/2016/volvo-car-stadium-charleston-sc-63fe6a37.html,Volvo Car Stadium,Headline,2016,06,19,19/06/2016Volvo Car Stadium
16/06/2016,Weezer,California Kids | Hash Pipe | My Name Is Jonas | (If You're Wondering If I Want You To) I Want You To | L.A. Girlz | Pork and Beans | Perfect Situation | Thank God for Girls | Beverly Hills | Dope Nose / Back to the Shack / Keep Fishin' / The Good Life / Surf Wax America | Tired of Sex | Undone - The Sweater Song | King of the World / Only in Dreams | Island in the Sun | Say It Ain't So | El Scorcho | Buddy Holly,White Album Tour,https://www.setlist.fm/setlist/weezer/2016/lakewood-amphitheatre-atlanta-ga-13fe7955.html,Lakewood Amphitheatre,Headline,2016,06,16,16/06/2016Lakewood Amphitheatre
15/06/2016,Weezer,California Kids | Hash Pipe | My Name Is Jonas | L.A. Girlz | Pork and Beans | Perfect Situation | (If You're Wondering If I Want You To) I Want You To | Thank God for Girls | Beverly Hills | Dope Nose / Back to the Shack / Keep Fishin' / The Good Life / Surf Wax America | Tired of Sex | Undone - The Sweater Song | King of the World / Only in Dreams | Island in the Sun | Say It Ain't So | El Scorcho | Buddy Holly,White Album Tour,https://www.setlist.fm/setlist/weezer/2016/midflorida-credit-union-amphitheatre-tampa-fl-6bfe02b2.html,MidFlorida Credit Union Amphitheatre,Headline,2016,06,15,15/06/2016MidFlorida Credit Union Amphitheatre
14/06/2016,Weezer,California Kids | Hash Pipe | My Name Is Jonas | L.A. Girlz | Pork and Beans | Perfect Situation | (If You're Wondering If I Want You To) I Want You To | Thank God for Girls | Beverly Hills | Dope Nose / Back to the Shack / Keep Fishin' / The Good Life / Surf Wax America | Tired of Sex | Undone - The Sweater Song | King of the World / Only in Dreams | Island in the Sun | Say It Ain't So | El Scorcho | Buddy Holly,White Album Tour,https://www.setlist.fm/setlist/weezer/2016/bayfront-park-amphitheater-miami-fl-5bfe0750.html,Bayfront Park Amphitheater,Headline,2016,06,14,14/06/2016Bayfront Park Amphitheater
12/06/2016,Weezer,California Kids | Hash Pipe | My Name Is Jonas | L.A. Girlz | Pork and Beans | Perfect Situation | (If You're Wondering If I Want You To) I Want You To | Thank God for Girls | Beverly Hills | Dope Nose / Back to the Shack / Keep Fishin' / The Good Life / Surf Wax America | Tired of Sex | Undone - The Sweater Song | King of the World / Only in Dreams | Island in the Sun | Say It Ain't So | El Scorcho | Buddy Holly,White Album Tour,https://www.setlist.fm/setlist/weezer/2016/bold-sphere-music-at-champions-square-new-orleans-la-33fe10e1.html,Bold Sphere Music at Champions Square,Headline,2016,06,12,12/06/2016Bold Sphere Music at Champions Square
11/06/2016,Weezer,California Kids | Hash Pipe | My Name Is Jonas | L.A. Girlz | Pork and Beans | Perfect Situation | (If You're Wondering If I Want You To) I Want You To | Thank God for Girls | Beverly Hills | Dope Nose / Back to the Shack / Keep Fishin' / The Good Life / Surf Wax America | Tired of Sex | Undone - The Sweater Song | King of the World / Only in Dreams | Island in the Sun | Say It Ain't So | El Scorcho | Buddy Holly,White Album Tour,https://www.setlist.fm/setlist/weezer/2016/concrete-street-amphitheater-corpus-christi-tx-73fe1a2d.html,Concrete Street Amphitheater,Headline,2016,06,11,11/06/2016Concrete Street Amphitheater
10/06/2016,Weezer,California Kids | Hash Pipe | My Name Is Jonas | L.A. Girlz | Pork and Beans | Perfect Situation | (If You're Wondering If I Want You To) I Want You To | Thank God for Girls | Beverly Hills | Dope Nose / Back to the Shack / Keep Fishin' / The Good Life / Surf Wax America | Tired of Sex | Undone - The Sweater Song | King of the World / Only in Dreams | Island in the Sun | Say It Ain't So | El Scorcho | Buddy Holly,White Album Tour,https://www.setlist.fm/setlist/weezer/2016/cynthia-woods-mitchell-pavilion-the-woodlands-tx-13fe1d59.html,Cynthia Woods Mitchell Pavilion,Headline,2016,06,10,10/06/2016Cynthia Woods Mitchell Pavilion
14/05/2016,Weezer,Island in the Sun | Back to the Shack | California Kids | Beverly Hills | Hash Pipe | Pork and Beans | (If You're Wondering If I Want You To) I Want You To | Thank God for Girls | Perfect Situation | King of the World | Undone - The Sweater Song | Buddy Holly | Say It Ain't So,White Album Tour,https://www.setlist.fm/setlist/weezer/2016/irvine-meadows-amphitheatre-irvine-ca-73f15ae9.html,Irvine Meadows Amphitheatre,Headline,2016,05,14,14/05/2016Irvine Meadows Amphitheatre
29/04/2016,Weezer,My Name Is Jonas | Hash Pipe | El Scorcho | California Kids | Thank God for Girls | Say It Ain't So | Do You Wanna Get High? | King of the World | Troublemaker | (If You're Wondering If I Want You To) I Want You To | Dope Nose | Back to the Shack | Pork and Beans | Undone - The Sweater Song | Island in the Sun | Beverly Hills | Buddy Holly,White Album Tour,https://www.setlist.fm/setlist/weezer/2016/tom-lee-park-memphis-tn-6bf12e2e.html,Tom Lee Park,Headline,2016,04,29,29/04/2016Tom Lee Park
25/04/2016,Weezer,California Kids | My Name Is Jonas | Hash Pipe | Back to the Shack | L.A. Girlz | El Scorcho | The British Are Coming | Pork and Beans | (If You're Wondering If I Want You To) I Want You To | Do You Wanna Get High? | The Waste Land | Thank God for Girls | Say It Ain't So | The Good Life | Perfect Situation | You Gave Your Love to Me Softly | King of the World | Island in the Sun | Undone - The Sweater Song | Beverly Hills | Buddy Holly,White Album Tour,https://www.setlist.fm/setlist/weezer/2016/troubadour-west-hollywood-ca-53f1c7a1.html,Troubadour,Headline,2016,04,25,25/04/2016Troubadour
08/04/2016,Weezer,California Kids | My Name Is Jonas | Hash Pipe | Back to the Shack | L.A. Girlz | El Scorcho | Troublemaker | Pork and Beans | (If You're Wondering If I Want You To) I Want You To | Do You Wanna Get High? | Cleopatra | The Waste Land | Thank God for Girls | Say It Ain't So | The Good Life | You Gave Your Love to Me Softly | King of the World | Island in the Sun | Undone - The Sweater Song | Beverly Hills | Buddy Holly,White Album Tour,https://www.setlist.fm/setlist/weezer/2016/heineken-music-hall-amsterdam-netherlands-33f1b035.html,Heineken Music Hall,Headline,2016,04,08,08/04/2016Heineken Music Hall
05/04/2016,Weezer,California Kids | My Name Is Jonas | Hash Pipe | Back to the Shack | L.A. Girlz | El Scorcho | The British Are Coming | Pork and Beans | (If You're Wondering If I Want You To) I Want You To | Do You Wanna Get High? | Cleopatra | The Waste Land | Thank God for Girls | Say It Ain't So | The Good Life | You Gave Your Love to Me Softly | King of the World | Island in the Sun | Undone - The Sweater Song | Beverly Hills | Buddy Holly,White Album Tour,https://www.setlist.fm/setlist/weezer/2016/o2-academy-brixton-london-england-43f043e3.html,O2 Academy Brixton,Headline,2016,04,05,05/04/2016O2 Academy Brixton
03/04/2016,Weezer,California Kids | My Name Is Jonas | Hash Pipe | Back to the Shack | L.A. Girlz | El Scorcho | Troublemaker | Pork and Beans | (If You're Wondering If I Want You To) I Want You To | Do You Wanna Get High? | Cleopatra | The Waste Land | Thank God for Girls | Say It Ain't So | The Good Life | You Gave Your Love to Me Softly | King of the World | Island in the Sun | Undone - The Sweater Song | Beverly Hills | Buddy Holly,White Album Tour,https://www.setlist.fm/setlist/weezer/2016/manchester-academy-1-manchester-england-7bf0520c.html,Manchester Academy 1,Headline,2016,04,03,03/04/2016Manchester Academy 1
01/04/2016,Weezer,California Kids | L.A. Girlz | Do You Wanna Get High? | Slave | King of the World,White Album Tour,https://www.setlist.fm/setlist/weezer/2016/rough-trade-nyc-brooklyn-ny-7bf056e8.html,Rough Trade NYC,Headline,2016,04,01,01/04/2016Rough Trade NYC
01/04/2016,Weezer,King of the World,,https://www.setlist.fm/setlist/weezer/2016/good-morning-america-new-york-ny-23f05077.html,Good Morning America,Headline,2016,04,01,01/04/2016Good Morning America
31/03/2016,Weezer,King of the World,,https://www.setlist.fm/setlist/weezer/2016/the-tonight-show-starring-jimmy-fallon-new-york-ny-4bf053f6.html,The Tonight Show Starring Jimmy Fallon,Headline,2016,03,31,31/03/2016The Tonight Show Starring Jimmy Fallon
31/03/2016,Weezer,Island in the Sun | Buddy Holly | King of the World | California Kids | Slave,,https://www.setlist.fm/setlist/weezer/2016/spotify-offices-new-york-ny-13fe6d5d.html,Spotify Offices,Headline,2016,03,31,31/03/2016Spotify Offices
30/03/2016,Weezer,California Kids | My Name Is Jonas | Hash Pipe | Back to the Shack | L.A. Girlz | El Scorcho | The British Are Coming | Pork and Beans | Do You Wanna Get High? | Cleopatra | The Waste Land | Thank God for Girls | Say It Ain't So | The Good Life | You Gave Your Love to Me Softly | King of the World | Island in the Sun | Undone - The Sweater Song | Beverly Hills | Buddy Holly,White Album Tour,https://www.setlist.fm/setlist/weezer/2016/warsaw-brooklyn-ny-63f05a17.html,Warsaw,Headline,2016,03,30,30/03/2016Warsaw
23/03/2016,Weezer,My Name Is Jonas | Hash Pipe | El Scorcho | Back to the Shack | King of the World | Troublemaker | California Kids | Pork and Beans | (If You're Wondering If I Want You To) I Want You To | Thank God for Girls | Say It Ain't So | Dope Nose | Perfect Situation | Memories | Island in the Sun | Undone - The Sweater Song | Beverly Hills | Buddy Holly,,https://www.setlist.fm/setlist/weezer/2016/the-linq-las-vegas-nv-43f00b77.html,The Linq,Headline,2016,03,23,23/03/2016The Linq
22/03/2016,Weezer,Hash Pipe | Say It Ain't So | King of the World | L.A. Girlz | Thank God for Girls | Beverly Hills | Buddy Holly,,https://www.setlist.fm/setlist/weezer/2016/red-bull-sound-space-kroq-los-angeles-ca-1bf01590.html,Red Bull Sound Space KROQ,Headline,2016,03,22,22/03/2016Red Bull Sound Space KROQ
10/03/2016,Weezer,Say It Ain't So | Buddy Holly,,https://www.setlist.fm/setlist/weezer/2016/pier-48-san-francisco-ca-63f0ca7b.html,Pier 48,Headline,2016,03,10,10/03/2016Pier 48
19/01/2016,Weezer,Thank God for Girls | Do You Wanna Get High? | Thank God for Girls | Island in the Sun | King of the World | Buddy Holly,,https://www.setlist.fm/setlist/weezer/2016/jimmy-kimmel-live-los-angeles-ca-1bf3991c.html,Jimmy Kimmel Live,Headline,2016,01,19,19/01/2016Jimmy Kimmel Live
15/01/2016,Weezer,Thank God for Girls | Do You Wanna Get High? | Say It Ain't So | Thank God for Girls | Do You Wanna Get High? | Buddy Holly,,https://www.setlist.fm/setlist/weezer/2016/warner-bros-studios-burbank-ca-6bf3a262.html,Warner Bros. Studios,Headline,2016,01,15,15/01/2016Warner Bros. Studios
06/01/2016,Weezer,Undone - The Sweater Song | Say It Ain't So,,https://www.setlist.fm/setlist/weezer/2016/hard-rock-live-las-vegas-nv-5b8c97dc.html,Hard Rock Live,Headline,2016,01,06,06/01/2016Hard Rock Live
12/12/2015,Weezer,Hash Pipe | Back to the Shack | Pork and Beans | Do You Wanna Get High? | (If You're Wondering If I Want You To) I Want You To | Thank God for Girls | Say It Ain't So | Perfect Situation | Island in the Sun | Undone - The Sweater Song | Beverly Hills | Buddy Holly,,https://www.setlist.fm/setlist/weezer/2015/the-forum-inglewood-ca-bf2d5ca.html,The Forum,Headline,2015,12,12,12/12/2015The Forum
11/12/2015,Weezer,My Name Is Jonas | Hash Pipe | Back to the Shack | Do You Wanna Get High? | Pork and Beans | (If You're Wondering If I Want You To) I Want You To | Thank God for Girls | Say It Ain't So | The Good Life | Perfect Situation | Island in the Sun | Undone - The Sweater Song | Beverly Hills | Buddy Holly,,https://www.setlist.fm/setlist/weezer/2015/oracle-arena-oakland-ca-3bf2d818.html,Oracle Arena,Headline,2015,12,11,11/12/2015Oracle Arena
10/12/2015,Weezer,My Name Is Jonas | Hash Pipe | Back to the Shack | Troublemaker | Do You Wanna Get High? | Pork and Beans | (If You're Wondering If I Want You To) I Want You To | Thank God for Girls | Say It Ain't So | The Good Life | Perfect Situation | Island in the Sun | Undone - The Sweater Song | Beverly Hills | Buddy Holly,,https://www.setlist.fm/setlist/weezer/2015/eagles-ballroom-milwaukee-wi-6bf2e242.html,Eagles Ballroom,Headline,2015,12,10,10/12/2015Eagles Ballroom
08/12/2015,Weezer,My Name Is Jonas | Hash Pipe | El Scorcho | Back to the Shack | Troublemaker | Do You Wanna Get High? | Pork and Beans | (If You're Wondering If I Want You To) I Want You To | Thank God for Girls | Say It Ain't So | The Good Life | Perfect Situation | Memories | Island in the Sun | Undone - The Sweater Song | Beverly Hills | Buddy Holly,,https://www.setlist.fm/setlist/weezer/2015/peabody-opera-house-st-louis-mo-7bf2ea58.html,Peabody Opera House,Headline,2015,12,08,08/12/2015Peabody Opera House
03/12/2015,Weezer,Thank God for Girls,,https://www.setlist.fm/setlist/weezer/2015/conan-burbank-ca-7bf2feb8.html,Conan,Headline,2015,12,03,03/12/2015Conan
21/10/2015,Weezer,My Name Is Jonas | Hash Pipe | Beverly Hills | Island in the Sun | Thank God for Girls | Buddy Holly | Perfect Situation | Back to the Shack | Troublemaker | Pork and Beans | (If You're Wondering If I Want You To) I Want You To | Say It Ain't So | Thank God for Girls,,https://www.setlist.fm/setlist/weezer/2015/iheartradio-theater-burbank-ca-5bf5a374.html,iHeartRadio Theater,Headline,2015,10,21,21/10/2015iHeartRadio Theater
09/10/2015,Weezer,My Name Is Jonas | Hash Pipe | El Scorcho | Back to the Shack | Troublemaker | Surf Wax America | Pork and Beans | (If You're Wondering If I Want You To) I Want You To | Eulogy for a Rock Band | Dope Nose | Say It Ain't So | The Good Life | Perfect Situation | Memories | Island in the Sun | Undone - The Sweater Song | Beverly Hills | Buddy Holly,,https://www.setlist.fm/setlist/weezer/2015/reunion-park-dallas-tx-53f40395.html,Reunion Park,Headline,2015,10,09,09/10/2015Reunion Park
27/09/2015,Weezer,My Name Is Jonas | Hash Pipe | El Scorcho | Back to the Shack | Troublemaker | Surf Wax America | Pork and Beans | (If You're Wondering If I Want You To) I Want You To | Go Away | Say It Ain't So | Perfect Situation | Island in the Sun | Undone - The Sweater Song | Beverly Hills | Buddy Holly,,https://www.setlist.fm/setlist/weezer/2015/downtown-las-vegas-fremont-street-las-vegas-nv-13f4e11d.html,Downtown Las Vegas Fremont Street,Headline,2015,09,27,27/09/2015Downtown Las Vegas Fremont Street
26/09/2015,Weezer,My Name Is Jonas | Hash Pipe | El Scorcho | Back to the Shack | Troublemaker | Surf Wax America | Pork and Beans | (If You're Wondering If I Want You To) I Want You To | Go Away | Dope Nose | Say It Ain't So | The Good Life | Perfect Situation | Memories | Island in the Sun | Undone - The Sweater Song | Beverly Hills | Buddy Holly,,https://www.setlist.fm/setlist/weezer/2015/the-park-at-harlinsdale-farm-franklin-tn-5bf4efec.html,The Park at Harlinsdale Farm,Headline,2015,09,26,26/09/2015The Park at Harlinsdale Farm
20/09/2015,Weezer,My Name Is Jonas | No One Else | The World Has Turned and Left Me Here | Buddy Holly | Undone - The Sweater Song | Surf Wax America | Say It Ain't So | In the Garage | Holiday | Only in Dreams | Susanne | Perfect Situation | Beverly Hills,,https://www.setlist.fm/setlist/weezer/2015/downsview-park-toronto-on-canada-4bf4973a.html,Downsview Park,Headline,2015,09,20,20/09/2015Downsview Park
19/09/2015,Weezer,Tired of Sex | Getchoo | No Other One | Why Bother? | Across the Sea | The Good Life | El Scorcho | Pink Triangle | Falling for You | Butterfly | You Gave Your Love to Me Softly | Island in the Sun | Pork and Beans,,https://www.setlist.fm/setlist/weezer/2015/downsview-park-toronto-on-canada-63f49e6f.html,Downsview Park,Headline,2015,09,19,19/09/2015Downsview Park
12/09/2015,Weezer,My Name Is Jonas | Hash Pipe | El Scorcho | Back to the Shack | Troublemaker | Surf Wax America | Pork and Beans | (If You're Wondering If I Want You To) I Want You To | Dope Nose | Say It Ain't So | The Good Life | Perfect Situation | Memories | Island in the Sun | Undone - The Sweater Song | Beverly Hills | Buddy Holly,,https://www.setlist.fm/setlist/weezer/2015/freedom-hill-amphitheatre-sterling-heights-mi-73f742f1.html,Freedom Hill Amphitheatre,Headline,2015,09,12,12/09/2015Freedom Hill Amphitheatre
06/09/2015,Weezer,My Name Is Jonas | Hash Pipe | El Scorcho | Back to the Shack | Troublemaker | Surf Wax America | Pork and Beans | (If You're Wondering If I Want You To) I Want You To | Eulogy for a Rock Band | Dope Nose | Say It Ain't So | The Good Life | Perfect Situation | Memories | Island in the Sun | Undone - The Sweater Song | Beverly Hills | Buddy Holly,,https://www.setlist.fm/setlist/weezer/2015/del-mar-racetrack-del-mar-ca-6bf762ea.html,Del Mar Racetrack,Headline,2015,09,06,06/09/2015Del Mar Racetrack
02/08/2015,Weezer,My Name Is Jonas | Hash Pipe | El Scorcho | Eulogy for a Rock Band | Troublemaker | Surf Wax America | Island in the Sun | Beverly Hills | Go Away | Dope Nose | Say It Ain't So | The Good Life | Perfect Situation | Back to the Shack | Pork and Beans | Undone - The Sweater Song | (If You're Wondering If I Want You To) I Want You To | Buddy Holly,,https://www.setlist.fm/setlist/weezer/2015/seaside-park-bridgeport-ct-bf65d0e.html,Seaside Park,Headline,2015,08,02,02/08/2015Seaside Park
01/08/2015,Weezer,My Name Is Jonas | Hash Pipe | Troublemaker | Island in the Sun | Beverly Hills | Go Away | Say It Ain't So | Perfect Situation | Back to the Shack | (If You're Wondering If I Want You To) I Want You To | Pork and Beans | Undone - The Sweater Song | Buddy Holly,,https://www.setlist.fm/setlist/weezer/2015/parc-jean-drapeau-montreal-qc-canada-3bf664e0.html,Parc Jean-Drapeau,Headline,2015,08,01,01/08/2015Parc Jean-Drapeau
31/07/2015,Weezer,My Name Is Jonas | Hash Pipe | El Scorcho | Eulogy for a Rock Band | Troublemaker | Surf Wax America | Island in the Sun | Beverly Hills | Go Away | Dope Nose | Say It Ain't So | The Good Life | Perfect Situation | Back to the Shack | Pork and Beans | Undone - The Sweater Song | (If You're Wondering If I Want You To) I Want You To | Buddy Holly,,https://www.setlist.fm/setlist/weezer/2015/maine-state-pier-portland-me-63f66e67.html,Maine State Pier,Headline,2015,07,31,31/07/2015Maine State Pier
24/07/2015,Weezer,My Name Is Jonas | Hash Pipe | El Scorcho | Back to the Shack | Troublemaker | Surf Wax America | Island in the Sun | Beverly Hills | Go Away | Dope Nose | Say It Ain't So | The Good Life | Perfect Situation | Memories | Pork and Beans | Undone - The Sweater Song | Only in Dreams | Buddy Holly,,https://www.setlist.fm/setlist/weezer/2015/lifestyle-communities-pavilion-columbus-oh-33f620e1.html,Lifestyle Communities Pavilion,Headline,2015,07,24,24/07/2015Lifestyle Communities Pavilion
23/07/2015,Weezer,My Name Is Jonas | Hash Pipe | El Scorcho | Eulogy for a Rock Band | Troublemaker | Surf Wax America | Island in the Sun | Beverly Hills | Go Away | Dope Nose | Say It Ain't So | The Good Life | Perfect Situation | Back to the Shack | Pork and Beans | Undone - The Sweater Song | Only in Dreams | Buddy Holly,,https://www.setlist.fm/setlist/weezer/2015/the-shoe-cincinnati-oh-23f62823.html,The Shoe,Headline,2015,07,23,23/07/2015The Shoe
22/07/2015,Weezer,El Scorcho | Go Away | Buddy Holly,,https://www.setlist.fm/setlist/weezer/2015/quicken-loans-arena-cleveland-oh-7bf61a3c.html,Quicken Loans Arena,Headline,2015,07,22,22/07/2015Quicken Loans Arena
19/07/2015,Weezer,My Name Is Jonas | Hash Pipe | El Scorcho | Back to the Shack | Troublemaker | Surf Wax America | Island in the Sun | Beverly Hills | Go Away | Dope Nose | Say It Ain't So | The Good Life | Perfect Situation | (If You're Wondering If I Want You To) I Want You To | Pork and Beans | Undone - The Sweater Song | Memories | Buddy Holly,,https://www.setlist.fm/setlist/weezer/2015/zidell-yards-portland-or-53f6c739.html,Zidell Yards,Headline,2015,07,19,19/07/2015Zidell Yards
18/07/2015,Weezer,Hash Pipe | Island in the Sun | Beverly Hills | Say It Ain't So | Perfect Situation | Undone - The Sweater Song,,https://www.setlist.fm/setlist/weezer/2015/festival-site-pemberton-bc-canada-3bf6c88c.html,Festival Site,Headline,2015,07,18,18/07/2015Festival Site
11/07/2015,Weezer,My Name Is Jonas | Hash Pipe | El Scorcho | Back to the Shack | Troublemaker | Eulogy for a Rock Band | Island in the Sun | Go Away | Beverly Hills | Dope Nose | Say It Ain't So | Tired of Sex | Perfect Situation | (If You're Wondering If I Want You To) I Want You To | Pork and Beans | Undone - The Sweater Song | Memories | Buddy Holly,,https://www.setlist.fm/setlist/weezer/2015/western-gateway-park-des-moines-ia-1bf68164.html,Western Gateway Park,Headline,2015,07,11,11/07/2015Western Gateway Park
10/07/2015,Weezer,My Name Is Jonas | Hash Pipe | Troublemaker | Back to the Shack | Eulogy for a Rock Band | Keep Fishin' | Surf Wax America | Island in the Sun | Beverly Hills | Go Away | Dope Nose | Say It Ain't So | Perfect Situation | (If You're Wondering If I Want You To) I Want You To | Pork and Beans | Undone - The Sweater Song | Memories | Buddy Holly,,https://www.setlist.fm/setlist/weezer/2015/the-basilica-of-saint-mary-minneapolis-mn-bf68922.html,The Basilica of Saint Mary,Headline,2015,07,10,10/07/2015The Basilica of Saint Mary
08/07/2015,Weezer,My Name Is Jonas | Hash Pipe | Perfect Situation | Back to the Shack | Eulogy for a Rock Band | Keep Fishin' | Surf Wax America | Island in the Sun | Beverly Hills | Go Away | Dope Nose | Say It Ain't So | Tired of Sex | (If You're Wondering If I Want You To) I Want You To | Pork and Beans | Undone - The Sweater Song | Memories | Buddy Holly,,https://www.setlist.fm/setlist/weezer/2015/petrillo-music-shell-chicago-il-73f69af1.html,Petrillo Music Shell,Headline,2015,07,08,08/07/2015Petrillo Music Shell
27/06/2015,Weezer,My Name Is Jonas | Hash Pipe | Back to the Shack | El Scorcho | Eulogy for a Rock Band | Keep Fishin' | Surf Wax America | Island in the Sun | Beverly Hills | Go Away | Dope Nose | Say It Ain't So | Tired of Sex | (If You're Wondering If I Want You To) I Want You To | Pork and Beans | Undone - The Sweater Song | Memories | Buddy Holly,,https://www.setlist.fm/setlist/weezer/2015/santa-fe-st-el-paso-tx-53c95fd5.html,Santa Fe St,Headline,2015,06,27,27/06/2015Santa Fe St
26/06/2015,Weezer,My Name Is Jonas | El Scorcho | Surf Wax America | Hash Pipe | Beverly Hills | Say It Ain't So | Undone - The Sweater Song | Buddy Holly,,https://www.setlist.fm/setlist/weezer/2015/country-jam-ranch-loma-co-33c96481.html,Country Jam Ranch,Headline,2015,06,26,26/06/2015Country Jam Ranch
13/06/2015,Weezer,My Name Is Jonas | Hash Pipe | Back to the Shack | El Scorcho | Eulogy for a Rock Band | Keep Fishin' | Surf Wax America | Island in the Sun | Beverly Hills | Go Away | Dope Nose | Say It Ain't So | Tired of Sex | (If You're Wondering If I Want You To) I Want You To | Pork and Beans | Undone - The Sweater Song | Buddy Holly,,https://www.setlist.fm/setlist/weezer/2015/spencer-smith-park-burlington-on-canada-13c93dad.html,Spencer Smith Park,Headline,2015,06,13,13/06/2015Spencer Smith Park
07/06/2015,Weezer,My Name Is Jonas | Hash Pipe | Back to the Shack | El Scorcho | Eulogy for a Rock Band | Dope Nose | Surf Wax America | Island in the Sun | Beverly Hills | Go Away | Photograph | Song 2 | Say It Ain't So | Tired of Sex | (If You're Wondering If I Want You To) I Want You To | Pork and Beans | Undone - The Sweater Song | Buddy Holly,,https://www.setlist.fm/setlist/weezer/2015/nrg-park-houston-tx-5bc9e740.html,NRG Park,Headline,2015,06,07,07/06/2015NRG Park
06/06/2015,Weezer,My Name Is Jonas | Hash Pipe | Back to the Shack | El Scorcho | Eulogy for a Rock Band | Keep Fishin' | Surf Wax America | Island in the Sun | Beverly Hills | Go Away | Dope Nose | Say It Ain't So | Tired of Sex | (If You're Wondering If I Want You To) I Want You To | Pork and Beans | Undone - The Sweater Song | Buddy Holly,,https://www.setlist.fm/setlist/weezer/2015/global-event-center-at-winstar-world-resort-thackerville-ok-23c9ec8b.html,Global Event Center at WinStar World Resort,Headline,2015,06,06,06/06/2015Global Event Center at WinStar World Resort
11/04/2015,Weezer,Hash Pipe | Troublemaker | Island in the Sun | Beverly Hills | Go Away | Say It Ain't So | Back to the Shack | (If You're Wondering If I Want You To) I Want You To | Pork and Beans | Undone - The Sweater Song | Buddy Holly,,https://www.setlist.fm/setlist/weezer/2015/3labs-culver-city-ca-53c89b99.html,3Labs,Headline,2015,04,11,11/04/20153Labs
10/04/2015,Weezer,Say It Ain't So | Undone - The Sweater Song | Buddy Holly | Hash Pipe,,https://www.setlist.fm/setlist/weezer/2015/camp-pendleton-oceanside-ca-7b592e90.html,Camp Pendleton,Headline,2015,04,10,10/04/2015Camp Pendleton
03/04/2015,Weezer,My Name Is Jonas | Hash Pipe | Perfect Situation | El Scorcho | Go Away | Surf Wax America | Pink Triangle | Island in the Sun | Beverly Hills | Dope Nose | Say It Ain't So | Back to the Shack | (If You're Wondering If I Want You To) I Want You To | Pork and Beans | Undone - The Sweater Song | Memories | Buddy Holly,,https://www.setlist.fm/setlist/weezer/2015/white-river-state-park-indianapolis-in-33cb5821.html,White River State Park,Headline,2015,04,03,03/04/2015White River State Park
28/03/2015,Weezer,My Name Is Jonas | Hash Pipe | El Scorcho | Go Away | Island in the Sun | Beverly Hills | Dope Nose | Say It Ain't So | Back to the Shack | (If You're Wondering If I Want You To) I Want You To | Pork and Beans | Undone - The Sweater Song | Buddy Holly,,https://www.setlist.fm/setlist/weezer/2015/the-observatory-santa-ana-ca-4bcb6f6a.html,The Observatory,Headline,2015,03,28,28/03/2015The Observatory
17/01/2015,Weezer,My Name Is Jonas | Hash Pipe | Perfect Situation | Island in the Sun | Beverly Hills | Dope Nose | Da Vinci | Back to the Shack | Say It Ain't So | (If You're Wondering If I Want You To) I Want You To | Pork and Beans | Undone - The Sweater Song | Buddy Holly,,https://www.setlist.fm/setlist/weezer/2015/wamu-theater-seattle-wa-3bca8c9c.html,WaMu Theater,Headline,2015,01,17,17/01/2015WaMu Theater
17/12/2014,Weezer,You Gave Your Love to Me Softly | Why Bother? | King | El Scorcho | December | The Good Life | Island in the Sun | Pink Triangle | Buddy Holly | Ain't Got Nobody | Back to the Shack | Eulogy for a Rock Band | Lonely Girl | I've Had It Up to Here | The British Are Coming | Da Vinci | Go Away | Cleopatra | Foolish Father | The Waste Land | Anonymous | Return to Ithaka | The Greatest Man That Ever Lived (Variations on a Shaker Hymn),Everything Will Be Alright In The End Tour,https://www.setlist.fm/setlist/weezer/2014/the-observatory-santa-ana-ca-bcd199a.html,The Observatory,Headline,2014,12,17,17/12/2014The Observatory
14/12/2014,Weezer,Hash Pipe | Pork and Beans | Island in the Sun | Da Vinci | Beverly Hills | The Waste Land | Say It Ain't So | Go Away | (If You're Wondering If I Want You To) I Want You To | Undone - The Sweater Song | Buddy Holly,Everything Will Be Alright In The End Tour,https://www.setlist.fm/setlist/weezer/2014/the-forum-inglewood-ca-5bcd2b84.html,The Forum,Headline,2014,12,14,14/12/2014The Forum
10/12/2014,Weezer,You Gave Your Love to Me Softly | Why Bother? | King | El Scorcho | December | The Good Life | Island in the Sun | No Other One | Buddy Holly | Ain't Got Nobody | Back to the Shack | Eulogy for a Rock Band | Lonely Girl | I've Had It Up to Here | The British Are Coming | Da Vinci | Go Away | Cleopatra | Foolish Father | The Waste Land | Anonymous | Return to Ithaka | The Greatest Man That Ever Lived (Variations on a Shaker Hymn),Everything Will Be Alright In The End Tour,https://www.setlist.fm/setlist/weezer/2014/roseland-theater-portland-or-1bcd35d0.html,Roseland Theater,Headline,2014,12,10,10/12/2014Roseland Theater
09/12/2014,Weezer,Hash Pipe | Perfect Situation | Da Vinci | Island in the Sun | Beverly Hills | The Waste Land | Go Away | Say It Ain't So | Back to the Shack | (If You're Wondering If I Want You To) I Want You To | Pork and Beans | Undone - The Sweater Song | Buddy Holly,Everything Will Be Alright In The End Tour,https://www.setlist.fm/setlist/weezer/2014/keyarena-seattle-wa-bcd39fa.html,KeyArena,Headline,2014,12,09,09/12/2014KeyArena
07/12/2014,Weezer,Hash Pipe | Perfect Situation | Da Vinci | Island in the Sun | The Waste Land | Go Away | Beverly Hills | Say It Ain't So | Back to the Shack | (If You're Wondering If I Want You To) I Want You To | Pork and Beans | Undone - The Sweater Song | Buddy Holly,Everything Will Be Alright In The End Tour,https://www.setlist.fm/setlist/weezer/2014/central-florida-fairgrounds-orlando-fl-6bcdcab2.html,Central Florida Fairgrounds,Headline,2014,12,07,07/12/2014Central Florida Fairgrounds
06/12/2014,Weezer,You Gave Your Love to Me Softly | Why Bother? | King | El Scorcho | December | The Good Life | Island in the Sun | No One Else | Buddy Holly | Ain't Got Nobody | Back to the Shack | Eulogy for a Rock Band | Lonely Girl | I've Had It Up to Here | The British Are Coming | Da Vinci | Go Away | Cleopatra | Foolish Father | The Waste Land | Anonymous | Return to Ithaka | Surf Wax America,Everything Will Be Alright In The End Tour,https://www.setlist.fm/setlist/weezer/2014/tabernacle-atlanta-ga-1bcdcd58.html,Tabernacle,Headline,2014,12,06,06/12/2014Tabernacle
05/12/2014,Weezer,My Name Is Jonas | Hash Pipe | Perfect Situation | Da Vinci | Island in the Sun | Go Away | Beverly Hills | Say It Ain't So | Back to the Shack | (If You're Wondering If I Want You To) I Want You To | Pork and Beans | Undone - The Sweater Song | Buddy Holly,Everything Will Be Alright In The End Tour,https://www.setlist.fm/setlist/weezer/2014/metropolitan-park-jacksonville-fl-bcdcd5a.html,Metropolitan Park,Headline,2014,12,05,05/12/2014Metropolitan Park
03/12/2014,Weezer,My Name Is Jonas | Hash Pipe | Da Vinci | Island in the Sun | Beverly Hills | Say It Ain't So | Back to the Shack | (If You're Wondering If I Want You To) I Want You To | Go Away | Pork and Beans | Undone - The Sweater Song | Buddy Holly,Everything Will Be Alright In The End Tour,https://www.setlist.fm/setlist/weezer/2014/verizon-theatre-at-grand-prairie-grand-prairie-tx-7bcddea0.html,Verizon Theatre at Grand Prairie,Headline,2014,12,03,03/12/2014Verizon Theatre at Grand Prairie
02/12/2014,Weezer,Hash Pipe | (If You're Wondering If I Want You To) I Want You To | Da Vinci | Island in the Sun | Beverly Hills | Dope Nose | El Scorcho | Go Away | Surf Wax America | Keep Fishin' | Say It Ain't So | Back to the Shack | Cleopatra | The Waste Land | Anonymous | Return to Ithaka | Pork and Beans | Undone - The Sweater Song | Buddy Holly,Everything Will Be Alright In The End Tour,https://www.setlist.fm/setlist/weezer/2014/austin-music-hall-austin-tx-1bcde500.html,Austin Music Hall,Headline,2014,12,02,02/12/2014Austin Music Hall
07/11/2014,Weezer,You Gave Your Love to Me Softly | Why Bother? | King | El Scorcho | The Other Way | The Good Life | Island in the Sun | Across the Sea | Buddy Holly | Ain't Got Nobody | Back to the Shack | Eulogy for a Rock Band | Lonely Girl | I've Had It Up to Here | The British Are Coming | Da Vinci | Go Away | Cleopatra | Foolish Father | The Waste Land | Anonymous | Return to Ithaka | Getchoo,Everything Will Be Alright In The End Tour,https://www.setlist.fm/setlist/weezer/2014/the-belasco-los-angeles-ca-6bcc02ea.html,The Belasco,Headline,2014,11,07,07/11/2014The Belasco
07/11/2014,Weezer,Da Vinci | Ain't Got Nobody | Back to the Shack | Dope Nose | Say It Ain't So | Cleopatra | Buddy Holly,Everything Will Be Alright In The End Tour,https://www.setlist.fm/setlist/weezer/2014/venice-beach-venice-ca-3bcc7024.html,Venice Beach,Headline,2014,11,07,07/11/2014Venice Beach
06/11/2014,Weezer,You Gave Your Love to Me Softly | Why Bother? | King | El Scorcho | The Other Way | The Good Life | Island in the Sun | No Other One | Buddy Holly | Ain't Got Nobody | Back to the Shack | Eulogy for a Rock Band | Lonely Girl | I've Had It Up to Here | The British Are Coming | Da Vinci | Go Away | Cleopatra | Foolish Father | The Waste Land | Anonymous | Return to Ithaka | In the Garage,Everything Will Be Alright In The End Tour,https://www.setlist.fm/setlist/weezer/2014/the-glass-house-pomona-ca-bcc05e6.html,The Glass House,Headline,2014,11,06,06/11/2014The Glass House
04/11/2014,Weezer,My Name Is Jonas | Hash Pipe | Perfect Situation | Da Vinci | Island in the Sun | Beverly Hills | Dope Nose | Say It Ain't So | Back to the Shack | (If You're Wondering If I Want You To) I Want You To | Pork and Beans | Undone - The Sweater Song | Buddy Holly,Everything Will Be Alright In The End Tour,https://www.setlist.fm/setlist/weezer/2014/austin-convention-center-austin-tx-5bcc0390.html,Austin Convention Center,Headline,2014,11,04,04/11/2014Austin Convention Center
02/11/2014,Weezer,You Gave Your Love to Me Softly | Why Bother? | King | El Scorcho | The Other Way | The Good Life | Island in the Sun | (If You're Wondering If I Want You To) I Want You To | Buddy Holly | Ain't Got Nobody | Back to the Shack | Eulogy for a Rock Band | Lonely Girl | I've Had It Up to Here | The British Are Coming | Da Vinci | Go Away | Cleopatra | Foolish Father | The Waste Land | Anonymous | Return to Ithaka | No Other One,Everything Will Be Alright In The End Tour,https://www.setlist.fm/setlist/weezer/2014/slims-san-francisco-ca-3cc152b.html,Slim's,Headline,2014,11,02,02/11/2014Slim's
28/10/2014,Weezer,Go Away | Eulogy for a Rock Band | Cleopatra | I've Had It Up to Here,,https://www.setlist.fm/setlist/weezer/2014/siriusxm-studios-new-york-ny-23cc7027.html,SiriusXM Studios,Headline,2014,10,28,28/10/2014SiriusXM Studios
27/10/2014,Weezer,You Gave Your Love to Me Softly | Why Bother? | King | El Scorcho | The Other Way | The Good Life | Island in the Sun | No One Else | Buddy Holly | Ain't Got Nobody | Back to the Shack | Eulogy for a Rock Band | Lonely Girl | I've Had It Up to Here | The British Are Coming | Da Vinci | Go Away | Cleopatra | Foolish Father | The Waste Land | Anonymous | Return to Ithaka | Tired of Sex,Everything Will Be Alright In The End Tour,https://www.setlist.fm/setlist/weezer/2014/bowery-ballroom-new-york-ny-2bcc3802.html,Bowery Ballroom,Headline,2014,10,27,27/10/2014Bowery Ballroom
26/10/2014,Weezer,You Gave Your Love to Me Softly | Why Bother? | King | El Scorcho | The Good Life | The Other Way | Island in the Sun | Susanne | Buddy Holly | Ain't Got Nobody | Back to the Shack | Eulogy for a Rock Band | Lonely Girl | I've Had It Up to Here | The British Are Coming | Da Vinci | Go Away | Cleopatra | Foolish Father | The Waste Land | Anonymous | Return to Ithaka | Surf Wax America,Everything Will Be Alright In The End Tour,https://www.setlist.fm/setlist/weezer/2014/the-sinclair-cambridge-ma-3cc3daf.html,The Sinclair,Headline,2014,10,26,26/10/2014The Sinclair
25/10/2014,Weezer,You Gave Your Love to Me Softly | Why Bother? | King | El Scorcho | The Other Way | The Good Life | Island in the Sun | Susanne | Buddy Holly | Ain't Got Nobody | Back to the Shack | Eulogy for a Rock Band | Lonely Girl | I've Had It Up to Here | The British Are Coming | Da Vinci | Go Away | Cleopatra | Foolish Father | The Waste Land | Anonymous | Return to Ithaka | Surf Wax America,Everything Will Be Alright In The End Tour,https://www.setlist.fm/setlist/weezer/2014/trocadero-theatre-philadelphia-pa-3ccc1db.html,Trocadero Theatre,Headline,2014,10,25,25/10/2014Trocadero Theatre
24/10/2014,Weezer,Ain't Got Nobody | Hash Pipe | Perfect Situation | I've Had It Up to Here | The British Are Coming | Island in the Sun | Beverly Hills | Dope Nose | Back to the Shack | Say It Ain't So | El Scorcho | Undone - The Sweater Song | (If You're Wondering If I Want You To) I Want You To | Da Vinci | Pork and Beans | Buddy Holly | Foolish Father | The Waste Land | Anonymous | Return to Ithaka,Everything Will Be Alright In The End Tour,https://www.setlist.fm/setlist/weezer/2014/premier-theater-at-foxwoods-mashantucket-ct-1bccc1e4.html,Premier Theater at Foxwoods,Headline,2014,10,24,24/10/2014Premier Theater at Foxwoods
19/10/2014,Weezer,Ain't Got Nobody | Hash Pipe | Perfect Situation | I've Had It Up to Here | The British Are Coming | Island in the Sun | Beverly Hills | Dope Nose | Say It Ain't So | Back to the Shack | Undone - The Sweater Song | (If You're Wondering If I Want You To) I Want You To | Eulogy for a Rock Band | Pork and Beans | The Waste Land | Anonymous | Buddy Holly,Everything Will Be Alright In The End Tour,https://www.setlist.fm/setlist/weezer/2014/plush-st-louis-mo-5bcceb44.html,Plush,Headline,2014,10,19,19/10/2014Plush
16/10/2014,Weezer,Ain't Got Nobody | Hash Pipe | Perfect Situation | I've Had It Up to Here | The British Are Coming | Island in the Sun | Beverly Hills | Dope Nose | Say It Ain't So | Back to the Shack | Undone - The Sweater Song | (If You're Wondering If I Want You To) I Want You To | Da Vinci | Pork and Beans | The Waste Land | Anonymous | Buddy Holly,Everything Will Be Alright In The End Tour,https://www.setlist.fm/setlist/weezer/2014/arizona-veterans-memorial-coliseum-phoenix-az-53ccf79d.html,Arizona Veterans Memorial Coliseum,Headline,2014,10,16,16/10/2014Arizona Veterans Memorial Coliseum
11/10/2014,Weezer,My Name Is Jonas | Hash Pipe | Perfect Situation | Ain't Got Nobody | Island in the Sun | Beverly Hills | The Waste Land | Say It Ain't So | Go Away | (If You're Wondering If I Want You To) I Want You To | Undone - The Sweater Song | Pork and Beans | Buddy Holly,Everything Will Be Alright In The End Tour,https://www.setlist.fm/setlist/weezer/2014/autodromo-hermanos-rodriguez-mexico-city-mexico-33cc9c35.html,Autódromo Hermanos Rodríguez,Headline,2014,10,11,11/10/2014Autódromo Hermanos Rodríguez
09/10/2014,Weezer,Da Vinci | The British Are Coming | Go Away | Eulogy for a Rock Band | Foolish Father,Everything Will Be Alright In The End Tour,https://www.setlist.fm/setlist/weezer/2014/fingerprints-music-long-beach-ca-7bccaa30.html,Fingerprints Music,Headline,2014,10,09,09/10/2014Fingerprints Music
07/10/2014,Weezer,Ain't Got Nobody | Back to the Shack | Lonely Girl | Cleopatra | I've Had It Up to Here | Da Vinci | Go Away | Buddy Holly,,https://www.setlist.fm/setlist/weezer/2014/jimmy-kimmel-live-los-angeles-ca-bccb946.html,Jimmy Kimmel Live,Headline,2014,10,07,07/10/2014Jimmy Kimmel Live
03/10/2014,Weezer,Lonely Girl | Go Away | Ain't Got Nobody | Buddy Holly,Everything Will Be Alright In The End Tour,https://www.setlist.fm/setlist/weezer/2014/red-bull-sound-space-kroq-los-angeles-ca-4bcf532e.html,Red Bull Sound Space KROQ,Headline,2014,10,03,03/10/2014Red Bull Sound Space KROQ
02/10/2014,Weezer,Back to the Shack | Lonely Girl | I've Had It Up to Here | Ain't Got Nobody | Buddy Holly,,https://www.setlist.fm/setlist/weezer/2014/event-center-arena-san-jose-ca-43ccbb77.html,Event Center Arena,Headline,2014,10,02,02/10/2014Event Center Arena
20/09/2014,Weezer,Back to the Shack | Beverly Hills | Say It Ain't So | Island in the Sun | Buddy Holly,2014 Summer Tour,https://www.setlist.fm/setlist/weezer/2014/mgm-grand-garden-arena-las-vegas-nv-53cf37c9.html,MGM Grand Garden Arena,Headline,2014,09,20,20/09/2014MGM Grand Garden Arena
19/09/2014,Weezer,Back to the Shack | Pork and Beans | Perfect Situation | Beverly Hills | Island in the Sun | Hash Pipe | El Scorcho | My Name Is Jonas | No One Else | The World Has Turned and Left Me Here | Buddy Holly | Undone - The Sweater Song | Surf Wax America | Say It Ain't So | In the Garage | Holiday | Only in Dreams,2014 Summer Tour,https://www.setlist.fm/setlist/weezer/2014/sports-authority-field-at-mile-high-denver-co-23cf3c7b.html,Sports Authority Field at Mile High,Headline,2014,09,19,19/09/2014Sports Authority Field at Mile High
14/09/2014,Weezer,Back to the Shack | Pork and Beans | Perfect Situation | Beverly Hills | Island in the Sun | Hash Pipe | El Scorcho | My Name Is Jonas | No One Else | The World Has Turned and Left Me Here | Buddy Holly | Undone - The Sweater Song | Surf Wax America | Say It Ain't So | In the Garage | Holiday | Only in Dreams,2014 Summer Tour,https://www.setlist.fm/setlist/weezer/2014/humboldt-park-chicago-il-53cfebe9.html,Humboldt Park,Headline,2014,09,14,14/09/2014Humboldt Park
13/09/2014,Weezer,My Name Is Jonas | Hash Pipe | Perfect Situation | Troublemaker | Island in the Sun | Beverly Hills | Dope Nose | Say It Ain't So | Back to the Shack | (If You're Wondering If I Want You To) I Want You To | Pork and Beans | Undone - The Sweater Song | Buddy Holly,2014 Summer Tour,https://www.setlist.fm/setlist/weezer/2014/discovery-park-sacramento-ca-5bcffb98.html,Discovery Park,Headline,2014,09,13,13/09/2014Discovery Park
12/09/2014,Weezer,My Name Is Jonas | Hash Pipe | Perfect Situation | Beverly Hills | Back to the Shack | Say It Ain't So | Island in the Sun | Pork and Beans | No One Else | Dope Nose | Troublemaker | (If You're Wondering If I Want You To) I Want You To | Holiday | Undone - The Sweater Song | Photograph | Song 2 | Buddy Holly,2014 Summer Tour,https://www.setlist.fm/setlist/weezer/2014/vina-robles-amphitheatre-paso-robles-ca-13cf3519.html,Vina Robles Amphitheatre,Headline,2014,09,12,12/09/2014Vina Robles Amphitheatre
07/09/2014,Weezer,My Name Is Jonas | Hash Pipe | Perfect Situation | Troublemaker | Island in the Sun | Beverly Hills | Dope Nose | Say It Ain't So | Back to the Shack | (If You're Wondering If I Want You To) I Want You To | Pork and Beans | Undone - The Sweater Song | Buddy Holly,2014 Summer Tour,https://www.setlist.fm/setlist/weezer/2014/walnut-creek-amphitheatre-raleigh-nc-bcf955e.html,Walnut Creek Amphitheatre,Headline,2014,09,07,07/09/2014Walnut Creek Amphitheatre
06/09/2014,Weezer,My Name Is Jonas | Hash Pipe | Perfect Situation | Troublemaker | Island in the Sun | Beverly Hills | Dope Nose | Say It Ain't So | Back to the Shack | (If You're Wondering If I Want You To) I Want You To | Pork and Beans | Undone - The Sweater Song | Buddy Holly,2014 Summer Tour,https://www.setlist.fm/setlist/weezer/2014/pnc-music-pavilion-charlotte-nc-5bcf9ffc.html,PNC Music Pavilion,Headline,2014,09,06,06/09/2014PNC Music Pavilion
05/09/2014,Weezer,20th Century Fox Fanfare | My Name Is Jonas | Hash Pipe | Perfect Situation | Troublemaker | Island in the Sun | Beverly Hills | Dope Nose | Say It Ain't So | Back to the Shack | Surf Wax America | (If You're Wondering If I Want You To) I Want You To | Pork and Beans | Undone - The Sweater Song | Buddy Holly,2014 Summer Tour,https://www.setlist.fm/setlist/weezer/2014/sporting-park-kansas-city-ks-3bcfa8e0.html,Sporting Park,Headline,2014,09,05,05/09/2014Sporting Park
31/08/2014,Weezer,Hash Pipe | Perfect Situation | Beverly Hills | Island in the Sun | Back to the Shack | (If You're Wondering If I Want You To) I Want You To | Pork and Beans | Say It Ain't So | Undone - The Sweater Song | Buddy Holly,2014 Summer Tour,https://www.setlist.fm/setlist/weezer/2014/gloria-molina-grand-park-los-angeles-ca-53ce638d.html,Gloria Molina Grand Park,Headline,2014,08,31,31/08/2014Gloria Molina Grand Park
14/08/2014,Weezer,My Name Is Jonas | Hash Pipe | Perfect Situation | Troublemaker | Beverly Hills | Island in the Sun | Surf Wax America | Photograph | Back to the Shack | (If You're Wondering If I Want You To) I Want You To | El Scorcho | Say It Ain't So | Dope Nose | Keep Fishin' | Pork and Beans | Song 2 | Undone - The Sweater Song | Buddy Holly,2014 Summer Tour,https://www.setlist.fm/setlist/weezer/2014/lauberge-event-center-lake-charles-la-6bcec2c6.html,L'Auberge Event Center,Headline,2014,08,14,14/08/2014L'Auberge Event Center
13/08/2014,Weezer,My Name Is Jonas | Hash Pipe | Perfect Situation | Troublemaker | Island in the Sun | Beverly Hills | Dope Nose | Say It Ain't So | Back to the Shack | Surf Wax America | (If You're Wondering If I Want You To) I Want You To | Keep Fishin' | El Scorcho | Pork and Beans | Photograph | Song 2 | Undone - The Sweater Song | Buddy Holly,2014 Summer Tour,https://www.setlist.fm/setlist/weezer/2014/snowden-grove-amphitheater-southaven-ms-33cec4f1.html,Snowden Grove Amphitheater,Headline,2014,08,13,13/08/2014Snowden Grove Amphitheater
12/08/2014,Weezer,My Name Is Jonas | Hash Pipe | Perfect Situation | Troublemaker | Island in the Sun | Beverly Hills | Dope Nose | Say It Ain't So | Back to the Shack | (If You're Wondering If I Want You To) I Want You To | Pork and Beans | Undone - The Sweater Song | Buddy Holly,2014 Summer Tour,https://www.setlist.fm/setlist/weezer/2014/turner-field-atlanta-ga-3bced8c8.html,Turner Field,Headline,2014,08,12,12/08/2014Turner Field
10/08/2014,Weezer,My Name Is Jonas | Hash Pipe | Perfect Situation | Troublemaker | Island in the Sun | Beverly Hills | Dope Nose | Say It Ain't So | Back to the Shack | Surf Wax America | (If You're Wondering If I Want You To) I Want You To | Keep Fishin' | El Scorcho | Pork and Beans | Photograph | Song 2 | Undone - The Sweater Song | Buddy Holly,2014 Summer Tour,https://www.setlist.fm/setlist/weezer/2014/buffalo-outer-harbor-buffalo-ny-73ceea45.html,Buffalo Outer Harbor,Headline,2014,08,10,10/08/2014Buffalo Outer Harbor
09/08/2014,Weezer,My Name Is Jonas | Hash Pipe | Perfect Situation | Troublemaker | Island in the Sun | Beverly Hills | Dope Nose | Say It Ain't So | Back to the Shack | Surf Wax America | (If You're Wondering If I Want You To) I Want You To | Keep Fishin' | El Scorcho | Pork and Beans | Photograph | Song 2 | Undone - The Sweater Song | Buddy Holly,2014 Summer Tour,https://www.setlist.fm/setlist/weezer/2014/sands-steel-stage-at-pnc-plaza-bethlehem-pa-4bcee766.html,Sands Steel Stage at PNC Plaza,Headline,2014,08,09,09/08/2014Sands Steel Stage at PNC Plaza
02/08/2014,Weezer,My Name Is Jonas | Hash Pipe | Perfect Situation | Troublemaker | Island in the Sun | Beverly Hills | Dope Nose | Say It Ain't So | Back to the Shack | Surf Wax America | (If You're Wondering If I Want You To) I Want You To | Keep Fishin' | El Scorcho | Pork and Beans | Photograph | Song 2 | Undone - The Sweater Song | Buddy Holly,2014 Summer Tour,https://www.setlist.fm/setlist/weezer/2014/del-mar-racetrack-del-mar-ca-3bcea090.html,Del Mar Racetrack,Headline,2014,08,02,02/08/2014Del Mar Racetrack
01/08/2014,Weezer,My Name Is Jonas | Hash Pipe | Perfect Situation | Troublemaker | Island in the Sun | Beverly Hills | Dope Nose | Say It Ain't So | Back to the Shack | Surf Wax America | (If You're Wondering If I Want You To) I Want You To | Keep Fishin' | El Scorcho | Pork and Beans | Photograph | Song 2 | Undone - The Sweater Song | Buddy Holly,2014 Summer Tour,https://www.setlist.fm/setlist/weezer/2014/the-chelsea-las-vegas-nv-63cea203.html,The Chelsea,Headline,2014,08,01,01/08/2014The Chelsea
26/07/2014,Weezer,My Name Is Jonas | Hash Pipe | Perfect Situation | Troublemaker | Island in the Sun | Beverly Hills | Dope Nose | Say It Ain't So | Back to the Shack | Surf Wax America | (If You're Wondering If I Want You To) I Want You To | Keep Fishin' | El Scorcho | Pork and Beans | Photograph | Song 2 | Undone - The Sweater Song | Buddy Holly,2014 Summer Tour,https://www.setlist.fm/setlist/weezer/2014/parc-beausejour-rimouski-qc-canada-13c15db1.html,Parc Beauséjour,Headline,2014,07,26,26/07/2014Parc Beauséjour
25/07/2014,Weezer,My Name Is Jonas | Hash Pipe | Perfect Situation | Troublemaker | Island in the Sun | Beverly Hills | Dope Nose | Say It Ain't So | Back to the Shack | Surf Wax America | (If You're Wondering If I Want You To) I Want You To | Keep Fishin' | El Scorcho | Pork and Beans | Photograph | Song 2 | Undone - The Sweater Song | Buddy Holly,2014 Summer Tour,https://www.setlist.fm/setlist/weezer/2014/empire-square-belleville-on-canada-3c17177.html,Empire Square,Headline,2014,07,25,25/07/2014Empire Square
24/07/2014,Weezer,My Name Is Jonas | Hash Pipe | Perfect Situation | Troublemaker | Island in the Sun | Beverly Hills | Dope Nose | Say It Ain't So | Back to the Shack | Surf Wax America | (If You're Wondering If I Want You To) I Want You To | Keep Fishin' | El Scorcho | Pork and Beans | Photograph | Song 2 | Undone - The Sweater Song | Buddy Holly,2014 Summer Tour,https://www.setlist.fm/setlist/weezer/2014/harris-park-london-on-canada-4bc17772.html,Harris Park,Headline,2014,07,24,24/07/2014Harris Park
23/07/2014,Weezer,Back to the Shack,,https://www.setlist.fm/setlist/weezer/2014/the-tonight-show-starring-jimmy-fallon-new-york-ny-bc15dae.html,The Tonight Show Starring Jimmy Fallon,Headline,2014,07,23,23/07/2014The Tonight Show Starring Jimmy Fallon
22/06/2014,Weezer,My Name Is Jonas | Hash Pipe | Perfect Situation | Troublemaker | Island in the Sun | Beverly Hills | Dope Nose | Say It Ain't So | (If You're Wondering If I Want You To) I Want You To | Pork and Beans | Photograph | Song 2 | Undone - The Sweater Song | Buddy Holly,2014 Summer Tour,https://www.setlist.fm/setlist/weezer/2014/the-woodlands-of-dover-international-speedway-dover-de-33c044ad.html,The Woodlands of Dover International Speedway,Headline,2014,06,22,22/06/2014The Woodlands of Dover International Speedway
21/06/2014,Weezer,My Name Is Jonas | Hash Pipe | Perfect Situation | Troublemaker | Island in the Sun | Beverly Hills | Dope Nose | Say It Ain't So | Susanne | Surf Wax America | The Good Life | (If You're Wondering If I Want You To) I Want You To | Keep Fishin' | El Scorcho | Pork and Beans | Photograph | Song 2 | Undone - The Sweater Song | Buddy Holly,2014 Summer Tour,https://www.setlist.fm/setlist/weezer/2014/main-street-armory-rochester-ny-3c0450f.html,Main Street Armory,Headline,2014,06,21,21/06/2014Main Street Armory
20/06/2014,Weezer,My Name Is Jonas | Hash Pipe | Perfect Situation | Troublemaker | Island in the Sun | Beverly Hills | Dope Nose | Surf Wax America | Say It Ain't So | (If You're Wondering If I Want You To) I Want You To | Pork and Beans | Photograph | Song 2 | Undone - The Sweater Song | Buddy Holly,2014 Summer Tour,https://www.setlist.fm/setlist/weezer/2014/marina-de-montebello-montebello-qc-canada-43c0573b.html,Marina de Montebello,Headline,2014,06,20,20/06/2014Marina de Montebello
08/06/2014,Weezer,My Name Is Jonas | Hash Pipe | Perfect Situation | Troublemaker | El Scorcho | Keep Fishin' | Dope Nose | Surf Wax America | Island in the Sun | Beverly Hills | Say It Ain't So | (If You're Wondering If I Want You To) I Want You To | Pork and Beans | Undone - The Sweater Song | Photograph | Song 2 | Memories | Buddy Holly,2014 Summer Tour,https://www.setlist.fm/setlist/weezer/2014/hard-rock-live-hollywood-fl-53c017f9.html,Hard Rock Live,Headline,2014,06,08,08/06/2014Hard Rock Live
07/06/2014,Weezer,My Name Is Jonas | Hash Pipe | Perfect Situation | Troublemaker | El Scorcho | Dope Nose | Surf Wax America | Island in the Sun | Beverly Hills | Keep Fishin' | Say It Ain't So | (If You're Wondering If I Want You To) I Want You To | Pork and Beans | Undone - The Sweater Song | Photograph | Song 2 | Memories | Buddy Holly,2014 Summer Tour,https://www.setlist.fm/setlist/weezer/2014/tropicana-field-st-petersburg-fl-3c015eb.html,Tropicana Field,Headline,2014,06,07,07/06/2014Tropicana Field
06/06/2014,Weezer,My Name Is Jonas | Hash Pipe | Perfect Situation | Troublemaker | El Scorcho | Dope Nose | Surf Wax America | Island in the Sun | Beverly Hills | Keep Fishin' | Say It Ain't So | (If You're Wondering If I Want You To) I Want You To | Pork and Beans | Undone - The Sweater Song | Photograph | Song 2 | Memories | Buddy Holly,2014 Summer Tour,https://www.setlist.fm/setlist/weezer/2014/st-augustine-amphitheatre-st-augustine-fl-43c02353.html,St. Augustine Amphitheatre,Headline,2014,06,06,06/06/2014St. Augustine Amphitheatre
05/06/2014,Weezer,My Name Is Jonas | Hash Pipe | Perfect Situation | Troublemaker | El Scorcho | Dope Nose | Surf Wax America | Island in the Sun | Beverly Hills | Keep Fishin' | Say It Ain't So | (If You're Wondering If I Want You To) I Want You To | Pork and Beans | Undone - The Sweater Song | Photograph | Song 2 | Memories | Buddy Holly,2014 Summer Tour,https://www.setlist.fm/setlist/weezer/2014/durham-performing-arts-center-durham-nc-53c01b15.html,Durham Performing Arts Center,Headline,2014,06,05,05/06/2014Durham Performing Arts Center
31/05/2014,Weezer, | My Name Is Jonas | Hash Pipe | Perfect Situation | Troublemaker | Island in the Sun | Beverly Hills | Dope Nose | Surf Wax America | Say It Ain't So | (If You're Wondering If I Want You To) I Want You To | Pork and Beans | Photograph | Song 2 | Undone - The Sweater Song | Buddy Holly,2014 Summer Tour,https://www.setlist.fm/setlist/weezer/2014/napa-valley-expo-napa-ca-5bc0df5c.html,Napa Valley Expo,Headline,2014,05,31,31/05/2014Napa Valley Expo
06/04/2014,Weezer,Susanne,,https://www.setlist.fm/setlist/weezer/2014/third-man-records-nashville-tn-5bec3368.html,Third Man Records,Headline,2014,04,06,06/04/2014Third Man Records
06/04/2014,Weezer,Memories | Troublemaker | The Greatest Man That Ever Lived (Variations on a Shaker Hymn) | King | Perfect Situation | Keep Fishin' | Island in the Sun | You Gave Your Love to Me Softly | Buddy Holly | Back to the Shack | Tired of Sex | Getchoo | No Other One | Why Bother? | Across the Sea | The Good Life | El Scorcho | Pink Triangle | Falling for You | Butterfly,2014 Spring Tour,https://www.setlist.fm/setlist/weezer/2014/ryman-auditorium-nashville-tn-53c3b329.html,Ryman Auditorium,Headline,2014,04,06,06/04/2014Ryman Auditorium
05/04/2014,Weezer,Memories | (If You're Wondering If I Want You To) I Want You To | Pork and Beans | Beverly Hills | Dope Nose | Photograph | Song 2 | Hash Pipe | El Scorcho | Susanne | Back to the Shack | My Name Is Jonas | No One Else | The World Has Turned and Left Me Here | Buddy Holly | Undone - The Sweater Song | Surf Wax America | Say It Ain't So | In the Garage | Holiday | Only in Dreams,2014 Spring Tour,https://www.setlist.fm/setlist/weezer/2014/ryman-auditorium-nashville-tn-3c3b98f.html,Ryman Auditorium,Headline,2014,04,05,05/04/2014Ryman Auditorium
03/04/2014,Weezer,My Name Is Jonas | Hash Pipe | Perfect Situation | Troublemaker | El Scorcho | Surf Wax America | Island in the Sun | Beverly Hills | Dope Nose | Back to the Shack | Say It Ain't So | (If You're Wondering If I Want You To) I Want You To | Pork and Beans | Undone - The Sweater Song | Photograph | Song 2 | Memories | Buddy Holly,2014 Spring Tour,https://www.setlist.fm/setlist/weezer/2014/the-national-richmond-va-53c24b21.html,The National,Headline,2014,04,03,03/04/2014The National
02/04/2014,Weezer,My Name Is Jonas | Hash Pipe | Perfect Situation | Troublemaker | The Good Life | Surf Wax America | Island in the Sun | Beverly Hills | Dope Nose | Back to the Shack | Say It Ain't So | (If You're Wondering If I Want You To) I Want You To | Pork and Beans | Undone - The Sweater Song | Photograph | Song 2 | Memories | Buddy Holly,2014 Spring Tour,https://www.setlist.fm/setlist/weezer/2014/the-fillmore-charlotte-nc-13c251d9.html,The Fillmore,Headline,2014,04,02,02/04/2014The Fillmore
01/04/2014,Weezer,My Name Is Jonas | Hash Pipe | Perfect Situation | Troublemaker | Susanne | Surf Wax America | Island in the Sun | Beverly Hills | Dope Nose | Back to the Shack | Say It Ain't So | (If You're Wondering If I Want You To) I Want You To | Pork and Beans | Undone - The Sweater Song | Photograph | Song 2 | Memories | Buddy Holly,2014 Spring Tour,https://www.setlist.fm/setlist/weezer/2014/house-of-blues-north-myrtle-beach-sc-63c25ad3.html,House of Blues,Headline,2014,04,01,01/04/2014House of Blues
29/03/2014,Weezer,My Name Is Jonas | Hash Pipe | Perfect Situation | Troublemaker | Keep Fishin' | Surf Wax America | Island in the Sun | Beverly Hills | Dope Nose | Back to the Shack | Say It Ain't So | (If You're Wondering If I Want You To) I Want You To | Pork and Beans | Undone - The Sweater Song | Photograph | Song 2 | Memories | Buddy Holly,2014 Spring Tour,https://www.setlist.fm/setlist/weezer/2014/universal-studios-orlando-fl-43c2737f.html,Universal Studios,Headline,2014,03,29,29/03/2014Universal Studios
28/03/2014,Weezer,My Name Is Jonas | Hash Pipe | Perfect Situation | Troublemaker | Keep Fishin' | Surf Wax America | Island in the Sun | Beverly Hills | Dope Nose | Back to the Shack | Say It Ain't So | (If You're Wondering If I Want You To) I Want You To | Pork and Beans | Undone - The Sweater Song | Photograph | Song 2 | Memories | Buddy Holly,2014 Spring Tour,https://www.setlist.fm/setlist/weezer/2014/baton-rouge-river-center-baton-rouge-la-4bc2772a.html,Baton Rouge River Center,Headline,2014,03,28,28/03/2014Baton Rouge River Center
11/03/2014,Weezer,My Name Is Jonas | Hash Pipe | Perfect Situation | Troublemaker | Keep Fishin' | Surf Wax America | Island in the Sun | Beverly Hills | Dope Nose | Back to the Shack | Say It Ain't So | (If You're Wondering If I Want You To) I Want You To | Pork and Beans | Undone - The Sweater Song | Photograph | Song 2 | Memories | Buddy Holly,,https://www.setlist.fm/setlist/weezer/2014/the-ritz-carlton-dana-point-ca-73c2dedd.html,The Ritz Carlton,Headline,2014,03,11,11/03/2014The Ritz Carlton
16/02/2014,Weezer,Surf Wax America | Dope Nose | I Just Threw Out the Love of My Dreams | Perfect Situation | Buddy Holly | Pink Triangle | Susanne | Miss Sweeney | Put Me Back Together | King | Across the Sea | Holiday | Only in Dreams | Jamie | The Good Life | Island in the Sun | Say It Ain't So | El Scorcho | The Greatest Man That Ever Lived (Variations on a Shaker Hymn) | Back to the Shack,The Weezer Cruise 2014,https://www.setlist.fm/setlist/weezer/2014/carnival-fascination-miami-fl-4bc573ca.html,Carnival Fascination,Headline,2014,02,16,16/02/2014Carnival Fascination
15/02/2014,Weezer,My Name Is Jonas | Hash Pipe | El Scorcho | Miss Sweeney | Perfect Situation | Troublemaker | Surf Wax America | Susanne | Keep Fishin' | Island in the Sun | Beverly Hills | No Other One | Say It Ain't So | (If You're Wondering If I Want You To) I Want You To | Pork and Beans | Across the Sea | Memories | Undone - The Sweater Song | Buddy Holly | Back to the Shack,The Weezer Cruise 2014,https://www.setlist.fm/setlist/weezer/2014/carnival-fascination-miami-fl-5bc57b44.html,Carnival Fascination,Headline,2014,02,15,15/02/2014Carnival Fascination
14/02/2014,Weezer,You Gave Your Love to Me Softly | My Name Is Jonas | Holiday | Hash Pipe | Tired of Sex | Pork and Beans | Miss Sweeney | In the Garage | Mykel and Carli | The Good Life | Perfect Situation | The Greatest Man That Ever Lived (Variations on a Shaker Hymn) | Across the Sea | Island in the Sun | Jamie | Say It Ain't So | Susanne | Only in Dreams | El Scorcho | Back to the Shack,The Weezer Cruise 2014,https://www.setlist.fm/setlist/weezer/2014/carnival-fascination-miami-fl-4bc57b3a.html,Carnival Fascination,Headline,2014,02,14,14/02/2014Carnival Fascination
09/02/2014,Weezer,My Name Is Jonas | Hash Pipe | El Scorcho | Perfect Situation | Troublemaker | Surf Wax America | Keep Fishin' | The Good Life | Island in the Sun | Beverly Hills | Dope Nose | Say It Ain't So | (If You're Wondering If I Want You To) I Want You To | Pork and Beans | Undone - The Sweater Song | Photograph | Song 2 | Memories | Buddy Holly,,https://www.setlist.fm/setlist/weezer/2014/powerade-centre-brampton-on-canada-bc519be.html,Powerade Centre,Headline,2014,02,09,09/02/2014Powerade Centre
31/01/2014,Weezer,My Name Is Jonas | Hash Pipe | No One Else | Perfect Situation | Troublemaker | Surf Wax America | Keep Fishin' | In the Garage | Island in the Sun | Beverly Hills | Say It Ain't So | (If You're Wondering If I Want You To) I Want You To | Pork and Beans | Undone - The Sweater Song | Photograph | Song 2 | El Scorcho | The Good Life | Buddy Holly,,https://www.setlist.fm/setlist/weezer/2014/tpc-birds-nest-scottsdale-az-1bc53500.html,TPC Birds Nest,Headline,2014,01,31,31/01/2014TPC Birds Nest
27/12/2013,Weezer,My Name Is Jonas | Hash Pipe | No One Else | Perfect Situation | Troublemaker | Surf Wax America | Keep Fishin' | In the Garage | Island in the Sun | Beverly Hills | Dope Nose | Say It Ain't So | (If You're Wondering If I Want You To) I Want You To | Why Bother? | Pork and Beans | Undone - The Sweater Song | Photograph | Song 2 | Memories | Buddy Holly,,https://www.setlist.fm/setlist/weezer/2013/belly-up-aspen-co-13c445a1.html,Belly Up,Headline,2013,12,27,27/12/2013Belly Up
26/12/2013,Weezer,My Name Is Jonas | Hash Pipe | El Scorcho | Perfect Situation | Troublemaker | Surf Wax America | Keep Fishin' | The Good Life | Island in the Sun | Beverly Hills | Dope Nose | Say It Ain't So | (If You're Wondering If I Want You To) I Want You To | Why Bother? | Pork and Beans | Undone - The Sweater Song | Photograph | Song 2 | Memories | Buddy Holly,,https://www.setlist.fm/setlist/weezer/2013/belly-up-aspen-co-43c44f67.html,Belly Up,Headline,2013,12,26,26/12/2013Belly Up
24/11/2013,Weezer,My Name Is Jonas | Hash Pipe | El Scorcho | Troublemaker | Photograph | Perfect Situation | Dope Nose | Surf Wax America | Island in the Sun | The Good Life | Beverly Hills | Keep Fishin' | Say It Ain't So | (If You're Wondering If I Want You To) I Want You To | Pork and Beans | Buddy Holly | Memories | Undone - The Sweater Song,,https://www.setlist.fm/setlist/weezer/2013/the-paramount-huntington-ny-5bc4c770.html,The Paramount,Headline,2013,11,24,24/11/2013The Paramount
23/11/2013,Weezer,My Name Is Jonas | Hash Pipe | El Scorcho | Troublemaker | Photograph | Perfect Situation | Dope Nose | Surf Wax America | Island in the Sun | The Good Life | Beverly Hills | Keep Fishin' | Say It Ain't So | (If You're Wondering If I Want You To) I Want You To | Pork and Beans | Buddy Holly | Memories | Undone - The Sweater Song,,https://www.setlist.fm/setlist/weezer/2013/sands-bethlehem-event-center-bethlehem-pa-73c4ceb5.html,Sands Bethlehem Event Center,Headline,2013,11,23,23/11/2013Sands Bethlehem Event Center
22/11/2013,Weezer,My Name Is Jonas | Hash Pipe | El Scorcho | Troublemaker | Photograph | Perfect Situation | Dope Nose | Surf Wax America | Island in the Sun | The Good Life | Say It Ain't So | Beverly Hills | Keep Fishin' | (If You're Wondering If I Want You To) I Want You To | Pork and Beans | Buddy Holly | Memories | Undone - The Sweater Song,,https://www.setlist.fm/setlist/weezer/2013/casino-rama-orillia-on-canada-23c4d0ab.html,Casino Rama,Headline,2013,11,22,22/11/2013Casino Rama
21/09/2013,Weezer,My Name Is Jonas | Hash Pipe | Perfect Situation | Surf Wax America | El Scorcho | Island in the Sun | Beverly Hills | Say It Ain't So | (If You're Wondering If I Want You To) I Want You To | Pork and Beans | Buddy Holly | Memories | Undone - The Sweater Song,2013 Summer Tour,https://www.setlist.fm/setlist/weezer/2013/piedmont-park-atlanta-ga-3bc79804.html,Piedmont Park,Headline,2013,09,21,21/09/2013Piedmont Park
20/09/2013,Weezer,My Name Is Jonas | Hash Pipe | El Scorcho | We Are All on Drugs | Troublemaker | No One Else | Perfect Situation | Dope Nose | Surf Wax America | Island in the Sun | Beverly Hills | Keep Fishin' | Say It Ain't So | (If You're Wondering If I Want You To) I Want You To | Pork and Beans | Buddy Holly | Safe and Sound | Memories | Undone - The Sweater Song,2013 Summer Tour,https://www.setlist.fm/setlist/weezer/2013/the-shoe-cincinnati-oh-23c7988b.html,The Shoe,Headline,2013,09,20,20/09/2013The Shoe
14/09/2013,Weezer,My Name Is Jonas | Hash Pipe | El Scorcho | We Are All on Drugs | Troublemaker | In the Garage | Perfect Situation | Dope Nose | Surf Wax America | Island in the Sun | Beverly Hills | Keep Fishin' | Say It Ain't So | (If You're Wondering If I Want You To) I Want You To | Pork and Beans | Buddy Holly | Safe and Sound | Memories | Undone - The Sweater Song,2013 Summer Tour,https://www.setlist.fm/setlist/weezer/2013/global-event-center-at-winstar-world-resort-thackerville-ok-3bc7b82c.html,Global Event Center at WinStar World Resort,Headline,2013,09,14,14/09/2013Global Event Center at WinStar World Resort
13/09/2013,Weezer,My Name Is Jonas | Hash Pipe | El Scorcho | We Are All on Drugs | Troublemaker | Photograph | Perfect Situation | Dope Nose | Surf Wax America | Island in the Sun | Beverly Hills | Keep Fishin' | Say It Ain't So | (If You're Wondering If I Want You To) I Want You To | Pork and Beans | Buddy Holly | Memories | Undone - The Sweater Song,2013 Summer Tour,https://www.setlist.fm/setlist/weezer/2013/lucky-star-casino-concho-ok-2bc7b4b2.html,Lucky Star Casino,Headline,2013,09,13,13/09/2013Lucky Star Casino
01/09/2013,Weezer,My Name Is Jonas | Hash Pipe | El Scorcho | We Are All on Drugs | Troublemaker | Photograph | Perfect Situation | Dope Nose | Surf Wax America | Island in the Sun | Beverly Hills | Keep Fishin' | Say It Ain't So | (If You're Wondering If I Want You To) I Want You To | Pork and Beans | Buddy Holly | Memories | Undone - The Sweater Song,2013 Summer Tour,https://www.setlist.fm/setlist/weezer/2013/northlands-grounds-edmonton-ab-canada-5bc66748.html,Northlands Grounds,Headline,2013,09,01,01/09/2013Northlands Grounds
31/08/2013,Weezer,My Name Is Jonas | Hash Pipe | El Scorcho | Troublemaker | Photograph | Perfect Situation | Dope Nose | Surf Wax America | Island in the Sun | Beverly Hills | Keep Fishin' | Say It Ain't So | (If You're Wondering If I Want You To) I Want You To | Pork and Beans | Buddy Holly | Memories | Undone - The Sweater Song,2013 Summer Tour,https://www.setlist.fm/setlist/weezer/2013/fort-calgary-historic-park-calgary-ab-canada-53c66ff5.html,Fort Calgary Historic Park,Headline,2013,08,31,31/08/2013Fort Calgary Historic Park
17/08/2013,Weezer,My Name Is Jonas | Hash Pipe | El Scorcho | We Are All on Drugs | Troublemaker | Photograph | Perfect Situation | Dope Nose | Surf Wax America | Island in the Sun | Beverly Hills | Keep Fishin' | Say It Ain't So | (If You're Wondering If I Want You To) I Want You To | Pork and Beans | Buddy Holly | Memories | Undone - The Sweater Song,2013 Summer Tour,https://www.setlist.fm/setlist/weezer/2013/del-mar-fairgrounds-del-mar-ca-73c626fd.html,Del Mar Fairgrounds,Headline,2013,08,17,17/08/2013Del Mar Fairgrounds
02/08/2013,Weezer,My Name Is Jonas | Hash Pipe | El Scorcho | Troublemaker | Memories | Perfect Situation | Dope Nose | Surf Wax America | Island in the Sun | Beverly Hills | Keep Fishin' | Say It Ain't So | (If You're Wondering If I Want You To) I Want You To | Pork and Beans | Buddy Holly | Becoming Dust | Undone - The Sweater Song,2013 Summer Tour,https://www.setlist.fm/setlist/weezer/2013/jisan-forest-resort-icheon-south-korea-4bc6eb5a.html,Jisan Forest Resort,Headline,2013,08,02,02/08/2013Jisan Forest Resort
27/07/2013,Weezer,My Name Is Jonas | Hash Pipe | El Scorcho | We Are All on Drugs | Troublemaker | Photograph | Perfect Situation | Dope Nose | Surf Wax America | Island in the Sun | Beverly Hills | Keep Fishin' | Say It Ain't So | (If You're Wondering If I Want You To) I Want You To | Pork and Beans | Buddy Holly | Memories | Undone - The Sweater Song,2013 Summer Tour,https://www.setlist.fm/setlist/weezer/2013/boulevard-pool-at-the-cosmopolitan-las-vegas-nv-13c6f92d.html,Boulevard Pool at The Cosmopolitan,Headline,2013,07,27,27/07/2013Boulevard Pool at The Cosmopolitan
26/07/2013,Weezer,My Name Is Jonas | Hash Pipe | El Scorcho | We Are All on Drugs | Troublemaker | Memories | Perfect Situation | Dope Nose | Surf Wax America | Island in the Sun | Beverly Hills | Keep Fishin' | Say It Ain't So | (If You're Wondering If I Want You To) I Want You To | Pork and Beans | Buddy Holly | The Greatest Man That Ever Lived (Variations on a Shaker Hymn) | Undone - The Sweater Song,2013 Summer Tour,https://www.setlist.fm/setlist/weezer/2013/pacific-amphitheatre-costa-mesa-ca-3bc68444.html,Pacific Amphitheatre,Headline,2013,07,26,26/07/2013Pacific Amphitheatre
25/07/2013,Weezer, | My Name Is Jonas | Hash Pipe | El Scorcho | We Are All on Drugs | Troublemaker | Photograph | Perfect Situation | Dope Nose | Surf Wax America | Island in the Sun | Beverly Hills | Keep Fishin' | Say It Ain't So | (If You're Wondering If I Want You To) I Want You To | Pork and Beans | Buddy Holly | Memories | Undone - The Sweater Song,2013 Summer Tour,https://www.setlist.fm/setlist/weezer/2013/americas-cup-pavilion-san-francisco-ca-53c6937d.html,America's Cup Pavilion,Headline,2013,07,25,25/07/2013America's Cup Pavilion
19/07/2013,Weezer,My Name Is Jonas | Hash Pipe | El Scorcho | Perfect Situation | Island in the Sun | Beverly Hills | Say It Ain't So | (If You're Wondering If I Want You To) I Want You To | Pork and Beans | Buddy Holly | Undone - The Sweater Song,2013 Summer Tour,https://www.setlist.fm/setlist/weezer/2013/san-diego-convention-center-san-diego-ca-4bc6a7f6.html,San Diego Convention Center,Headline,2013,07,19,19/07/2013San Diego Convention Center
14/07/2013,Weezer,20th Century Fox Fanfare | My Name Is Jonas | Hash Pipe | El Scorcho | We Are All on Drugs | Troublemaker | Photograph | Perfect Situation | Dope Nose | Surf Wax America | Island in the Sun | Beverly Hills | Keep Fishin' | Say It Ain't So | (If You're Wondering If I Want You To) I Want You To | Pork and Beans | Buddy Holly | The Greatest Man That Ever Lived (Variations on a Shaker Hymn) | Undone - The Sweater Song,2013 Summer Tour,https://www.setlist.fm/setlist/weezer/2013/juan-de-fuca-recreation-centre-victoria-bc-canada-13c6b9f1.html,Juan De Fuca Recreation Centre,Headline,2013,07,14,14/07/2013Juan De Fuca Recreation Centre
12/07/2013,Weezer,(If You're Wondering If I Want You To) I Want You To | Pork and Beans | The Greatest Man That Ever Lived (Variations on a Shaker Hymn) | Troublemaker | Perfect Situation | Beverly Hills | Dope Nose | Island in the Sun | Hash Pipe | El Scorcho | My Name Is Jonas | No One Else | The World Has Turned and Left Me Here | Buddy Holly | Undone - The Sweater Song | Surf Wax America | Say It Ain't So | In the Garage | Holiday | Only in Dreams,2013 Summer Tour,https://www.setlist.fm/setlist/weezer/2013/downsview-park-toronto-on-canada-bd951c2.html,Downsview Park,Headline,2013,07,12,12/07/2013Downsview Park
11/07/2013,Weezer,My Name Is Jonas | Hash Pipe | El Scorcho | We Are All on Drugs | Troublemaker | Photograph | Perfect Situation | Dope Nose | Surf Wax America | Island in the Sun | Beverly Hills | Keep Fishin' | Say It Ain't So | (If You're Wondering If I Want You To) I Want You To | Pork and Beans | Buddy Holly | The Greatest Man That Ever Lived (Variations on a Shaker Hymn) | Undone - The Sweater Song,2013 Summer Tour,https://www.setlist.fm/setlist/weezer/2013/the-colosseum-at-caesars-windsor-windsor-on-canada-bd951f6.html,The Colosseum at Caesars Windsor,Headline,2013,07,11,11/07/2013The Colosseum at Caesars Windsor
10/07/2013,Weezer,20th Century Fox Fanfare | My Name Is Jonas | Hash Pipe | El Scorcho | We Are All on Drugs | Troublemaker | Photograph | Perfect Situation | Dope Nose | Surf Wax America | Island in the Sun | Beverly Hills | Keep Fishin' | Say It Ain't So | (If You're Wondering If I Want You To) I Want You To | Pork and Beans | Buddy Holly | The Greatest Man That Ever Lived (Variations on a Shaker Hymn) | Undone - The Sweater Song,2013 Summer Tour,https://www.setlist.fm/setlist/weezer/2013/lebreton-flats-park-ottawa-on-canada-3bd97428.html,LeBreton Flats Park,Headline,2013,07,10,10/07/2013LeBreton Flats Park
09/07/2013,Weezer,My Name Is Jonas | Hash Pipe | El Scorcho | We Are All on Drugs | Troublemaker | Photograph | Perfect Situation | Dope Nose | Surf Wax America | Island in the Sun | Beverly Hills | Keep Fishin' | Say It Ain't So | (If You're Wondering If I Want You To) I Want You To | Pork and Beans | Buddy Holly | Kids | Undone - The Sweater Song,2013 Summer Tour,https://www.setlist.fm/setlist/weezer/2013/plaines-dabraham-quebec-city-qc-canada-13d95d55.html,Plaines d'Abraham,Headline,2013,07,09,09/07/2013Plaines d'Abraham
08/07/2013,Weezer,My Name Is Jonas | Hash Pipe | El Scorcho | We Are All on Drugs | Troublemaker | Photograph | Perfect Situation | Dope Nose | Surf Wax America | Island in the Sun | Beverly Hills | Keep Fishin' | Say It Ain't So | (If You're Wondering If I Want You To) I Want You To | Pork and Beans | Buddy Holly | The Greatest Man That Ever Lived (Variations on a Shaker Hymn) | Undone - The Sweater Song,2013 Summer Tour,https://www.setlist.fm/setlist/weezer/2013/hampton-beach-casino-ballroom-hampton-beach-nh-3bd960ec.html,Hampton Beach Casino Ballroom,Headline,2013,07,08,08/07/2013Hampton Beach Casino Ballroom
22/06/2013,Weezer,My Name Is Jonas | Hash Pipe | El Scorcho | We Are All on Drugs | Troublemaker | Photograph | Perfect Situation | Dope Nose | Surf Wax America | Island in the Sun | Beverly Hills | Keep Fishin' | Say It Ain't So | (If You're Wondering If I Want You To) I Want You To | Pork and Beans | Buddy Holly | The Greatest Man That Ever Lived (Variations on a Shaker Hymn) | Undone - The Sweater Song,2013 Summer Tour,https://www.setlist.fm/setlist/weezer/2013/woodfield-mall-schaumburg-il-6bd92ada.html,Woodfield Mall,Headline,2013,06,22,22/06/2013Woodfield Mall
20/06/2013,Weezer,My Name Is Jonas | Hash Pipe | El Scorcho | We Are All on Drugs | Troublemaker | Photograph | Perfect Situation | Dope Nose | Surf Wax America | Island in the Sun | Beverly Hills | Keep Fishin' | Say It Ain't So | (If You're Wondering If I Want You To) I Want You To | Pork and Beans | Buddy Holly | The Greatest Man That Ever Lived (Variations on a Shaker Hymn) | Undone - The Sweater Song,2013 Summer Tour,https://www.setlist.fm/setlist/weezer/2013/pioneer-courthouse-square-portland-or-23d95c13.html,Pioneer Courthouse Square,Headline,2013,06,20,20/06/2013Pioneer Courthouse Square
08/06/2013,Weezer,My Name Is Jonas | Hash Pipe | El Scorcho | We Are All on Drugs | Troublemaker | Photograph | Perfect Situation | Dope Nose | Surf Wax America | Island in the Sun | Beverly Hills | Keep Fishin' | Say It Ain't So | (If You're Wondering If I Want You To) I Want You To | Pork and Beans | Buddy Holly | The Greatest Man That Ever Lived (Variations on a Shaker Hymn) | Undone - The Sweater Song,,https://www.setlist.fm/setlist/weezer/2013/the-verve-natick-ma-3bd9e028.html,The Verve,Headline,2013,06,08,08/06/2013The Verve
31/03/2013,Weezer,My Name Is Jonas | Hash Pipe | Photograph | Surf Wax America | Dope Nose | HOMELY GIRL | Island in the Sun | Beverly Hills | Say It Ain't So | (If You're Wondering If I Want You To) I Want You To | Pork and Beans | Buddy Holly | Undone - The Sweater Song,,https://www.setlist.fm/setlist/weezer/2013/hall-9-10-11-chiba-japan-3bd880cc.html,Hall 9-10-11,Headline,2013,03,31,31/03/2013Hall 9-10-11
30/03/2013,Weezer,My Name Is Jonas | Hash Pipe | Photograph | Perfect Situation | Dope Nose | Island in the Sun | Beverly Hills | Say It Ain't So | HOMELY GIRL | Pork and Beans | Buddy Holly | (If You're Wondering If I Want You To) I Want You To | Undone - The Sweater Song,,https://www.setlist.fm/setlist/weezer/2013/world-kinen-hall-kobe-japan-23d888d7.html,WORLD Kinen Hall,Headline,2013,03,30,30/03/2013WORLD Kinen Hall
29/03/2013,Weezer,My Name Is Jonas | Hash Pipe | Perfect Situation | Say It Ain't So | El Scorcho | Troublemaker | Dope Nose | HOMELY GIRL | Island in the Sun | Beverly Hills | Pork and Beans | (If You're Wondering If I Want You To) I Want You To | Buddy Holly | The Greatest Man That Ever Lived (Variations on a Shaker Hymn) | Undone - The Sweater Song,,https://www.setlist.fm/setlist/weezer/2013/zepp-nagoya-nagoya-japan-2bd88c66.html,Zepp Nagoya,Headline,2013,03,29,29/03/2013Zepp Nagoya
19/02/2013,Weezer,My Name Is Jonas | Hash Pipe | (If You're Wondering If I Want You To) I Want You To | Pork and Beans | Perfect Situation | Say It Ain't So | Dope Nose | You Gave Your Love to Me Softly | Island in the Sun | El Scorcho | Troublemaker | Buddy Holly | Beverly Hills | The Greatest Man That Ever Lived (Variations on a Shaker Hymn) | Undone - The Sweater Song,,https://www.setlist.fm/setlist/weezer/2013/haze-nightclub-las-vegas-nv-bdb2942.html,Haze Nightclub,Headline,2013,02,19,19/02/2013Haze Nightclub
23/01/2013,Weezer,Memories | (If You're Wondering If I Want You To) I Want You To | Pork and Beans | Troublemaker | Perfect Situation | Beverly Hills | Dope Nose | Hash Pipe | El Scorcho | You Gave Your Love to Me Softly | My Name Is Jonas | No One Else | The World Has Turned and Left Me Here | Buddy Holly | Undone - The Sweater Song | Surf Wax America | Say It Ain't So | In the Garage | Holiday | Only in Dreams | Island in the Sun,Australasia 2013 - Memories Tour,https://www.setlist.fm/setlist/weezer/2013/perth-arena-perth-australia-73db8afd.html,Perth Arena,Headline,2013,01,23,23/01/2013Perth Arena
19/01/2013,Weezer, | Memories | (If You're Wondering If I Want You To) I Want You To | Pork and Beans | Troublemaker | Perfect Situation | Beverly Hills | Dope Nose | Hash Pipe | El Scorcho | You Gave Your Love to Me Softly | My Name Is Jonas | No One Else | The World Has Turned and Left Me Here | Buddy Holly | Undone - The Sweater Song | Surf Wax America | Say It Ain't So | In the Garage | Holiday | Only in Dreams | Island in the Sun,Australasia 2013 - Memories Tour,https://www.setlist.fm/setlist/weezer/2013/sydney-entertainment-centre-sydney-australia-7bdb9ab4.html,Sydney Entertainment Centre,Headline,2013,01,19,19/01/2013Sydney Entertainment Centre
17/01/2013,Weezer,Memories | Put Me Back Together | The Angel and the One | The Greatest Man That Ever Lived (Variations on a Shaker Hymn) | We Are All on Drugs | Keep Fishin' | Don't Let Go | You Gave Your Love to Me Softly | Susanne | Buddy Holly | Tired of Sex | Getchoo | No Other One | Why Bother? | Across the Sea | The Good Life | El Scorcho | Pink Triangle | Falling for You | Butterfly | Island in the Sun,Australasia 2013 - Memories Tour,https://www.setlist.fm/setlist/weezer/2013/palais-theatre-melbourne-australia-43db9f23.html,Palais Theatre,Headline,2013,01,17,17/01/2013Palais Theatre
16/01/2013,Weezer,Memories | (If You're Wondering If I Want You To) I Want You To | Pork and Beans | Troublemaker | Burndt Jamb | Perfect Situation | Beverly Hills | Dope Nose | Island in the Sun | Hash Pipe | El Scorcho | My Name Is Jonas | No One Else | The World Has Turned and Left Me Here | Buddy Holly | Undone - The Sweater Song | Surf Wax America | Say It Ain't So | In the Garage | Holiday | Only in Dreams,Australasia 2013 - Memories Tour,https://www.setlist.fm/setlist/weezer/2013/sidney-myer-music-bowl-melbourne-australia-73dba2e5.html,Sidney Myer Music Bowl,Headline,2013,01,16,16/01/2013Sidney Myer Music Bowl
13/01/2013,Weezer,(If You're Wondering If I Want You To) I Want You To | Pork and Beans | Troublemaker | Perfect Situation | Beverly Hills | Dope Nose | Island in the Sun | Hash Pipe | El Scorcho | The Good Life |  | My Name Is Jonas | No One Else | The World Has Turned and Left Me Here | Buddy Holly | Undone - The Sweater Song | Surf Wax America | Say It Ain't So | In the Garage | Holiday | Only in Dreams,Australasia 2013 - Memories Tour,https://www.setlist.fm/setlist/weezer/2013/brisbane-entertainment-centre-brisbane-australia-6bdbaad6.html,Brisbane Entertainment Centre,Headline,2013,01,13,13/01/2013Brisbane Entertainment Centre
11/01/2013,Weezer,(If You're Wondering If I Want You To) I Want You To | Pork and Beans | Troublemaker | Burndt Jamb | Perfect Situation | Beverly Hills | Dope Nose | Island in the Sun | Hash Pipe | El Scorcho | Tired of Sex | My Name Is Jonas | No One Else | The World Has Turned and Left Me Here | Buddy Holly | Undone - The Sweater Song | Surf Wax America | Say It Ain't So | In the Garage | Holiday | Only in Dreams,Australasia 2013 - Memories Tour,https://www.setlist.fm/setlist/weezer/2013/vector-arena-auckland-new-zealand-73dbae49.html,Vector Arena,Headline,2013,01,11,11/01/2013Vector Arena
08/01/2013,Weezer,20th Century Fox Fanfare | (If You're Wondering If I Want You To) I Want You To | Pork and Beans | Troublemaker | Perfect Situation | Beverly Hills | Dope Nose | Heavy Rotation | Island in the Sun | Hash Pipe | Across the Sea | El Scorcho | Tired of Sex | My Name Is Jonas | No One Else | The World Has Turned and Left Me Here | Buddy Holly | Undone - The Sweater Song | Surf Wax America | Say It Ain't So | In the Garage | Holiday | Only in Dreams | The Way We Were | Time Flies,Australasia 2013 - Memories Tour,https://www.setlist.fm/setlist/weezer/2013/lapangan-d-senayan-jakarta-indonesia-13dbb1c9.html,Lapangan D Senayan,Headline,2013,01,08,08/01/2013Lapangan D Senayan
11/11/2012,Weezer,Memories | Troublemaker | The Greatest Man That Ever Lived (Variations on a Shaker Hymn) | We Are All on Drugs | Perfect Situation | Keep Fishin' | Death and Destruction | Island in the Sun | You Gave Your Love to Me Softly | Longtime Sunshine | Buddy Holly | Tired of Sex | Getchoo | No Other One | Why Bother? | Across the Sea | The Good Life | El Scorcho | Pink Triangle | Falling for You | Butterfly,,https://www.setlist.fm/setlist/weezer/2012/hard-rock-live-orlando-fl-6bda96a6.html,Hard Rock Live,Headline,2012,11,11,11/11/2012Hard Rock Live
10/11/2012,Weezer,Memories | (If You're Wondering If I Want You To) I Want You To | Trippin' Down the Freeway | Pork and Beans | Beverly Hills | Dope Nose | Burndt Jamb | Don't Let Go | Hash Pipe | Susanne | El Scorcho | My Name Is Jonas | No One Else | The World Has Turned and Left Me Here | Buddy Holly | Undone - The Sweater Song | Surf Wax America | Say It Ain't So | In the Garage | Holiday | Only in Dreams,,https://www.setlist.fm/setlist/weezer/2012/hard-rock-live-orlando-fl-43da974f.html,Hard Rock Live,Headline,2012,11,10,10/11/2012Hard Rock Live
09/11/2012,Weezer,My Name Is Jonas | Hash Pipe | (If You're Wondering If I Want You To) I Want You To | Surf Wax America | Tired of Sex | Don't Let Go | Troublemaker | Burndt Jamb | Keep Fishin' | El Scorcho | Island in the Sun | Say It Ain't So | We Are All on Drugs | Dope Nose | You Gave Your Love to Me Softly | Death and Destruction | Perfect Situation | Buddy Holly | Beverly Hills | The Greatest Man That Ever Lived (Variations on a Shaker Hymn) | Pork and Beans | Undone - The Sweater Song,,https://www.setlist.fm/setlist/weezer/2012/mahaffey-theater-st-petersburg-fl-33da989d.html,Mahaffey Theater,Headline,2012,11,09,09/11/2012Mahaffey Theater
08/11/2012,Weezer,My Name Is Jonas | Hash Pipe | El Scorcho | Surf Wax America | Keep Fishin' | We Are All on Drugs | Memories | Troublemaker | Dope Nose | Island in the Sun | Say It Ain't So | Perfect Situation | Photograph | (If You're Wondering If I Want You To) I Want You To | Buddy Holly | Don't Let Go | The Greatest Man That Ever Lived (Variations on a Shaker Hymn) | Beverly Hills | Pork and Beans | Undone - The Sweater Song,,https://www.setlist.fm/setlist/weezer/2012/hard-rock-live-hollywood-fl-bda9d42.html,Hard Rock Live,Headline,2012,11,08,08/11/2012Hard Rock Live
14/10/2012,Weezer,My Name Is Jonas | I'm Your Daddy | Hash Pipe | Memories | Photograph | We Are All on Drugs | Surf Wax America | (If You're Wondering If I Want You To) I Want You To | Dope Nose | Island in the Sun | Troublemaker | Keep Fishin' | Perfect Situation | Buddy Holly | El Scorcho | Beverly Hills | The Greatest Man That Ever Lived (Variations on a Shaker Hymn) | Undone - The Sweater Song | Pork and Beans | Say It Ain't So,,https://www.setlist.fm/setlist/weezer/2012/arizona-veterans-memorial-coliseum-phoenix-az-4bdd0f3e.html,Arizona Veterans Memorial Coliseum,Headline,2012,10,14,14/10/2012Arizona Veterans Memorial Coliseum
13/10/2012,Weezer,My Name Is Jonas | I'm Your Daddy | Hash Pipe | Memories | Photograph | We Are All on Drugs | Surf Wax America | (If You're Wondering If I Want You To) I Want You To | Dope Nose | Island in the Sun | Troublemaker | Keep Fishin' | Perfect Situation | Buddy Holly | El Scorcho | Beverly Hills | The Greatest Man That Ever Lived (Variations on a Shaker Hymn) | Undone - The Sweater Song | Pork and Beans | Say It Ain't So,,https://www.setlist.fm/setlist/weezer/2012/harrahs-rincon-casino-valley-center-ca-2bdd087e.html,Harrah's Rincon Casino,Headline,2012,10,13,13/10/2012Harrah's Rincon Casino
12/10/2012,Weezer,My Name Is Jonas | Memories | Surf Wax America | (If You're Wondering If I Want You To) I Want You To | Dope Nose | Island in the Sun | Perfect Situation | Buddy Holly | Hash Pipe | El Scorcho | Beverly Hills | Say It Ain't So | Pork and Beans | The Greatest Man That Ever Lived (Variations on a Shaker Hymn) | Undone - The Sweater Song,,https://www.setlist.fm/setlist/weezer/2012/zilker-park-austin-tx-2bdd1862.html,Zilker Park,Headline,2012,10,12,12/10/2012Zilker Park
10/10/2012,Weezer,My Name Is Jonas | I'm Your Daddy | Hash Pipe | Memories | Keep Fishin' | We Are All on Drugs | Surf Wax America | (If You're Wondering If I Want You To) I Want You To | Dope Nose | Island in the Sun | Troublemaker | Burndt Jamb | Perfect Situation | Buddy Holly | El Scorcho | Beverly Hills | The Greatest Man That Ever Lived (Variations on a Shaker Hymn) | Undone - The Sweater Song | Pork and Beans | Say It Ain't So,,https://www.setlist.fm/setlist/weezer/2012/paul-paul-theater-fresno-ca-7bdd2abc.html,Paul Paul Theater,Headline,2012,10,10,10/10/2012Paul Paul Theater
09/10/2012,Weezer,My Name Is Jonas | Troublemaker | El Scorcho | Memories | Keep Fishin' | We Are All on Drugs | Surf Wax America | (If You're Wondering If I Want You To) I Want You To | Dope Nose | Island in the Sun | Say It Ain't So | Perfect Situation | Hash Pipe | Buddy Holly | Beverly Hills | The Greatest Man That Ever Lived (Variations on a Shaker Hymn) | Pork and Beans | Undone - The Sweater Song,,https://www.setlist.fm/setlist/weezer/2012/bill-graham-civic-auditorium-san-francisco-ca-2bdd249e.html,Bill Graham Civic Auditorium,Headline,2012,10,09,09/10/2012Bill Graham Civic Auditorium
29/09/2012,Weezer,My Name Is Jonas | I'm Your Daddy | Hash Pipe | Memories | Keep Fishin' | We Are All on Drugs | Surf Wax America | (If You're Wondering If I Want You To) I Want You To | Dope Nose | Troublemaker | Island in the Sun | Perfect Situation | Photograph | Buddy Holly | El Scorcho | Beverly Hills | The Greatest Man That Ever Lived (Variations on a Shaker Hymn) | Undone - The Sweater Song | Pork and Beans | Say It Ain't So,,https://www.setlist.fm/setlist/weezer/2012/christiana-mall-newark-de-43ddd38b.html,Christiana Mall,Headline,2012,09,29,29/09/2012Christiana Mall
15/09/2012,Weezer,My Name Is Jonas | I'm Your Daddy | Hash Pipe | Memories | Keep Fishin' | We Are All on Drugs | Surf Wax America | (If You're Wondering If I Want You To) I Want You To | Dope Nose | Island in the Sun | Troublemaker | Perfect Situation | Photograph | Buddy Holly | El Scorcho | Beverly Hills | The Greatest Man That Ever Lived (Variations on a Shaker Hymn) | Undone - The Sweater Song | Pork and Beans | Say It Ain't So,,https://www.setlist.fm/setlist/weezer/2012/harbor-east-waterfront-baltimore-md-13dd9989.html,Harbor East Waterfront,Headline,2012,09,15,15/09/2012Harbor East Waterfront
14/09/2012,Weezer,20th Century Fox Fanfare | My Name Is Jonas | I'm Your Daddy | Hash Pipe | Memories | Keep Fishin' | We Are All on Drugs | Surf Wax America | (If You're Wondering If I Want You To) I Want You To | Dope Nose | Island in the Sun | Troublemaker | Perfect Situation | Photograph | Buddy Holly | El Scorcho | Beverly Hills | The Greatest Man That Ever Lived (Variations on a Shaker Hymn) | Undone - The Sweater Song | Pork and Beans | Say It Ain't So,,https://www.setlist.fm/setlist/weezer/2012/casino-rama-orillia-on-canada-1bdd9960.html,Casino Rama,Headline,2012,09,14,14/09/2012Casino Rama
11/08/2012,Weezer,My Name Is Jonas | Tired of Sex | Troublemaker | Undone - The Sweater Song | Put Me Back Together | Pork and Beans | Susanne | Dope Nose | Island in the Sun | Beverly Hills | (If You're Wondering If I Want You To) I Want You To | Perfect Situation | Surf Wax America | Hash Pipe | Say It Ain't So | El Scorcho | The Greatest Man That Ever Lived (Variations on a Shaker Hymn) | Talk Dirty to Me | Buddy Holly,,https://www.setlist.fm/setlist/weezer/2012/warner-theatre-washington-dc-43dc3b4f.html,Warner Theatre,Headline,2012,08,11,11/08/2012Warner Theatre
29/07/2012,Weezer,Troublemaker | Undone - The Sweater Song | Put Me Back Together | Tired of Sex | Hash Pipe | Island in the Sun | My Name Is Jonas | Pork and Beans | Longtime Sunshine | Dope Nose | (If You're Wondering If I Want You To) I Want You To | Surf Wax America | El Scorcho | Buddy Holly | We Are All on Drugs | Keep Fishin' | Say It Ain't So | Perfect Situation | The Greatest Man That Ever Lived (Variations on a Shaker Hymn) | Talk Dirty to Me | Beverly Hills,,https://www.setlist.fm/setlist/weezer/2012/harrahs-stir-cove-council-bluffs-ia-4bdcf3d6.html,Harrah's Stir Cove,Headline,2012,07,29,29/07/2012Harrah's Stir Cove
27/07/2012,Weezer,Undone - The Sweater Song | We Are All on Drugs | Susanne | Troublemaker | Tired of Sex | Island in the Sun | (If You're Wondering If I Want You To) I Want You To | Dope Nose | Put Me Back Together | Surf Wax America | Hash Pipe | Perfect Situation | El Scorcho | Buddy Holly | Beverly Hills | My Name Is Jonas | Pork and Beans | Say It Ain't So | Talk Dirty to Me | The Greatest Man That Ever Lived (Variations on a Shaker Hymn),,https://www.setlist.fm/setlist/weezer/2012/the-venue-at-the-horseshoe-casino-hammond-in-1bdcf914.html,The Venue at The Horseshoe Casino,Headline,2012,07,27,27/07/2012The Venue at The Horseshoe Casino
14/07/2012,Weezer,Troublemaker | Undone - The Sweater Song | Put Me Back Together | Tired of Sex | Hash Pipe | Island in the Sun | My Name Is Jonas | Pork and Beans | Longtime Sunshine | Dope Nose | (If You're Wondering If I Want You To) I Want You To | Surf Wax America | El Scorcho | Buddy Holly | We Are All on Drugs | Keep Fishin' | Say It Ain't So | Perfect Situation | The Greatest Man That Ever Lived (Variations on a Shaker Hymn) | Talk Dirty to Me | Beverly Hills,,https://www.setlist.fm/setlist/weezer/2012/sawyer-point-park-cincinnati-oh-3dcb51b.html,Sawyer Point Park,Headline,2012,07,14,14/07/2012Sawyer Point Park
13/07/2012,Weezer,Tired of Sex | My Name Is Jonas | Troublemaker | Undone - The Sweater Song | Put Me Back Together | Beverly Hills | Island in the Sun | Dope Nose | Surf Wax America | Can't Stop Partying | (If You're Wondering If I Want You To) I Want You To | Hash Pipe | Susanne | Perfect Situation | We Are All on Drugs | Pork and Beans | Buddy Holly | The Greatest Man That Ever Lived (Variations on a Shaker Hymn) | Talk Dirty to Me | Say It Ain't So,,https://www.setlist.fm/setlist/weezer/2012/erie-canal-harbor-central-wharf-buffalo-ny-2bdcb4aa.html,Erie Canal Harbor Central Wharf,Headline,2012,07,13,13/07/2012Erie Canal Harbor Central Wharf
15/06/2012,Weezer,Tired of Sex | My Name Is Jonas | Hash Pipe | Can't Stop Partying | Undone - The Sweater Song | Troublemaker | Dope Nose | Put Me Back Together | Island in the Sun | Susanne | Perfect Situation | Surf Wax America | (If You're Wondering If I Want You To) I Want You To | Pork and Beans | Say It Ain't So | Talk Dirty to Me | The Greatest Man That Ever Lived (Variations on a Shaker Hymn) | Buddy Holly | Beverly Hills,,https://www.setlist.fm/setlist/weezer/2012/mandalay-bay-beach-las-vegas-nv-3bdf2c1c.html,Mandalay Bay Beach,Headline,2012,06,15,15/06/2012Mandalay Bay Beach
13/06/2012,Weezer,My Name Is Jonas | Troublemaker | Undone - The Sweater Song | Island in the Sun | Dope Nose | Surf Wax America | I Think We're Alone Now | (If You're Wondering If I Want You To) I Want You To | Perfect Situation | Put Me Back Together | Pork and Beans | Buddy Holly | Beverly Hills | Talk Dirty to Me | Say It Ain't So,,https://www.setlist.fm/setlist/weezer/2012/petco-park-san-diego-ca-33df3439.html,Petco Park,Headline,2012,06,13,13/06/2012Petco Park
10/06/2012,Weezer,Tired of Sex | We Are All on Drugs | My Name Is Jonas | Troublemaker | Perfect Situation | Undone - The Sweater Song | Beverly Hills | Island in the Sun | Dope Nose | Longtime Sunshine | Surf Wax America | Hash Pipe | Can't Stop Partying | (If You're Wondering If I Want You To) I Want You To | Pork and Beans | Buddy Holly | The Greatest Man That Ever Lived (Variations on a Shaker Hymn) | Talk Dirty to Me | Say It Ain't So,,https://www.setlist.fm/setlist/weezer/2012/downtown-cedar-rapids-cedar-rapids-ia-4bdfc3ea.html,Downtown Cedar Rapids,Headline,2012,06,10,10/06/2012Downtown Cedar Rapids
09/06/2012,Weezer,Undone - The Sweater Song | (If You're Wondering If I Want You To) I Want You To | Hash Pipe | Perfect Situation | Buddy Holly | Island in the Sun | Pork and Beans | Talk Dirty to Me | Say It Ain't So | Beverly Hills,,https://www.setlist.fm/setlist/weezer/2012/cotton-bowl-dallas-tx-2bdfc416.html,Cotton Bowl,Headline,2012,06,09,09/06/2012Cotton Bowl
06/06/2012,Weezer,Undone - The Sweater Song | Troublemaker | My Name Is Jonas | I Think We're Alone Now | Hash Pipe | Perfect Situation | Buddy Holly | (If You're Wondering If I Want You To) I Want You To | Island in the Sun | Pork and Beans | Say It Ain't So | Talk Dirty to Me | Beverly Hills | HOMELY GIRL,,https://www.setlist.fm/setlist/weezer/2012/the-roxy-west-hollywood-ca-3bdfcc24.html,The Roxy,Headline,2012,06,06,06/06/2012The Roxy
01/06/2012,Weezer,Tired of Sex | My Name Is Jonas | Troublemaker | Perfect Situation | Undone - The Sweater Song | I Think We're Alone Now | Beverly Hills | Island in the Sun | Dope Nose | Surf Wax America | Can't Stop Partying | (If You're Wondering If I Want You To) I Want You To | Hash Pipe | Susanne | Getchoo | Pork and Beans | Buddy Holly | The Greatest Man That Ever Lived (Variations on a Shaker Hymn) | Talk Dirty to Me | Say It Ain't So,,https://www.setlist.fm/setlist/weezer/2012/borgata-event-center-atlantic-city-nj-13dfdda5.html,Borgata Event Center,Headline,2012,06,01,01/06/2012Borgata Event Center
31/05/2012,Weezer,20th Century Fox Fanfare | Tired of Sex | My Name Is Jonas | Troublemaker | Longtime Sunshine | Perfect Situation | Undone - The Sweater Song | I Think We're Alone Now | Beverly Hills | Island in the Sun | Dope Nose | Surf Wax America | Can't Stop Partying | (If You're Wondering If I Want You To) I Want You To | Hash Pipe | Susanne | Pork and Beans | Buddy Holly | The Greatest Man That Ever Lived (Variations on a Shaker Hymn) | Talk Dirty to Me | Say It Ain't So,,https://www.setlist.fm/setlist/weezer/2012/mohegan-sun-arena-uncasville-ct-63dfeac7.html,Mohegan Sun Arena,Headline,2012,05,31,31/05/2012Mohegan Sun Arena
21/01/2012,Weezer,Memories | Devotion | Susanne | Trippin' Down the Freeway | Los Angeles | Longtime Sunshine | You Gave Your Love to Me Softly | Don't Let Go | Tragic Girl | The Greatest Man That Ever Lived (Variations on a Shaker Hymn) | Tired of Sex | Getchoo | No Other One | Why Bother? | Across the Sea | The Good Life | El Scorcho | Pink Triangle | Falling for You | Butterfly,,https://www.setlist.fm/setlist/weezer/2012/carnival-destiny-miami-fl-4bd1532e.html,Carnival Destiny,Headline,2012,01,21,21/01/2012Carnival Destiny
20/01/2012,Weezer,Troublemaker | We Are All on Drugs | I Just Threw Out the Love of My Dreams | No One Else | Teenage Dirtbag | Can't Stop Partying | Keep Fishin' | Mykel and Carli | Jamie | Tragic Girl | Tired of Sex | Getchoo | No Other One | Why Bother? | Across the Sea | The Good Life | El Scorcho | Pink Triangle | Falling for You | Butterfly,,https://www.setlist.fm/setlist/weezer/2012/carnival-destiny-miami-fl-53d15335.html,Carnival Destiny,Headline,2012,01,20,20/01/2012Carnival Destiny
19/01/2012,Weezer,Hash Pipe | Perfect Situation | (If You're Wondering If I Want You To) I Want You To | Photograph | Dope Nose | Blast Off! | Paranoid Android | Beverly Hills | Island in the Sun | Pork and Beans | My Name Is Jonas | No One Else | The World Has Turned and Left Me Here | Buddy Holly | Undone - The Sweater Song | Surf Wax America | Say It Ain't So | In the Garage | Holiday | Only in Dreams,,https://www.setlist.fm/setlist/weezer/2012/carnival-destiny-miami-fl-bd1554a.html,Carnival Destiny,Headline,2012,01,19,19/01/2012Carnival Destiny
14/10/2011,Weezer,Surf Wax America | Troublemaker | We Are All on Drugs | Beverly Hills | Undone - The Sweater Song | Pumped Up Kicks | My Name Is Jonas | Island in the Sun | Dope Nose | Perfect Situation | Memories | Keep Fishin' | Paranoid Android | Hash Pipe | (If You're Wondering If I Want You To) I Want You To | Say It Ain't So | The Greatest Man That Ever Lived (Variations on a Shaker Hymn) | Only in Dreams | Pork and Beans | Buddy Holly,,https://www.setlist.fm/setlist/weezer/2011/casino-beach-pensacola-beach-fl-73d17e39.html,Casino Beach,Headline,2011,10,14,14/10/2011Casino Beach
12/10/2011,Weezer,Surf Wax America | We Are All on Drugs | Troublemaker | Say It Ain't So | Hash Pipe | My Name Is Jonas | Dope Nose | Paranoid Android | El Scorcho | Island in the Sun | Perfect Situation | (If You're Wondering If I Want You To) I Want You To | Undone - The Sweater Song | Pork and Beans | Beverly Hills | Pumped Up Kicks | Buddy Holly,,https://www.setlist.fm/setlist/weezer/2011/park-west-chicago-il-2bf1e08e.html,Park West,Headline,2011,10,12,12/10/2011Park West
09/10/2011,Weezer,Troublemaker | El Scorcho | Hash Pipe | Perfect Situation | Island in the Sun | (If You're Wondering If I Want You To) I Want You To | I Just Threw Out the Love of My Dreams | Paranoid Android | Beverly Hills | Pork and Beans | My Name Is Jonas | No One Else | The World Has Turned and Left Me Here | Buddy Holly | Undone - The Sweater Song | Surf Wax America | Say It Ain't So | In the Garage | Holiday | Only in Dreams,,https://www.setlist.fm/setlist/weezer/2011/congress-theater-chicago-il-4bdf5306.html,Congress Theater,Headline,2011,10,09,09/10/2011Congress Theater
08/10/2011,Weezer,My Name Is Jonas | We Are All on Drugs | Troublemaker | Hash Pipe | Perfect Situation | Surf Wax America | Island in the Sun | Dope Nose | Undone - The Sweater Song | (If You're Wondering If I Want You To) I Want You To | El Scorcho | Keep Fishin' | Say It Ain't So | Beverly Hills | Pork and Beans | The Greatest Man That Ever Lived (Variations on a Shaker Hymn) | Buddy Holly,,https://www.setlist.fm/setlist/weezer/2011/global-event-center-at-winstar-world-resort-thackerville-ok-4bd06f5e.html,Global Event Center at WinStar World Resort,Headline,2011,10,08,08/10/2011Global Event Center at WinStar World Resort
04/10/2011,Weezer,Surf Wax America | Troublemaker | Say It Ain't So | Hash Pipe | My Name Is Jonas | Dope Nose | Island in the Sun | Perfect Situation | (If You're Wondering If I Want You To) I Want You To | Undone - The Sweater Song | Pork and Beans | Beverly Hills | Paranoid Android | Buddy Holly,,https://www.setlist.fm/setlist/weezer/2011/los-angeles-convention-center-los-angeles-ca-1bda4170.html,Los Angeles Convention Center,Headline,2011,10,04,04/10/2011Los Angeles Convention Center
11/09/2011,Weezer,Surf Wax America | Hash Pipe | Troublemaker | Pumped Up Kicks | Say It Ain't So | Keep Fishin' | We Are All on Drugs | Undone - The Sweater Song | Dope Nose | El Scorcho | You Might Think | Perfect Situation | My Name Is Jonas | Island in the Sun | (If You're Wondering If I Want You To) I Want You To | Buddy Holly | Beverly Hills | Pork and Beans,,https://www.setlist.fm/setlist/weezer/2011/doheny-state-beach-dana-point-ca-53d0333d.html,Doheny State Beach,Headline,2011,09,11,11/09/2011Doheny State Beach
08/09/2011,Weezer,Surf Wax America | Hash Pipe | Troublemaker | Undone - The Sweater Song | (If You're Wondering If I Want You To) I Want You To | Pumped Up Kicks | My Name Is Jonas | Dope Nose | Pork and Beans | Say It Ain't So | Island in the Sun | You Might Think | We Are All on Drugs | Perfect Situation | Keep Fishin' | Kids / Poker Face | Beverly Hills | Buddy Holly,,https://www.setlist.fm/setlist/weezer/2011/showbox-at-the-market-seattle-wa-3da4173.html,Showbox at the Market,Headline,2011,09,08,08/09/2011Showbox at the Market
03/09/2011,Weezer,Surf Wax America | We Are All on Drugs | Troublemaker | El Scorcho | Say It Ain't So | Hash Pipe | My Name Is Jonas | Dope Nose | Pumped Up Kicks | Island in the Sun | Perfect Situation | (If You're Wondering If I Want You To) I Want You To | Undone - The Sweater Song | Pork and Beans | Beverly Hills | Paranoid Android | Buddy Holly,,https://www.setlist.fm/setlist/weezer/2011/minnesota-state-fair-grandstand-falcon-heights-mn-43d0cb9f.html,Minnesota State Fair Grandstand,Headline,2011,09,03,03/09/2011Minnesota State Fair Grandstand
27/08/2011,Weezer,Undone - The Sweater Song | El Scorcho | My Name Is Jonas | Hash Pipe | The World Has Turned and Left Me Here | Susanne | Perfect Situation | No One Else | Pumped Up Kicks | Pork and Beans | Say It Ain't So | In the Garage | Longtime Sunshine | Beverly Hills | Holiday | Pink Triangle | (If You're Wondering If I Want You To) I Want You To | Only in Dreams | Island in the Sun | Buddy Holly,,https://www.setlist.fm/setlist/weezer/2011/fantasy-springs-resort-casino-indio-ca-7bd0da48.html,Fantasy Springs Resort Casino,Headline,2011,08,27,27/08/2011Fantasy Springs Resort Casino
21/08/2011,Weezer,Surf Wax America | We Are All on Drugs | Keep Fishin' | Perfect Situation | Pumped Up Kicks | Say It Ain't So | Dope Nose | No One Else | Undone - The Sweater Song | Beverly Hills | My Name Is Jonas | Paranoid Android | Troublemaker | Hash Pipe | (If You're Wondering If I Want You To) I Want You To | Island in the Sun | Buddy Holly | Pork and Beans,,https://www.setlist.fm/setlist/weezer/2011/logger-sports-grounds-squamish-bc-canada-73da4685.html,Logger Sports Grounds,Headline,2011,08,21,21/08/2011Logger Sports Grounds
20/08/2011,Weezer,Memories | My Name Is Jonas | We Are All on Drugs | Undone - The Sweater Song | Beverly Hills | Surf Wax America | Pumped Up Kicks | Buddy Holly | Dope Nose | Keep Fishin' | Perfect Situation | Paranoid Android | Troublemaker | Say It Ain't So | (If You're Wondering If I Want You To) I Want You To | The Greatest Man That Ever Lived (Variations on a Shaker Hymn) | Island in the Sun | Hash Pipe | Pork and Beans,,https://www.setlist.fm/setlist/weezer/2011/fort-calgary-historic-park-calgary-ab-canada-1bd0e914.html,Fort Calgary Historic Park,Headline,2011,08,20,20/08/2011Fort Calgary Historic Park
19/08/2011,Weezer,My Name Is Jonas | No One Else | The World Has Turned and Left Me Here | Buddy Holly | Undone - The Sweater Song | Surf Wax America | Say It Ain't So | In the Garage | Holiday | Only in Dreams | Tired of Sex | Getchoo | No Other One | Why Bother? | Across the Sea | The Good Life | El Scorcho | Pink Triangle | Falling for You | Butterfly | Blast Off!,,https://www.setlist.fm/setlist/weezer/2011/wamu-theater-seattle-wa-3d0ed87.html,WaMu Theater,Headline,2011,08,19,19/08/2011WaMu Theater
06/08/2011,Weezer,Pork and Beans | Surf Wax America | Perfect Situation | Memories | We Are All on Drugs | Pumped Up Kicks | My Name Is Jonas | Dope Nose | Island in the Sun | Troublemaker | Undone - The Sweater Song | Hash Pipe | Keep Fishin' | Photograph | Paranoid Android | Say It Ain't So | (If You're Wondering If I Want You To) I Want You To | Beverly Hills | Buddy Holly,,https://www.setlist.fm/setlist/weezer/2011/del-mar-fairgrounds-del-mar-ca-7bd092d0.html,Del Mar Fairgrounds,Headline,2011,08,06,06/08/2011Del Mar Fairgrounds
05/08/2011,Weezer,Troublemaker | Surf Wax America | Tired of Sex | Say It Ain't So | Pumped Up Kicks | Keep Fishin' | Perfect Situation | Holiday | Dope Nose | Island in the Sun | Hash Pipe | Photograph | Undone - The Sweater Song | (If You're Wondering If I Want You To) I Want You To | Pork and Beans | My Name Is Jonas | Paranoid Android | Buddy Holly | Beverly Hills,,https://www.setlist.fm/setlist/weezer/2011/the-sandbar-red-rock-hotel-and-casino-las-vegas-nv-4bd09326.html,"The Sandbar, Red Rock Hotel and Casino",Headline,2011,08,05,"05/08/2011The Sandbar, Red Rock Hotel and Casino"
04/08/2011,Weezer,Troublemaker | Surf Wax America | Perfect Situation | No One Else | Undone - The Sweater Song | Pumped Up Kicks | My Name Is Jonas | Dope Nose | Island in the Sun | Pork and Beans | Pink Triangle | Photograph | Keep Fishin' | Hash Pipe | Paranoid Android | Beverly Hills | Say It Ain't So | (If You're Wondering If I Want You To) I Want You To | Buddy Holly,,https://www.setlist.fm/setlist/weezer/2011/pacific-amphitheatre-costa-mesa-ca-7bd0967c.html,Pacific Amphitheatre,Headline,2011,08,04,04/08/2011Pacific Amphitheatre
29/07/2011,Weezer,Hash Pipe | El Scorcho | Perfect Situation | My Name Is Jonas | Dope Nose | Troublemaker | Island in the Sun | Surf Wax America | Beverly Hills | Paranoid Android | Pork and Beans | Say It Ain't So | (If You're Wondering If I Want You To) I Want You To | The Greatest Man That Ever Lived (Variations on a Shaker Hymn) | Buddy Holly | Undone - The Sweater Song,,https://www.setlist.fm/setlist/weezer/2011/nikon-at-jones-beach-theater-wantagh-ny-3d0a11b.html,Nikon at Jones Beach Theater,Headline,2011,07,29,29/07/2011Nikon at Jones Beach Theater
28/07/2011,Weezer,Hash Pipe | El Scorcho | Perfect Situation | My Name Is Jonas | Susanne | The Good Life | Island in the Sun | You Gave Your Love to Me Softly | Paranoid Android | Pork and Beans | Tired of Sex | Say It Ain't So | (If You're Wondering If I Want You To) I Want You To | Buddy Holly | Only in Dreams,,https://www.setlist.fm/setlist/weezer/2011/pnc-bank-arts-center-holmdel-nj-13d0a1b5.html,PNC Bank Arts Center,Headline,2011,07,28,28/07/2011PNC Bank Arts Center
16/07/2011,Weezer,Memories | Undone - The Sweater Song | My Name Is Jonas | Pink Triangle | Don't Let Go | Perfect Situation | You Gave Your Love to Me Softly | Hash Pipe | Photograph | Island in the Sun | Pork and Beans | Beverly Hills | Surf Wax America | Say It Ain't So | (If You're Wondering If I Want You To) I Want You To | Only in Dreams | Paranoid Android | Buddy Holly,,https://www.setlist.fm/setlist/weezer/2011/yokohama-arena-yokohama-japan-53d1f36d.html,YOKOHAMA ARENA,Headline,2011,07,16,16/07/2011YOKOHAMA ARENA
14/07/2011,Weezer,Memories | Susanne | Pork and Beans | Keep Fishin' | I Just Threw Out the Love of My Dreams | Don't Let Go | You Gave Your Love to Me Softly | Hash Pipe | Paranoid Android | Buddy Holly | Tired of Sex | Getchoo | No Other One | Why Bother? | Across the Sea | The Good Life | El Scorcho | Pink Triangle | Falling for You | Butterfly,,https://www.setlist.fm/setlist/weezer/2011/zepp-tokyo-tokyo-japan-bd345da.html,Zepp Tokyo,Headline,2011,07,14,14/07/2011Zepp Tokyo
13/07/2011,Weezer,Troublemaker | Perfect Situation | Devotion | Longtime Sunshine | Island in the Sun | Photograph | Jamie | Pink Triangle | (If You're Wondering If I Want You To) I Want You To | The Greatest Man That Ever Lived (Variations on a Shaker Hymn) | My Name Is Jonas | No One Else | The World Has Turned and Left Me Here | Buddy Holly | Undone - The Sweater Song | Surf Wax America | Say It Ain't So | In the Garage | Holiday | Only in Dreams,,https://www.setlist.fm/setlist/weezer/2011/zepp-tokyo-tokyo-japan-13d34951.html,Zepp Tokyo,Headline,2011,07,13,13/07/2011Zepp Tokyo
10/07/2011,Weezer,Undone - The Sweater Song | Troublemaker | Teenage Dirtbag | Say It Ain't So | Island in the Sun | (If You're Wondering If I Want You To) I Want You To | Perfect Situation | Beverly Hills | Hash Pipe | Paranoid Android | Pork and Beans | Buddy Holly,,https://www.setlist.fm/setlist/weezer/2011/balado-kinross-scotland-2bd34c52.html,Balado,Headline,2011,07,10,10/07/2011Balado
09/07/2011,Weezer,Undone - The Sweater Song | Surf Wax America | Say It Ain't So | Beverly Hills | Teenage Dirtbag | Dope Nose | Island in the Sun | (If You're Wondering If I Want You To) I Want You To | Perfect Situation | My Name Is Jonas | Hash Pipe | Paranoid Android | Pork and Beans | Buddy Holly,,https://www.setlist.fm/setlist/weezer/2011/knebworth-house-knebworth-england-6bd35e4a.html,Knebworth House,Headline,2011,07,09,09/07/2011Knebworth House
08/07/2011,Weezer,Undone - The Sweater Song | Surf Wax America | My Name Is Jonas | Teenage Dirtbag | (If You're Wondering If I Want You To) I Want You To | Island in the Sun | Say It Ain't So | Dope Nose | Perfect Situation | Beverly Hills | Paranoid Android | Pork and Beans | Hash Pipe | Buddy Holly,,https://www.setlist.fm/setlist/weezer/2011/punchestown-racecourse-naas-ireland-2bd350fa.html,Punchestown Racecourse,Headline,2011,07,08,08/07/2011Punchestown Racecourse
06/07/2011,Weezer,Undone - The Sweater Song | My Name Is Jonas | El Scorcho | Holiday | Pink Triangle | Susanne | Island in the Sun | Teenage Dirtbag | The Good Life | The World Has Turned and Left Me Here | Say It Ain't So | Tired of Sex | You Gave Your Love to Me Softly | Pork and Beans | Across the Sea | The Greatest Man That Ever Lived (Variations on a Shaker Hymn) | Only in Dreams | Paranoid Android | Hash Pipe | Buddy Holly,,https://www.setlist.fm/setlist/weezer/2011/o2-academy-brixton-london-england-bd361ba.html,O2 Academy Brixton,Headline,2011,07,06,06/07/2011O2 Academy Brixton
03/07/2011,Weezer,Hash Pipe | Tired of Sex | Pink Triangle | Susanne | Falling for You | Island in the Sun | El Scorcho | You Gave Your Love to Me Softly | Across the Sea | Pork and Beans | My Name Is Jonas | No One Else | The World Has Turned and Left Me Here | Buddy Holly | Undone - The Sweater Song | Surf Wax America | Say It Ain't So | In the Garage | Holiday | Only in Dreams,,https://www.setlist.fm/setlist/weezer/2011/centre-bell-montreal-qc-canada-7bd36e20.html,Centre Bell,Headline,2011,07,03,03/07/2011Centre Bell
02/07/2011,Weezer,Only in Dreams | Teenage Dirtbag | Paranoid Android | Keep Fishin' | Hash Pipe | Pork and Beans | Island in the Sun | Beverly Hills | My Name Is Jonas | Say It Ain't So | We Are All on Drugs | Perfect Situation | Buddy Holly,,https://www.setlist.fm/setlist/weezer/2011/scene-molson-dry-saint-ephrem-de-beauce-qc-canada-bdf81e2.html,Scène Molson Dry,Headline,2011,07,02,02/07/2011Scène Molson Dry
01/07/2011,Weezer,Troublemaker | Undone - The Sweater Song | Perfect Situation | Say It Ain't So | Dope Nose | Island in the Sun | My Name Is Jonas | Pork and Beans | Keep Fishin' | Hash Pipe | (If You're Wondering If I Want You To) I Want You To | Paranoid Android | Beverly Hills | Buddy Holly,,https://www.setlist.fm/setlist/weezer/2011/downsview-park-toronto-on-canada-2bd36c16.html,Downsview Park,Headline,2011,07,01,01/07/2011Downsview Park
07/06/2011,Weezer,Memories | The Greatest Man That Ever Lived (Variations on a Shaker Hymn) | Perfect Situation | Dope Nose | Hash Pipe | You Gave Your Love to Me Softly | Susanne | Longtime Sunshine | Jamie | Only in Dreams | Tired of Sex | Getchoo | No Other One | Why Bother? | Across the Sea | The Good Life | El Scorcho | Pink Triangle | Falling for You | Butterfly,,https://www.setlist.fm/setlist/weezer/2011/stubbs-bar-b-q-austin-tx-43d32fdb.html,Stubb's Bar-B-Q,Headline,2011,06,07,07/06/2011Stubb's Bar-B-Q
06/06/2011,Weezer,Memories | Unspoken | (If You're Wondering If I Want You To) I Want You To | Pork and Beans | Keep Fishin' | Island in the Sun | Hash Pipe | Paranoid Android | I Just Threw Out the Love of My Dreams | El Scorcho | Uprising | My Name Is Jonas | No One Else | The World Has Turned and Left Me Here | Buddy Holly | Undone - The Sweater Song | Surf Wax America | Say It Ain't So | In the Garage | Holiday | Only in Dreams,,https://www.setlist.fm/setlist/weezer/2011/stubbs-bar-b-q-austin-tx-33d32c65.html,Stubb's Bar-B-Q,Headline,2011,06,06,06/06/2011Stubb's Bar-B-Q
05/06/2011,Weezer,Undone - The Sweater Song | Perfect Situation | Say It Ain't So | El Scorcho | Paranoid Android | Dope Nose | Island in the Sun | Susanne | Across the Sea | Surf Wax America | In the Garage | Hash Pipe | The World Has Turned and Left Me Here | My Name Is Jonas | Pork and Beans | Only in Dreams | (If You're Wondering If I Want You To) I Want You To | Buddy Holly,,https://www.setlist.fm/setlist/weezer/2011/eleanor-tinsley-park-houston-tx-73d33669.html,Eleanor Tinsley Park,Headline,2011,06,05,05/06/2011Eleanor Tinsley Park
02/06/2011,Weezer,In the Garage | Kids,,https://www.setlist.fm/setlist/weezer/2011/gaslamp-quarter-san-diego-ca-63ae06ef.html,Gaslamp Quarter,Headline,2011,06,02,02/06/2011Gaslamp Quarter
29/05/2011,Weezer,Memories | Hash Pipe | Undone - The Sweater Song | Perfect Situation | Say It Ain't So | Troublemaker | Dope Nose | Paranoid Android | My Name Is Jonas | Island in the Sun | Surf Wax America | Photograph | Keep Fishin' | In the Garage | Beverly Hills | Pork and Beans | Only in Dreams | (If You're Wondering If I Want You To) I Want You To | Buddy Holly,,https://www.setlist.fm/setlist/weezer/2011/stage-ae-pittsburgh-pa-43d3c317.html,Stage AE,Headline,2011,05,29,29/05/2011Stage AE
28/05/2011,Weezer,Memories | Hash Pipe | Undone - The Sweater Song | Perfect Situation | Across the Sea | Susanne | Island in the Sun | Dope Nose | Holiday | Say It Ain't So | The Good Life | El Scorcho | The World Has Turned and Left Me Here | Pork and Beans | Only in Dreams | Paranoid Android | Buddy Holly,,https://www.setlist.fm/setlist/weezer/2011/comcast-theatre-hartford-ct-6bd3c646.html,Comcast Theatre,Headline,2011,05,28,28/05/2011Comcast Theatre
27/05/2011,Weezer,Memories | (If You're Wondering If I Want You To) I Want You To | Troublemaker | Pork and Beans | Perfect Situation | Beverly Hills | Island in the Sun | Hash Pipe | El Scorcho | Paranoid Android | My Name Is Jonas | No One Else | The World Has Turned and Left Me Here | Buddy Holly | Undone - The Sweater Song | Surf Wax America | Say It Ain't So | In the Garage | Holiday | Only in Dreams,,https://www.setlist.fm/setlist/weezer/2011/event-center-atlantic-city-nj-3d3c12b.html,Event Center,Headline,2011,05,27,27/05/2011Event Center
21/05/2011,Weezer,Memories | Troublemaker | Perfect Situation | Undone - The Sweater Song | Say It Ain't So | Dope Nose | Surf Wax America | Photograph | Island in the Sun | Hash Pipe | My Name Is Jonas | Beverly Hills | Keep Fishin' | Pork and Beans | Only in Dreams | (If You're Wondering If I Want You To) I Want You To | Buddy Holly,,https://www.setlist.fm/setlist/weezer/2011/rfk-stadium-grounds-washington-dc-73d3d625.html,RFK Stadium Grounds,Headline,2011,05,21,21/05/2011RFK Stadium Grounds
20/05/2011,Weezer,Memories | Troublemaker | Perfect Situation | Undone - The Sweater Song | Say It Ain't So | Dope Nose | Surf Wax America | Photograph | Island in the Sun | Hash Pipe | My Name Is Jonas | Beverly Hills | Keep Fishin' | In the Garage | Pork and Beans | Only in Dreams | (If You're Wondering If I Want You To) I Want You To | Buddy Holly,,https://www.setlist.fm/setlist/weezer/2011/festival-pier-at-penns-landing-philadelphia-pa-6bd3da12.html,Festival Pier at Penn's Landing,Headline,2011,05,20,20/05/2011Festival Pier at Penn's Landing
19/05/2011,Weezer,Memories | Troublemaker | Perfect Situation | Undone - The Sweater Song | Say It Ain't So | Pink Triangle | Dope Nose | Surf Wax America | The World Has Turned and Left Me Here | Island in the Sun | Hash Pipe | My Name Is Jonas | Beverly Hills | Keep Fishin' | In the Garage | Pork and Beans | Only in Dreams | (If You're Wondering If I Want You To) I Want You To | Buddy Holly,,https://www.setlist.fm/setlist/weezer/2011/bank-of-america-pavilion-boston-ma-13d3d54d.html,Bank of America Pavilion,Headline,2011,05,19,19/05/2011Bank of America Pavilion
12/05/2011,Weezer,Island in the Sun | Undone - The Sweater Song | (If You're Wondering If I Want You To) I Want You To | I Think We're Alone Now | Beverly Hills | Say It Ain't So | You Might Think | Buddy Holly,,https://www.setlist.fm/setlist/weezer/2011/unknown-venue-los-angeles-ca-73da4681.html,,Headline,2011,05,12,12/05/2011
30/04/2011,Weezer,Hash Pipe | Troublemaker | Undone - The Sweater Song | Perfect Situation | Say It Ain't So | El Scorcho | Dope Nose | Surf Wax America | Island in the Sun | My Name Is Jonas | Beverly Hills | Photograph | In the Garage | Pork and Beans | Only in Dreams | (If You're Wondering If I Want You To) I Want You To | Buddy Holly,,https://www.setlist.fm/setlist/weezer/2011/pizza-hut-park-frisco-tx-63d386fb.html,Pizza Hut Park,Headline,2011,04,30,30/04/2011Pizza Hut Park
29/04/2011,Weezer,Hash Pipe | Troublemaker | Undone - The Sweater Song | No One Else | Say It Ain't So | El Scorcho | Surf Wax America | Island in the Sun | My Name Is Jonas | Beverly Hills | Pork and Beans | Only in Dreams | (If You're Wondering If I Want You To) I Want You To | Buddy Holly,,https://www.setlist.fm/setlist/weezer/2011/downtown-birmingham-birmingham-al-63d38657.html,Downtown Birmingham,Headline,2011,04,29,29/04/2011Downtown Birmingham
21/01/2011,Weezer,My Name Is Jonas | No One Else | The World Has Turned and Left Me Here | Buddy Holly | Undone - The Sweater Song | Surf Wax America | Say It Ain't So | In the Garage | Holiday | Only in Dreams | Karl's Memories Slide Show | Tired of Sex | Getchoo | No Other One | Why Bother? | Across the Sea | The Good Life | El Scorcho | Pink Triangle | Falling for You | Butterfly | I Just Threw Out the Love of My Dreams,Memories Tour,https://www.setlist.fm/setlist/weezer/2011/the-joint-at-hard-rock-hotel-las-vegas-nv-4bd2dbda.html,The Joint at Hard Rock Hotel,Headline,2011,01,21,21/01/2011The Joint at Hard Rock Hotel
08/01/2011,Weezer,Memories | Pork and Beans | The Greatest Man That Ever Lived (Variations on a Shaker Hymn) | Perfect Situation | Dope Nose | Hash Pipe | You Gave Your Love to Me Softly | Susanne | Jamie | Only in Dreams | Tired of Sex | Getchoo | No Other One | Why Bother? | Across the Sea | The Good Life | El Scorcho | Pink Triangle | Falling for You | Butterfly,Memories Tour,https://www.setlist.fm/setlist/weezer/2011/aragon-ballroom-chicago-il-4bd2ebc2.html,Aragon Ballroom,Headline,2011,01,08,08/01/2011Aragon Ballroom
07/01/2011,Weezer,Memories | (If You're Wondering If I Want You To) I Want You To | Troublemaker | Pork and Beans | Beverly Hills | Keep Fishin' | Photograph | Island in the Sun | Hash Pipe | Falling for You | My Name Is Jonas | No One Else | The World Has Turned and Left Me Here | Buddy Holly | Undone - The Sweater Song | Surf Wax America | Say It Ain't So | In the Garage | Holiday | Only in Dreams,Memories Tour,https://www.setlist.fm/setlist/weezer/2011/aragon-ballroom-chicago-il-bd2e96e.html,Aragon Ballroom,Headline,2011,01,07,07/01/2011Aragon Ballroom
18/12/2010,Weezer,Jamie,,https://www.setlist.fm/setlist/weezer/2010/roseland-ballroom-new-york-ny-7ba33e9c.html,Roseland Ballroom,Headline,2010,12,18,18/12/2010Roseland Ballroom
17/12/2010,Weezer,Memories | (If You're Wondering If I Want You To) I Want You To | Troublemaker | Pork and Beans | Beverly Hills | Keep Fishin' | Photograph | Island in the Sun | Hash Pipe | Falling for You | My Name Is Jonas | No One Else | The World Has Turned and Left Me Here | Buddy Holly | Undone - The Sweater Song | Surf Wax America | Say It Ain't So | In the Garage | Holiday | Only in Dreams,Memories Tour,https://www.setlist.fm/setlist/weezer/2010/roseland-ballroom-new-york-ny-3d2853b.html,Roseland Ballroom,Headline,2010,12,17,17/12/2010Roseland Ballroom
15/12/2010,Weezer,Memories | Pork and Beans | The Greatest Man That Ever Lived (Variations on a Shaker Hymn) | Perfect Situation | Dope Nose | Island in the Sun | Hash Pipe | You Gave Your Love to Me Softly | Susanne | Only in Dreams |  | Tired of Sex | Getchoo | No Other One | Why Bother? | Across the Sea | The Good Life | El Scorcho | Pink Triangle | Falling for You | Butterfly,Memories Tour,https://www.setlist.fm/setlist/weezer/2010/orpheum-theatre-boston-ma-2bd288d6.html,Orpheum Theatre,Headline,2010,12,15,15/12/2010Orpheum Theatre
14/12/2010,Weezer,Memories | (If You're Wondering If I Want You To) I Want You To | Troublemaker | Pork and Beans | Beverly Hills | Keep Fishin' | Photograph | Island in the Sun | Hash Pipe | Falling for You |  | My Name Is Jonas | No One Else | The World Has Turned and Left Me Here | Buddy Holly | Undone - The Sweater Song | Surf Wax America | Say It Ain't So | In the Garage | Holiday | Only in Dreams,Memories Tour,https://www.setlist.fm/setlist/weezer/2010/orpheum-theatre-boston-ma-bd289f6.html,Orpheum Theatre,Headline,2010,12,14,14/12/2010Orpheum Theatre
12/12/2010,Weezer,Me and My Posse | Hash Pipe | Troublemaker | Undone - The Sweater Song | Surf Wax America | Memories | Perfect Situation | Dope Nose | Say It Ain't So | Brian's Theme | Island in the Sun | El Scorcho | My Name Is Jonas | Beverly Hills | Pork and Beans | Kids / Poker Face | (If You're Wondering If I Want You To) I Want You To | Buddy Holly,,https://www.setlist.fm/setlist/weezer/2010/ford-park-vail-co-2bd28c9a.html,Ford Park,Headline,2010,12,12,12/12/2010Ford Park
30/11/2010,Weezer,Memories | Pork and Beans | The Greatest Man That Ever Lived (Variations on a Shaker Hymn) | Perfect Situation | Dope Nose | Island in the Sun | Hash Pipe | You Gave Your Love to Me Softly | Susanne | Only in Dreams | Tired of Sex | Getchoo | No Other One | Why Bother? | Across the Sea | The Good Life | El Scorcho | Pink Triangle | Falling for You | Butterfly,Memories Tour,https://www.setlist.fm/setlist/weezer/2010/masonic-auditorium-san-francisco-ca-53d2abb1.html,Masonic Auditorium,Headline,2010,11,30,30/11/2010Masonic Auditorium
29/11/2010,Weezer,Memories | (If You're Wondering If I Want You To) I Want You To | Troublemaker | Pork and Beans | Beverly Hills | Keep Fishin' | Photograph | Island in the Sun | Hash Pipe | Falling for You | My Name Is Jonas | No One Else | The World Has Turned and Left Me Here | Buddy Holly | Undone - The Sweater Song | Surf Wax America | Say It Ain't So | In the Garage | Holiday | Only in Dreams,Memories Tour,https://www.setlist.fm/setlist/weezer/2010/masonic-auditorium-san-francisco-ca-13d2a9f9.html,Masonic Auditorium,Headline,2010,11,29,29/11/2010Masonic Auditorium
27/11/2010,Weezer,Memories | Pork and Beans | The Greatest Man That Ever Lived (Variations on a Shaker Hymn) | Perfect Situation | Dope Nose | Island in the Sun | Hash Pipe | You Gave Your Love to Me Softly | Susanne | Only in Dreams | Tired of Sex | Getchoo | No Other One | Why Bother? | Across the Sea | The Good Life | El Scorcho | Pink Triangle | Falling for You | Butterfly,Memories Tour,https://www.setlist.fm/setlist/weezer/2010/gibson-amphitheatre-universal-city-ca-1bd2ad10.html,Gibson Amphitheatre,Headline,2010,11,27,27/11/2010Gibson Amphitheatre
26/11/2010,Weezer,Memories | (If You're Wondering If I Want You To) I Want You To | Troublemaker | Pork and Beans | Beverly Hills | Keep Fishin' | Photograph | Island in the Sun | Hash Pipe | Falling for You | My Name Is Jonas | No One Else | The World Has Turned and Left Me Here | Buddy Holly | Undone - The Sweater Song | Surf Wax America | Say It Ain't So | In the Garage | Holiday | Only in Dreams,Memories Tour,https://www.setlist.fm/setlist/weezer/2010/gibson-amphitheatre-universal-city-ca-2bd2b0b2.html,Gibson Amphitheatre,Headline,2010,11,26,26/11/2010Gibson Amphitheatre
30/10/2010,Weezer,Me and My Posse | Hash Pipe | You Gave Your Love to Me Softly | Undone - The Sweater Song | Tired of Sex | Surf Wax America | Hang On | Perfect Situation | Say It Ain't So | Brian's Theme | Island in the Sun | My Name Is Jonas | Beverly Hills | Pork and Beans | Teenage Dirtbag | (If You're Wondering If I Want You To) I Want You To | Buddy Holly,,https://www.setlist.fm/setlist/weezer/2010/chastain-park-amphitheater-atlanta-ga-13d571a5.html,Chastain Park Amphitheater,Headline,2010,10,30,30/10/2010Chastain Park Amphitheater
29/10/2010,Weezer,Me and My Posse | Hash Pipe | Troublemaker | Undone - The Sweater Song | Surf Wax America | Perfect Situation | Memories | Hang On | Dope Nose | Say It Ain't So | Brian's Theme | Island in the Sun | El Scorcho | My Name Is Jonas | Beverly Hills | Pork and Beans | Kids / Poker Face | (If You're Wondering If I Want You To) I Want You To | Buddy Holly,,https://www.setlist.fm/setlist/weezer/2010/city-park-new-orleans-la-5bd56318.html,City Park,Headline,2010,10,29,29/10/2010City Park
01/10/2010,Weezer,Me and My Posse | Hash Pipe | Troublemaker | Undone - The Sweater Song | Surf Wax America | Unspoken | Perfect Situation | Dope Nose | Say It Ain't So | Brian's Theme | Island in the Sun | El Scorcho | My Name Is Jonas | Beverly Hills | Pork and Beans | Kids / Poker Face | (If You're Wondering If I Want You To) I Want You To | Buddy Holly,,https://www.setlist.fm/setlist/weezer/2010/bare-pool-lounge-at-the-mirage-las-vegas-nv-3bd354c4.html,Bare Pool Lounge at The Mirage,Headline,2010,10,01,01/10/2010Bare Pool Lounge at The Mirage
25/09/2010,Weezer,Me and My Posse | Hash Pipe | Troublemaker | Undone - The Sweater Song | Surf Wax America | Memories | Perfect Situation | Dope Nose | Say It Ain't So | Island in the Sun | El Scorcho | My Name Is Jonas | Beverly Hills | Pork and Beans | Kids / Poker Face | (If You're Wondering If I Want You To) I Want You To | Buddy Holly,,https://www.setlist.fm/setlist/weezer/2010/bradley-university-arena-peoria-il-3bd55484.html,Bradley University Arena,Headline,2010,09,25,25/09/2010Bradley University Arena
24/09/2010,Weezer,Me and My Posse | Hash Pipe | Troublemaker | Undone - The Sweater Song | Surf Wax America | Memories | Perfect Situation | Dope Nose | Say It Ain't So | Brian's Theme | Island in the Sun | El Scorcho | My Name Is Jonas | Beverly Hills | Pork and Beans | Kids / Poker Face | (If You're Wondering If I Want You To) I Want You To | Buddy Holly,,https://www.setlist.fm/setlist/weezer/2010/south-oval-columbus-oh-4bd5c7da.html,South Oval,Headline,2010,09,24,24/09/2010South Oval
21/09/2010,Weezer,Me and My Posse | Hash Pipe | Troublemaker | Undone - The Sweater Song | Surf Wax America | Memories | Perfect Situation | Dope Nose | Say It Ain't So | Brian's Theme | Island in the Sun | El Scorcho | My Name Is Jonas | Beverly Hills | Pork and Beans | Kids / Poker Face | (If You're Wondering If I Want You To) I Want You To | Buddy Holly,,https://www.setlist.fm/setlist/weezer/2010/dunes-inn-los-angeles-ca-3da4137.html,Dunes Inn,Headline,2010,09,21,21/09/2010Dunes Inn
18/09/2010,Weezer,Me and My Posse | Hash Pipe | Troublemaker | Undone - The Sweater Song | Surf Wax America | Memories | Perfect Situation | Dope Nose | Say It Ain't So | Brian's Theme | Island in the Sun | El Scorcho | My Name Is Jonas | Beverly Hills | Pork and Beans | Kids / Poker Face | (If You're Wondering If I Want You To) I Want You To | Buddy Holly,,https://www.setlist.fm/setlist/weezer/2010/tempe-beach-park-tempe-az-43d5d3ff.html,Tempe Beach Park,Headline,2010,09,18,18/09/2010Tempe Beach Park
15/09/2010,Weezer,Memories,,https://www.setlist.fm/setlist/weezer/2010/the-tonight-show-with-jay-leno-burbank-ca-1bda4140.html,The Tonight Show with Jay Leno,Headline,2010,09,15,15/09/2010The Tonight Show with Jay Leno
09/09/2010,Weezer,Ruling Me | Memories | Pink Triangle | Unspoken,,https://www.setlist.fm/setlist/weezer/2010/siriusxm-studios-new-york-ny-7be98e30.html,SiriusXM Studios,Headline,2010,09,09,09/09/2010SiriusXM Studios
05/09/2010,Weezer,Me and My Posse | Hash Pipe | Troublemaker | Undone - The Sweater Song | Surf Wax America | Memories | Perfect Situation | Dope Nose | Say It Ain't So | Brian's Theme | Island in the Sun | El Scorcho | My Name Is Jonas | Beverly Hills | Pork and Beans | Kids / Poker Face | (If You're Wondering If I Want You To) I Want You To | Buddy Holly,,https://www.setlist.fm/setlist/weezer/2010/memorial-stadium-seattle-wa-73d5ee89.html,Memorial Stadium,Headline,2010,09,05,05/09/2010Memorial Stadium
04/09/2010,Weezer,Me and My Posse | Hash Pipe | Troublemaker | Undone - The Sweater Song | Surf Wax America | Memories | Perfect Situation | Dope Nose | Say It Ain't So | Brian's Theme | Island in the Sun | El Scorcho | My Name Is Jonas | Beverly Hills | Pork and Beans | Kids / Poker Face | (If You're Wondering If I Want You To) I Want You To | Buddy Holly,,https://www.setlist.fm/setlist/weezer/2010/northlands-grounds-edmonton-ab-canada-53d5ef61.html,Northlands Grounds,Headline,2010,09,04,04/09/2010Northlands Grounds
02/09/2010,Weezer,Me and My Posse | Hash Pipe | Troublemaker | Undone - The Sweater Song | Surf Wax America | Memories | Perfect Situation | Dope Nose | Say It Ain't So | Brian's Theme | Island in the Sun | El Scorcho | My Name Is Jonas | Beverly Hills | Pork and Beans | Kids / Poker Face | (If You're Wondering If I Want You To) I Want You To | Buddy Holly,,https://www.setlist.fm/setlist/weezer/2010/champlain-valley-fairgrounds-and-exposition-center-essex-junction-vt-43d5f347.html,Champlain Valley Fairgrounds and Exposition Center,Headline,2010,09,02,02/09/2010Champlain Valley Fairgrounds and Exposition Center
01/09/2010,Weezer,Me and My Posse | Hash Pipe | Troublemaker | Undone - The Sweater Song | Surf Wax America | Memories | Perfect Situation | Dope Nose | Say It Ain't So | Brian's Theme | Island in the Sun | El Scorcho | My Name Is Jonas | Beverly Hills | Pork and Beans | Kids / Poker Face | (If You're Wondering If I Want You To) I Want You To | Buddy Holly,,https://www.setlist.fm/setlist/weezer/2010/allentown-fairgrounds-allentown-pa-43d5f7fb.html,Allentown Fairgrounds,Headline,2010,09,01,01/09/2010Allentown Fairgrounds
29/08/2010,Weezer,Me and My Posse | Hash Pipe | Troublemaker | Undone - The Sweater Song | Surf Wax America | Teenage Dirtbag | Say It Ain't So | Memories | Island in the Sun | My Name Is Jonas | Beverly Hills | Pork and Beans | Kids / Poker Face | Buddy Holly,,https://www.setlist.fm/setlist/weezer/2010/little-johns-farm-reading-england-bd5fd66.html,Little John's Farm,Headline,2010,08,29,29/08/2010Little John's Farm
28/08/2010,Weezer,Me and My Posse | Hash Pipe | Undone - The Sweater Song | Surf Wax America | Teenage Dirtbag | Brian's Theme | Say It Ain't So | Memories | Island in the Sun | My Name Is Jonas | Beverly Hills | Pork and Beans | Kids / Poker Face | (If You're Wondering If I Want You To) I Want You To | Buddy Holly,,https://www.setlist.fm/setlist/weezer/2010/bramham-park-bramham-england-23d5fc13.html,Bramham Park,Headline,2010,08,28,28/08/2010Bramham Park
21/08/2010,Weezer,Me and My Posse | Hash Pipe | Troublemaker | Undone - The Sweater Song | Surf Wax America | Memories | Perfect Situation | Dope Nose | Say It Ain't So | Brian's Theme | Island in the Sun | El Scorcho | My Name Is Jonas | Beverly Hills | Pork and Beans | Kids / Poker Face | (If You're Wondering If I Want You To) I Want You To | Buddy Holly,,https://www.setlist.fm/setlist/weezer/2010/del-mar-fairgrounds-del-mar-ca-4bd58fee.html,Del Mar Fairgrounds,Headline,2010,08,21,21/08/2010Del Mar Fairgrounds
15/08/2010,Weezer,Me and My Posse | Hash Pipe | Undone - The Sweater Song | Surf Wax America | Island in the Sun | My Name Is Jonas | Beverly Hills | Pork and Beans | Kids / Poker Face,,https://www.setlist.fm/setlist/weezer/2010/dicks-sporting-goods-park-commerce-city-co-3da4143.html,Dick's Sporting Goods Park,Headline,2010,08,15,15/08/2010Dick's Sporting Goods Park
14/08/2010,Weezer,Me and My Posse | Hash Pipe | Troublemaker | Undone - The Sweater Song | Surf Wax America | Perfect Situation | Dope Nose | Say It Ain't So | Brian's Theme | Island in the Sun | El Scorcho | My Name Is Jonas | Beverly Hills | Pork and Beans | Kids / Poker Face | (If You're Wondering If I Want You To) I Want You To | Buddy Holly,,https://www.setlist.fm/setlist/weezer/2010/westfair-amphitheater-council-bluffs-ia-3d5e95b.html,Westfair Amphitheater,Headline,2010,08,14,14/08/2010Westfair Amphitheater
07/08/2010,Weezer,Me and My Posse | Hash Pipe | Troublemaker | Undone - The Sweater Song | Surf Wax America | Perfect Situation | Dope Nose | Say It Ain't So | Brian's Theme | Can't Stop Partying | Island in the Sun | El Scorcho | My Name Is Jonas | Beverly Hills | Pork and Beans | Kids / Poker Face | (If You're Wondering If I Want You To) I Want You To | Buddy Holly,,https://www.setlist.fm/setlist/weezer/2010/huntington-beach-pier-huntington-beach-ca-73d5b6b1.html,Huntington Beach Pier,Headline,2010,08,07,07/08/2010Huntington Beach Pier
01/08/2010,Weezer,Me and My Posse | Hash Pipe | Troublemaker | Undone - The Sweater Song | Surf Wax America | Perfect Situation | Dope Nose | Say It Ain't So | Brian's Theme | Can't Stop Partying | Island in the Sun | El Scorcho | My Name Is Jonas | Beverly Hills | Pork and Beans | Kids / Poker Face | (If You're Wondering If I Want You To) I Want You To | Buddy Holly,,https://www.setlist.fm/setlist/weezer/2010/parc-jean-drapeau-montreal-qc-canada-53d4478d.html,Parc Jean-Drapeau,Headline,2010,08,01,01/08/2010Parc Jean-Drapeau
31/07/2010,Weezer,Me and My Posse | Hash Pipe | Troublemaker | Undone - The Sweater Song | Surf Wax America | Trippin' Down the Freeway | Perfect Situation | Dope Nose | Say It Ain't So | Brian's Theme | Can't Stop Partying | Island in the Sun | El Scorcho | My Name Is Jonas | Beverly Hills | Pork and Beans | Kids / Poker Face | (If You're Wondering If I Want You To) I Want You To | Buddy Holly,,https://www.setlist.fm/setlist/weezer/2010/celeste-center-columbus-oh-5bd44784.html,Celeste Center,Headline,2010,07,31,31/07/2010Celeste Center
29/07/2010,Weezer,Me and My Posse | Hash Pipe | Troublemaker | Undone - The Sweater Song | Surf Wax America | Perfect Situation | Dope Nose | Say It Ain't So | Brian's Theme | Can't Stop Partying | Island in the Sun | El Scorcho | My Name Is Jonas | Beverly Hills | Pork and Beans | Kids / Poker Face | (If You're Wondering If I Want You To) I Want You To | Buddy Holly,,https://www.setlist.fm/setlist/weezer/2010/paso-robles-event-center-paso-robles-ca-53d58f5d.html,Paso Robles Event Center,Headline,2010,07,29,29/07/2010Paso Robles Event Center
24/07/2010,Weezer,Me and My Posse | Hash Pipe | Troublemaker | Undone - The Sweater Song | Surf Wax America | Brian's Theme | Perfect Situation | Say It Ain't So | Island in the Sun | My Name Is Jonas | Beverly Hills | Pork and Beans | Kids / Poker Face | (If You're Wondering If I Want You To) I Want You To | Buddy Holly,,https://www.setlist.fm/setlist/weezer/2010/halifax-common-halifax-ns-canada-3da414f.html,Halifax Common,Headline,2010,07,24,24/07/2010Halifax Common
22/07/2010,Weezer,Me and My Posse | Hash Pipe | Troublemaker | Undone - The Sweater Song | Surf Wax America | Trippin' Down the Freeway | Perfect Situation | Dope Nose | Say It Ain't So | Island in the Sun | Brian's Theme | Can't Stop Partying | El Scorcho | My Name Is Jonas | Beverly Hills | Pork and Beans | Kids / Poker Face | (If You're Wondering If I Want You To) I Want You To | Buddy Holly,,https://www.setlist.fm/setlist/weezer/2010/mile-one-centre-st-johns-nl-canada-23d45493.html,Mile One Centre,Headline,2010,07,22,22/07/2010Mile One Centre
18/07/2010,Weezer,Me and My Posse | Hash Pipe | Troublemaker | Undone - The Sweater Song | Surf Wax America | Trippin' Down the Freeway | Perfect Situation | Dope Nose | Say It Ain't So | Island in the Sun | Brian's Theme | Can't Stop Partying | El Scorcho | My Name Is Jonas | Beverly Hills | Pork and Beans | Kids / Poker Face | (If You're Wondering If I Want You To) I Want You To | Buddy Holly,,https://www.setlist.fm/setlist/weezer/2010/lebreton-flats-park-ottawa-on-canada-23d47843.html,LeBreton Flats Park,Headline,2010,07,18,18/07/2010LeBreton Flats Park
16/07/2010,Weezer,Me and My Posse | Hash Pipe | Troublemaker | Undone - The Sweater Song | Surf Wax America | Trippin' Down the Freeway | Perfect Situation | Dope Nose | Say It Ain't So | Island in the Sun | Brian's Theme | Can't Stop Partying | El Scorcho | My Name Is Jonas | Beverly Hills | Pork and Beans | Kids / Poker Face | (If You're Wondering If I Want You To) I Want You To | Buddy Holly,,https://www.setlist.fm/setlist/weezer/2010/williamsburg-waterfront-brooklyn-ny-2bd4687a.html,Williamsburg Waterfront,Headline,2010,07,16,16/07/2010Williamsburg Waterfront
15/07/2010,Weezer,Sexy Chick | Me and My Posse | Hash Pipe | Troublemaker | Undone - The Sweater Song | Surf Wax America | Trippin' Down the Freeway | Perfect Situation | Dope Nose | Say It Ain't So | Brian's Theme | Can't Stop Partying | Island in the Sun | El Scorcho | My Name Is Jonas | Beverly Hills | Pork and Beans | Kids / Poker Face | (If You're Wondering If I Want You To) I Want You To | Buddy Holly,,https://www.setlist.fm/setlist/weezer/2010/mgm-grand-at-foxwoods-mashantucket-ct-3d469f7.html,MGM Grand at Foxwoods,Headline,2010,07,15,15/07/2010MGM Grand at Foxwoods
11/07/2010,Weezer,Me and My Posse | Hash Pipe | Troublemaker | Undone - The Sweater Song | Surf Wax America | Trippin' Down the Freeway | Perfect Situation | Dope Nose | Say It Ain't So | Island in the Sun | Brian's Theme | Can't Stop Partying | El Scorcho | My Name Is Jonas | Beverly Hills | Pork and Beans | Kids / Poker Face | (If You're Wondering If I Want You To) I Want You To | Buddy Holly,,https://www.setlist.fm/setlist/weezer/2010/constellation-brands--marvin-sands-performing-arts-center-canandaigua-ny-43d47383.html,Constellation Brands – Marvin Sands Performing Arts Center,Headline,2010,07,11,11/07/2010Constellation Brands – Marvin Sands Performing Arts Center
10/07/2010,Weezer,Me and My Posse | Hash Pipe | Troublemaker | Undone - The Sweater Song | Surf Wax America | Trippin' Down the Freeway | Perfect Situation | Dope Nose | Say It Ain't So | Island in the Sun | Brian's Theme | Can't Stop Partying | El Scorcho | My Name Is Jonas | Beverly Hills | Pork and Beans | Kids / Poker Face | (If You're Wondering If I Want You To) I Want You To | Buddy Holly,,https://www.setlist.fm/setlist/weezer/2010/centennial-park-sarnia-on-canada-3d471f3.html,Centennial Park,Headline,2010,07,10,10/07/2010Centennial Park
09/07/2010,Weezer,Me and My Posse | Hash Pipe | Troublemaker | Undone - The Sweater Song | Surf Wax America | Trippin' Down the Freeway | Perfect Situation | Dope Nose | Say It Ain't So | Island in the Sun | Brian's Theme | Can't Stop Partying | El Scorcho | My Name Is Jonas | Beverly Hills | Pork and Beans | Kids / Poker Face | (If You're Wondering If I Want You To) I Want You To | Buddy Holly,,https://www.setlist.fm/setlist/weezer/2010/the-basilica-of-saint-mary-minneapolis-mn-6bd476da.html,The Basilica of Saint Mary,Headline,2010,07,09,09/07/2010The Basilica of Saint Mary
12/06/2010,Weezer,Me and My Posse | Hash Pipe | Troublemaker | Undone - The Sweater Song | Surf Wax America | Woolly Mammoth | Trippin' Down the Freeway | Perfect Situation | Dope Nose | Say It Ain't So | Brian's Theme | Can't Stop Partying | Why Bother? | (If You're Wondering If I Want You To) I Want You To | My Name Is Jonas | Beverly Hills | Pork and Beans | Kids / Poker Face | Island in the Sun | Buddy Holly,,https://www.setlist.fm/setlist/weezer/2010/great-stage-park-manchester-tn-3d429b7.html,Great Stage Park,Headline,2010,06,12,12/06/2010Great Stage Park
11/06/2010,Weezer,Me and My Posse | Hash Pipe | Troublemaker | Undone - The Sweater Song | Surf Wax America | Trippin' Down the Freeway | Perfect Situation | Dope Nose | Say It Ain't So | Brian's Theme | Can't Stop Partying | Why Bother? | (If You're Wondering If I Want You To) I Want You To | My Name Is Jonas | Beverly Hills | Pork and Beans | Kids / Poker Face | Island in the Sun | Buddy Holly,,https://www.setlist.fm/setlist/weezer/2010/horseshoe-southern-indiana-outdoor-arena-elizabeth-in-6bd42a6a.html,Horseshoe Southern Indiana Outdoor Arena,Headline,2010,06,11,11/06/2010Horseshoe Southern Indiana Outdoor Arena
05/06/2010,Weezer,Me and My Posse | Hash Pipe | Troublemaker | Undone - The Sweater Song | Surf Wax America | Woolly Mammoth | Trippin' Down the Freeway | Perfect Situation | Dope Nose | Say It Ain't So | Brian's Theme | Can't Stop Partying | Why Bother? | (If You're Wondering If I Want You To) I Want You To | My Name Is Jonas | Beverly Hills | Pork and Beans | Kids / Poker Face | Island in the Sun | Buddy Holly,,https://www.setlist.fm/setlist/weezer/2010/henry-w-maier-festival-park-milwaukee-wi-7bd4363c.html,Henry W. Maier Festival Park,Headline,2010,06,05,05/06/2010Henry W. Maier Festival Park
04/06/2010,Weezer,Me and My Posse | Hash Pipe | Troublemaker | Undone - The Sweater Song | Surf Wax America | Woolly Mammoth | Trippin' Down the Freeway | Perfect Situation | Dope Nose | Say It Ain't So | Brian's Theme | Can't Stop Partying | Why Bother? | (If You're Wondering If I Want You To) I Want You To | My Name Is Jonas | Beverly Hills | Pork and Beans | Kids / Poker Face | Island in the Sun | Buddy Holly,,https://www.setlist.fm/setlist/weezer/2010/city-market-kansas-city-mo-1bd5e964.html,City Market,Headline,2010,06,04,04/06/2010City Market
19/05/2010,Weezer,(If You're Wondering If I Want You To) I Want You To,,https://www.setlist.fm/setlist/weezer/2010/the-ellen-degeneres-show-burbank-ca-3da59b3.html,The Ellen DeGeneres Show,Headline,2010,05,19,19/05/2010The Ellen DeGeneres Show
12/05/2010,Weezer,Can't Stop Partying,,https://www.setlist.fm/setlist/weezer/2010/lopez-tonight-burbank-ca-1be101cc.html,Lopez Tonight,Headline,2010,05,12,12/05/2010Lopez Tonight
02/05/2010,Weezer,Me and My Posse | Hash Pipe | Troublemaker | Undone - The Sweater Song | Surf Wax America | Let It All Hang Out | Perfect Situation | Dope Nose | Say It Ain't So | Can't Stop Partying | Why Bother? | (If You're Wondering If I Want You To) I Want You To | My Name Is Jonas | Beverly Hills | Pork and Beans | Kids / Poker Face | Island in the Sun | Buddy Holly,,https://www.setlist.fm/setlist/weezer/2010/meadowlands-sports-complex-east-rutherford-nj-63d4eadb.html,Meadowlands Sports Complex,Headline,2010,05,02,02/05/2010Meadowlands Sports Complex
01/05/2010,Weezer,Me and My Posse | Hash Pipe | Troublemaker | Undone - The Sweater Song | Surf Wax America | Let It All Hang Out | Perfect Situation | Dope Nose | Say It Ain't So | Can't Stop Partying | Why Bother? | (If You're Wondering If I Want You To) I Want You To | My Name Is Jonas | Beverly Hills | Pork and Beans | Kids / Poker Face | Island in the Sun | Buddy Holly,,https://www.setlist.fm/setlist/weezer/2010/event-center-atlantic-city-nj-63d4ea4b.html,Event Center,Headline,2010,05,01,01/05/2010Event Center
30/04/2010,Weezer,Me and My Posse | Hash Pipe | Troublemaker | Undone - The Sweater Song | Surf Wax America | Woolly Mammoth | Let It All Hang Out | Perfect Situation | Dope Nose | Say It Ain't So | Can't Stop Partying | Why Bother? | (If You're Wondering If I Want You To) I Want You To | My Name Is Jonas | Beverly Hills | Pork and Beans | Kids / Poker Face | Island in the Sun | Buddy Holly,,https://www.setlist.fm/setlist/weezer/2010/byrd-stadium-college-park-md-3bd4e8e8.html,Byrd Stadium,Headline,2010,04,30,30/04/2010Byrd Stadium
28/04/2010,Weezer,Me and My Posse | Hash Pipe | Troublemaker | Undone - The Sweater Song | Surf Wax America | Let It All Hang Out | Perfect Situation | Dope Nose | Say It Ain't So | Can't Stop Partying | Why Bother? | (If You're Wondering If I Want You To) I Want You To | My Name Is Jonas | Beverly Hills | Pork and Beans | Kids / Poker Face | Island in the Sun | Buddy Holly,,https://www.setlist.fm/setlist/weezer/2010/west-palm-beach-waterfront-west-palm-beach-fl-13d5e965.html,West Palm Beach Waterfront,Headline,2010,04,28,28/04/2010West Palm Beach Waterfront
26/04/2010,Weezer,Hash Pipe | Perfect Situation | (If You're Wondering If I Want You To) I Want You To | Beverly Hills | Island in the Sun | Buddy Holly,,https://www.setlist.fm/setlist/weezer/2010/thom-thom-club-santa-monica-ca-bd5e966.html,Thom Thom Club,Headline,2010,04,26,26/04/2010Thom Thom Club
20/01/2010,Weezer,Hash Pipe | Troublemaker | Undone - The Sweater Song | Surf Wax America | Let It All Hang Out | Perfect Situation | Dope Nose | Say It Ain't So | Can't Stop Partying | Time | (If You're Wondering If I Want You To) I Want You To | I'm Your Daddy | My Name Is Jonas | Beverly Hills | Pork and Beans | Kids / Poker Face | Island in the Sun | Buddy Holly,,https://www.setlist.fm/setlist/weezer/2010/tallahassee-leon-city-civic-center-tallahassee-fl-53d76f69.html,Tallahassee-Leon City Civic Center,Headline,2010,01,20,20/01/2010Tallahassee-Leon City Civic Center
05/12/2009,Weezer,Me and My Posse | Hash Pipe | Troublemaker | Undone - The Sweater Song | Surf Wax America | Let It All Hang Out | Perfect Situation | Why Bother? | Dope Nose | Say It Ain't So | (If You're Wondering If I Want You To) I Want You To | Can't Stop Partying | El Scorcho | I'm Your Daddy | The Greatest Man That Ever Lived (Variations on a Shaker Hymn) | My Name Is Jonas | Beverly Hills | Pork and Beans | Kids / Poker Face | Island in the Sun | Buddy Holly,,https://www.setlist.fm/setlist/weezer/2009/air-canada-centre-toronto-on-canada-13d71995.html,Air Canada Centre,Headline,2009,12,05,05/12/2009Air Canada Centre
03/12/2009,Weezer,Me and My Posse | Hash Pipe | Troublemaker | Undone - The Sweater Song | Surf Wax America | Let It All Hang Out | Perfect Situation | Why Bother? | Dope Nose | Say It Ain't So | (If You're Wondering If I Want You To) I Want You To | Can't Stop Partying | Photograph | I'm Your Daddy | The Greatest Man That Ever Lived (Variations on a Shaker Hymn) | My Name Is Jonas | Beverly Hills | Pork and Beans | Kids / Poker Face | Island in the Sun | Buddy Holly,,https://www.setlist.fm/setlist/weezer/2009/eagles-ballroom-milwaukee-wi-73d71e25.html,Eagles Ballroom,Headline,2009,12,03,03/12/2009Eagles Ballroom
01/12/2009,Weezer,Me and My Posse | Hash Pipe | Troublemaker | Undone - The Sweater Song | Surf Wax America | Let It All Hang Out | Perfect Situation | Why Bother? | Dope Nose | Say It Ain't So | (If You're Wondering If I Want You To) I Want You To | Can't Stop Partying | Tired of Sex | Time | I'm Your Daddy | My Name Is Jonas | Beverly Hills | Pork and Beans | Kids / Poker Face | Island in the Sun | Buddy Holly,,https://www.setlist.fm/setlist/weezer/2009/aragon-ballroom-chicago-il-43d723bf.html,Aragon Ballroom,Headline,2009,12,01,01/12/2009Aragon Ballroom
27/11/2009,Weezer,(If You're Wondering If I Want You To) I Want You To | I'm Your Daddy | Put Me Back Together,,https://www.setlist.fm/setlist/weezer/2009/santa-monica-douglas-park-los-angeles-mexico-63a4fae3.html,Santa Monica Douglas Park,Headline,2009,11,27,27/11/2009Santa Monica Douglas Park
24/11/2009,Weezer,(If You're Wondering If I Want You To) I Want You To,,https://www.setlist.fm/setlist/weezer/2009/tonight-show-with-conan-obrien-los-angeles-ca-53da6b75.html,Tonight Show With Conan O'Brien,Headline,2009,11,24,24/11/2009Tonight Show With Conan O'Brien
31/10/2009,Weezer,Seven Nation Army | Hash Pipe | Undone - The Sweater Song | Troublemaker | Surf Wax America | I'm Your Daddy | Perfect Situation | Dope Nose | (If You're Wondering If I Want You To) I Want You To | Say It Ain't So | War Pigs | Why Bother? | Tired of Sex | My Name Is Jonas | Can't Stop Partying | Pork and Beans | Island in the Sun | Beverly Hills | Kids / Poker Face | Buddy Holly,,https://www.setlist.fm/setlist/weezer/2009/hammerstein-ballroom-new-york-ny-6bd7ca6a.html,Hammerstein Ballroom,Headline,2009,10,31,31/10/2009Hammerstein Ballroom
29/10/2009,Weezer,(If You're Wondering If I Want You To) I Want You To,,https://www.setlist.fm/setlist/weezer/2009/late-show-with-david-letterman-new-york-ny-1bda412c.html,Late Show With David Letterman,Headline,2009,10,29,29/10/2009Late Show With David Letterman
28/10/2009,Weezer,Viva la Vida | I'm Your Daddy | Why Bother? | Say It Ain't So | (If You're Wondering If I Want You To) I Want You To | Buddy Holly,,https://www.setlist.fm/setlist/weezer/2009/pc-richard-and-son-theater-new-york-ny-13d5e961.html,P.C. Richard & Son Theater,Headline,2009,10,28,28/10/2009P.C. Richard & Son Theater
27/10/2009,Weezer,Human | I'm Your Daddy | Why Bother? | Say It Ain't So | (If You're Wondering If I Want You To) I Want You To | Buddy Holly,,https://www.setlist.fm/setlist/weezer/2009/hard-rock-cafe-new-york-ny-1bd5e97c.html,Hard Rock Cafe,Headline,2009,10,27,27/10/2009Hard Rock Cafe
26/10/2009,Weezer,I'm Your Daddy,,https://www.setlist.fm/setlist/weezer/2009/late-show-with-david-letterman-new-york-ny-13e101e9.html,Late Show With David Letterman,Headline,2009,10,26,26/10/2009Late Show With David Letterman
24/10/2009,Weezer,Turn It On Again | Hash Pipe | Undone - The Sweater Song | Troublemaker | Surf Wax America | War Pigs | Perfect Situation | (If You're Wondering If I Want You To) I Want You To | Say It Ain't So | Why Bother? | My Name Is Jonas | Island in the Sun | Can't Stop Partying | Photograph | Song 2 | I'm Your Daddy | Pork and Beans | Beverly Hills | Kids / Poker Face | Buddy Holly,,https://www.setlist.fm/setlist/weezer/2009/hollywood-palladium-los-angeles-ca-4bd7d76e.html,Hollywood Palladium,Headline,2009,10,24,24/10/2009Hollywood Palladium
23/10/2009,Weezer,(If You're Wondering If I Want You To) I Want You To | I'm Your Daddy | Kids / Poker Face | Can't Stop Partying | Beverly Hills,,https://www.setlist.fm/setlist/weezer/2009/jimmy-kimmel-live-los-angeles-ca-6bd7da06.html,Jimmy Kimmel Live,Headline,2009,10,23,23/10/2009Jimmy Kimmel Live
22/10/2009,Weezer,I'm Your Daddy | Can't Stop Partying | (If You're Wondering If I Want You To) I Want You To | Brain Stew | Butterfly,,https://www.setlist.fm/setlist/weezer/2009/aol-sessions-los-angeles-ca-53e0bff9.html,AOL Sessions,Headline,2009,10,22,22/10/2009AOL Sessions
21/10/2009,Weezer,Hash Pipe | Undone - The Sweater Song | Troublemaker | Surf Wax America | Perfect Situation | (If You're Wondering If I Want You To) I Want You To | Say It Ain't So | Why Bother? | My Name Is Jonas | Island in the Sun | Can't Stop Partying | Photograph | Song 2 | I'm Your Daddy | Pork and Beans | Beverly Hills | War Pigs | Kids / Poker Face | Buddy Holly,,https://www.setlist.fm/setlist/weezer/2009/the-grand-ballroom-at-the-regency-center-san-francisco-ca-3bd7d8e4.html,The Grand Ballroom at the Regency Center,Headline,2009,10,21,21/10/2009The Grand Ballroom at the Regency Center
10/10/2009,Weezer,War Pigs | Hash Pipe | Undone - The Sweater Song | (If You're Wondering If I Want You To) I Want You To | Say It Ain't So | Why Bother? | Island in the Sun | I'm Your Daddy | Beverly Hills | Pork and Beans | Buddy Holly,,https://www.setlist.fm/setlist/weezer/2009/hot-topic-headquarters-city-of-industry-ca-13d5e97d.html,Hot Topic Headquarters,Headline,2009,10,10,10/10/2009Hot Topic Headquarters
21/09/2009,Weezer,Hash Pipe | (If You're Wondering If I Want You To) I Want You To | Why Bother? | I'm Your Daddy | Pork and Beans | Beverly Hills | Buddy Holly | Should I Stay or Should I Go,,https://www.setlist.fm/setlist/weezer/2009/the-roxy-west-hollywood-ca-bd5e97e.html,The Roxy,Headline,2009,09,21,21/09/2009The Roxy
17/09/2009,Weezer,War Pigs | Hash Pipe | Troublemaker | Undone - The Sweater Song | Surf Wax America | Perfect Situation | (If You're Wondering If I Want You To) I Want You To | Say It Ain't So | My Name Is Jonas | Island in the Sun | Why Bother? | Pork and Beans | Beverly Hills | Buddy Holly | Should I Stay or Should I Go,,https://www.setlist.fm/setlist/weezer/2009/verizon-wireless-amphitheatre-irvine-ca-3d789df.html,Verizon Wireless Amphitheatre,Headline,2009,09,17,17/09/2009Verizon Wireless Amphitheatre
16/09/2009,Weezer,War Pigs | Hash Pipe | Troublemaker | Undone - The Sweater Song | Surf Wax America | Perfect Situation | (If You're Wondering If I Want You To) I Want You To | Say It Ain't So | My Name Is Jonas | Island in the Sun | Why Bother? | Pork and Beans | Beverly Hills | Buddy Holly | Should I Stay or Should I Go,,https://www.setlist.fm/setlist/weezer/2009/cricket-wireless-amphitheatre-chula-vista-ca-bd251e2.html,Cricket Wireless Amphitheatre,Headline,2009,09,16,16/09/2009Cricket Wireless Amphitheatre
13/09/2009,Weezer,War Pigs | Hash Pipe | Troublemaker | Undone - The Sweater Song | Surf Wax America | Perfect Situation | (If You're Wondering If I Want You To) I Want You To | Say It Ain't So | My Name Is Jonas | Island in the Sun | Why Bother? | Pork and Beans | Beverly Hills | Buddy Holly | Should I Stay or Should I Go,,https://www.setlist.fm/setlist/weezer/2009/shoreline-amphitheatre-mountain-view-ca-bdf21a2.html,Shoreline Amphitheatre,Headline,2009,09,13,13/09/2009Shoreline Amphitheatre
12/09/2009,Weezer,War Pigs | Hash Pipe | Troublemaker | Undone - The Sweater Song | Surf Wax America | Perfect Situation | (If You're Wondering If I Want You To) I Want You To | Say It Ain't So | My Name Is Jonas | Island in the Sun | Why Bother? | Pork and Beans | Beverly Hills | Buddy Holly | Should I Stay or Should I Go,,https://www.setlist.fm/setlist/weezer/2009/sleep-train-amphitheatre-wheatland-ca-43d793e7.html,Sleep Train Amphitheatre,Headline,2009,09,12,12/09/2009Sleep Train Amphitheatre
10/09/2009,Weezer,War Pigs | Hash Pipe | Troublemaker | Undone - The Sweater Song | Surf Wax America | Perfect Situation | (If You're Wondering If I Want You To) I Want You To | Say It Ain't So | My Name Is Jonas | Island in the Sun | Why Bother? | Pork and Beans | Beverly Hills | Buddy Holly | Should I Stay or Should I Go,,https://www.setlist.fm/setlist/weezer/2009/white-river-amphitheatre-auburn-wa-bd791be.html,White River Amphitheatre,Headline,2009,09,10,10/09/2009White River Amphitheatre
06/09/2009,Weezer,War Pigs | Hash Pipe | Troublemaker | Undone - The Sweater Song | Surf Wax America | Perfect Situation | (If You're Wondering If I Want You To) I Want You To | Say It Ain't So | My Name Is Jonas | Island in the Sun | Why Bother? | Pork and Beans | Beverly Hills | Buddy Holly | Should I Stay or Should I Go,,https://www.setlist.fm/setlist/weezer/2009/fiddlers-green-amphitheatre-greenwood-village-co-6bdeca4e.html,Fiddler's Green Amphitheatre,Headline,2009,09,06,06/09/2009Fiddler's Green Amphitheatre
04/09/2009,Weezer,War Pigs | Hash Pipe | Troublemaker | Undone - The Sweater Song | Surf Wax America | Perfect Situation | (If You're Wondering If I Want You To) I Want You To | Say It Ain't So | My Name Is Jonas | Island in the Sun | Why Bother? | Pork and Beans | Beverly Hills | Buddy Holly | Should I Stay or Should I Go,,https://www.setlist.fm/setlist/weezer/2009/capitol-federal-park-at-sandstone-amphitheater-bonner-springs-ks-43d0ab53.html,Capitol Federal Park at Sandstone Amphitheater,Headline,2009,09,04,04/09/2009Capitol Federal Park at Sandstone Amphitheater
31/08/2009,Weezer,War Pigs | Hash Pipe | Troublemaker | Undone - The Sweater Song | Surf Wax America | Perfect Situation | (If You're Wondering If I Want You To) I Want You To | Say It Ain't So | Why Bother? | My Name Is Jonas | Island in the Sun | Photograph | Song 2 | I'm Your Daddy | Pork and Beans | Beverly Hills | Should I Stay or Should I Go | Kids / Poker Face | Buddy Holly,,https://www.setlist.fm/setlist/weezer/2009/saratoga-performing-arts-center-saratoga-springs-ny-43d79fa3.html,Saratoga Performing Arts Center,Headline,2009,08,31,31/08/2009Saratoga Performing Arts Center
30/08/2009,Weezer,20th Century Fox Fanfare | War Pigs | Hash Pipe | Troublemaker | Undone - The Sweater Song | Surf Wax America | Perfect Situation | (If You're Wondering If I Want You To) I Want You To | Say It Ain't So | My Name Is Jonas | Island in the Sun | The Good Life | Pork and Beans | Beverly Hills | Buddy Holly | Should I Stay or Should I Go,,https://www.setlist.fm/setlist/weezer/2009/merriweather-post-pavilion-columbia-md-7bd7a280.html,Merriweather Post Pavilion,Headline,2009,08,30,30/08/2009Merriweather Post Pavilion
29/08/2009,Weezer,20th Century Fox Fanfare | War Pigs | Hash Pipe | Troublemaker | Undone - The Sweater Song | Surf Wax America | Perfect Situation | (If You're Wondering If I Want You To) I Want You To | Say It Ain't So | My Name Is Jonas | Island in the Sun | The Good Life | Pork and Beans | Beverly Hills | Buddy Holly | Should I Stay or Should I Go,,https://www.setlist.fm/setlist/weezer/2009/comcast-theatre-hartford-ct-6bd7a226.html,Comcast Theatre,Headline,2009,08,29,29/08/2009Comcast Theatre
27/08/2009,Weezer,War Pigs | Hash Pipe | Troublemaker | Undone - The Sweater Song | Surf Wax America | Perfect Situation | (If You're Wondering If I Want You To) I Want You To | Say It Ain't So | My Name Is Jonas | Island in the Sun | The Good Life | Pork and Beans | Beverly Hills | Buddy Holly | Should I Stay or Should I Go,,https://www.setlist.fm/setlist/weezer/2009/susquehanna-bank-center-camden-nj-4bd7a72e.html,Susquehanna Bank Center,Headline,2009,08,27,27/08/2009Susquehanna Bank Center
26/08/2009,Weezer,War Pigs | Hash Pipe | Troublemaker | Undone - The Sweater Song | Surf Wax America | Perfect Situation | (If You're Wondering If I Want You To) I Want You To | Say It Ain't So | My Name Is Jonas | Island in the Sun | The Good Life | Pork and Beans | Beverly Hills | Buddy Holly | Should I Stay or Should I Go,,https://www.setlist.fm/setlist/weezer/2009/pnc-bank-arts-center-holmdel-nj-23d79c63.html,PNC Bank Arts Center,Headline,2009,08,26,26/08/2009PNC Bank Arts Center
25/08/2009,Weezer,War Pigs | Hash Pipe | Troublemaker | Undone - The Sweater Song | Surf Wax America | Perfect Situation | (If You're Wondering If I Want You To) I Want You To | Say It Ain't So | My Name Is Jonas | Island in the Sun | The Good Life | Pork and Beans | Beverly Hills | Buddy Holly | Should I Stay or Should I Go,,https://www.setlist.fm/setlist/weezer/2009/nikon-at-jones-beach-theater-wantagh-ny-5bd7a77c.html,Nikon at Jones Beach Theater,Headline,2009,08,25,25/08/2009Nikon at Jones Beach Theater
23/08/2009,Weezer,Hash Pipe | Troublemaker | Undone - The Sweater Song | Surf Wax America | Perfect Situation | (If You're Wondering If I Want You To) I Want You To | Say It Ain't So | My Name Is Jonas | Island in the Sun | The Good Life | Pork and Beans | Beverly Hills | Should I Stay or Should I Go | Buddy Holly,,https://www.setlist.fm/setlist/weezer/2009/molson-amphitheatre-toronto-on-canada-6bd7aa1e.html,Molson Amphitheatre,Headline,2009,08,23,23/08/2009Molson Amphitheatre
26/07/2009,Weezer,Seven Nation Army | Undone - The Sweater Song | The Girl Got Hot | Hash Pipe | Troublemaker | My Name Is Jonas | Say It Ain't So | Perfect Situation | Can't Stop Partying | The Good Life | Photograph | Song 2 | Island in the Sun | I'm Your Daddy | Beverly Hills | Pork and Beans | Keep Fishin' | Buddy Holly,,https://www.setlist.fm/setlist/weezer/2009/green-stage-yuzawa-japan-2bd7b8c2.html,GREEN STAGE,Headline,2009,07,26,26/07/2009GREEN STAGE
24/07/2009,Weezer,Seven Nation Army | Undone - The Sweater Song | The Girl Got Hot | Hash Pipe | Troublemaker | My Name Is Jonas | Say It Ain't So | Perfect Situation | Can't Stop Partying | The Good Life | Photograph | Song 2 | Island in the Sun | I'm Your Daddy | Beverly Hills | Pork and Beans | Keep Fishin' | Buddy Holly,,https://www.setlist.fm/setlist/weezer/2009/jisan-forest-resort-icheon-south-korea-7bd7ea40.html,Jisan Forest Resort,Headline,2009,07,24,24/07/2009Jisan Forest Resort
16/05/2009,Weezer,Undone - The Sweater Song | Hash Pipe | Troublemaker | Island in the Sun | Say It Ain't So | Perfect Situation | The Good Life | Beverly Hills | Buddy Holly | Kids / Poker Face | Pork and Beans,,https://www.setlist.fm/setlist/weezer/2009/verizon-wireless-amphitheatre-irvine-ca-bd7e18a.html,Verizon Wireless Amphitheatre,Headline,2009,05,16,16/05/2009Verizon Wireless Amphitheatre
14/05/2009,Weezer,Hash Pipe | Beverly Hills | Buddy Holly | Perfect Situation | Kids / Poker Face | Pork and Beans,,https://www.setlist.fm/setlist/weezer/2009/universal-studios-hollywood-universal-city-ca-7bd5ee10.html,Universal Studios Hollywood,Headline,2009,05,14,14/05/2009Universal Studios Hollywood
14/12/2008,Weezer,The Greatest Man That Ever Lived (Variations on a Shaker Hymn),,https://www.setlist.fm/setlist/weezer/2008/sony-pictures-studios-culver-city-ca-63f97e0b.html,Sony Pictures Studios,Headline,2008,12,14,14/12/2008Sony Pictures Studios
09/11/2008,Weezer,El Scorcho | My Name Is Jonas,,https://www.setlist.fm/setlist/weezer/2008/private-venue-los-angeles-ca-3ba58890.html,Private Venue,Headline,2008,11,09,09/11/2008Private Venue
25/10/2008,Weezer,My Name Is Jonas | Pink Triangle | Perfect Situation | Say It Ain't So | Susanne | Keep Fishin' | King | Undone - The Sweater Song | Pork and Beans | Dope Nose | Troublemaker | Automatic | Hash Pipe | El Scorcho | Time | The Greatest Man That Ever Lived (Variations on a Shaker Hymn) | Island in the Sun | Beverly Hills | Sliver | Buddy Holly,Troublemaker Tour,https://www.setlist.fm/setlist/weezer/2008/the-arena-at-gwinnett-center-duluth-ga-6bd6aa96.html,The Arena at Gwinnett Center,Headline,2008,10,25,25/10/2008The Arena at Gwinnett Center
23/10/2008,Weezer,My Name Is Jonas | Pink Triangle | Perfect Situation | Say It Ain't So | Susanne | Keep Fishin' | King | Undone - The Sweater Song | Pork and Beans | Dope Nose | Troublemaker | Automatic | Hash Pipe | El Scorcho | Morning Glory | The Greatest Man That Ever Lived (Variations on a Shaker Hymn) | Island in the Sun | Beverly Hills | Sliver | Buddy Holly,Troublemaker Tour,https://www.setlist.fm/setlist/weezer/2008/reliant-arena-houston-tx-3bd6a800.html,Reliant Arena,Headline,2008,10,23,23/10/2008Reliant Arena
21/10/2008,Weezer,My Name Is Jonas | Pink Triangle | Perfect Situation | Say It Ain't So | Susanne | Keep Fishin' | King | Undone - The Sweater Song | Pork and Beans | Dope Nose | Troublemaker | Automatic | Hash Pipe | El Scorcho | Time | The Greatest Man That Ever Lived (Variations on a Shaker Hymn) | Island in the Sun | Beverly Hills | Sliver | Buddy Holly,Troublemaker Tour,https://www.setlist.fm/setlist/weezer/2008/nokia-live-at-grand-prairie-grand-prairie-tx-1bd291e0.html,Nokia Live at Grand Prairie,Headline,2008,10,21,21/10/2008Nokia Live at Grand Prairie
20/10/2008,Weezer,My Name Is Jonas | Pink Triangle | Perfect Situation | Say It Ain't So | Keep Fishin' | Susanne | King | Undone - The Sweater Song | Pork and Beans | Dope Nose | Troublemaker | Automatic | Hash Pipe | El Scorcho | Time | The Greatest Man That Ever Lived (Variations on a Shaker Hymn) | Island in the Sun | Beverly Hills | Sliver | Buddy Holly,Troublemaker Tour,https://www.setlist.fm/setlist/weezer/2008/frank-erwin-center-austin-tx-2bd0f856.html,Frank Erwin Center,Headline,2008,10,20,20/10/2008Frank Erwin Center
18/10/2008,Weezer,My Name Is Jonas | Pink Triangle | Perfect Situation | Say It Ain't So | Susanne | Keep Fishin' | King | Undone - The Sweater Song | Pork and Beans | Dope Nose | Troublemaker | Automatic | Hash Pipe | El Scorcho | Time | The Greatest Man That Ever Lived (Variations on a Shaker Hymn) | Island in the Sun | Beverly Hills | Sliver | Buddy Holly,Troublemaker Tour,https://www.setlist.fm/setlist/weezer/2008/arizona-veterans-memorial-coliseum-phoenix-az-bda59be.html,Arizona Veterans Memorial Coliseum,Headline,2008,10,18,18/10/2008Arizona Veterans Memorial Coliseum
17/10/2008,Weezer,My Name Is Jonas | Pink Triangle | Perfect Situation | Susanne | Dope Nose | Pork and Beans | Keep Fishin' | Troublemaker | El Scorcho | Automatic | Undone - The Sweater Song | Hash Pipe | Say It Ain't So | Island in the Sun | Beverly Hills | Buddy Holly | The Greatest Man That Ever Lived (Variations on a Shaker Hymn),Troublemaker Tour,https://www.setlist.fm/setlist/weezer/2008/cox-arena-san-diego-ca-3bd6acc4.html,Cox Arena,Headline,2008,10,17,17/10/2008Cox Arena
14/10/2008,Weezer,My Name Is Jonas | Pink Triangle | Perfect Situation | Say It Ain't So | Susanne | Keep Fishin' | King | Undone - The Sweater Song | Pork and Beans | Dope Nose | Troublemaker | Automatic | Hash Pipe | El Scorcho | Time | The Greatest Man That Ever Lived (Variations on a Shaker Hymn) | Island in the Sun | Beverly Hills | Sliver | Buddy Holly,Troublemaker Tour,https://www.setlist.fm/setlist/weezer/2008/the-forum-inglewood-ca-bd5ed5e.html,The Forum,Headline,2008,10,14,14/10/2008The Forum
13/10/2008,Weezer,My Name Is Jonas | Pink Triangle | Perfect Situation | Say It Ain't So | Susanne | Keep Fishin' | King | Undone - The Sweater Song | Pork and Beans | Dope Nose | Troublemaker | Thought I Knew | Hash Pipe | El Scorcho | Time | The Greatest Man That Ever Lived (Variations on a Shaker Hymn) | Island in the Sun | Beverly Hills | Sliver | Buddy Holly,Troublemaker Tour,https://www.setlist.fm/setlist/weezer/2008/event-center-arena-san-jose-ca-7bd6b2f8.html,Event Center Arena,Headline,2008,10,13,13/10/2008Event Center Arena
11/10/2008,Weezer,My Name Is Jonas | Pink Triangle | Perfect Situation | Say It Ain't So | Susanne | Keep Fishin' | King | Undone - The Sweater Song | Pork and Beans | Dreamin' | Dope Nose | Troublemaker | Automatic | Hash Pipe | El Scorcho | Time | The Greatest Man That Ever Lived (Variations on a Shaker Hymn) | Island in the Sun | Beverly Hills | Sliver | Buddy Holly,Troublemaker Tour,https://www.setlist.fm/setlist/weezer/2008/keyarena-seattle-wa-53d6b3d9.html,KeyArena,Headline,2008,10,11,11/10/2008KeyArena
10/10/2008,Weezer,My Name Is Jonas | Pink Triangle | Perfect Situation | Say It Ain't So | Susanne | Keep Fishin' | Thought I Knew | Undone - The Sweater Song | Pork and Beans | Dreamin' | Dope Nose | Troublemaker | Automatic | Hash Pipe | El Scorcho | Time | The Greatest Man That Ever Lived (Variations on a Shaker Hymn) | Island in the Sun | Beverly Hills | Sliver | Buddy Holly,Troublemaker Tour,https://www.setlist.fm/setlist/weezer/2008/general-motors-place-vancouver-bc-canada-23d6b08f.html,General Motors Place,Headline,2008,10,10,10/10/2008General Motors Place
09/10/2008,Weezer,My Name Is Jonas | Pink Triangle | Perfect Situation | Say It Ain't So | Susanne | Keep Fishin' | King | Pork and Beans | Dreamin' | Dope Nose | Troublemaker | Automatic | Undone - The Sweater Song | Hash Pipe | El Scorcho | Morning Glory | The Greatest Man That Ever Lived (Variations on a Shaker Hymn) | Island in the Sun | Beverly Hills | Sliver | Buddy Holly,Troublemaker Tour,https://www.setlist.fm/setlist/weezer/2008/portland-memorial-coliseum-portland-or-13dfeda9.html,Portland Memorial Coliseum,Headline,2008,10,09,09/10/2008Portland Memorial Coliseum
07/10/2008,Weezer,My Name Is Jonas | Pink Triangle | Perfect Situation | Say It Ain't So | Susanne | Keep Fishin' | King | Pork and Beans | Dreamin' | Dope Nose | Troublemaker | Automatic | Undone - The Sweater Song | Hash Pipe | El Scorcho | Morning Glory | The Greatest Man That Ever Lived (Variations on a Shaker Hymn) | Island in the Sun | Beverly Hills | Sliver | Buddy Holly,Troublemaker Tour,https://www.setlist.fm/setlist/weezer/2008/e-center-west-valley-city-ut-3da59bf.html,E Center,Headline,2008,10,07,07/10/2008E Center
05/10/2008,Weezer,My Name Is Jonas | Pink Triangle | Perfect Situation | Say It Ain't So | Susanne | Keep Fishin' | King | Undone - The Sweater Song | Pork and Beans | Thought I Knew | Dope Nose | Troublemaker | Automatic | Hash Pipe | El Scorcho | Morning Glory | The Greatest Man That Ever Lived (Variations on a Shaker Hymn) | Island in the Sun | Beverly Hills | Sliver | Buddy Holly,Troublemaker Tour,https://www.setlist.fm/setlist/weezer/2008/broomfield-event-center-broomfield-co-3d5ed5f.html,Broomfield Event Center,Headline,2008,10,05,05/10/2008Broomfield Event Center
03/10/2008,Weezer,My Name Is Jonas | Pink Triangle | Perfect Situation | Say It Ain't So | Susanne | Keep Fishin' | King | Undone - The Sweater Song | Pork and Beans | Dreamin' | Dope Nose | Troublemaker | Automatic | Hash Pipe | El Scorcho | Morning Glory | The Greatest Man That Ever Lived (Variations on a Shaker Hymn) | Island in the Sun | Beverly Hills | Sliver | Buddy Holly,Troublemaker Tour,https://www.setlist.fm/setlist/weezer/2008/xcel-energy-center-st-paul-mn-3bd6b46c.html,Xcel Energy Center,Headline,2008,10,03,03/10/2008Xcel Energy Center
02/10/2008,Weezer,My Name Is Jonas | Pink Triangle | Perfect Situation | Say It Ain't So | Susanne | Keep Fishin' | King | Pork and Beans | Dreamin' | Dope Nose | Troublemaker | Automatic | Undone - The Sweater Song | Hash Pipe | El Scorcho | Morning Glory | The Greatest Man That Ever Lived (Variations on a Shaker Hymn) | Island in the Sun | Beverly Hills | Sliver | Buddy Holly,Troublemaker Tour,https://www.setlist.fm/setlist/weezer/2008/allstate-arena-rosemont-il-73d6ba01.html,Allstate Arena,Headline,2008,10,02,02/10/2008Allstate Arena
30/09/2008,Weezer,My Name Is Jonas | Pink Triangle | Perfect Situation | Say It Ain't So | Susanne | Keep Fishin' | King | Undone - The Sweater Song | Pork and Beans | Dreamin' | Dope Nose | Troublemaker | Automatic | Hash Pipe | El Scorcho | Morning Glory | The Greatest Man That Ever Lived (Variations on a Shaker Hymn) | Island in the Sun | Beverly Hills | Sliver | Buddy Holly,Troublemaker Tour,https://www.setlist.fm/setlist/weezer/2008/air-canada-centre-toronto-on-canada-2bd6b8b2.html,Air Canada Centre,Headline,2008,09,30,30/09/2008Air Canada Centre
29/09/2008,Weezer,My Name Is Jonas | Pink Triangle | Perfect Situation | Say It Ain't So | Susanne | Keep Fishin' | King | Undone - The Sweater Song | Pork and Beans | Dreamin' | Dope Nose | Troublemaker | Automatic | Hash Pipe | El Scorcho | Morning Glory | The Greatest Man That Ever Lived (Variations on a Shaker Hymn) | Island in the Sun | Beverly Hills | Sliver | Buddy Holly,Troublemaker Tour,https://www.setlist.fm/setlist/weezer/2008/the-palace-of-auburn-hills-auburn-hills-mi-1bda59b8.html,The Palace of Auburn Hills,Headline,2008,09,29,29/09/2008The Palace of Auburn Hills
27/09/2008,Weezer,My Name Is Jonas | Pink Triangle | Perfect Situation | Say It Ain't So | Susanne | Keep Fishin' | King | Undone - The Sweater Song | Pork and Beans | Dreamin' | Dope Nose | Troublemaker | Automatic | Hash Pipe | El Scorcho | Morning Glory | The Greatest Man That Ever Lived (Variations on a Shaker Hymn) | Island in the Sun | Beverly Hills | Heart Songs | Sliver | Buddy Holly,Troublemaker Tour,https://www.setlist.fm/setlist/weezer/2008/susquehanna-bank-center-camden-nj-3d6b927.html,Susquehanna Bank Center,Headline,2008,09,27,27/09/2008Susquehanna Bank Center
26/09/2008,Weezer,My Name Is Jonas | Pink Triangle | Perfect Situation | Say It Ain't So | Susanne | Keep Fishin' | King | Undone - The Sweater Song | Pork and Beans | Dreamin' | Dope Nose | Troublemaker | Automatic | Hash Pipe | El Scorcho | Morning Glory | The Greatest Man That Ever Lived (Variations on a Shaker Hymn) | Island in the Sun | Beverly Hills | Sliver | Buddy Holly,Troublemaker Tour,https://www.setlist.fm/setlist/weezer/2008/event-center-atlantic-city-nj-1bd5ed58.html,Event Center,Headline,2008,09,26,26/09/2008Event Center
24/09/2008,Weezer,My Name Is Jonas | Pink Triangle | Perfect Situation | Say It Ain't So | Susanne | Keep Fishin' | King | Undone - The Sweater Song | Pork and Beans | Dreamin' | Dope Nose | Troublemaker | Automatic | Hash Pipe | El Scorcho | Morning Glory | The Greatest Man That Ever Lived (Variations on a Shaker Hymn) | Island in the Sun | Beverly Hills | Sliver | Buddy Holly,Troublemaker Tour,https://www.setlist.fm/setlist/weezer/2008/madison-square-garden-new-york-ny-33d6bced.html,Madison Square Garden,Headline,2008,09,24,24/09/2008Madison Square Garden
23/09/2008,Weezer,Dope Nose | Hash Pipe | Dreamin' | Undone - The Sweater Song | Automatic | Say It Ain't So | Susanne | Troublemaker | King | My Name Is Jonas | Pink Triangle | Pork and Beans | Keep Fishin' | Perfect Situation | El Scorcho | The Greatest Man That Ever Lived (Variations on a Shaker Hymn) | Morning Glory | Island in the Sun | Beverly Hills | Heart Songs | Sliver | Buddy Holly,Troublemaker Tour,https://www.setlist.fm/setlist/weezer/2008/tsongas-arena-lowell-ma-63d45eb7.html,Tsongas Arena,Headline,2008,09,23,23/09/2008Tsongas Arena
15/09/2008,Weezer,Meri Kuri | Island in the Sun | El Scorcho | Beverly Hills | Dreamin' | Dope Nose | Pork and Beans | Why Bother? | Hash Pipe | Buddy Holly | Creep | My Name Is Jonas | Pink Triangle | Susanne | Undone - The Sweater Song | Keep Fishin' | Perfect Situation | Say It Ain't So | Thought I Knew | Troublemaker | Automatic | The Greatest Man That Ever Lived (Variations on a Shaker Hymn),Troublemaker Tour,https://www.setlist.fm/setlist/weezer/2008/yoyogi-daiichi-taiikukan-tokyo-japan-3bd7b054.html,Yoyogi Daiichi Taiikukan,Headline,2008,09,15,15/09/2008Yoyogi Daiichi Taiikukan
13/09/2008,Weezer,Island in the Sun | El Scorcho | Beverly Hills | Buddy Holly | Dope Nose | Pork and Beans | Why Bother? | Hash Pipe | Creep | My Name Is Jonas | Pink Triangle | Susanne | Undone - The Sweater Song | Keep Fishin' | Perfect Situation | Say It Ain't So | Thought I Knew | Troublemaker | Automatic | The Greatest Man That Ever Lived (Variations on a Shaker Hymn),Troublemaker Tour,https://www.setlist.fm/setlist/weezer/2008/intex-osaka-osaka-japan-23d7b04b.html,Intex Osaka,Headline,2008,09,13,13/09/2008Intex Osaka
12/09/2008,Weezer,Zousan (Little Elephant) | Island in the Sun | El Scorcho | Beverly Hills | Buddy Holly | Dope Nose | Pork and Beans | Why Bother? | Hash Pipe | Say It Ain't So | My Name Is Jonas | Pink Triangle | Susanne | Undone - The Sweater Song | Keep Fishin' | Perfect Situation | Troublemaker | Automatic | The Greatest Man That Ever Lived (Variations on a Shaker Hymn),Troublemaker Tour,https://www.setlist.fm/setlist/weezer/2008/zepp-tokyo-tokyo-japan-33d7b055.html,Zepp Tokyo,Headline,2008,09,12,12/09/2008Zepp Tokyo
10/09/2008,Weezer,Zousan (Little Elephant) | Island in the Sun | El Scorcho | Beverly Hills | Buddy Holly | Dope Nose | Pork and Beans | Why Bother? | Hash Pipe | Say It Ain't So | My Name Is Jonas | Pink Triangle | Susanne | Undone - The Sweater Song | Keep Fishin' | Perfect Situation | Troublemaker | Automatic | The Greatest Man That Ever Lived (Variations on a Shaker Hymn),Troublemaker Tour,https://www.setlist.fm/setlist/weezer/2008/zepp-fukuoka-fukuoka-japan-63d60287.html,Zepp Fukuoka,Headline,2008,09,10,10/09/2008Zepp Fukuoka
09/09/2008,Weezer,Island in the Sun | El Scorcho | Beverly Hills | Dope Nose | Pork and Beans | Hash Pipe | Susanne | Buddy Holly | Pink Triangle | Automatic | Say It Ain't So | Keep Fishin' | My Name Is Jonas | The Greatest Man That Ever Lived (Variations on a Shaker Hymn) | Perfect Situation | Troublemaker | Undone - The Sweater Song | We Will Rock You,Troublemaker Tour,https://www.setlist.fm/setlist/weezer/2008/aichi-ken-kinrou-kaikan-nagoya-japan-2bd7b056.html,Aichi-ken Kinrou Kaikan,Headline,2008,09,09,09/09/2008Aichi-ken Kinrou Kaikan
21/08/2008,Weezer,Troublemaker | Beverly Hills | Jamie | Undone - The Sweater Song | My Name Is Jonas,Troublemaker Tour,https://www.setlist.fm/setlist/weezer/2008/unknown-venue-los-angeles-ca-1be42db0.html,,Headline,2008,08,21,21/08/2008
20/08/2008,Weezer,My Name Is Jonas | Perfect Situation | Say It Ain't So | Keep Fishin' | Undone - The Sweater Song | Pork and Beans | Troublemaker | Hash Pipe | Heart Songs | Sliver | The Greatest Man That Ever Lived (Variations on a Shaker Hymn) | Island in the Sun | Beverly Hills | Buddy Holly,Troublemaker Tour,https://www.setlist.fm/setlist/weezer/2008/frank-erwin-center-austin-tx-7bcc1278.html,Frank Erwin Center,Headline,2008,08,20,20/08/2008Frank Erwin Center
18/08/2008,Weezer,Perfect Situation | Pork and Beans | Say It Ain't So | Susanne | Hash Pipe | Troublemaker,,https://www.setlist.fm/setlist/weezer/2008/kroq-fm-studios-los-angeles-ca-3da59bb.html,KROQ-FM Studios,Headline,2008,08,18,18/08/2008KROQ-FM Studios
24/07/2008,Weezer,Pork and Beans | It's Easy | Miss Sweeney | Why Bother? | King | Troublemaker,,https://www.setlist.fm/setlist/weezer/2008/aol-sessions-los-angeles-ca-13da59c1.html,AOL Sessions,Headline,2008,07,24,24/07/2008AOL Sessions
23/06/2008,Weezer,Buddy Holly | Why Bother? | The Good Life | Pork and Beans | Island in the Sun | Creep | Say It Ain't So | El Scorcho | Beverly Hills,Hootenanny Tour,https://www.setlist.fm/setlist/weezer/2008/unknown-venue-los-angeles-ca-3da59c3.html,,Headline,2008,06,23,23/06/2008
21/06/2008,Weezer,Pork and Beans | Island in the Sun | Creep | Say It Ain't So | El Scorcho | Beverly Hills,Hootenanny Tour,https://www.setlist.fm/setlist/weezer/2008/the-vera-project-seattle-wa-1bda59cc.html,The Vera Project,Headline,2008,06,21,21/06/2008The Vera Project
19/06/2008,Weezer,Pork and Beans | Island in the Sun | Creep | Say It Ain't So | El Scorcho | Beverly Hills,Hootenanny Tour,https://www.setlist.fm/setlist/weezer/2008/the-dance-hall-at-oaks-park-portland-or-3da59cf.html,The Dance Hall at Oaks Park,Headline,2008,06,19,19/06/2008The Dance Hall at Oaks Park
17/06/2008,Weezer,Buddy Holly | Perfect Situation | Island in the Sun | Pork and Beans | Pork and Beans | Island in the Sun | Creep | Say It Ain't So | El Scorcho | Beverly Hills,Hootenanny Tour,https://www.setlist.fm/setlist/weezer/2008/the-american-legion-post-41-phoenix-az-1bda59c8.html,The American Legion Post 41,Headline,2008,06,17,17/06/2008The American Legion Post 41
22/12/2005,Weezer,My Name Is Jonas | Perfect Situation | Don't Let Go | Dope Nose | Across the Sea | I Don't Know How to Love Him | Hash Pipe | Why Bother? | El Scorcho | Say It Ain't So | We Are All on Drugs | Surf Wax America | The Good Life | Beverly Hills | Photograph | Song 2 | Island in the Sun | Haunt You Every Day | Buddy Holly,Mos Burger Tour,https://www.setlist.fm/setlist/weezer/2005/studio-coast-tokyo-japan-3bd7b048.html,STUDIO COAST,Headline,2005,12,22,22/12/2005STUDIO COAST
21/12/2005,Weezer,Surf Wax America | The Good Life | Dope Nose | Perfect Situation | Keep Fishin' | Hash Pipe | Why Bother? | El Scorcho | Say It Ain't So | We Are All on Drugs | Across the Sea | This Is Such a Pity | My Name Is Jonas | Beverly Hills | Photograph | Song 2 | Island in the Sun | Undone - The Sweater Song | Buddy Holly,Mos Burger Tour,https://www.setlist.fm/setlist/weezer/2005/studio-coast-tokyo-japan-13da59c9.html,STUDIO COAST,Headline,2005,12,21,21/12/2005STUDIO COAST
20/12/2005,Weezer,Surf Wax America | The Good Life | Dope Nose | Perfect Situation | Keep Fishin' | Hash Pipe | Why Bother? | El Scorcho | Say It Ain't So | We Are All on Drugs | Across the Sea | This Is Such a Pity | My Name Is Jonas | Beverly Hills | Photograph | Song 2 | Island in the Sun | Undone - The Sweater Song | Buddy Holly,Mos Burger Tour,https://www.setlist.fm/setlist/weezer/2005/studio-coast-tokyo-japan-bda59ca.html,STUDIO COAST,Headline,2005,12,20,20/12/2005STUDIO COAST
19/12/2005,Weezer,My Name Is Jonas | Perfect Situation | Don't Let Go | Dope Nose | Across the Sea | Tired of Sex | Hash Pipe | Why Bother? | El Scorcho | Say It Ain't So | We Are All on Drugs | Surf Wax America | The Good Life | Beverly Hills | Photograph | Song 2 | Island in the Sun | Undone - The Sweater Song | Buddy Holly,Mos Burger Tour,https://www.setlist.fm/setlist/weezer/2005/zepp-tokyo-tokyo-japan-3da59cb.html,Zepp Tokyo,Headline,2005,12,19,19/12/2005Zepp Tokyo
18/12/2005,Weezer,My Name Is Jonas | Perfect Situation | Don't Let Go | Dope Nose | Across the Sea | Tired of Sex | Hash Pipe | Why Bother? | El Scorcho | Say It Ain't So | We Are All on Drugs | Surf Wax America | The Good Life | Beverly Hills | Photograph | Song 2 | Island in the Sun | Undone - The Sweater Song | Buddy Holly,Mos Burger Tour,https://www.setlist.fm/setlist/weezer/2005/zepp-nagoya-nagoya-japan-33d7b049.html,Zepp Nagoya,Headline,2005,12,18,18/12/2005Zepp Nagoya
17/12/2005,Weezer,My Name Is Jonas | Perfect Situation | Don't Let Go | Dope Nose | Across the Sea | Tired of Sex | Hash Pipe | Why Bother? | El Scorcho | Say It Ain't So | We Are All on Drugs | Surf Wax America | Beverly Hills | Photograph | Song 2 | Island in the Sun | Undone - The Sweater Song | Buddy Holly,Mos Burger Tour,https://www.setlist.fm/setlist/weezer/2005/zepp-tokyo-tokyo-japan-1bda59d4.html,Zepp Tokyo,Headline,2005,12,17,17/12/2005Zepp Tokyo
16/12/2005,Weezer,My Name Is Jonas | Perfect Situation | Don't Let Go | Dope Nose | Tired of Sex | Hash Pipe | Why Bother? | El Scorcho | Say It Ain't So | We Are All on Drugs | Surf Wax America | The Good Life | Beverly Hills | Photograph | Song 2 | Island in the Sun | Undone - The Sweater Song | Buddy Holly,Mos Burger Tour,https://www.setlist.fm/setlist/weezer/2005/zepp-tokyo-tokyo-japan-13da59d5.html,Zepp Tokyo,Headline,2005,12,16,16/12/2005Zepp Tokyo
15/12/2005,Weezer,My Name Is Jonas | Perfect Situation | Don't Let Go | Dope Nose | Keep Fishin' | Tired of Sex | Hash Pipe | Why Bother? | El Scorcho | Say It Ain't So | We Are All on Drugs | Surf Wax America | The Good Life | Beverly Hills | Photograph | Song 2 | Island in the Sun | Undone - The Sweater Song | Buddy Holly,Mos Burger Tour,https://www.setlist.fm/setlist/weezer/2005/zepp-tokyo-tokyo-japan-bda59d6.html,Zepp Tokyo,Headline,2005,12,15,15/12/2005Zepp Tokyo
01/11/2005,Weezer,Beverly Hills | Buddy Holly | Don't Let Go | Island in the Sun | Perfect Situation,,https://www.setlist.fm/setlist/weezer/2005/aol-sessions-los-angeles-ca-63dc326f.html,AOL Sessions,Headline,2005,11,01,01/11/2005AOL Sessions
30/10/2005,Weezer,My Name Is Jonas | Perfect Situation | Don't Let Go | Dope Nose | Keep Fishin' | Tired of Sex | Why Bother? | El Scorcho | Say It Ain't So | We Are All on Drugs | Surf Wax America | The Good Life | Beverly Hills | Photograph | Song 2 | Island in the Sun | Undone - The Sweater Song | Hash Pipe | Buddy Holly,Make Believe Tour,https://www.setlist.fm/setlist/weezer/2005/the-joint-at-hard-rock-hotel-las-vegas-nv-bd5554a.html,The Joint at Hard Rock Hotel,Headline,2005,10,30,30/10/2005The Joint at Hard Rock Hotel
29/10/2005,Weezer,My Name Is Jonas | Perfect Situation | Don't Let Go | Dope Nose | Keep Fishin' | Tired of Sex | Why Bother? | El Scorcho | Are 'Friends' Electric? | Say It Ain't So | We Are All on Drugs | Surf Wax America | The Good Life | Beverly Hills | Photograph | Song 2 | Island in the Sun | Undone - The Sweater Song | Hash Pipe | Buddy Holly,Make Believe Tour,https://www.setlist.fm/setlist/weezer/2005/selland-arena-fresno-ca-6bdc326a.html,Selland Arena,Headline,2005,10,29,29/10/2005Selland Arena
28/10/2005,Weezer,My Name Is Jonas | Perfect Situation | Don't Let Go | Dope Nose | Keep Fishin' | Tired of Sex | Why Bother? | El Scorcho | Say It Ain't So | We Are All on Drugs | Surf Wax America | The Good Life | Beverly Hills | Photograph | Song 2 | Island in the Sun | Undone - The Sweater Song | Hash Pipe | Buddy Holly,Foozer Tour,https://www.setlist.fm/setlist/weezer/2005/the-arena-in-oakland-oakland-ca-6bd5f6be.html,The Arena in Oakland,Headline,2005,10,28,28/10/2005The Arena in Oakland
26/10/2005,Weezer,My Name Is Jonas | Perfect Situation | Don't Let Go | Dope Nose | Keep Fishin' | Tired of Sex | Why Bother? | El Scorcho | Say It Ain't So | We Are All on Drugs | Surf Wax America | The Good Life | Beverly Hills | Photograph | Song 2 | Island in the Sun | Undone - The Sweater Song | Hash Pipe | Buddy Holly,Foozer Tour,https://www.setlist.fm/setlist/weezer/2005/keyarena-seattle-wa-3da59d7.html,KeyArena,Headline,2005,10,26,26/10/2005KeyArena
25/10/2005,Weezer,My Name Is Jonas | Perfect Situation | Don't Let Go | Dope Nose | Keep Fishin' | Tired of Sex | Why Bother? | El Scorcho | Say It Ain't So | We Are All on Drugs | Surf Wax America | Beverly Hills | Photograph | Song 2 | Island in the Sun | Undone - The Sweater Song | Hash Pipe | Buddy Holly,Foozer Tour,https://www.setlist.fm/setlist/weezer/2005/portland-memorial-coliseum-portland-or-1bda59d0.html,Portland Memorial Coliseum,Headline,2005,10,25,25/10/2005Portland Memorial Coliseum
23/10/2005,Weezer,My Name Is Jonas | Perfect Situation | Don't Let Go | Dope Nose | This Is Such a Pity | Tired of Sex | Why Bother? | El Scorcho | Say It Ain't So | We Are All on Drugs | Surf Wax America | The Good Life | Beverly Hills | Photograph | Song 2 | Island in the Sun | Undone - The Sweater Song | Hash Pipe | Buddy Holly,Foozer Tour,https://www.setlist.fm/setlist/weezer/2005/long-beach-arena-long-beach-ca-4bdc3396.html,Long Beach Arena,Headline,2005,10,23,23/10/2005Long Beach Arena
22/10/2005,Weezer,My Name Is Jonas | Perfect Situation | Don't Let Go | Dope Nose | This Is Such a Pity | Tired of Sex | Why Bother? | El Scorcho | Say It Ain't So | We Are All on Drugs | Surf Wax America | The Good Life | Beverly Hills | Photograph | Song 2 | Island in the Sun | Undone - The Sweater Song | Hash Pipe | Buddy Holly,Foozer Tour,https://www.setlist.fm/setlist/weezer/2005/long-beach-arena-long-beach-ca-5bdc3390.html,Long Beach Arena,Headline,2005,10,22,22/10/2005Long Beach Arena
21/10/2005,Weezer,My Name Is Jonas | Perfect Situation | Don't Let Go | Dope Nose | This Is Such a Pity | Tired of Sex | The Good Life | El Scorcho | Say It Ain't So | We Are All on Drugs | Surf Wax America | Beverly Hills | Photograph | Song 2 | Island in the Sun | Undone - The Sweater Song | Hash Pipe | Buddy Holly,Make Believe Tour,https://www.setlist.fm/setlist/weezer/2005/santa-barbara-bowl-santa-barbara-ca-4bdc3392.html,Santa Barbara Bowl,Headline,2005,10,21,21/10/2005Santa Barbara Bowl
20/10/2005,Weezer,Beverly Hills,,https://www.setlist.fm/setlist/weezer/2005/the-tonight-show-with-jay-leno-burbank-ca-43dc3393.html,The Tonight Show with Jay Leno,Headline,2005,10,20,20/10/2005The Tonight Show with Jay Leno
17/10/2005,Weezer,Beverly Hills | Hash Pipe,,https://www.setlist.fm/setlist/weezer/2005/howard-stern-radio-program-new-york-ny-5bdc339c.html,Howard Stern Radio Program,Headline,2005,10,17,17/10/2005Howard Stern Radio Program
15/10/2005,Weezer,My Name Is Jonas | Perfect Situation | Don't Let Go | This Is Such a Pity | Dope Nose | Big Me | Why Bother? | The Good Life | El Scorcho | We Are All on Drugs | Say It Ain't So | Surf Wax America | Photograph | Song 2 | Island in the Sun | Undone - The Sweater Song | Buddy Holly | Hash Pipe,Foozer Tour,https://www.setlist.fm/setlist/weezer/2005/dcu-center-worcester-ma-63d512a3.html,DCU Center,Headline,2005,10,15,15/10/2005DCU Center
14/10/2005,Weezer,Say It Ain't So | Perfect Situation | Don't Let Go | My Name Is Jonas | Dope Nose | This Is Such a Pity | Big Me | The Damage in Your Heart | Why Bother? | El Scorcho | We Are All on Drugs | Surf Wax America | Beverly Hills | Photograph | Song 2 | Island in the Sun | Undone - The Sweater Song | Hash Pipe | Buddy Holly,Foozer Tour,https://www.setlist.fm/setlist/weezer/2005/continental-airlines-arena-east-rutherford-nj-73d7d295.html,Continental Airlines Arena,Headline,2005,10,14,14/10/2005Continental Airlines Arena
13/10/2005,Weezer,When You Wish Upon a Star | Perfect Situation | Don't Let Go | My Name Is Jonas | Dope Nose | This Is Such a Pity | Big Me | The Damage in Your Heart | Smile | El Scorcho | Say It Ain't So | We Are All on Drugs | Surf Wax America | Beverly Hills | Photograph | Song 2 | Island in the Sun | Undone - The Sweater Song | Buddy Holly | Hash Pipe,Foozer Tour,https://www.setlist.fm/setlist/weezer/2005/wachovia-center-philadelphia-pa-7bd34244.html,Wachovia Center,Headline,2005,10,13,13/10/2005Wachovia Center
11/10/2005,Weezer,When You Wish Upon a Star | Hash Pipe | My Name Is Jonas | Peace | Don't Let Go | Dope Nose | This Is Such a Pity | Big Me | Perfect Situation | Smile | El Scorcho | Say It Ain't So | We Are All on Drugs | Surf Wax America | Beverly Hills | Photograph | Song 2 | Island in the Sun | Undone - The Sweater Song | Buddy Holly,Foozer Tour,https://www.setlist.fm/setlist/weezer/2005/arena-at-harbor-yard-bridgeport-ct-43d72b83.html,Arena At Harbor Yard,Headline,2005,10,11,11/10/2005Arena At Harbor Yard
10/10/2005,Weezer,My Name Is Jonas | Peace | Don't Let Go | Dope Nose | This Is Such a Pity | Big Me | Perfect Situation | Why Bother? | El Scorcho | Say It Ain't So | We Are All on Drugs | Surf Wax America | Beverly Hills | Hash Pipe | Photograph | Song 2 | Island in the Sun | Undone - The Sweater Song | Buddy Holly,Foozer Tour,https://www.setlist.fm/setlist/weezer/2005/patriot-center-fairfax-va-13da59d1.html,Patriot Center,Headline,2005,10,10,10/10/2005Patriot Center
08/10/2005,Weezer,When You Wish Upon a Star | My Name Is Jonas | Peace | Don't Let Go | Dope Nose | This Is Such a Pity | Big Me | Perfect Situation | Why Bother? | El Scorcho | Say It Ain't So | We Are All on Drugs | Surf Wax America | Beverly Hills | Hash Pipe | Photograph | Song 2 | Island in the Sun | Undone - The Sweater Song | Buddy Holly,Foozer Tour,https://www.setlist.fm/setlist/weezer/2005/wolstein-center-cleveland-oh-4bdf9b06.html,Wolstein Center,Headline,2005,10,08,08/10/2005Wolstein Center
07/10/2005,Weezer,My Name Is Jonas | Peace | Don't Let Go | Dope Nose | We Are All on Drugs | This Is Such a Pity | Why Bother? | Perfect Situation | Big Me | Hash Pipe | Buddy Holly | Beverly Hills | El Scorcho | Surf Wax America | Say It Ain't So | Island in the Sun | Undone - The Sweater Song | Photograph | Song 2,Foozer Tour,https://www.setlist.fm/setlist/weezer/2005/joe-louis-arena-detroit-mi-43dffb4f.html,Joe Louis Arena,Headline,2005,10,07,07/10/2005Joe Louis Arena
06/10/2005,Weezer,My Name Is Jonas | Peace | Don't Let Go | Dope Nose | This Is Such a Pity | Big Me | Perfect Situation | Keep Fishin' | El Scorcho | Say It Ain't So | We Are All on Drugs | Surf Wax America | Beverly Hills | Buddy Holly | Photograph | Song 2 | Island in the Sun | Undone - The Sweater Song | Hash Pipe,Foozer Tour,https://www.setlist.fm/setlist/weezer/2005/van-andel-arena-grand-rapids-mi-1bd5ed70.html,Van Andel Arena,Headline,2005,10,06,06/10/2005Van Andel Arena
04/10/2005,Weezer,My Name Is Jonas | My Best Friend | Don't Let Go | Dope Nose | This Is Such a Pity | Big Me | Perfect Situation | Keep Fishin' | El Scorcho | Say It Ain't So | We Are All on Drugs | In the Garage | Beverly Hills | Buddy Holly | Photograph | Song 2 | Island in the Sun | Undone - The Sweater Song | Hash Pipe,Foozer Tour,https://www.setlist.fm/setlist/weezer/2005/assembly-hall-champaign-il-4bd6877a.html,Assembly Hall,Headline,2005,10,04,04/10/2005Assembly Hall
03/10/2005,Weezer,My Name Is Jonas | The Other Way | Don't Let Go | Dope Nose | This Is Such a Pity | Big Me | Perfect Situation | Why Bother? | El Scorcho | Say It Ain't So | We Are All on Drugs | Surf Wax America | Beverly Hills | Buddy Holly | Photograph | Song 2 | Island in the Sun | Undone - The Sweater Song | Hash Pipe,Foozer Tour,https://www.setlist.fm/setlist/weezer/2005/allstate-arena-rosemont-il-13dff1e5.html,Allstate Arena,Headline,2005,10,03,03/10/2005Allstate Arena
02/10/2005,Weezer,My Name Is Jonas | Song 2 | Don't Let Go | In the Garage | This Is Such a Pity | Big Me | Perfect Situation | Why Bother? | Dope Nose | Say It Ain't So | We Are All on Drugs | Surf Wax America | Beverly Hills | Buddy Holly | Photograph | Island in the Sun | Undone - The Sweater Song | Hash Pipe,Foozer Tour,https://www.setlist.fm/setlist/weezer/2005/xcel-energy-center-st-paul-mn-63d156db.html,Xcel Energy Center,Headline,2005,10,02,02/10/2005Xcel Energy Center
30/09/2005,Weezer,My Name Is Jonas | Peace | Don't Let Go | In the Garage | This Is Such a Pity | Big Me | Perfect Situation | Why Bother? | El Scorcho | Say It Ain't So | We Are All on Drugs | Surf Wax America | Beverly Hills | Buddy Holly | Photograph | Island in the Sun | Undone - The Sweater Song | Hash Pipe,Foozer Tour,https://www.setlist.fm/setlist/weezer/2005/pepsi-center-denver-co-53dc33a5.html,Pepsi Center,Headline,2005,09,30,30/09/2005Pepsi Center
28/09/2005,Weezer,My Name Is Jonas | Peace | Don't Let Go | In the Garage | This Is Such a Pity | Big Me | Perfect Situation | Why Bother? | El Scorcho | Say It Ain't So | We Are All on Drugs | Surf Wax America | Beverly Hills | Buddy Holly | Photograph | Island in the Sun | Undone - The Sweater Song | Hash Pipe,Foozer Tour,https://www.setlist.fm/setlist/weezer/2005/america-west-arena-phoenix-az-63d5d2f3.html,America West Arena,Headline,2005,09,28,28/09/2005America West Arena
27/09/2005,Weezer,My Name Is Jonas | Peace | Don't Let Go | In the Garage | This Is Such a Pity | Big Me | Perfect Situation | Why Bother? | El Scorcho | Say It Ain't So | We Are All on Drugs | Surf Wax America | Beverly Hills | Buddy Holly | Photograph | Island in the Sun | Undone - The Sweater Song | Hash Pipe,Foozer Tour,https://www.setlist.fm/setlist/weezer/2005/cox-arena-san-diego-ca-3d675fb.html,Cox Arena,Headline,2005,09,27,27/09/2005Cox Arena
26/09/2005,Weezer,Beverly Hills | We Are All on Drugs | Island in the Sun,,https://www.setlist.fm/setlist/weezer/2005/jimmy-kimmel-live-los-angeles-ca-4bdc33a2.html,Jimmy Kimmel Live,Headline,2005,09,26,26/09/2005Jimmy Kimmel Live
24/09/2005,Weezer,My Name Is Jonas | Tired of Sex | Don't Let Go | In the Garage | This Is Such a Pity | Big Me | Perfect Situation | Why Bother? | El Scorcho | Say It Ain't So | We Are All on Drugs | The Good Life | Beverly Hills | Buddy Holly | Photograph | Island in the Sun | Undone - The Sweater Song | Hash Pipe | Surf Wax America,Make Believe Tour,https://www.setlist.fm/setlist/weezer/2005/curitiba-master-hall-curitiba-brazil-63d68a5f.html,Curitiba Master Hall,Headline,2005,09,24,24/09/2005Curitiba Master Hall
21/09/2005,Weezer,My Name Is Jonas | The Good Life | Don't Let Go | In the Garage | This Is Such a Pity | Big Me | Perfect Situation | Why Bother? | El Scorcho | Say It Ain't So | We Are All on Drugs | Beverly Hills | Buddy Holly | Photograph | Island in the Sun | Undone - The Sweater Song | Hash Pipe | Surf Wax America,Make Believe Tour,https://www.setlist.fm/setlist/weezer/2005/palacio-de-los-deportes-mexico-city-mexico-bd675fe.html,Palacio de los Deportes,Headline,2005,09,21,21/09/2005Palacio de los Deportes
20/09/2005,Weezer,Hash Pipe | Beverly Hills | Island in the Sun | We Are All on Drugs,,https://www.setlist.fm/setlist/weezer/2005/telehit-mexico-city-mexico-be101ce.html,Telehit,Headline,2005,09,20,20/09/2005Telehit
17/09/2005,Weezer,My Name Is Jonas | This Is Such a Pity | Big Me | Perfect Situation | In the Garage | El Scorcho | Say It Ain't So | We Are All on Drugs | Beverly Hills | Buddy Holly | Photograph | Island in the Sun | Undone - The Sweater Song | Hash Pipe | Surf Wax America,Make Believe Tour,https://www.setlist.fm/setlist/weezer/2005/hyundai-pavilion-san-bernardino-ca-5bdc33b4.html,Hyundai Pavilion,Headline,2005,09,17,17/09/2005Hyundai Pavilion
15/09/2005,Weezer,My Name Is Jonas | Tired of Sex | Don't Let Go | In the Garage | This Is Such a Pity | Big Me | Perfect Situation | Why Bother? | El Scorcho | Say It Ain't So | We Are All on Drugs | The Good Life | Beverly Hills | Buddy Holly | Photograph | Island in the Sun | Undone - The Sweater Song | Hash Pipe | Surf Wax America,Foozer Tour,https://www.setlist.fm/setlist/weezer/2005/smirnoff-music-centre-dallas-tx-3d5715b.html,Smirnoff Music Centre,Headline,2005,09,15,15/09/2005Smirnoff Music Centre
14/09/2005,Weezer,My Name Is Jonas | Peace | Don't Let Go | In the Garage | This Is Such a Pity | No One Else | Perfect Situation | Why Bother? | El Scorcho | Say It Ain't So | We Are All on Drugs | Beverly Hills | Buddy Holly | Photograph | Island in the Sun | Undone - The Sweater Song | Hash Pipe | Surf Wax America,Foozer Tour,https://www.setlist.fm/setlist/weezer/2005/frank-erwin-center-austin-tx-53dc33ad.html,Frank Erwin Center,Headline,2005,09,14,14/09/2005Frank Erwin Center
13/09/2005,Weezer,My Name Is Jonas | Don't Let Go | In the Garage | This Is Such a Pity | Why Bother? | Perfect Situation | El Scorcho | Say It Ain't So | We Are All on Drugs | Beverly Hills | Buddy Holly | Photograph | Island in the Sun | Undone - The Sweater Song | Hash Pipe | Surf Wax America,Foozer Tour,https://www.setlist.fm/setlist/weezer/2005/cynthia-woods-mitchell-pavilion-the-woodlands-tx-13d13599.html,Cynthia Woods Mitchell Pavilion,Headline,2005,09,13,13/09/2005Cynthia Woods Mitchell Pavilion
11/09/2005,Weezer,Don't Let Go | My Name Is Jonas | Peace | In the Garage | Death and Destruction | No One Else | Perfect Situation | Why Bother? | El Scorcho | Say It Ain't So | We Are All on Drugs | Beverly Hills | Buddy Holly | Photograph | Island in the Sun | Undone - The Sweater Song | Hash Pipe | Surf Wax America,Foozer Tour,https://www.setlist.fm/setlist/weezer/2005/st-pete-times-forum-tampa-fl-1bd5ed7c.html,St. Pete Times Forum,Headline,2005,09,11,11/09/2005St. Pete Times Forum
10/09/2005,Weezer,Don't Let Go | My Name Is Jonas | Fall Together | Death and Destruction | Peace | No One Else | Perfect Situation | Why Bother? | El Scorcho | Say It Ain't So | We Are All on Drugs | Beverly Hills | Buddy Holly | Photograph | Island in the Sun | Undone - The Sweater Song | Hash Pipe | Surf Wax America,Foozer Tour,https://www.setlist.fm/setlist/weezer/2005/bankatlantic-center-sunrise-fl-1bd37194.html,BankAtlantic Center,Headline,2005,09,10,10/09/2005BankAtlantic Center
08/09/2005,Weezer,Don't Let Go | My Name Is Jonas | Peace | In the Garage | Death and Destruction | No One Else | Perfect Situation | Why Bother? | El Scorcho | Say It Ain't So | We Are All on Drugs | Beverly Hills | Buddy Holly | Photograph | Island in the Sun | Undone - The Sweater Song | Hash Pipe | Surf Wax America,Foozer Tour,https://www.setlist.fm/setlist/weezer/2005/the-arena-at-gwinnett-center-duluth-ga-2bd09472.html,The Arena at Gwinnett Center,Headline,2005,09,08,08/09/2005The Arena at Gwinnett Center
05/09/2005,Weezer,Beverly Hills,,https://www.setlist.fm/setlist/weezer/2005/late-show-with-david-letterman-new-york-ny-1bda59dc.html,Late Show With David Letterman,Headline,2005,09,05,05/09/2005Late Show With David Letterman
26/08/2005,Weezer,Don't Let Go | My Name Is Jonas | Peace | Why Bother? | Death and Destruction | No One Else | Perfect Situation | Fall Together | El Scorcho | Say It Ain't So | We Are All on Drugs | Beverly Hills | Buddy Holly | Photograph | Island in the Sun | Undone - The Sweater Song | Hash Pipe | Surf Wax America,Make Believe Tour,https://www.setlist.fm/setlist/weezer/2005/corn-exchange-edinburgh-scotland-3d1ad57.html,Corn Exchange,Headline,2005,08,26,26/08/2005Corn Exchange
25/08/2005,Weezer,Don't Let Go | My Name Is Jonas | Peace | Why Bother? | Death and Destruction | No One Else | Perfect Situation | Fall Together | El Scorcho | Say It Ain't So | We Are All on Drugs | Beverly Hills | Buddy Holly | Photograph | Island in the Sun | Undone - The Sweater Song | Hash Pipe | Surf Wax America,Make Believe Tour,https://www.setlist.fm/setlist/weezer/2005/manchester-academy-1-manchester-england-5bd58fa8.html,Manchester Academy 1,Headline,2005,08,25,25/08/2005Manchester Academy 1
24/08/2005,Weezer,Don't Let Go | My Name Is Jonas | Peace | Why Bother? | Death and Destruction | No One Else | Perfect Situation | Fall Together | El Scorcho | Say It Ain't So | We Are All on Drugs | Beverly Hills | Buddy Holly | Photograph | Island in the Sun | Undone - The Sweater Song | Hash Pipe | Surf Wax America,Make Believe Tour,https://www.setlist.fm/setlist/weezer/2005/point-theatre-dublin-ireland-13d67505.html,Point Theatre,Headline,2005,08,24,24/08/2005Point Theatre
22/08/2005,Weezer,Don't Let Go | Undone - The Sweater Song | Peace | My Name Is Jonas | Why Bother? | El Scorcho | No One Else | Perfect Situation | Fall Together | Death and Destruction | Say It Ain't So | We Are All on Drugs | Beverly Hills | Buddy Holly | Photograph | Island in the Sun | Hold Me | Hash Pipe | Surf Wax America,Make Believe Tour,https://www.setlist.fm/setlist/weezer/2005/carling-apollo-hammersmith-london-england-3bd6744c.html,Carling Apollo Hammersmith,Headline,2005,08,22,22/08/2005Carling Apollo Hammersmith
20/08/2005,Weezer,Don't Let Go | Undone - The Sweater Song | Peace | My Name Is Jonas | Why Bother? | El Scorcho | Perfect Situation | Fall Together | Death and Destruction | Say It Ain't So | We Are All on Drugs | Beverly Hills | Buddy Holly | Photograph | Island in the Sun | Hold Me | Hash Pipe | Haunt You Every Day,Make Believe Tour,https://www.setlist.fm/setlist/weezer/2005/stausee-hohenfelden-germany-13da4111.html,Stausee,Headline,2005,08,20,20/08/2005Stausee
19/08/2005,Weezer,Don't Let Go | Undone - The Sweater Song | Peace | My Name Is Jonas | El Scorcho | No One Else | Perfect Situation | Say It Ain't So | We Are All on Drugs | Beverly Hills | Buddy Holly | Photograph | Island in the Sun | Hold Me | Hash Pipe | Surf Wax America,Make Believe Tour,https://www.setlist.fm/setlist/weezer/2005/muffathalle-munich-germany-bda4112.html,Muffathalle,Headline,2005,08,19,19/08/2005Muffathalle
18/08/2005,Weezer,Don't Let Go | Undone - The Sweater Song | Peace | My Name Is Jonas | Why Bother? | No One Else | Perfect Situation | El Scorcho | Fall Together | Death and Destruction | Say It Ain't So | We Are All on Drugs | Beverly Hills | Buddy Holly | Photograph | Island in the Sun | Hash Pipe | Surf Wax America,Make Believe Tour,https://www.setlist.fm/setlist/weezer/2005/salzburgring-plainfeld-austria-43dc8bc7.html,Salzburgring,Headline,2005,08,18,18/08/2005Salzburgring
15/08/2005,Weezer,Photograph | Undone - The Sweater Song | We Are All on Drugs | Why Bother? | El Scorcho | No One Else | Perfect Situation | Fall Together | Island in the Sun | Beverly Hills | Buddy Holly | Hash Pipe | Say It Ain't So | Surf Wax America,Make Believe Tour,https://www.setlist.fm/setlist/weezer/2005/zepp-tokyo-tokyo-japan-1bda411c.html,Zepp Tokyo,Headline,2005,08,15,15/08/2005Zepp Tokyo
14/08/2005,Weezer,Photograph | Undone - The Sweater Song | We Are All on Drugs | Why Bother? | El Scorcho | No One Else | Perfect Situation | Fall Together | Island in the Sun | Beverly Hills | Buddy Holly | Hash Pipe | Say It Ain't So | Surf Wax America,Make Believe Tour,https://www.setlist.fm/setlist/weezer/2005/chiba-marine-stadium-chiba-japan-bda411e.html,Chiba Marine Stadium,Headline,2005,08,14,14/08/2005Chiba Marine Stadium
13/08/2005,Weezer,Photograph | Undone - The Sweater Song | We Are All on Drugs | Why Bother? | El Scorcho | No One Else | Perfect Situation | Fall Together | Island in the Sun | Beverly Hills | Buddy Holly | Hash Pipe | Say It Ain't So | Surf Wax America,Make Believe Tour,https://www.setlist.fm/setlist/weezer/2005/wtc-open-air-stadium-osaka-japan-6bd60286.html,WTC Open Air Stadium,Headline,2005,08,13,13/08/2005WTC Open Air Stadium
23/07/2005,Weezer,Say It Ain't So | Photograph | Undone - The Sweater Song | Peace | My Name Is Jonas | Why Bother? | El Scorcho | No One Else | Perfect Situation | Fall Together | Death and Destruction | Island in the Sun | We Are All on Drugs | Beverly Hills | Buddy Holly | Hold Me | Hash Pipe | Surf Wax America,Make Believe Tour,https://www.setlist.fm/setlist/weezer/2005/grant-park-chicago-il-bd5ed7e.html,Grant Park,Headline,2005,07,23,23/07/2005Grant Park
22/07/2005,Weezer,Photograph | Undone - The Sweater Song | Peace | My Name Is Jonas | Why Bother? | El Scorcho | No One Else | Perfect Situation | Fall Together | Death and Destruction | Island in the Sun | We Are All on Drugs | Say It Ain't So | Beverly Hills | Buddy Holly | Hold Me | Hash Pipe | Surf Wax America,Make Believe Tour,https://www.setlist.fm/setlist/weezer/2005/savvis-center-st-louis-mo-1bd5ed78.html,Savvis Center,Headline,2005,07,22,22/07/2005Savvis Center
21/07/2005,Weezer,We Are All on Drugs | Photograph | Undone - The Sweater Song | Peace | My Name Is Jonas | Why Bother? | In the Garage | No One Else | Perfect Situation | Fall Together | Death and Destruction | Island in the Sun | Say It Ain't So | Beverly Hills | Buddy Holly | Hold Me | Hash Pipe | Surf Wax America,Make Believe Tour,https://www.setlist.fm/setlist/weezer/2005/nashville-municipal-auditorium-nashville-tn-1bda4118.html,Nashville Municipal Auditorium,Headline,2005,07,21,21/07/2005Nashville Municipal Auditorium
19/07/2005,Weezer,Photograph | Undone - The Sweater Song | Peace | El Scorcho | Perfect Situation | Death and Destruction | Island in the Sun | We Are All on Drugs | Say It Ain't So | Beverly Hills | Buddy Holly | Hash Pipe | Beverly Hills | Surf Wax America,Make Believe Tour,https://www.setlist.fm/setlist/weezer/2005/hard-rock-live-orlando-fl-1bd7d168.html,Hard Rock Live,Headline,2005,07,19,19/07/2005Hard Rock Live
17/07/2005,Weezer,Say It Ain't So | Photograph | Undone - The Sweater Song | Peace | My Name Is Jonas | Why Bother? | El Scorcho | No One Else | Perfect Situation | Death and Destruction | Island in the Sun | We Are All on Drugs | Beverly Hills | Buddy Holly | Hold Me | Hash Pipe | Surf Wax America,Make Believe Tour,https://www.setlist.fm/setlist/weezer/2005/house-of-blues-north-myrtle-beach-sc-3d5ed7b.html,House of Blues,Headline,2005,07,17,17/07/2005House of Blues
16/07/2005,Weezer,Say It Ain't So | Photograph | Undone - The Sweater Song | Peace | My Name Is Jonas | Fall Together | El Scorcho | No One Else | Perfect Situation | Death and Destruction | Island in the Sun | We Are All on Drugs | Beverly Hills | Buddy Holly | Haunt You Every Day | Hash Pipe | Surf Wax America,Make Believe Tour,https://www.setlist.fm/setlist/weezer/2005/underground-atlanta-atlanta-ga-73d5f285.html,Underground Atlanta,Headline,2005,07,16,16/07/2005Underground Atlanta
14/07/2005,Weezer,Say It Ain't So | Photograph | Undone - The Sweater Song | Peace | My Name Is Jonas | Fall Together | El Scorcho | No One Else | Perfect Situation | Death and Destruction | Island in the Sun | We Are All on Drugs | Beverly Hills | Buddy Holly | Haunt You Every Day | Hash Pipe | Surf Wax America,Make Believe Tour,https://www.setlist.fm/setlist/weezer/2005/borgata-event-center-atlantic-city-nj-6bd5f286.html,Borgata Event Center,Headline,2005,07,14,14/07/2005Borgata Event Center
13/07/2005,Weezer,Say It Ain't So | Photograph | Undone - The Sweater Song | Peace | My Name Is Jonas | Fall Together | El Scorcho | Pardon Me | Perfect Situation | Death and Destruction | Island in the Sun | We Are All on Drugs | Beverly Hills | Buddy Holly | No One Else | Hash Pipe,Make Believe Tour,https://www.setlist.fm/setlist/weezer/2005/nassau-veterans-memorial-coliseum-uniondale-ny-73d5f281.html,Nassau Veterans Memorial Coliseum,Headline,2005,07,13,13/07/2005Nassau Veterans Memorial Coliseum
12/07/2005,Weezer,Say It Ain't So | Photograph | Undone - The Sweater Song | Peace | My Name Is Jonas | Fall Together | El Scorcho | Hold Me | In the Garage | Perfect Situation | Death and Destruction | Island in the Sun | We Are All on Drugs | Beverly Hills | Buddy Holly | Haunt You Every Day | Hash Pipe,Make Believe Tour,https://www.setlist.fm/setlist/weezer/2005/the-colisee-lewiston-me-7bd5f28c.html,The Colisee,Headline,2005,07,12,12/07/2005The Colisee
10/07/2005,Weezer,Say It Ain't So | Photograph | Undone - The Sweater Song | Peace | Fall Together | El Scorcho | Hold Me | My Name Is Jonas | Perfect Situation | Death and Destruction | Island in the Sun | We Are All on Drugs | Beverly Hills | Buddy Holly | Haunt You Every Day | Hash Pipe,Make Believe Tour,https://www.setlist.fm/setlist/weezer/2005/stade-uniprix-montreal-qc-canada-6bd5f28e.html,Stade Uniprix,Headline,2005,07,10,10/07/2005Stade Uniprix
09/07/2005,Weezer,Say It Ain't So | Photograph | Undone - The Sweater Song | Peace | This Is Such a Pity | Getchoo | El Scorcho | Hold Me | Perfect Situation | Death and Destruction | Island in the Sun | We Are All on Drugs | Beverly Hills | Buddy Holly | Haunt You Every Day | Hash Pipe,Make Believe Tour,https://www.setlist.fm/setlist/weezer/2005/molson-amphitheatre-toronto-on-canada-63d5f28f.html,Molson Amphitheatre,Headline,2005,07,09,09/07/2005Molson Amphitheatre
07/07/2005,Weezer,Say It Ain't So | Photograph | Undone - The Sweater Song | Peace | Pardon Me | Fall Together | El Scorcho | Hold Me | Perfect Situation | Death and Destruction | Island in the Sun | We Are All on Drugs | Beverly Hills | Buddy Holly | Haunt You Every Day | Hash Pipe,Make Believe Tour,https://www.setlist.fm/setlist/weezer/2005/marcus-amphitheater-milwaukee-wi-6bd5f28a.html,Marcus Amphitheater,Headline,2005,07,07,07/07/2005Marcus Amphitheater
05/07/2005,Weezer,El Scorcho | Say It Ain't So | Photograph | Undone - The Sweater Song | No One Else | Peace | Pardon Me | In the Garage | Fall Together | Hold Me | Perfect Situation | Getchoo | Island in the Sun | We Are All on Drugs | Beverly Hills | Buddy Holly | Haunt You Every Day | Hash Pipe,Make Believe Tour,https://www.setlist.fm/setlist/weezer/2005/verizon-wireless-amphitheater-bonner-springs-ks-1bda4120.html,Verizon Wireless Amphitheater,Headline,2005,07,05,05/07/2005Verizon Wireless Amphitheater
02/07/2005,Weezer,Say It Ain't So | Photograph | Undone - The Sweater Song | No One Else | Peace | Pardon Me | In the Garage | Hold Me | Perfect Situation | Island in the Sun | We Are All on Drugs | Beverly Hills | Buddy Holly | Hash Pipe,Make Believe Tour,https://www.setlist.fm/setlist/weezer/2005/sam-boyd-stadium-las-vegas-nv-73d5f295.html,Sam Boyd Stadium,Headline,2005,07,02,02/07/2005Sam Boyd Stadium
17/06/2005,Weezer,Tired of Sex | In the Garage | Pardon Me | Buddy Holly | Photograph | Hold Me | Getchoo | Say It Ain't So | Peace | Island in the Sun | We Are All on Drugs | My Name Is Jonas | This Is Such a Pity | Beverly Hills | The Good Life | Undone - The Sweater Song | Haunt You Every Day | Hash Pipe,Make Believe Tour,https://www.setlist.fm/setlist/weezer/2005/carling-academy-glasgow-glasgow-scotland-3d67507.html,Carling Academy Glasgow,Headline,2005,06,17,17/06/2005Carling Academy Glasgow
15/06/2005,Weezer,Tired of Sex | In the Garage | This Is Such a Pity | Buddy Holly | Photograph | Hold Me | Getchoo | Say It Ain't So | We Are All on Drugs | Island in the Sun | My Name Is Jonas | Peace | Slob | Beverly Hills | The Good Life | Undone - The Sweater Song | Haunt You Every Day | Hash Pipe,Make Believe Tour,https://www.setlist.fm/setlist/weezer/2005/carling-academy-brixton-london-england-6bd5f296.html,Carling Academy Brixton,Headline,2005,06,15,15/06/2005Carling Academy Brixton
14/06/2005,Weezer,Tired of Sex | In the Garage | Pardon Me | Buddy Holly | Photograph | Hold Me | Getchoo | Say It Ain't So | We Are All on Drugs | Island in the Sun | No One Else | Peace | Slob | Beverly Hills | The Good Life | Undone - The Sweater Song | Haunt You Every Day | Hash Pipe,Make Believe Tour,https://www.setlist.fm/setlist/weezer/2005/carling-academy-brixton-london-england-7bd5f290.html,Carling Academy Brixton,Headline,2005,06,14,14/06/2005Carling Academy Brixton
13/06/2005,Weezer,Tired of Sex | In the Garage | Pardon Me | Buddy Holly | Photograph | Hold Me | Getchoo | Say It Ain't So | We Are All on Drugs | Island in the Sun | My Name Is Jonas | Peace | Slob | Beverly Hills | The Good Life | Undone - The Sweater Song | Haunt You Every Day | Hash Pipe,Make Believe Tour,https://www.setlist.fm/setlist/weezer/2005/carling-academy-birmingham-england-5bd58f20.html,Carling Academy,Headline,2005,06,13,13/06/2005Carling Academy
10/06/2005,Weezer,Say It Ain't So | Photograph | Undone - The Sweater Song | Peace | My Name Is Jonas | Pardon Me | In the Garage | Island in the Sun | We Are All on Drugs | Slob | Beverly Hills | The Good Life | Hash Pipe | Buddy Holly,Make Believe Tour,https://www.setlist.fm/setlist/weezer/2005/pannonia-fields-ii-nickelsdorf-austria-43d4277f.html,Pannonia Fields II,Headline,2005,06,10,10/06/2005Pannonia Fields II
08/06/2005,Weezer,Tired of Sex | In the Garage | Pardon Me | Buddy Holly | Photograph | Hold Me | Getchoo | Say It Ain't So | We Are All on Drugs | Island in the Sun | My Name Is Jonas | Peace | Slob | Beverly Hills | The Good Life | Undone - The Sweater Song | Haunt You Every Day | Hash Pipe,Make Believe Tour,https://www.setlist.fm/setlist/weezer/2005/lolympia-bruno-coquatrix-paris-france-7bd7da68.html,L'Olympia Bruno Coquatrix,Headline,2005,06,08,08/06/2005L'Olympia Bruno Coquatrix
07/06/2005,Weezer,Tired of Sex | In the Garage | Pardon Me | Buddy Holly | Photograph | Hold Me | Getchoo | Say It Ain't So | We Are All on Drugs | Island in the Sun | My Name Is Jonas | Peace | Slob | Beverly Hills | The Good Life | Undone - The Sweater Song | Haunt You Every Day | Hash Pipe,Make Believe Tour,https://www.setlist.fm/setlist/weezer/2005/vicar-street-dublin-ireland-1bd67584.html,Vicar Street,Headline,2005,06,07,07/06/2005Vicar Street
05/06/2005,Weezer,Tired of Sex | In the Garage | No One Else | Pardon Me | Buddy Holly | Photograph | Hold Me | Getchoo | Say It Ain't So | We Are All on Drugs | Island in the Sun | My Name Is Jonas | Peace | Beverly Hills | The Good Life | Undone - The Sweater Song | Haunt You Every Day | Hash Pipe,Make Believe Tour,https://www.setlist.fm/setlist/weezer/2005/grosse-freiheit-36-hamburg-germany-bd67586.html,Grosse Freiheit 36,Headline,2005,06,05,05/06/2005Grosse Freiheit 36
04/06/2005,Weezer,Say It Ain't So | Photograph | Undone - The Sweater Song | Peace | Pardon Me | In the Garage | Island in the Sun | We Are All on Drugs | Beverly Hills | Hash Pipe | Buddy Holly,Make Believe Tour,https://www.setlist.fm/setlist/weezer/2005/zeppelinfeld-nuremberg-germany-1bd67580.html,Zeppelinfeld,Headline,2005,06,04,04/06/2005Zeppelinfeld
03/06/2005,Weezer,Say It Ain't So | Photograph | Undone - The Sweater Song | Peace | Pardon Me | In the Garage | Island in the Sun | We Are All on Drugs | Beverly Hills | Hash Pipe | Buddy Holly,Make Believe Tour,https://www.setlist.fm/setlist/weezer/2005/nurburgring-nurburg-germany-2bd69c26.html,Nürburgring,Headline,2005,06,03,03/06/2005Nürburgring
13/05/2005,Weezer,Tired of Sex | In the Garage | No One Else | Pardon Me | Buddy Holly | Photograph | Hold Me | Getchoo | Say It Ain't So | We Are All on Drugs | Island in the Sun | My Name Is Jonas | Peace | Beverly Hills | The Good Life | Undone - The Sweater Song | Haunt You Every Day | Hash Pipe,Make Believe Tour,https://www.setlist.fm/setlist/weezer/2005/tabernacle-atlanta-ga-1bd67590.html,Tabernacle,Headline,2005,05,13,13/05/2005Tabernacle
12/05/2005,Weezer,Tired of Sex | In the Garage | No One Else | This Is Such a Pity | Buddy Holly | Photograph | Hold Me | Getchoo | Say It Ain't So | We Are All on Drugs | Island in the Sun | My Name Is Jonas | Peace | Beverly Hills | The Good Life | Undone - The Sweater Song | Haunt You Every Day | Hash Pipe,Make Believe Tour,https://www.setlist.fm/setlist/weezer/2005/roseland-ballroom-new-york-ny-3d67597.html,Roseland Ballroom,Headline,2005,05,12,12/05/2005Roseland Ballroom
11/05/2005,Weezer,Tired of Sex | In the Garage | No One Else | Pardon Me | Buddy Holly | Photograph | Hold Me | Getchoo | Say It Ain't So | We Are All on Drugs | Island in the Sun | My Name Is Jonas | Peace | Beverly Hills | Hash Pipe | Haunt You Every Day | Undone - The Sweater Song | The Good Life,Make Believe Tour,https://www.setlist.fm/setlist/weezer/2005/roseland-ballroom-new-york-ny-bd67596.html,Roseland Ballroom,Headline,2005,05,11,11/05/2005Roseland Ballroom
10/05/2005,Weezer,Tired of Sex | In the Garage | No One Else | Pardon Me | Buddy Holly | Photograph | Hold Me | Getchoo | Say It Ain't So | We Are All on Drugs | Island in the Sun | My Name Is Jonas | Peace | Beverly Hills | Hash Pipe | Haunt You Every Day | Undone - The Sweater Song | The Good Life,Make Believe Tour,https://www.setlist.fm/setlist/weezer/2005/electric-factory-philadelphia-pa-13d67595.html,Electric Factory,Headline,2005,05,10,10/05/2005Electric Factory
08/05/2005,Weezer,Tired of Sex | In the Garage | No One Else | This Is Such a Pity | Buddy Holly | Photograph | Hold Me | Getchoo | Say It Ain't So | We Are All on Drugs | Island in the Sun | My Name Is Jonas | Peace | Beverly Hills | Hash Pipe | Haunt You Every Day | Undone - The Sweater Song | The Good Life,Make Believe Tour,https://www.setlist.fm/setlist/weezer/2005/avalon-boston-ma-1bd67594.html,Avalon,Headline,2005,05,08,08/05/2005Avalon
06/05/2005,Weezer,Tired of Sex | In the Garage | No One Else | Pardon Me | Buddy Holly | Photograph | Hold Me | Getchoo | Say It Ain't So | We Are All on Drugs | Island in the Sun | My Name Is Jonas | Peace | Beverly Hills | Hash Pipe | Haunt You Every Day | Undone - The Sweater Song | The Good Life,Make Believe Tour,https://www.setlist.fm/setlist/weezer/2005/kool-haus-toronto-on-canada-3d6758b.html,Kool Haus,Headline,2005,05,06,06/05/2005Kool Haus
05/05/2005,Weezer,Tired of Sex | In the Garage | No One Else | Pardon Me | Buddy Holly | Photograph | Hold Me | Getchoo | Say It Ain't So | We Are All on Drugs | Island in the Sun | My Name Is Jonas | Peace | Beverly Hills | Hash Pipe | Haunt You Every Day | Undone - The Sweater Song | The Good Life,Make Believe Tour,https://www.setlist.fm/setlist/weezer/2005/state-theatre-detroit-mi-bd6758a.html,State Theatre,Headline,2005,05,05,05/05/2005State Theatre
04/05/2005,Weezer,Tired of Sex | In the Garage | Hash Pipe | No One Else | This Is Such a Pity | Buddy Holly | Photograph | Hold Me | Getchoo | Say It Ain't So | We Are All on Drugs | Island in the Sun | My Name Is Jonas | Peace | Beverly Hills | Haunt You Every Day | Undone - The Sweater Song | The Good Life,Make Believe Tour,https://www.setlist.fm/setlist/weezer/2005/aragon-ballroom-chicago-il-1bd67588.html,Aragon Ballroom,Headline,2005,05,04,04/05/2005Aragon Ballroom
03/05/2005,Weezer,Tired of Sex | In the Garage | Hash Pipe | No One Else | This Is Such a Pity | Buddy Holly | Photograph | Hold Me | Getchoo | Say It Ain't So | We Are All on Drugs | Island in the Sun | My Name Is Jonas | Peace | Beverly Hills | Haunt You Every Day | Undone - The Sweater Song | The Good Life,Make Believe Tour,https://www.setlist.fm/setlist/weezer/2005/first-avenue-minneapolis-mn-3c9512f.html,First Avenue,Headline,2005,05,03,03/05/2005First Avenue
30/04/2005,Weezer,Say It Ain't So | Photograph | Undone - The Sweater Song | Peace | This Is Such a Pity | In the Garage | Hold Me | Island in the Sun | We Are All on Drugs | Beverly Hills | Hash Pipe | Buddy Holly,Make Believe Tour,https://www.setlist.fm/setlist/weezer/2005/empire-polo-club-indio-ca-3d6758f.html,Empire Polo Club,Headline,2005,04,30,30/04/2005Empire Polo Club
29/04/2005,Weezer,Hash Pipe | Tired of Sex | Slob | Buddy Holly | This Is Such a Pity | The Good Life | Say It Ain't So | My Name Is Jonas | Island in the Sun | In the Garage | Beverly Hills | No One Else | We Are All on Drugs | Getchoo | Hold Me | Haunt You Every Day | Pardon Me | Undone - The Sweater Song,Make Believe Tour,https://www.setlist.fm/setlist/weezer/2005/the-warfield-san-francisco-ca-bd6758e.html,The Warfield,Headline,2005,04,29,29/04/2005The Warfield
27/04/2005,Weezer,Tired of Sex | In the Garage | Hash Pipe | No One Else | This Is Such a Pity | Buddy Holly | Photograph | Getchoo | Hold Me | Say It Ain't So | We Are All on Drugs | Island in the Sun | My Name Is Jonas | Peace | Beverly Hills | Haunt You Every Day | Undone - The Sweater Song | The Good Life,Make Believe Tour,https://www.setlist.fm/setlist/weezer/2005/the-moore-theatre-seattle-wa-13d6758d.html,The Moore Theatre,Headline,2005,04,27,27/04/2005The Moore Theatre
26/04/2005,Weezer,Tired of Sex | In the Garage | Beverly Hills | No One Else | This Is Such a Pity | Buddy Holly | Photograph | Getchoo | Hold Me | Say It Ain't So | We Are All on Drugs | Island in the Sun | My Name Is Jonas | Peace | Hash Pipe | Haunt You Every Day | Undone - The Sweater Song | The Good Life,Make Believe Tour,https://www.setlist.fm/setlist/weezer/2005/commodore-ballroom-vancouver-bc-canada-3d67583.html,Commodore Ballroom,Headline,2005,04,26,26/04/2005Commodore Ballroom
03/11/2002,Weezer,Modern Dukes | Private Message | Cold Glass of Water | Peace | Flown Away | Everybody Wants a Chance to Feel All Alone | Prodigy Lover | Leave Me Alone,,https://www.setlist.fm/setlist/weezer/2002/the-hotel-cafe-los-angeles-ca-13da59dd.html,The Hotel Cafe,Headline,2002,11,03,03/11/2002The Hotel Cafe
26/08/2002,Weezer,Improvisation | Modern Dukes | Fall Together | Turn Me Round | Keep Fishin' | Island in the Sun | Surf Wax America | Undone - The Sweater Song | Dope Nose | Say It Ain't So | Hash Pipe | Buddy Holly,,https://www.setlist.fm/setlist/weezer/2002/london-arena-london-england-53d5f30d.html,London Arena,Headline,2002,08,26,26/08/2002London Arena
24/08/2002,Weezer,Improvisation | Undone - The Sweater Song | Keep Fishin' | Island in the Sun | My Name Is Jonas | Don't Let Go | Why Bother? | Say It Ain't So | Dope Nose | Photograph | Surf Wax America | Hash Pipe | Buddy Holly,,https://www.setlist.fm/setlist/weezer/2002/temple-newsam-leeds-england-5bd5f308.html,Temple Newsam,Headline,2002,08,24,24/08/2002Temple Newsam
23/08/2002,Weezer,Improvisation | Undone - The Sweater Song | Keep Fishin' | Island in the Sun | My Name Is Jonas | Why Bother? | Don't Let Go | Say It Ain't So | Dope Nose | The Good Life | Surf Wax America | Hash Pipe | Buddy Holly,,https://www.setlist.fm/setlist/weezer/2002/little-johns-farm-reading-england-53d5f309.html,Little John's Farm,Headline,2002,08,23,23/08/2002Little John's Farm
21/08/2002,Weezer,Keep Fishin',,https://www.setlist.fm/setlist/weezer/2002/popworld-london-england-73453aa5.html,popworld,Headline,2002,08,21,21/08/2002popworld
18/08/2002,Weezer,Undone - The Sweater Song | Photograph | El Scorcho | My Name Is Jonas | Keep Fishin' | Island in the Sun | Why Bother? | Hash Pipe | Say It Ain't So | The Good Life | Dope Nose | Buddy Holly | Surf Wax America,,https://www.setlist.fm/setlist/weezer/2002/wtc-open-air-stadium-osaka-japan-4bd5f312.html,WTC Open Air Stadium,Headline,2002,08,18,18/08/2002WTC Open Air Stadium
17/08/2002,Weezer,Undone - The Sweater Song | Photograph | El Scorcho | My Name Is Jonas | Keep Fishin' | Island in the Sun | Why Bother? | Hash Pipe | The Good Life | Dope Nose | Buddy Holly | Say It Ain't So | Surf Wax America,,https://www.setlist.fm/setlist/weezer/2002/chiba-marine-stadium-chiba-japan-53d5f311.html,Chiba Marine Stadium,Headline,2002,08,17,17/08/2002Chiba Marine Stadium
10/08/2002,Weezer,Improvisation | Hash Pipe | No Other One | Burndt Jamb | Only in Dreams | Getchoo | Island in the Sun | No One Else | El Scorcho | Fall Together | Buddy Holly | Simple Pages | Why Bother? | Keep Fishin' | Say It Ain't So | The Good Life | Surf Wax America | Dope Nose,Enlightenment Tour,https://www.setlist.fm/setlist/weezer/2002/chronicle-pavilion-concord-ca-1bdd35d8.html,Chronicle Pavilion,Headline,2002,08,10,10/08/2002Chronicle Pavilion
09/08/2002,Weezer,Improvisation | Photograph | My Name Is Jonas | Keep Fishin' | Why Bother? | Island in the Sun | Undone - The Sweater Song | Tired of Sex | Burndt Jamb | Buddy Holly | Knock-Down Drag-Out | El Scorcho | Dope Nose | Say It Ain't So | The Good Life | Hash Pipe | Only in Dreams | Surf Wax America,Enlightenment Tour,https://www.setlist.fm/setlist/weezer/2002/verizon-wireless-amphitheatre-irvine-ca-4bd5f3ea.html,Verizon Wireless Amphitheatre,Headline,2002,08,09,09/08/2002Verizon Wireless Amphitheatre
07/08/2002,Weezer,Improvisation | Undone - The Sweater Song | Don't Let Go | Across the Sea | My Name Is Jonas | Burndt Jamb | Pink Triangle | Island in the Sun | Buddy Holly | Keep Fishin' | The Good Life | Say It Ain't So | Hash Pipe | El Scorcho | Fall Together | Surf Wax America | Glorious Day | Dope Nose,Enlightenment Tour,https://www.setlist.fm/setlist/weezer/2002/cricket-pavilion-phoenix-az-3da59df.html,Cricket Pavilion,Headline,2002,08,07,07/08/2002Cricket Pavilion
04/08/2002,Weezer,Improvisation | Falling for You | Buddy Holly | Love Explosion | The Good Life | Crab | No One Else | Keep Fishin' | Tired of Sex | Say It Ain't So | Island in the Sun | No Other One | Burndt Jamb | Surf Wax America | Hash Pipe | Pink Triangle | Undone - The Sweater Song | Dope Nose,Enlightenment Tour,https://www.setlist.fm/setlist/weezer/2002/verizon-wireless-amphitheater-selma-tx-4bd5f3f6.html,Verizon Wireless Amphitheater,Headline,2002,08,04,04/08/2002Verizon Wireless Amphitheater
03/08/2002,Weezer,Improvisation | Tired of Sex | Hash Pipe | My Name Is Jonas | El Scorcho | December | Holiday | Photograph | Getchoo | Dope Nose | Only in Dreams | Across the Sea | Knock-Down Drag-Out | In the Garage | Keep Fishin' | The Good Life | Island in the Sun | Buddy Holly,Enlightenment Tour,https://www.setlist.fm/setlist/weezer/2002/smirnoff-music-centre-dallas-tx-43d5f3f7.html,Smirnoff Music Centre,Headline,2002,08,03,03/08/2002Smirnoff Music Centre
01/08/2002,Weezer,Improvisation | Why Bother? | Surf Wax America | December | Pink Triangle | Holiday | Island in the Sun | El Scorcho | Buddy Holly | Crab | The Good Life | Undone - The Sweater Song | Dope Nose | Tired of Sex | In the Garage | Keep Fishin' | Falling for You | Only in Dreams,Enlightenment Tour,https://www.setlist.fm/setlist/weezer/2002/cynthia-woods-mitchell-pavilion-the-woodlands-tx-5bd5f3f0.html,Cynthia Woods Mitchell Pavilion,Headline,2002,08,01,01/08/2002Cynthia Woods Mitchell Pavilion
30/07/2002,Weezer,Improvisation | Death and Destruction | Why Bother? | In the Garage | Island in the Sun | Butterfly | No One Else | Don't Let Go | Pink Triangle | Undone - The Sweater Song | Take Control | El Scorcho | Buddy Holly | Hash Pipe | Tired of Sex | Say It Ain't So | Keep Fishin' | Dope Nose,Enlightenment Tour,https://www.setlist.fm/setlist/weezer/2002/amsouth-amphitheater-antioch-tn-33dcdcfd.html,AmSouth Amphitheater,Headline,2002,07,30,30/07/2002AmSouth Amphitheater
29/07/2002,Weezer,Improvisation | Pink Triangle | Island in the Sun | In the Garage | Why Bother? | Death and Destruction | Say It Ain't So | El Scorcho | Fall Together | Surf Wax America | Tired of Sex | Hash Pipe | No One Else | Getchoo | Don't Let Go | Buddy Holly | The Good Life | Dope Nose,Enlightenment Tour,https://www.setlist.fm/setlist/weezer/2002/hifi-buys-amphitheatre-atlanta-ga-43d5f3f3.html,HiFi Buys Amphitheatre,Headline,2002,07,29,29/07/2002HiFi Buys Amphitheatre
27/07/2002,Weezer,Improvisation | Undone - The Sweater Song | Hash Pipe | Butterfly | No One Else | American Gigolo | Falling for You | In the Garage | Island in the Sun | No Other One | Buddy Holly | Dope Nose | Getchoo | Surf Wax America | Burndt Jamb | The Good Life | Holiday | Only in Dreams,Enlightenment Tour,https://www.setlist.fm/setlist/weezer/2002/merriweather-post-pavilion-columbia-md-5bd5f3fc.html,Merriweather Post Pavilion,Headline,2002,07,27,27/07/2002Merriweather Post Pavilion
26/07/2002,Weezer,Improvisation | Undone - The Sweater Song | Getchoo | Burndt Jamb | In the Garage | The Good Life | Hash Pipe | Say It Ain't So | No Other One | Don't Let Go | Surf Wax America | Why Bother? | Dope Nose | My Name Is Jonas | El Scorcho | December | Buddy Holly | Only in Dreams,Enlightenment Tour,https://www.setlist.fm/setlist/weezer/2002/tweeter-center-camden-nj-7bd66a6c.html,Tweeter Center,Headline,2002,07,26,26/07/2002Tweeter Center
25/07/2002,Weezer,Keep Fishin',,https://www.setlist.fm/setlist/weezer/2002/late-show-with-david-letterman-new-york-ny-3da59db.html,Late Show With David Letterman,Headline,2002,07,25,25/07/2002Late Show With David Letterman
24/07/2002,Weezer,Improvisation | No One Else | Smile | Why Bother? | Only in Dreams | Love Explosion | Getchoo | Buddy Holly | Keep Fishin' | Tired of Sex | Undone - The Sweater Song | Burndt Jamb | El Scorcho | In the Garage | Island in the Sun | The Good Life | Say It Ain't So | Dope Nose,Enlightenment Tour,https://www.setlist.fm/setlist/weezer/2002/tommy-hilfiger-at-jones-beach-theater-wantagh-ny-3bd764a4.html,Tommy Hilfiger at Jones Beach Theater,Headline,2002,07,24,24/07/2002Tommy Hilfiger at Jones Beach Theater
23/07/2002,Weezer,Improvisation | El Scorcho | No One Else | Burndt Jamb | Getchoo | Buddy Holly | Dope Nose | Falling for You | Holiday | Smile | The Good Life | My Name Is Jonas | Love Explosion | Why Bother? | Undone - The Sweater Song | Island in the Sun | Tired of Sex | Say It Ain't So,Enlightenment Tour,https://www.setlist.fm/setlist/weezer/2002/pnc-bank-arts-center-holmdel-nj-53d5f3fd.html,PNC Bank Arts Center,Headline,2002,07,23,23/07/2002PNC Bank Arts Center
21/07/2002,Weezer,Improvisation | Holiday | Across the Sea | Burndt Jamb | Undone - The Sweater Song | Falling for You | Crab | My Name Is Jonas | Why Bother? | Fall Together | No One Else | Tired of Sex | Dope Nose | Only in Dreams | Pink Triangle | Island in the Sun | No Other One | Say It Ain't So,Enlightenment Tour,https://www.setlist.fm/setlist/weezer/2002/tweeter-center-for-the-performing-arts-mansfield-ma-3d49123.html,Tweeter Center for the Performing Arts,Headline,2002,07,21,21/07/2002Tweeter Center for the Performing Arts
20/07/2002,Weezer,Improvisation | Take Control | In the Garage | Butterfly | Dope Nose | Only in Dreams | Across the Sea | Crab | Holiday | No Other One | Keep Fishin' | Surf Wax America | Why Bother? | Burndt Jamb | Buddy Holly | Tired of Sex | Hash Pipe | Undone - The Sweater Song,Enlightenment Tour,https://www.setlist.fm/setlist/weezer/2002/ctnowcom-meadows-music-theatre-hartford-ct-4bd5f3fe.html,ctnow.com Meadows Music Theatre,Headline,2002,07,20,20/07/2002ctnow.com Meadows Music Theatre
18/07/2002,Weezer,Improvisation | Buddy Holly | Getchoo | Island in the Sun | Surf Wax America | Tired of Sex | Hash Pipe | Only in Dreams | Why Bother? | Crab | Undone - The Sweater Song | No Other One | Love Explosion | Holiday | The Good Life | Dope Nose | In the Garage | El Scorcho,Enlightenment Tour,https://www.setlist.fm/setlist/weezer/2002/polaris-amphitheater-columbus-oh-43d5f3ff.html,Polaris Amphitheater,Headline,2002,07,18,18/07/2002Polaris Amphitheater
17/07/2002,Weezer,Say It Ain't So | Dope Nose | Tired of Sex | Only in Dreams | Take Control | Across the Sea | Undone - The Sweater Song | Hash Pipe | El Scorcho | My Name Is Jonas | Keep Fishin' | The Good Life | Buddy Holly | Glorious Day | Getchoo | No One Else | Death and Destruction,Enlightenment Tour,https://www.setlist.fm/setlist/weezer/2002/verizon-wireless-music-center-noblesville-in-5bd5f3f8.html,Verizon Wireless Music Center,Headline,2002,07,17,17/07/2002Verizon Wireless Music Center
15/07/2002,Weezer,Say It Ain't So | Love Explosion | Getchoo | Surf Wax America | Burndt Jamb | No Other One | My Name Is Jonas | Knock-Down Drag-Out | The Good Life | Holiday | Keep Fishin' | El Scorcho | Undone - The Sweater Song | Dope Nose | Falling for You | Buddy Holly | Island in the Sun | Pink Triangle,Enlightenment Tour,https://www.setlist.fm/setlist/weezer/2002/blossom-music-center-cuyahoga-falls-oh-53d5f3f9.html,Blossom Music Center,Headline,2002,07,15,15/07/2002Blossom Music Center
14/07/2002,Weezer,Holiday | Dope Nose | Across the Sea | Undone - The Sweater Song | O Girlfriend | The Good Life | No One Else | Death and Destruction | El Scorcho | Surf Wax America | Slave | Falling for You | Only in Dreams | Island in the Sun | Tired of Sex | My Name Is Jonas | Hash Pipe,Enlightenment Tour,https://www.setlist.fm/setlist/weezer/2002/molson-amphitheatre-toronto-on-canada-4bd5f3fa.html,Molson Amphitheatre,Headline,2002,07,14,14/07/2002Molson Amphitheatre
12/07/2002,Weezer,El Scorcho | Hash Pipe | Surf Wax America | The Good Life | Space Rock | Say It Ain't So | Why Bother? | Keep Fishin' | Buddy Holly | Butterfly | Burndt Jamb | In the Garage | Falling for You | Simple Pages | Undone - The Sweater Song | Pink Triangle | Island in the Sun | Holiday,Enlightenment Tour,https://www.setlist.fm/setlist/weezer/2002/dte-energy-music-theatre-clarkston-mi-33d70015.html,DTE Energy Music Theatre,Headline,2002,07,12,12/07/2002DTE Energy Music Theatre
11/07/2002,Weezer,My Name Is Jonas | Island in the Sun | Butterfly | Undone - The Sweater Song | Death and Destruction | The Good Life | Buddy Holly | Hash Pipe | Why Bother? | No One Else | Keep Fishin' | Falling for You | Holiday | Space Rock | El Scorcho | Say It Ain't So | Dope Nose | Tired of Sex,Enlightenment Tour,https://www.setlist.fm/setlist/weezer/2002/tweeter-center-chicago-tinley-park-il-5bd5f304.html,Tweeter Center Chicago,Headline,2002,07,11,11/07/2002Tweeter Center Chicago
09/07/2002,Weezer,Hyde | The Good Life | Holiday | Hash Pipe | Tired of Sex | My Name Is Jonas | Smile | El Scorcho | Say It Ain't So | Burndt Jamb | Getchoo | In the Garage | Dope Nose | Why Bother? | Buddy Holly | Island in the Sun | Butterfly | No One Else | Take Control,Enlightenment Tour,https://www.setlist.fm/setlist/weezer/2002/xcel-energy-center-st-paul-mn-53d5f305.html,Xcel Energy Center,Headline,2002,07,09,09/07/2002Xcel Energy Center
07/07/2002,Weezer,Photograph | Say It Ain't So | Dope Nose | The Good Life | O Girlfriend | Undone - The Sweater Song | Keep Fishin' | Why Bother? | Smile | Buddy Holly | Love Explosion | Island in the Sun | Don't Let Go | My Name Is Jonas | Death and Destruction | Tired of Sex | Hash Pipe,Enlightenment Tour,https://www.setlist.fm/setlist/weezer/2002/red-rocks-amphitheatre-morrison-co-4bd5f306.html,Red Rocks Amphitheatre,Headline,2002,07,07,07/07/2002Red Rocks Amphitheatre
06/07/2002,Weezer,Surf Wax America | Slave | The Good Life | Hash Pipe | No One Else | Space Rock | Why Bother? | O Girlfriend | Buddy Holly | Dope Nose | Falling for You | Island in the Sun | Undone - The Sweater Song | Modern Dukes | El Scorcho | Glorious Day | Say It Ain't So,Enlightenment Tour,https://www.setlist.fm/setlist/weezer/2002/e-center-west-valley-city-ut-33d5b42d.html,E Center,Headline,2002,07,06,06/07/2002E Center
27/05/2002,Weezer,Improvisation | Island in the Sun | The Story Is Wrong | Dope Nose | Say It Ain't So | Don't Let Go | El Scorcho | Take Control | Surf Wax America | Photograph | Falling for You | Burndt Jamb | No One Else | Crab | The Good Life | Fall Together | Buddy Holly | Hash Pipe,Japan World Cup Tour,https://www.setlist.fm/setlist/weezer/2002/nippon-budokan-tokyo-japan-5bd5f31c.html,Nippon Budokan,Headline,2002,05,27,27/05/2002Nippon Budokan
26/05/2002,Weezer,Improvisation | In the Garage | Hyde | Getchoo | Modern Dukes | Holiday | Fall Together | Falling for You | Knock-Down Drag-Out | Undone - The Sweater Song | Slave | No Other One | Hash Pipe | Surf Wax America | American Gigolo | The Good Life | Crab | My Name Is Jonas,Japan World Cup Tour,https://www.setlist.fm/setlist/weezer/2002/zepp-tokyo-tokyo-japan-53d5f31d.html,Zepp Tokyo,Headline,2002,05,26,26/05/2002Zepp Tokyo
25/05/2002,Weezer,Improvisation | Say It Ain't So | Space Rock | Getchoo | Crab | Buddy Holly | Death and Destruction | Why Bother? | Island in the Sun | No One Else | Dope Nose | The Good Life | Knock-Down Drag-Out | Yellow Camaro | The Story Is Wrong | Tired of Sex | Photograph | Surf Wax America,Japan World Cup Tour,https://www.setlist.fm/setlist/weezer/2002/aichi-kousei-nenkin-kaikan-nagoya-japan-4bd5f31e.html,Aichi Kousei Nenkin Kaikan,Headline,2002,05,25,25/05/2002Aichi Kousei Nenkin Kaikan
23/05/2002,Weezer,Burndt Jamb | Holiday | Crab | Across the Sea | Love Explosion | Only in Dreams | Photograph | Tired of Sex | Slave | No One Else | Modern Dukes | El Scorcho | Death and Destruction | My Name Is Jonas | Simple Pages | Buddy Holly | No Other One | Take Control,Japan World Cup Tour,https://www.setlist.fm/setlist/weezer/2002/zepp-osaka-osaka-japan-4bd5f31a.html,Zepp Osaka,Headline,2002,05,23,23/05/2002Zepp Osaka
22/05/2002,Weezer,Improvisation | Undone - The Sweater Song | Island in the Sun | Tired of Sex | American Gigolo | No One Else | Smile | Getchoo | Fall Together | Buddy Holly | Knock-Down Drag-Out | The Good Life | Yellow Camaro | My Name Is Jonas | Hash Pipe | No Other One | Slob | Only in Dreams,Japan World Cup Tour,https://www.setlist.fm/setlist/weezer/2002/zepp-osaka-osaka-japan-43d5f31b.html,Zepp Osaka,Headline,2002,05,22,22/05/2002Zepp Osaka
20/05/2002,Weezer,Improvisation | O Girlfriend | Holiday | Space Rock | No Other One | Hash Pipe | In the Garage | Fall Together | The Good Life | Knock-Down Drag-Out | My Name Is Jonas | Death and Destruction | Yellow Camaro | Simple Pages | Say It Ain't So | Slob | Why Bother? | Island in the Sun,Japan World Cup Tour,https://www.setlist.fm/setlist/weezer/2002/hiroshima-club-quattro-hiroshima-japan-5bd5f324.html,Hiroshima CLUB QUATTRO,Headline,2002,05,20,20/05/2002Hiroshima CLUB QUATTRO
19/05/2002,Weezer,Polynesia | The Good Life | Space Rock | Only in Dreams | Don't Let Go | Yellow Camaro | Fall Together | Say It Ain't So | Hash Pipe | Happy Together | Death and Destruction | No One Else | Glorious Day | Why Bother? | Dope Nose | Surf Wax America | Simple Pages | El Scorcho,Japan World Cup Tour,https://www.setlist.fm/setlist/weezer/2002/zepp-fukuoka-fukuoka-japan-53d5f325.html,Zepp Fukuoka,Headline,2002,05,19,19/05/2002Zepp Fukuoka
18/05/2002,Weezer,Improvisation | The Story Is Wrong | Surf Wax America | No One Else | Love Explosion | The Good Life | Smile | Undone - The Sweater Song | Slob | Tired of Sex | Knock-Down Drag-Out | Buddy Holly | Death and Destruction | Hyde | Hash Pipe | My Name Is Jonas | Dope Nose | El Scorcho | Photograph,Japan World Cup Tour,https://www.setlist.fm/setlist/weezer/2002/zepp-tokyo-tokyo-japan-4bd5f326.html,Zepp Tokyo,Headline,2002,05,18,18/05/2002Zepp Tokyo
16/05/2002,Weezer,Improvisation | Take Control | Surf Wax America | Glorious Day | Yellow Camaro | Modern Dukes | Say It Ain't So | Island in the Sun | Tired of Sex | Fall Together | Undone - The Sweater Song | Hash Pipe | The Good Life | Keep Fishin' | Holiday | Crab | Hyde | Death and Destruction,Japan World Cup Tour,https://www.setlist.fm/setlist/weezer/2002/zepp-sendai-sendai-japan-43d5f327.html,Zepp Sendai,Headline,2002,05,16,16/05/2002Zepp Sendai
13/05/2002,Weezer,Improvisation | Modern Dukes | The Good Life | Island in the Sun | Undone - The Sweater Song | Death and Destruction | Happy Together | Hash Pipe | Only in Dreams | Keep Fishin' | Hyde | Knock-Down Drag-Out | Surf Wax America | Take Control | Why Bother? | Photograph | My Name Is Jonas | Say It Ain't So,Dusty West Tour,https://www.setlist.fm/setlist/weezer/2002/whisky-a-go-go-west-hollywood-ca-53d5f341.html,Whisky A Go Go,Headline,2002,05,13,13/05/2002Whisky A Go Go
11/05/2002,Weezer,Improvisation | Love Explosion | Why Bother? | Glorious Day | Only in Dreams | Death and Destruction | Hash Pipe | Say It Ain't So | Fall Together | El Scorcho | Don't Let Go | Buddy Holly | Dope Nose | Happy Together | Island in the Sun | Surf Wax America | My Name Is Jonas,Dusty West Tour,https://www.setlist.fm/setlist/weezer/2002/anselmo-valencia-amphitheater-tucson-az-4bd5f34e.html,Anselmo Valencia Amphitheater,Headline,2002,05,11,11/05/2002Anselmo Valencia Amphitheater
10/05/2002,Weezer,Dope Nose | Tired of Sex | Knock-Down Drag-Out | In the Garage | Take Control | El Scorcho | Don't Let Go | Buddy Holly | Death and Destruction | The Good Life | Island in the Sun | Surf Wax America | Fall Together | Happy Together | Glorious Day | Only in Dreams,Dusty West Tour,https://www.setlist.fm/setlist/weezer/2002/albuquerque-convention-center-albuquerque-nm-5bd5f354.html,Albuquerque Convention Center,Headline,2002,05,10,10/05/2002Albuquerque Convention Center
08/05/2002,Weezer, | Dope Nose | Photograph | My Name Is Jonas | El Scorcho | Modern Dukes | Island in the Sun | Surf Wax America | Tired of Sex | Burndt Jamb | Knock-Down Drag-Out | Undone - The Sweater Song | Why Bother? | Happy Together | Hash Pipe | Say It Ain't So | The Good Life | Only in Dreams | Buddy Holly,Dusty West Tour,https://www.setlist.fm/setlist/weezer/2002/city-auditorium-colorado-springs-co-4bd5f356.html,City Auditorium,Headline,2002,05,08,08/05/2002City Auditorium
07/05/2002,Weezer, | Dope Nose | Photograph | In the Garage | El Scorcho | Modern Dukes | Island in the Sun | Surf Wax America | Tired of Sex | Burndt Jamb | Knock-Down Drag-Out | Undone - The Sweater Song | Why Bother? | Happy Together | Hash Pipe | Say It Ain't So | The Good Life | Only in Dreams | Buddy Holly,Dusty West Tour,https://www.setlist.fm/setlist/weezer/2002/kansas-coliseum-valley-center-ks-5bd5f350.html,Kansas Coliseum,Headline,2002,05,07,07/05/2002Kansas Coliseum
05/05/2002,Weezer, | Dope Nose | Photograph | In the Garage | El Scorcho | Modern Dukes | Island in the Sun | Surf Wax America | Tired of Sex | Burndt Jamb | Knock-Down Drag-Out | Undone - The Sweater Song | Why Bother? | Happy Together | Hash Pipe | Say It Ain't So | The Good Life | Only in Dreams | Buddy Holly,Dusty West Tour,https://www.setlist.fm/setlist/weezer/2002/pershing-center-lincoln-ne-53d5f351.html,Pershing Center,Headline,2002,05,05,05/05/2002Pershing Center
04/05/2002,Weezer, | Dope Nose | Photograph | In the Garage | El Scorcho | Modern Dukes | Island in the Sun | Surf Wax America | Tired of Sex | Burndt Jamb | Knock-Down Drag-Out | Undone - The Sweater Song | Why Bother? | Happy Together | Hash Pipe | Say It Ain't So | The Good Life | Only in Dreams | Buddy Holly,Dusty West Tour,https://www.setlist.fm/setlist/weezer/2002/hilton-coliseum-ames-ia-5bd5f35c.html,Hilton Coliseum,Headline,2002,05,04,04/05/2002Hilton Coliseum
02/05/2002,Weezer, | Dope Nose | Photograph | My Name Is Jonas | El Scorcho | Modern Dukes | Island in the Sun | Surf Wax America | Tired of Sex | Burndt Jamb | Knock-Down Drag-Out | Undone - The Sweater Song | Why Bother? | Happy Together | Hash Pipe | Say It Ain't So | The Good Life | Only in Dreams | Buddy Holly,Dusty West Tour,https://www.setlist.fm/setlist/weezer/2002/fargodome-fargo-nd-4bd5f35e.html,Fargodome,Headline,2002,05,02,02/05/2002Fargodome
01/05/2002,Weezer, | Dope Nose | Photograph | My Name Is Jonas | El Scorcho | Modern Dukes | Island in the Sun | Surf Wax America | Tired of Sex | Burndt Jamb | Knock-Down Drag-Out | Undone - The Sweater Song | Why Bother? | Happy Together | Hash Pipe | Say It Ain't So | The Good Life | Only in Dreams | Buddy Holly,Dusty West Tour,https://www.setlist.fm/setlist/weezer/2002/metrapark-arena-billings-mt-43d5f35f.html,MetraPark Arena,Headline,2002,05,01,01/05/2002MetraPark Arena
29/04/2002,Weezer, | Dope Nose | Photograph | My Name Is Jonas | El Scorcho | Modern Dukes | Island in the Sun | Surf Wax America | Tired of Sex | Burndt Jamb | Knock-Down Drag-Out | Undone - The Sweater Song | Why Bother? | Happy Together | Hash Pipe | Say It Ain't So | The Good Life | Only in Dreams | Buddy Holly,Dusty West Tour,https://www.setlist.fm/setlist/weezer/2002/adams-center-missoula-mt-3bd798d4.html,Adams Center,Headline,2002,04,29,29/04/2002Adams Center
28/04/2002,Weezer,Dope Nose | Photograph | My Name Is Jonas | El Scorcho | Modern Dukes | Island in the Sun | Surf Wax America | Tired of Sex | Burndt Jamb | Knock-Down Drag-Out | Undone - The Sweater Song | Why Bother? | Happy Together | Hash Pipe | Say It Ain't So | The Good Life | Only in Dreams | Buddy Holly,Dusty West Tour,https://www.setlist.fm/setlist/weezer/2002/beasley-performing-arts-coliseum-pullman-wa-53d5f359.html,Beasley Performing Arts Coliseum,Headline,2002,04,28,28/04/2002Beasley Performing Arts Coliseum
26/04/2002,Weezer,Dope Nose | Photograph | My Name Is Jonas | El Scorcho | Superstar | Island in the Sun | Surf Wax America | Tired of Sex | Burndt Jamb | Knock-Down Drag-Out | Undone - The Sweater Song | Why Bother? | Happy Together | Don't Let Go | Say It Ain't So | The Good Life | Only in Dreams | Hash Pipe | Buddy Holly,Dusty West Tour,https://www.setlist.fm/setlist/weezer/2002/pacific-coliseum-vancouver-bc-canada-43d5f35b.html,Pacific Coliseum,Headline,2002,04,26,26/04/2002Pacific Coliseum
24/04/2002,Weezer,Dope Nose | Photograph | My Name Is Jonas | The Good Life | Superstar | Island in the Sun | Surf Wax America | Tired of Sex | Burndt Jamb | Knock-Down Drag-Out | Undone - The Sweater Song | Why Bother? | Don't Let Go | Say It Ain't So | Hash Pipe | Only in Dreams | Happy Together | Buddy Holly,Dusty West Tour,https://www.setlist.fm/setlist/weezer/2002/the-stampede-corral-calgary-ab-canada-53d5f365.html,The Stampede Corral,Headline,2002,04,24,24/04/2002The Stampede Corral
23/04/2002,Weezer,Dope Nose | Photograph | My Name Is Jonas | The Good Life | Superstar | Island in the Sun | Surf Wax America | Tired of Sex | Burndt Jamb | Knock-Down Drag-Out | Undone - The Sweater Song | Why Bother? | Don't Let Go | Say It Ain't So | Hash Pipe | Only in Dreams | Happy Together | Buddy Holly,Dusty West Tour,https://www.setlist.fm/setlist/weezer/2002/northlands-agricom-edmonton-ab-canada-4bd5f366.html,Northlands AgriCom,Headline,2002,04,23,23/04/2002Northlands AgriCom
27/03/2002,Weezer,Island in the Sun,,https://www.setlist.fm/setlist/weezer/2002/hit-machine-paris-france-13da59e5.html,Hit Machine,Headline,2002,03,27,27/03/2002Hit Machine
24/03/2002,Weezer,Dope Nose | Photograph | My Name Is Jonas | The Good Life | Superstar | Island in the Sun | Surf Wax America | Tired of Sex | Burndt Jamb | Knock-Down Drag-Out | Undone - The Sweater Song | Why Bother? | Modern Dukes | Don't Let Go | Say It Ain't So | Hash Pipe | Only in Dreams | Happy Together | Buddy Holly,2002 Europe Tour,https://www.setlist.fm/setlist/weezer/2002/brixton-academy-london-england-2bd5f0ae.html,Brixton Academy,Headline,2002,03,24,24/03/2002Brixton Academy
23/03/2002,Weezer,Dope Nose | Photograph | My Name Is Jonas | The Good Life | Superstar | Island in the Sun | Surf Wax America | Tired of Sex | Burndt Jamb | Knock-Down Drag-Out | Undone - The Sweater Song | Why Bother? | Modern Dukes | Don't Let Go | Say It Ain't So | Hash Pipe | Only in Dreams | Happy Together | Buddy Holly,2002 Europe Tour,https://www.setlist.fm/setlist/weezer/2002/southampton-guildhall-southampton-england-23d5f0af.html,Southampton Guildhall,Headline,2002,03,23,23/03/2002Southampton Guildhall
21/03/2002,Weezer,Dope Nose | Photograph | My Name Is Jonas | The Good Life | Superstar | Island in the Sun | Surf Wax America | Tired of Sex | Burndt Jamb | Knock-Down Drag-Out | Undone - The Sweater Song | Why Bother? | Modern Dukes | Don't Let Go | Say It Ain't So | Hash Pipe | Only in Dreams | Happy Together | Buddy Holly,2002 Europe Tour,https://www.setlist.fm/setlist/weezer/2002/carling-academy-birmingham-england-33d5f0a9.html,Carling Academy,Headline,2002,03,21,21/03/2002Carling Academy
20/03/2002,Weezer,Dope Nose | Photograph | My Name Is Jonas | The Good Life | Superstar | Island in the Sun | Surf Wax America | Tired of Sex | Burndt Jamb | Knock-Down Drag-Out | Undone - The Sweater Song | Why Bother? | Modern Dukes | Don't Let Go | Say It Ain't So | Hash Pipe | Only in Dreams | Happy Together | Buddy Holly,2002 Europe Tour,https://www.setlist.fm/setlist/weezer/2002/barrowland-glasgow-scotland-6bd72aae.html,Barrowland,Headline,2002,03,20,20/03/2002Barrowland
19/03/2002,Weezer,Dope Nose | Photograph | My Name Is Jonas | The Good Life | Superstar | Island in the Sun | Surf Wax America | Tired of Sex | Burndt Jamb | Knock-Down Drag-Out | Undone - The Sweater Song | Why Bother? | Modern Dukes | Don't Let Go | Say It Ain't So | Hash Pipe | Only in Dreams | Happy Together | Buddy Holly,2002 Europe Tour,https://www.setlist.fm/setlist/weezer/2002/carling-apollo-manchester-manchester-england-3bd5f0b4.html,Carling Apollo Manchester,Headline,2002,03,19,19/03/2002Carling Apollo Manchester
16/03/2002,Weezer,Dope Nose | Modern Dukes | Knock-Down Drag-Out | Fall Together | Superstar | Burndt Jamb | Don't Let Go | Undone - The Sweater Song | Photograph | Happy Together | Surf Wax America | Island in the Sun | Buddy Holly,2002 Europe Tour,https://www.setlist.fm/setlist/weezer/2002/donosti-arena-san-sebastian-spain-23d5f0b3.html,Donosti Arena,Headline,2002,03,16,16/03/2002Donosti Arena
15/03/2002,Weezer,Dope Nose | Modern Dukes | Knock-Down Drag-Out | Fall Together | Superstar | Burndt Jamb | Don't Let Go | Undone - The Sweater Song | Photograph | Surf Wax America | Say It Ain't So | Hash Pipe | Island in the Sun | Buddy Holly,2002 Europe Tour,https://www.setlist.fm/setlist/weezer/2002/palau-sant-jordi-barcelona-spain-33d5f0bd.html,Palau Sant Jordi,Headline,2002,03,15,15/03/2002Palau Sant Jordi
13/03/2002,Weezer,Dope Nose | Modern Dukes | Knock-Down Drag-Out | My Name Is Jonas | Mad Kow | Superstar | Burndt Jamb | Don't Let Go | Undone - The Sweater Song | Surf Wax America | Say It Ain't So | Hash Pipe | Only in Dreams | Island in the Sun | Buddy Holly,2002 Europe Tour,https://www.setlist.fm/setlist/weezer/2002/palacio-vistalegre-madrid-spain-23d5f0bf.html,Palacio Vistalegre,Headline,2002,03,13,13/03/2002Palacio Vistalegre
12/03/2002,Weezer,Dope Nose | Modern Dukes | American Gigolo | Knock-Down Drag-Out | Mad Kow | My Name Is Jonas | Fall Together | Superstar | Burndt Jamb | Don't Let Go | Keep Fishin' | Undone - The Sweater Song | Yellow Camaro | Surf Wax America | Say It Ain't So | Hash Pipe | Only in Dreams | Island in the Sun | Buddy Holly,2002 Europe Tour,https://www.setlist.fm/setlist/weezer/2002/coliseu-do-porto-porto-portugal-3bd5f0b8.html,Coliseu do Porto,Headline,2002,03,12,12/03/2002Coliseu do Porto
11/03/2002,Weezer,Dope Nose | Modern Dukes | American Gigolo | Knock-Down Drag-Out | Mad Kow | My Name Is Jonas | Fall Together | Superstar | Burndt Jamb | Don't Let Go | Keep Fishin' | Undone - The Sweater Song | Tired of Sex | Say It Ain't So | Hash Pipe | Only in Dreams | Buddy Holly | Island in the Sun | Surf Wax America,2002 Europe Tour,https://www.setlist.fm/setlist/weezer/2002/coliseu-dos-recreios-lisbon-portugal-33d5f0b9.html,Coliseu dos Recreios,Headline,2002,03,11,11/03/2002Coliseu dos Recreios
26/02/2002,Weezer,Island in the Sun | Dope Nose | Knock-Down Drag-Out | My Name Is Jonas | Undone - The Sweater Song | Burndt Jamb | Don't Let Go | Say It Ain't So | Hash Pipe | Only in Dreams | Buddy Holly | Surf Wax America,,https://www.setlist.fm/setlist/weezer/2002/long-beach-arena-long-beach-ca-3dcc543.html,Long Beach Arena,Headline,2002,02,26,26/02/2002Long Beach Arena
25/02/2002,Weezer,Island in the Sun | In the Garage | Dope Nose | Why Bother? | Knock-Down Drag-Out | Death and Destruction | My Name Is Jonas | The Good Life | Keep Fishin' | Photograph | Undone - The Sweater Song | Burndt Jamb | Don't Let Go | Tired of Sex | Say It Ain't So | Hash Pipe | Only in Dreams | Buddy Holly | Surf Wax America,Midget Tour,https://www.setlist.fm/setlist/weezer/2002/mars-music-amphitheatre-west-palm-beach-fl-2bd5f0c2.html,Mars Music Amphitheatre,Headline,2002,02,25,25/02/2002Mars Music Amphitheatre
24/02/2002,Weezer,Island in the Sun | In the Garage | Dope Nose | Why Bother? | Knock-Down Drag-Out | Death and Destruction | My Name Is Jonas | The Good Life | Keep Fishin' | Photograph | Undone - The Sweater Song | Burndt Jamb | Don't Let Go | Tired of Sex | Say It Ain't So | Hash Pipe | Only in Dreams | Buddy Holly | Surf Wax America,Midget Tour,https://www.setlist.fm/setlist/weezer/2002/ice-palace-tampa-fl-23d5f0c3.html,Ice Palace,Headline,2002,02,24,24/02/2002Ice Palace
22/02/2002,Weezer,Island in the Sun | In the Garage | Dope Nose | Why Bother? | Knock-Down Drag-Out | Death and Destruction | My Name Is Jonas | The Good Life | Keep Fishin' | Photograph | Undone - The Sweater Song | Burndt Jamb | Don't Let Go | Tired of Sex | Say It Ain't So | Hash Pipe | Only in Dreams | Buddy Holly | Surf Wax America,Midget Tour,https://www.setlist.fm/setlist/weezer/2002/raleigh-entertainment-and-sports-arena-raleigh-nc-3bd5f0cc.html,Raleigh Entertainment and Sports Arena,Headline,2002,02,22,22/02/2002Raleigh Entertainment and Sports Arena
21/02/2002,Weezer,Island in the Sun | In the Garage | Dope Nose | Why Bother? | Knock-Down Drag-Out | Death and Destruction | My Name Is Jonas | The Good Life | Keep Fishin' | Photograph | Undone - The Sweater Song | Burndt Jamb | Don't Let Go | Tired of Sex | Say It Ain't So | Hash Pipe | Only in Dreams | Buddy Holly | Surf Wax America,Midget Tour,https://www.setlist.fm/setlist/weezer/2002/nashville-municipal-auditorium-nashville-tn-6bd4be96.html,Nashville Municipal Auditorium,Headline,2002,02,21,21/02/2002Nashville Municipal Auditorium
18/02/2002,Weezer,Island in the Sun | In the Garage | Dope Nose | Why Bother? | Knock-Down Drag-Out | Death and Destruction | My Name Is Jonas | The Good Life | Keep Fishin' | Photograph | Undone - The Sweater Song | Burndt Jamb | Don't Let Go | Tired of Sex | Say It Ain't So | Hash Pipe | Only in Dreams | Buddy Holly | Surf Wax America,Midget Tour,https://www.setlist.fm/setlist/weezer/2002/mellon-arena-pittsburgh-pa-33d5f0cd.html,Mellon Arena,Headline,2002,02,18,18/02/2002Mellon Arena
17/02/2002,Weezer,Island in the Sun | In the Garage | Dope Nose | Why Bother? | Knock-Down Drag-Out | Death and Destruction | My Name Is Jonas | The Good Life | Keep Fishin' | Photograph | Undone - The Sweater Song | Burndt Jamb | Don't Let Go | Tired of Sex | Say It Ain't So | Hash Pipe | Only in Dreams | Buddy Holly | Surf Wax America,Midget Tour,https://www.setlist.fm/setlist/weezer/2002/pepsi-arena-albany-ny-2bd5f0ce.html,Pepsi Arena,Headline,2002,02,17,17/02/2002Pepsi Arena
15/02/2002,Weezer,Island in the Sun | In the Garage | Dope Nose | Why Bother? | Knock-Down Drag-Out | Death and Destruction | My Name Is Jonas | Simple Pages | Keep Fishin' | Photograph | Undone - The Sweater Song | Burndt Jamb | Don't Let Go | Tired of Sex | Say It Ain't So | Hash Pipe | Only in Dreams | Buddy Holly | Surf Wax America,Midget Tour,https://www.setlist.fm/setlist/weezer/2002/centre-molson-montreal-qc-canada-5bd4b338.html,Centre Molson,Headline,2002,02,15,15/02/2002Centre Molson
14/02/2002,Weezer,Island in the Sun | In the Garage | Dope Nose | Why Bother? | Knock-Down Drag-Out | Death and Destruction | My Name Is Jonas | Simple Pages | Keep Fishin' | Photograph | Undone - The Sweater Song | Burndt Jamb | Don't Let Go | Tired of Sex | Say It Ain't So | Hash Pipe | Only in Dreams | Buddy Holly | Surf Wax America,Midget Tour,https://www.setlist.fm/setlist/weezer/2002/copps-coliseum-hamilton-on-canada-3bd5f0c8.html,Copps Coliseum,Headline,2002,02,14,14/02/2002Copps Coliseum
12/02/2002,Weezer,Island in the Sun | In the Garage | Dope Nose | Why Bother? | Knock-Down Drag-Out | Death and Destruction | My Name Is Jonas | Simple Pages | Keep Fishin' | Photograph | Undone - The Sweater Song | Burndt Jamb | Don't Let Go | Tired of Sex | Sacrifice | Hash Pipe | Only in Dreams | Buddy Holly | Surf Wax America,Midget Tour,https://www.setlist.fm/setlist/weezer/2002/bryce-jordan-center-university-park-pa-33d5f0c9.html,Bryce Jordan Center,Headline,2002,02,12,12/02/2002Bryce Jordan Center
11/02/2002,Weezer,Island in the Sun | In the Garage | Dope Nose | Take Control | Knock-Down Drag-Out | Death and Destruction | My Name Is Jonas | Simple Pages | Keep Fishin' | Photograph | Undone - The Sweater Song | Burndt Jamb | Don't Let Go | Tired of Sex | Say It Ain't So | Hash Pipe | Only in Dreams | Buddy Holly | Surf Wax America,Midget Tour,https://www.setlist.fm/setlist/weezer/2002/continental-airlines-arena-east-rutherford-nj-1bd7a55c.html,Continental Airlines Arena,Headline,2002,02,11,11/02/2002Continental Airlines Arena
09/02/2002,Weezer,Island in the Sun | In the Garage | Dope Nose | Take Control | Knock-Down Drag-Out | Death and Destruction | My Name Is Jonas | Simple Pages | Keep Fishin' | Photograph | Undone - The Sweater Song | Burndt Jamb | Don't Let Go | Tired of Sex | Say It Ain't So | Hash Pipe | Only in Dreams | Buddy Holly | Surf Wax America,Midget Tour,https://www.setlist.fm/setlist/weezer/2002/first-union-arena-wilkes-barre-pa-73d66a6d.html,First Union Arena,Headline,2002,02,09,09/02/2002First Union Arena
08/02/2002,Weezer,Island in the Sun | In the Garage | Dope Nose | Take Control | Knock-Down Drag-Out | Death and Destruction | My Name Is Jonas | Simple Pages | Keep Fishin' | Photograph | Undone - The Sweater Song | Burndt Jamb | Don't Let Go | Tired of Sex | Say It Ain't So | Hash Pipe | Only in Dreams | Buddy Holly | Surf Wax America,Midget Tour,https://www.setlist.fm/setlist/weezer/2002/tsongas-arena-lowell-ma-2bd5f0ee.html,Tsongas Arena,Headline,2002,02,08,08/02/2002Tsongas Arena
07/02/2002,Weezer,Island in the Sun | In the Garage | Dope Nose | Why Bother? | Knock-Down Drag-Out | Death and Destruction | My Name Is Jonas | Simple Pages | Keep Fishin' | Photograph | Undone - The Sweater Song | Burndt Jamb | Don't Let Go | Tired of Sex | Say It Ain't So | Hash Pipe | Only in Dreams | Buddy Holly | Surf Wax America,Midget Tour,https://www.setlist.fm/setlist/weezer/2002/blue-cross-arena-rochester-ny-1bd70d6c.html,Blue Cross Arena,Headline,2002,02,07,07/02/2002Blue Cross Arena
05/02/2002,Weezer,Island in the Sun | In the Garage | Dope Nose | Why Bother? | Knock-Down Drag-Out | Death and Destruction | My Name Is Jonas | Simple Pages | Keep Fishin' | Photograph | Undone - The Sweater Song | Burndt Jamb | Don't Let Go | Tired of Sex | Say It Ain't So | Hash Pipe | Only in Dreams | Buddy Holly | Surf Wax America,Midget Tour,https://www.setlist.fm/setlist/weezer/2002/cricket-arena-charlotte-nc-3bd5f010.html,Cricket Arena,Headline,2002,02,05,05/02/2002Cricket Arena
13/12/2001,Weezer,Undone - The Sweater Song | Your Room | Crab | Tired of Sex | Fall Together | Smile | My Name Is Jonas | Saturday Night | Photograph | Island in the Sun | Living Without You | Don't Let Go | Say It Ain't So | Hash Pipe | Only in Dreams | Buddy Holly | Surf Wax America,Extended Midget Tour,https://www.setlist.fm/setlist/weezer/2001/the-icehouse-victoria-bc-canada-23d5f013.html,The Icehouse,Headline,2001,12,13,13/12/2001The Icehouse
11/12/2001,Weezer,The Dawn | Island in the Sun | In the Garage | Your Room | Crab | Tired of Sex | Fall Together | Smile | My Name Is Jonas | Saturday Night | Photograph | Undone - The Sweater Song | Living Without You | Don't Let Go | Say It Ain't So | Hash Pipe | Only in Dreams | Buddy Holly | Surf Wax America,Extended Midget Tour,https://www.setlist.fm/setlist/weezer/2001/cumberland-county-civic-center-portland-me-3bd5f01c.html,Cumberland County Civic Center,Headline,2001,12,11,11/12/2001Cumberland County Civic Center
09/12/2001,Weezer,Death and Destruction | Island in the Sun | In the Garage | Your Room | Crab | Tired of Sex | Keep Fishin' | Smile | My Name Is Jonas | Fall Together | Photograph | Undone - The Sweater Song | Living Without You | Don't Let Go | Say It Ain't So | Hash Pipe | Only in Dreams | Buddy Holly | Surf Wax America,Extended Midget Tour,https://www.setlist.fm/setlist/weezer/2001/baltimore-arena-baltimore-md-33d5f01d.html,Baltimore Arena,Headline,2001,12,09,09/12/2001Baltimore Arena
08/12/2001,Weezer,Death and Destruction | Island in the Sun | In the Garage | Your Room | Crab | Tired of Sex | Keep Fishin' | Smile | My Name Is Jonas | Fall Together | Photograph | Undone - The Sweater Song | Living Without You | Don't Let Go | Say It Ain't So | Hash Pipe | Only in Dreams | Buddy Holly | Surf Wax America,Extended Midget Tour,https://www.setlist.fm/setlist/weezer/2001/csu-convocation-center-cleveland-oh-2bd5f01e.html,CSU Convocation Center,Headline,2001,12,08,08/12/2001CSU Convocation Center
06/12/2001,Weezer,The Dawn | Island in the Sun | In the Garage | Your Room | Crab | Tired of Sex | Change the World | Smile | My Name Is Jonas | Fall Together | Photograph | Undone - The Sweater Song | Living Without You | Don't Let Go | Say It Ain't So | Hash Pipe | Only in Dreams | Buddy Holly | Surf Wax America,Extended Midget Tour,https://www.setlist.fm/setlist/weezer/2001/wings-stadium-kalamazoo-mi-23d5f01f.html,Wings Stadium,Headline,2001,12,06,06/12/2001Wings Stadium
05/12/2001,Weezer,The Dawn | Island in the Sun | In the Garage | Your Room | Crab | Tired of Sex | Change the World | Smile | My Name Is Jonas | Fall Together | Photograph | Undone - The Sweater Song | Living Without You | Don't Let Go | Say It Ain't So | Hash Pipe | Only in Dreams | Buddy Holly | Surf Wax America,Extended Midget Tour,https://www.setlist.fm/setlist/weezer/2001/value-city-arena-columbus-oh-3bd5f018.html,Value City Arena,Headline,2001,12,05,05/12/2001Value City Arena
03/12/2001,Weezer,The Dawn | Island in the Sun | In the Garage | Your Room | Crab | Tired of Sex | Change the World | Smile | My Name Is Jonas | Fall Together | Photograph | Undone - The Sweater Song | Living Without You | Don't Let Go | Say It Ain't So | Hash Pipe | Only in Dreams | Buddy Holly | Surf Wax America,Extended Midget Tour,https://www.setlist.fm/setlist/weezer/2001/redbird-arena-normal-il-2bd124f2.html,Redbird Arena,Headline,2001,12,03,03/12/2001Redbird Arena
02/12/2001,Weezer,The Dawn | Island in the Sun | In the Garage | Crab | Knock-Down Drag-Out | Fall Together | Photograph | Tired of Sex | My Name Is Jonas | Smile | Diamond Rings | Undone - The Sweater Song | Living Without You | Say It Ain't So | Don't Let Go | Hash Pipe | Only in Dreams | Buddy Holly | Surf Wax America,Extended Midget Tour,https://www.setlist.fm/setlist/weezer/2001/alliant-energy-center-madison-wi-2bd5f01a.html,Alliant Energy Center,Headline,2001,12,02,02/12/2001Alliant Energy Center
30/11/2001,Weezer,The Dawn | Island in the Sun | In the Garage | Crab | Knock-Down Drag-Out | Ain't Got Much Time | Photograph | Tired of Sex | My Name Is Jonas | Smile | Change the World | Undone - The Sweater Song | Living Without You | Say It Ain't So | Don't Let Go | Hash Pipe | Only in Dreams | Buddy Holly | Surf Wax America,Extended Midget Tour,https://www.setlist.fm/setlist/weezer/2001/municipal-auditorium-kansas-city-mo-23d5f01b.html,Municipal Auditorium,Headline,2001,11,30,30/11/2001Municipal Auditorium
29/11/2001,Weezer,The Dawn | Island in the Sun | In the Garage | Crab | Knock-Down Drag-Out | Ain't Got Much Time | Photograph | Tired of Sex | My Name Is Jonas | Smile | Change the World | Undone - The Sweater Song | Living Without You | Say It Ain't So | Don't Let Go | Hash Pipe | Only in Dreams | Buddy Holly | Surf Wax America,Extended Midget Tour,https://www.setlist.fm/setlist/weezer/2001/family-arena-st-charles-mo-3bd5f024.html,Family Arena,Headline,2001,11,29,29/11/2001Family Arena
27/11/2001,Weezer,The Dawn | Island in the Sun | In the Garage | Crab | Knock-Down Drag-Out | Ain't Got Much Time | Photograph | Tired of Sex | My Name Is Jonas | Smile | Change the World | Undone - The Sweater Song | Living Without You | Say It Ain't So | Don't Let Go | Hash Pipe | Only in Dreams | Buddy Holly | Surf Wax America,Extended Midget Tour,https://www.setlist.fm/setlist/weezer/2001/fort-worth-convention-center-fort-worth-tx-33d5f025.html,Fort Worth Convention Center,Headline,2001,11,27,27/11/2001Fort Worth Convention Center
26/11/2001,Weezer,The Dawn | Island in the Sun | In the Garage | Crab | Knock-Down Drag-Out | Ain't Got Much Time | Photograph | Tired of Sex | My Name Is Jonas | Smile | Change the World | Undone - The Sweater Song | Glorious Day | Say It Ain't So | Don't Let Go | Hash Pipe | Only in Dreams | Buddy Holly | Surf Wax America,Extended Midget Tour,https://www.setlist.fm/setlist/weezer/2001/freeman-coliseum-san-antonio-tx-23d5f027.html,Freeman Coliseum,Headline,2001,11,26,26/11/2001Freeman Coliseum
24/11/2001,Weezer,The Dawn | Island in the Sun | In the Garage | Crab | Knock-Down Drag-Out | Fall Together | Photograph | Tired of Sex | My Name Is Jonas | Smile | Living Without You | Undone - The Sweater Song | Glorious Day | Say It Ain't So | Don't Let Go | Hash Pipe | Only in Dreams | Buddy Holly | Surf Wax America,Extended Midget Tour,https://www.setlist.fm/setlist/weezer/2001/america-west-arena-phoenix-az-33d460d1.html,America West Arena,Headline,2001,11,24,24/11/2001America West Arena
23/11/2001,Weezer,The Dawn | Island in the Sun | In the Garage | Crab | Knock-Down Drag-Out | Fall Together | Photograph | Tired of Sex | My Name Is Jonas | Smile | Living Without You | Undone - The Sweater Song | Glorious Day | Say It Ain't So | Don't Let Go | Hash Pipe | Only in Dreams | Buddy Holly | Surf Wax America,Extended Midget Tour,https://www.setlist.fm/setlist/weezer/2001/long-beach-arena-long-beach-ca-3bd5f020.html,Long Beach Arena,Headline,2001,11,23,23/11/2001Long Beach Arena
20/11/2001,Weezer,Death and Destruction | Island in the Sun | In the Garage | Crab | Knock-Down Drag-Out | Love Explosion | Photograph | Tired of Sex | My Name Is Jonas | Smile | Living Without You | Undone - The Sweater Song | Glorious Day | Say It Ain't So | Don't Let Go | Hash Pipe | Only in Dreams | Buddy Holly | Surf Wax America,Extended Midget Tour,https://www.setlist.fm/setlist/weezer/2001/cox-arena-san-diego-ca-33d5f021.html,Cox Arena,Headline,2001,11,20,20/11/2001Cox Arena
19/11/2001,Weezer,Death and Destruction | Island in the Sun | In the Garage | Crab | Knock-Down Drag-Out | Love Explosion | Photograph | Tired of Sex | My Name Is Jonas | Smile | Living Without You | Undone - The Sweater Song | Don't Let Go | Say It Ain't So | Glorious Day | Hash Pipe | Only in Dreams | Buddy Holly | Surf Wax America,Extended Midget Tour,https://www.setlist.fm/setlist/weezer/2001/event-center-arena-san-jose-ca-2bd5f022.html,Event Center Arena,Headline,2001,11,19,19/11/2001Event Center Arena
17/11/2001,Weezer,The Dawn | Island in the Sun | In the Garage | Crab | Knock-Down Drag-Out | Faith in the Light | Photograph | Tired of Sex | My Name Is Jonas | Smile | Love Explosion | Undone - The Sweater Song | Don't Let Go | Say It Ain't So | Glorious Day | Hash Pipe | Only in Dreams | Buddy Holly | Surf Wax America,Extended Midget Tour,https://www.setlist.fm/setlist/weezer/2001/bank-of-america-center-boise-id-23d5f023.html,Bank of America Center,Headline,2001,11,17,17/11/2001Bank of America Center
15/11/2001,Weezer,The Dawn | Island in the Sun | In the Garage | Crab | Knock-Down Drag-Out | Faith in the Light | Photograph | Tired of Sex | My Name Is Jonas | Smile | Fall Together | Undone - The Sweater Song | Don't Let Go | Say It Ain't So | Glorious Day | Hash Pipe | Only in Dreams | Buddy Holly | Surf Wax America,Extended Midget Tour,https://www.setlist.fm/setlist/weezer/2001/keyarena-seattle-wa-3bd5f02c.html,KeyArena,Headline,2001,11,15,15/11/2001KeyArena
13/11/2001,Weezer,The Dawn | Island in the Sun | In the Garage | Crab | Knock-Down Drag-Out | Faith in the Light | Photograph | Tired of Sex | My Name Is Jonas | Fall Together | Smile | Your Room | Undone - The Sweater Song | Don't Let Go | Say It Ain't So | Glorious Day | Hash Pipe | Only in Dreams | Buddy Holly | Surf Wax America,Extended Midget Tour,https://www.setlist.fm/setlist/weezer/2001/rose-garden-arena-portland-or-33d5f02d.html,Rose Garden Arena,Headline,2001,11,13,13/11/2001Rose Garden Arena
08/11/2001,Weezer,The Dawn | My Weakness | Faith in the Light | Diamond Rings | Change the World | Smile | Ain't Got Much Time | We Go Together | Fall Together | Your Room | Glorious Day | So Low | Living Without You | Love Explosion | Photograph | Hash Pipe,,https://www.setlist.fm/setlist/weezer/2001/the-viper-room-west-hollywood-ca-43d5f337.html,The Viper Room,Headline,2001,11,08,08/11/2001The Viper Room
07/11/2001,Weezer,The Dawn | My Weakness | Faith in the Light | Diamond Rings | Change the World | Smile | Ain't Got Much Time | We Go Together | Fall Together | Your Room | Glorious Day | So Low | Living Without You | Love Explosion | Photograph | Hash Pipe,,https://www.setlist.fm/setlist/weezer/2001/the-viper-room-west-hollywood-ca-5bd5f330.html,The Viper Room,Headline,2001,11,07,07/11/2001The Viper Room
06/11/2001,Weezer,My Weakness | Faith in the Light | Diamond Rings | Change the World | Smile | Ain't Got Much Time | We Go Together | Fall Together | Your Room | Glorious Day | So Low | The Dawn | Love Explosion | Living Without You | Photograph | Hash Pipe,,https://www.setlist.fm/setlist/weezer/2001/the-viper-room-west-hollywood-ca-53d5f339.html,The Viper Room,Headline,2001,11,06,06/11/2001The Viper Room
24/10/2001,Weezer,My Weakness | Faith in the Light | Diamond Rings | Change the World | Smile | Ain't Got Much Time | We Go Together | Fall Together | Your Room | Glorious Day | So Low | The Dawn | Love Explosion | Living Without You | Photograph | Hash Pipe,,https://www.setlist.fm/setlist/weezer/2001/knitting-factory-los-angeles-ca-4bd5f33a.html,Knitting Factory,Headline,2001,10,24,24/10/2001Knitting Factory
29/09/2001,Weezer,Island in the Sun | In the Garage | Crab | Knock-Down Drag-Out | So Low | Photograph | Tired of Sex | My Name Is Jonas | Love Explosion | Smile | Your Room | Undone - The Sweater Song | Don't Let Go | Say It Ain't So | Glorious Day | Hash Pipe | Only in Dreams | Buddy Holly | Surf Wax America,Midget Tour,https://www.setlist.fm/setlist/weezer/2001/jones-beach-theater-wantagh-ny-23d764af.html,Jones Beach Theater,Headline,2001,09,29,29/09/2001Jones Beach Theater
28/09/2001,Weezer,Island in the Sun | In the Garage | Crab | Knock-Down Drag-Out | So Low | Photograph | Tired of Sex | My Name Is Jonas | Love Explosion | Smile | Fall Together | Undone - The Sweater Song | Don't Let Go | Say It Ain't So | Glorious Day | Hash Pipe | Only in Dreams | Buddy Holly | Surf Wax America,Midget Tour,https://www.setlist.fm/setlist/weezer/2001/patriot-center-fairfax-va-2bd5f02e.html,Patriot Center,Headline,2001,09,28,28/09/2001Patriot Center
26/09/2001,Weezer,Island in the Sun | In the Garage | Crab | Knock-Down Drag-Out | So Low | Photograph | Tired of Sex | My Name Is Jonas | Love Explosion | Smile | Dope Nose | Undone - The Sweater Song | Don't Let Go | Say It Ain't So | Glorious Day | Hash Pipe | Only in Dreams | Buddy Holly | Surf Wax America,Midget Tour,https://www.setlist.fm/setlist/weezer/2001/first-union-spectrum-philadelphia-pa-23d5f02f.html,First Union Spectrum,Headline,2001,09,26,26/09/2001First Union Spectrum
25/09/2001,Weezer,Island in the Sun | In the Garage | Crab | Knock-Down Drag-Out | So Low | Photograph | Tired of Sex | My Name Is Jonas | Love Explosion | Smile | We Go Together | Undone - The Sweater Song | Don't Let Go | Say It Ain't So | Glorious Day | Hash Pipe | Only in Dreams | Buddy Holly | Surf Wax America,Midget Tour,https://www.setlist.fm/setlist/weezer/2001/tweeter-center-for-the-performing-arts-mansfield-ma-3bd5f028.html,Tweeter Center for the Performing Arts,Headline,2001,09,25,25/09/2001Tweeter Center for the Performing Arts
24/09/2001,Weezer,Island in the Sun | In the Garage | Crab | Knock-Down Drag-Out | So Low | Photograph | Tired of Sex | My Name Is Jonas | Love Explosion | Smile | We Go Together | Undone - The Sweater Song | Don't Let Go | Say It Ain't So | Glorious Day | Hash Pipe | Only in Dreams | Buddy Holly | Surf Wax America,Midget Tour,https://www.setlist.fm/setlist/weezer/2001/arrow-hall-mississauga-on-canada-1bd46918.html,Arrow Hall,Headline,2001,09,24,24/09/2001Arrow Hall
22/09/2001,Weezer,Island in the Sun | In the Garage | Crab | Knock-Down Drag-Out | So Low | Photograph | Tired of Sex | My Name Is Jonas | Love Explosion | Smile | We Go Together | Undone - The Sweater Song | Don't Let Go | Say It Ain't So | Glorious Day | Hash Pipe | Only in Dreams | Buddy Holly | Surf Wax America,Midget Tour,https://www.setlist.fm/setlist/weezer/2001/cobo-arena-detroit-mi-23d70017.html,Cobo Arena,Headline,2001,09,22,22/09/2001Cobo Arena
21/09/2001,Weezer,Island in the Sun | In the Garage | Crab | Knock-Down Drag-Out | So Low | Photograph | Tired of Sex | My Name Is Jonas | Love Explosion | Smile | We Go Together | Undone - The Sweater Song | Don't Let Go | Say It Ain't So | Glorious Day | Hash Pipe | Only in Dreams | Buddy Holly | Surf Wax America,Midget Tour,https://www.setlist.fm/setlist/weezer/2001/united-center-chicago-il-33d5f029.html,United Center,Headline,2001,09,21,21/09/2001United Center
20/09/2001,Weezer,Island in the Sun | In the Garage | Crab | Knock-Down Drag-Out | Dope Nose | Photograph | Tired of Sex | My Name Is Jonas | Love Explosion | Smile | We Go Together | Undone - The Sweater Song | Don't Let Go | Say It Ain't So | Glorious Day | Hash Pipe | Buddy Holly | Surf Wax America,Midget Tour,https://www.setlist.fm/setlist/weezer/2001/roy-wilkins-auditorium-st-paul-mn-2bd5f02a.html,Roy Wilkins Auditorium,Headline,2001,09,20,20/09/2001Roy Wilkins Auditorium
18/09/2001,Weezer,Island in the Sun | In the Garage | Crab | Knock-Down Drag-Out | So Low | Photograph | Tired of Sex | My Name Is Jonas | Love Explosion | Smile | We Go Together | Undone - The Sweater Song | Don't Let Go | Say It Ain't So | Glorious Day | Hash Pipe | Buddy Holly | Surf Wax America,Midget Tour,https://www.setlist.fm/setlist/weezer/2001/denver-coliseum-denver-co-3bd5f034.html,Denver Coliseum,Headline,2001,09,18,18/09/2001Denver Coliseum
17/09/2001,Weezer,Island in the Sun | In the Garage | Crab | Knock-Down Drag-Out | So Low | Photograph | Tired of Sex | My Name Is Jonas | Love Explosion | Smile | We Go Together | Undone - The Sweater Song | Don't Let Go | Say It Ain't So | Glorious Day | Hash Pipe | Buddy Holly | Surf Wax America,Midget Tour,https://www.setlist.fm/setlist/weezer/2001/e-center-west-valley-city-ut-1bd5f1b4.html,E Center,Headline,2001,09,17,17/09/2001E Center
15/09/2001,Weezer,Island in the Sun | In the Garage | Crab | Knock-Down Drag-Out | So Low | Photograph | Tired of Sex | My Name Is Jonas | Love Explosion | Smile | We Go Together | Undone - The Sweater Song | Don't Let Go | Say It Ain't So | Glorious Day | Hash Pipe | Buddy Holly | Surf Wax America,Midget Tour,https://www.setlist.fm/setlist/weezer/2001/cox-pavilion-las-vegas-nv-33d5f035.html,Cox Pavilion,Headline,2001,09,15,15/09/2001Cox Pavilion
12/09/2001,Weezer,Island in the Sun | In the Garage | Crab | Knock-Down Drag-Out | So Low | Photograph | Tired of Sex | My Name Is Jonas | Love Explosion | Smile | We Go Together | Undone - The Sweater Song | Don't Let Go | Say It Ain't So | Glorious Day | Hash Pipe | Buddy Holly | Surf Wax America,Midget Tour,https://www.setlist.fm/setlist/weezer/2001/henry-j-kaiser-convention-center-oakland-ca-2bd5f036.html,Henry J. Kaiser Convention Center,Headline,2001,09,12,12/09/2001Henry J. Kaiser Convention Center
25/08/2001,Weezer,Photograph | Island in the Sun | Smile | Ain't Got Much Time | Simple Pages | Crab | Knock-Down Drag-Out | So Low | Hash Pipe | Undone - The Sweater Song | Say It Ain't So | Buddy Holly | Surf Wax America,Midget Tour,https://www.setlist.fm/setlist/weezer/2001/blockbuster-pavilion-san-bernardino-ca-23d5f037.html,Blockbuster Pavilion,Headline,2001,08,25,25/08/2001Blockbuster Pavilion
27/07/2001,Weezer,Island in the Sun,,https://www.setlist.fm/setlist/weezer/2001/the-tonight-show-with-jay-leno-burbank-ca-bda59e6.html,The Tonight Show with Jay Leno,Headline,2001,07,27,27/07/2001The Tonight Show with Jay Leno
25/07/2001,Weezer,Photograph | Island in the Sun | Smile | Zep Song | Crab | Knock-Down Drag-Out | Glorious Day | Keep Fishin' | Don't Let Go | December | Hash Pipe | Undone - The Sweater Song | Buddy Holly | Say It Ain't So | Surf Wax America,,https://www.setlist.fm/setlist/weezer/2001/tweeter-center-camden-nj-6bd66a6e.html,Tweeter Center,Headline,2001,07,25,25/07/2001Tweeter Center
24/07/2001,Weezer,Photograph | Zep Song | Smile | Island in the Sun | Crab | Keep Fishin' | Knock-Down Drag-Out | Glorious Day | High Up Above | Don't Let Go | December | Hash Pipe | Undone - The Sweater Song | Buddy Holly | Say It Ain't So | Surf Wax America,,https://www.setlist.fm/setlist/weezer/2001/irving-plaza-new-york-ny-5bd76b70.html,Irving Plaza,Headline,2001,07,24,24/07/2001Irving Plaza
05/07/2001,Weezer,Hash Pipe,,https://www.setlist.fm/setlist/weezer/2001/top-of-the-pops-london-england-3e101cf.html,Top of the Pops,Headline,2001,07,05,05/07/2001Top of the Pops
05/07/2001,Weezer,Burndt Jamb | Photograph | Zep Song | Island in the Sun | Crab | Keep Fishin' | Knock-Down Drag-Out | Listen Up | Don't Let Go | Smile | Hash Pipe | Tired of Sex | Undone - The Sweater Song | Buddy Holly | Say It Ain't So | Surf Wax America,Euro Freak Out Tour,https://www.setlist.fm/setlist/weezer/2001/shepherds-bush-empire-london-england-3d5f147.html,Shepherd's Bush Empire,Headline,2001,07,05,05/07/2001Shepherd's Bush Empire
04/07/2001,Weezer,Burndt Jamb | Photograph | Zep Song | Island in the Sun | Crab | Keep Fishin' | Knock-Down Drag-Out | Listen Up | Don't Let Go | Smile | Hash Pipe | Tired of Sex | Undone - The Sweater Song | Buddy Holly | Say It Ain't So | Surf Wax America,Euro Freak Out Tour,https://www.setlist.fm/setlist/weezer/2001/shepherds-bush-empire-london-england-1bd5f140.html,Shepherd's Bush Empire,Headline,2001,07,04,04/07/2001Shepherd's Bush Empire
03/07/2001,Weezer,Burndt Jamb | Photograph | Zep Song | Island in the Sun | Crab | Keep Fishin' | Knock-Down Drag-Out | Listen Up | Don't Let Go | Glorious Day | Hash Pipe | Tired of Sex | Undone - The Sweater Song | Buddy Holly | Say It Ain't So | Surf Wax America,Euro Freak Out Tour,https://www.setlist.fm/setlist/weezer/2001/shepherds-bush-empire-london-england-13d5f141.html,Shepherd's Bush Empire,Headline,2001,07,03,03/07/2001Shepherd's Bush Empire
01/07/2001,Weezer,Burndt Jamb | Photograph | Zep Song | Island in the Sun | High Up Above | Crab | Listen Up | Knock-Down Drag-Out | Keep Fishin' | Don't Let Go | December | Hash Pipe | Undone - The Sweater Song | Buddy Holly | Surf Wax America,Euro Freak Out Tour,https://www.setlist.fm/setlist/weezer/2001/festivalpark-werchter-belgium-bd5f142.html,Festivalpark,Headline,2001,07,01,01/07/2001Festivalpark
29/06/2001,Weezer,Burndt Jamb | Photograph | Zep Song | Island in the Sun | High Up Above | Crab | Listen Up | Knock-Down Drag-Out | Keep Fishin' | Don't Let Go | December | Hash Pipe | Tired of Sex | Undone - The Sweater Song | Buddy Holly | Say It Ain't So | Surf Wax America,Euro Freak Out Tour,https://www.setlist.fm/setlist/weezer/2001/razzmatazz-2-barcelona-spain-1bda597c.html,Razzmatazz 2,Headline,2001,06,29,29/06/2001Razzmatazz 2
28/06/2001,Weezer,Burndt Jamb | Photograph | Zep Song | Island in the Sun | High Up Above | Crab | Listen Up | Knock-Down Drag-Out | Keep Fishin' | Don't Let Go | December | Hash Pipe | Tired of Sex | Undone - The Sweater Song | Buddy Holly | Say It Ain't So | Surf Wax America,Euro Freak Out Tour,https://www.setlist.fm/setlist/weezer/2001/sala-arena-madrid-spain-1bd5f14c.html,Sala Arena,Headline,2001,06,28,28/06/2001Sala Arena
26/06/2001,Weezer,Burndt Jamb | Photograph | Zep Song | Don't Let Go | High Up Above | Island in the Sun | Knock-Down Drag-Out | Keep Fishin' | Crab | December | Simple Pages | Take Control | Hash Pipe | Tired of Sex | Undone - The Sweater Song | Buddy Holly | Say It Ain't So | Surf Wax America,Euro Freak Out Tour,https://www.setlist.fm/setlist/weezer/2001/elysee-montmartre-paris-france-5bd4f388.html,Élysée Montmartre,Headline,2001,06,26,26/06/2001Élysée Montmartre
25/06/2001,Weezer,Burndt Jamb | Photograph | Zep Song | Don't Let Go | High Up Above | Island in the Sun | American Gigolo | Crab | Keep Fishin' | Simple Pages | December | Hash Pipe | Take Control | Knock-Down Drag-Out | Undone - The Sweater Song | Buddy Holly | Say It Ain't So | Surf Wax America,Euro Freak Out Tour,https://www.setlist.fm/setlist/weezer/2001/the-max-amsterdam-netherlands-4bd44382.html,The Max,Headline,2001,06,25,25/06/2001The Max
24/06/2001,Weezer,Burndt Jamb | Photograph | Zep Song | Don't Let Go | Island in the Sun | American Gigolo | Crab | High Up Above | Hash Pipe | Take Control | Knock-Down Drag-Out | Undone - The Sweater Song | Buddy Holly | Surf Wax America,Euro Freak Out Tour,https://www.setlist.fm/setlist/weezer/2001/eichenring-scheessel-germany-3d5f14f.html,Eichenring,Headline,2001,06,24,24/06/2001Eichenring
23/06/2001,Weezer,Burndt Jamb | Photograph | Zep Song | Don't Let Go | Island in the Sun | American Gigolo | Crab | High Up Above | Hash Pipe | Take Control | Knock-Down Drag-Out | Undone - The Sweater Song | Buddy Holly | Surf Wax America,Euro Freak Out Tour,https://www.setlist.fm/setlist/weezer/2001/take-off-gewerbepark-neuhausen-ob-eck-germany-1bd5f148.html,take-off GewerbePark,Headline,2001,06,23,23/06/2001take-off GewerbePark
21/06/2001,Weezer,Burndt Jamb | Photograph | Zep Song | Simple Pages | High Up Above | Don't Let Go | Island in the Sun | American Gigolo | Crab | Keep Fishin' | Hash Pipe | Only in Dreams | Take Control | Knock-Down Drag-Out | Undone - The Sweater Song | Buddy Holly | Surf Wax America,Euro Freak Out Tour,https://www.setlist.fm/setlist/weezer/2001/soundgarden-dortmund-germany-bd5893a.html,Soundgarden,Headline,2001,06,21,21/06/2001Soundgarden
19/06/2001,Weezer,Burndt Jamb | Photograph | Zep Song | High Up Above | Don't Let Go | Island in the Sun | American Gigolo | Keep Fishin' | December | Hash Pipe | Only in Dreams | Take Control | Knock-Down Drag-Out | Undone - The Sweater Song | Buddy Holly | Surf Wax America,Euro Freak Out Tour,https://www.setlist.fm/setlist/weezer/2001/pumpehuset-copenhagen-denmark-43d4c34f.html,Pumpehuset,Headline,2001,06,19,19/06/2001Pumpehuset
18/06/2001,Weezer,Burndt Jamb | Photograph | Zep Song | High Up Above | Don't Let Go | Island in the Sun | Simple Pages | Keep Fishin' | December | Hash Pipe | Tired of Sex | Say It Ain't So | Knock-Down Drag-Out | Undone - The Sweater Song | Buddy Holly | Only in Dreams | Surf Wax America,Euro Freak Out Tour,https://www.setlist.fm/setlist/weezer/2001/rockefeller-music-hall-oslo-norway-73d6aee5.html,Rockefeller Music Hall,Headline,2001,06,18,18/06/2001Rockefeller Music Hall
16/06/2001,Weezer,Burndt Jamb | Photograph | Zep Song | High Up Above | Don't Let Go | Island in the Sun | Simple Pages | Keep Fishin' | December | Hash Pipe | Tired of Sex | Say It Ain't So | Knock-Down Drag-Out | Undone - The Sweater Song | Buddy Holly | Surf Wax America,Euro Freak Out Tour,https://www.setlist.fm/setlist/weezer/2001/hawaii-hultsfred-sweden-bd7a1d6.html,Hawaii,Headline,2001,06,16,16/06/2001Hawaii
15/06/2001,Weezer,Burndt Jamb | Photograph | Zep Song | High Up Above | Don't Let Go | Island in the Sun | Simple Pages | Keep Fishin' | December | Hash Pipe | Tired of Sex | Knock-Down Drag-Out | Undone - The Sweater Song | Buddy Holly | Surf Wax America,Euro Freak Out Tour,https://www.setlist.fm/setlist/weezer/2001/tornava-seinajoki-finland-6bd6ae7e.html,Törnävä,Headline,2001,06,15,15/06/2001Törnävä
13/06/2001,Weezer,Burndt Jamb | Take Control | Listen Up | High Up Above | Keep Fishin' | Saturday Night | Zep Song | December,,https://www.setlist.fm/setlist/weezer/2001/bbc-radio-1-studios-london-england-1b40b548.html,BBC Radio 1 Studios,Headline,2001,06,13,13/06/2001BBC Radio 1 Studios
12/06/2001,Weezer,Hash Pipe,,https://www.setlist.fm/setlist/weezer/2001/the-pepsi-chart-show-london-england-1be101c8.html,The Pepsi Chart Show,Headline,2001,06,12,12/06/2001The Pepsi Chart Show
10/06/2001,Weezer,Hash Pipe,,https://www.setlist.fm/setlist/weezer/2001/t4-london-england-13e101d5.html,T4,Headline,2001,06,10,10/06/2001T4
08/06/2001,Weezer,Photograph | Island in the Sun | Knock-Down Drag-Out | December | American Gigolo | Burndt Jamb | Keep Fishin' | Saturday Night | Tired of Sex | Buddy Holly | Undone - The Sweater Song | Hash Pipe,Hooptie Tour,https://www.setlist.fm/setlist/weezer/2001/ontario-places-island-club-toronto-on-canada-bd6ad5e.html,Ontario Place's ''Island Club'',Headline,2001,06,08,08/06/2001Ontario Place's ''Island Club''
07/06/2001,Weezer,Photograph | Island in the Sun | Knock-Down Drag-Out | Burndt Jamb | Keep Fishin' | Tired of Sex | Buddy Holly | Undone - The Sweater Song | Hash Pipe,Hooptie Tour,https://www.setlist.fm/setlist/weezer/2001/hudson-river-new-york-ny-3d675cf.html,Hudson River,Headline,2001,06,07,07/06/2001Hudson River
06/06/2001,Weezer,Photograph | Island in the Sun | Knock-Down Drag-Out | Burndt Jamb | Keep Fishin' | Tired of Sex | Buddy Holly | Undone - The Sweater Song | Hash Pipe,Hooptie Tour,https://www.setlist.fm/setlist/weezer/2001/virgin-megastore-new-york-ny-3bd5a8c8.html,Virgin Megastore,Headline,2001,06,06,06/06/2001Virgin Megastore
05/06/2001,Weezer,Island in the Sun,,https://www.setlist.fm/setlist/weezer/2001/late-night-with-conan-obrien-new-york-ny-3da59e7.html,Late Night With Conan O'Brien,Headline,2001,06,05,05/06/2001Late Night With Conan O'Brien
04/06/2001,Weezer,Photograph | Island in the Sun | Knock-Down Drag-Out | Simple Pages | Say It Ain't So | Buddy Holly | Undone - The Sweater Song | Hash Pipe,,https://www.setlist.fm/setlist/weezer/2001/blue-horizon-philadelphia-pa-bd6759e.html,Blue Horizon,Headline,2001,06,04,04/06/2001Blue Horizon
02/06/2001,Weezer,Hash Pipe,,https://www.setlist.fm/setlist/weezer/2001/shrine-auditorium-los-angeles-ca-1bda59e0.html,Shrine Auditorium,Headline,2001,06,02,02/06/2001Shrine Auditorium
31/05/2001,Weezer,Photograph | Island in the Sun | Knock-Down Drag-Out | Tired of Sex | Say It Ain't So | Buddy Holly | Undone - The Sweater Song | Hash Pipe,Hooptie Tour,https://www.setlist.fm/setlist/weezer/2001/the-george-washington-university-washington-dc-3d6759f.html,The George Washington University,Headline,2001,05,31,31/05/2001The George Washington University
30/05/2001,Weezer,Photograph | Island in the Sun | Knock-Down Drag-Out | Hash Pipe | Say It Ain't So | Buddy Holly | Tired of Sex | Undone - The Sweater Song,Hooptie Tour,https://www.setlist.fm/setlist/weezer/2001/the-beachcomber-wellfleet-ma-1bd675c0.html,The Beachcomber,Headline,2001,05,30,30/05/2001The Beachcomber
29/05/2001,Weezer,Photograph | Island in the Sun | Knock-Down Drag-Out | Hash Pipe | Say It Ain't So | Buddy Holly | Tired of Sex | Undone - The Sweater Song,Hooptie Tour,https://www.setlist.fm/setlist/weezer/2001/fleet-pavilion-boston-ma-13da59e1.html,Fleet Pavilion,Headline,2001,05,29,29/05/2001Fleet Pavilion
28/05/2001,Weezer,Undone - The Sweater Song | Island in the Sun | You Gave Your Love to Me Softly | In the Garage | Knock-Down Drag-Out | Say It Ain't So | Buddy Holly | Hash Pipe,Hooptie Tour,https://www.setlist.fm/setlist/weezer/2001/robert-f-kennedy-memorial-stadium-washington-dc-bda59e2.html,Robert F. Kennedy Memorial Stadium,Headline,2001,05,28,28/05/2001Robert F. Kennedy Memorial Stadium
25/05/2001,Weezer,Undone - The Sweater Song | Island in the Sun | You Gave Your Love to Me Softly | In the Garage | Knock-Down Drag-Out | Say It Ain't So | Buddy Holly | Tired of Sex | Hash Pipe,Hooptie Tour,https://www.setlist.fm/setlist/weezer/2001/fireside-bowl-chicago-il-13d675c1.html,Fireside Bowl,Headline,2001,05,25,25/05/2001Fireside Bowl
22/05/2001,Weezer,Undone - The Sweater Song | Island in the Sun | You Gave Your Love to Me Softly | In the Garage | Knock-Down Drag-Out | Say It Ain't So | Buddy Holly | Tired of Sex | Hash Pipe,Hooptie Tour,https://www.setlist.fm/setlist/weezer/2001/airborne-skatepark-detroit-mi-bd675c2.html,Airborne Skatepark,Headline,2001,05,22,22/05/2001Airborne Skatepark
20/05/2001,Weezer,Undone - The Sweater Song | Island in the Sun | Take Control | In the Garage | Knock-Down Drag-Out | Saturday Night | You Gave Your Love to Me Softly | Burndt Jamb | Keep Fishin' | Zep Song | Hash Pipe | Say It Ain't So | Buddy Holly | Surf Wax America,Hooptie Tour,https://www.setlist.fm/setlist/weezer/2001/riverport-amphitheatre-maryland-heights-mo-3d675c3.html,Riverport Amphitheatre,Headline,2001,05,20,20/05/2001Riverport Amphitheatre
19/05/2001,Weezer,Hash Pipe | Island in the Sun,,https://www.setlist.fm/setlist/weezer/2001/saturday-night-live-new-york-ny-3da59e3.html,Saturday Night Live,Headline,2001,05,19,19/05/2001Saturday Night Live
17/05/2001,Weezer,Undone - The Sweater Song | Island in the Sun | You Gave Your Love to Me Softly | In the Garage | Knock-Down Drag-Out | Tired of Sex | Buddy Holly | Hash Pipe,Hooptie Tour,https://www.setlist.fm/setlist/weezer/2001/six-flags-magic-mountain-santa-clarita-ca-1bd675cc.html,Six Flags Magic Mountain,Headline,2001,05,17,17/05/2001Six Flags Magic Mountain
15/05/2001,Weezer,Undone - The Sweater Song | Island in the Sun | You Gave Your Love to Me Softly | In the Garage | Knock-Down Drag-Out | The Good Life | Say It Ain't So | Buddy Holly | Tired of Sex | Hash Pipe,Hooptie Tour,https://www.setlist.fm/setlist/weezer/2001/tower-records-west-hollywood-ca-bd3d1da.html,Tower Records,Headline,2001,05,15,15/05/2001Tower Records
13/05/2001,Weezer,Undone - The Sweater Song | Island in the Sun | You Gave Your Love to Me Softly | In the Garage | Knock-Down Drag-Out | Tired of Sex | Buddy Holly | Hash Pipe,Hooptie Tour,https://www.setlist.fm/setlist/weezer/2001/will-rogers-downs-claremore-ok-13de2df9.html,Will Rogers Downs,Headline,2001,05,13,13/05/2001Will Rogers Downs
12/05/2001,Weezer,Undone - The Sweater Song | Don't Let Go | Island in the Sun | Simple Pages | You Gave Your Love to Me Softly | In the Garage | Knock-Down Drag-Out | The Good Life | My Name Is Jonas | Tired of Sex | Hash Pipe | Say It Ain't So | Buddy Holly | Surf Wax America,Hooptie Tour,https://www.setlist.fm/setlist/weezer/2001/smirnoff-music-centre-dallas-tx-1bda59ec.html,Smirnoff Music Centre,Headline,2001,05,12,12/05/2001Smirnoff Music Centre
11/05/2001,Weezer,Undone - The Sweater Song | Island in the Sun | You Gave Your Love to Me Softly | In the Garage | Knock-Down Drag-Out | Tired of Sex | Buddy Holly | Hash Pipe,Hooptie Tour,https://www.setlist.fm/setlist/weezer/2001/stubbs-bar-b-q-austin-tx-13da59ed.html,Stubb's Bar-B-Q,Headline,2001,05,11,11/05/2001Stubb's Bar-B-Q
09/05/2001,Weezer,Undone - The Sweater Song | Island in the Sun | You Gave Your Love to Me Softly | In the Garage | Knock-Down Drag-Out | Tired of Sex | Buddy Holly | Hash Pipe,Hooptie Tour,https://www.setlist.fm/setlist/weezer/2001/rawhide-western-town-and-event-center-chandler-az-bda59ee.html,Rawhide Western Town and Event Center,Headline,2001,05,09,09/05/2001Rawhide Western Town and Event Center
08/05/2001,Weezer,Don't Let Go | Photograph | Simple Pages | Island in the Sun | Crab | Knock-Down Drag-Out | Glorious Day | Hash Pipe,,https://www.setlist.fm/setlist/weezer/2001/xetra-fm-studios-chula-vista-ca-13d675cd.html,XETRA-FM Studios,Headline,2001,05,08,08/05/2001XETRA-FM Studios
08/05/2001,Weezer,Undone - The Sweater Song | Island in the Sun | Glorious Day | Don't Let Go,,https://www.setlist.fm/setlist/weezer/2001/kearny-mesa-bowl-san-diego-ca-134b297d.html,Kearny Mesa Bowl,Headline,2001,05,08,08/05/2001Kearny Mesa Bowl
28/04/2001,Weezer,Photograph | In the Garage | You Gave Your Love to Me Softly | Hash Pipe | Island in the Sun | Simple Pages | Don't Let Go | Say It Ain't So | Buddy Holly | Undone - The Sweater Song | Tired of Sex | Only in Dreams | Surf Wax America,,https://www.setlist.fm/setlist/weezer/2001/empire-polo-club-indio-ca-1bda59e8.html,Empire Polo Club,Headline,2001,04,28,28/04/2001Empire Polo Club
26/04/2001,Weezer,I Do | Photograph | In the Garage | You Gave Your Love to Me Softly | Hash Pipe | Island in the Sun | The Good Life | The Christmas Song | Why Bother? | Simple Pages | Butterfly | Don't Let Go | Say It Ain't So | Buddy Holly | Undone - The Sweater Song | Tired of Sex | Only in Dreams | Surf Wax America,2001 Japan Tour,https://www.setlist.fm/setlist/weezer/2001/zepp-tokyo-tokyo-japan-1bda59f0.html,Zepp Tokyo,Headline,2001,04,26,26/04/2001Zepp Tokyo
25/04/2001,Weezer,I Do | Photograph | In the Garage | You Gave Your Love to Me Softly | Hash Pipe | Island in the Sun | The Good Life | The Christmas Song | Why Bother? | Simple Pages | Butterfly | Don't Let Go | Say It Ain't So | Buddy Holly | Undone - The Sweater Song | Tired of Sex | Only in Dreams | Surf Wax America,2001 Japan Tour,https://www.setlist.fm/setlist/weezer/2001/zepp-tokyo-tokyo-japan-7bd5f2ac.html,Zepp Tokyo,Headline,2001,04,25,25/04/2001Zepp Tokyo
23/04/2001,Weezer,I Do | Photograph | In the Garage | You Gave Your Love to Me Softly | Hash Pipe | Island in the Sun | The Good Life | The Christmas Song | Why Bother? | Simple Pages | Butterfly | Don't Let Go | Say It Ain't So | Buddy Holly | Undone - The Sweater Song | Tired of Sex | Only in Dreams | Surf Wax America,2001 Japan Tour,https://www.setlist.fm/setlist/weezer/2001/club-diamond-hall-nagoya-japan-2bd7b042.html,Club Diamond Hall,Headline,2001,04,23,23/04/2001Club Diamond Hall
21/04/2001,Weezer,I Do | Photograph | In the Garage | You Gave Your Love to Me Softly | Hash Pipe | Island in the Sun | The Good Life | The Christmas Song | Why Bother? | Simple Pages | Butterfly | Don't Let Go | Say It Ain't So | Buddy Holly | Undone - The Sweater Song | Tired of Sex | Only in Dreams | Surf Wax America,2001 Japan Tour,https://www.setlist.fm/setlist/weezer/2001/zepp-osaka-osaka-japan-bd675ce.html,Zepp Osaka,Headline,2001,04,21,21/04/2001Zepp Osaka
20/04/2001,Weezer,I Do | Photograph | In the Garage | You Gave Your Love to Me Softly | Hash Pipe | Island in the Sun | The Good Life | The Christmas Song | Why Bother? | Simple Pages | Butterfly | Don't Let Go | Say It Ain't So | Buddy Holly | Undone - The Sweater Song | Tired of Sex | Happy Birthday to You | Only in Dreams | Surf Wax America,2001 Japan Tour,https://www.setlist.fm/setlist/weezer/2001/zepp-osaka-osaka-japan-1bd675c8.html,Zepp Osaka,Headline,2001,04,20,20/04/2001Zepp Osaka
19/04/2001,Weezer,I Do | Photograph | In the Garage | You Gave Your Love to Me Softly | Island in the Sun | The Good Life | The Christmas Song | Why Bother? | Simple Pages | Butterfly | Hash Pipe | Say It Ain't So | Buddy Holly | Undone - The Sweater Song | Tired of Sex | Only in Dreams | Surf Wax America,2001 Japan Tour,https://www.setlist.fm/setlist/weezer/2001/aster-plaza-hiroshima-japan-23d7b043.html,Aster Plaza,Headline,2001,04,19,19/04/2001Aster Plaza
18/04/2001,Weezer,I Do | Photograph | Tired of Sex | In the Garage | You Gave Your Love to Me Softly | Island in the Sun | The Good Life | The Christmas Song | Why Bother? | Butterfly | Hash Pipe | Say It Ain't So | Buddy Holly | Simple Pages | Undone - The Sweater Song | Only in Dreams | Surf Wax America,2001 Japan Tour,https://www.setlist.fm/setlist/weezer/2001/zepp-fukuoka-fukuoka-japan-3bd7b04c.html,Zepp Fukuoka,Headline,2001,04,18,18/04/2001Zepp Fukuoka
17/04/2001,Weezer,I Do | Photograph | Tired of Sex | In the Garage | You Gave Your Love to Me Softly | Island in the Sun | The Good Life | The Christmas Song | Why Bother? | Butterfly | Hash Pipe | Say It Ain't So | Buddy Holly | Simple Pages | Undone - The Sweater Song | Only in Dreams | Surf Wax America,2001 Japan Tour,https://www.setlist.fm/setlist/weezer/2001/club-diamond-hall-nagoya-japan-33d7b04d.html,Club Diamond Hall,Headline,2001,04,17,17/04/2001Club Diamond Hall
16/04/2001,Weezer,I Do | Photograph | Tired of Sex | In the Garage | You Gave Your Love to Me Softly | Island in the Sun | The Good Life | The Christmas Song | Why Bother? | Butterfly | Hash Pipe | Say It Ain't So | Buddy Holly | Simple Pages | Undone - The Sweater Song | Only in Dreams | Surf Wax America,2001 Japan Tour,https://www.setlist.fm/setlist/weezer/2001/zepp-sendai-sendai-japan-2bd7b04e.html,Zepp Sendai,Headline,2001,04,16,16/04/2001Zepp Sendai
15/04/2001,Weezer,I Do | Photograph | Tired of Sex | In the Garage | You Gave Your Love to Me Softly | Island in the Sun | Hash Pipe | The Good Life | The Christmas Song | Why Bother? | Butterfly | Say It Ain't So | Buddy Holly | Undone - The Sweater Song | Surf Wax America | Only in Dreams | Simple Pages,2001 Japan Tour,https://www.setlist.fm/setlist/weezer/2001/akasaka-blitz-tokyo-japan-23d7b04f.html,Akasaka BLITZ,Headline,2001,04,15,15/04/2001Akasaka BLITZ
18/03/2001,Weezer,I Do | My Name Is Jonas | El Scorcho | You Gave Your Love to Me Softly | The Good Life | The Christmas Song | Island in the Sun | Don't Let Go | Hash Pipe | In the Garage | Tired of Sex | Say It Ain't So | Buddy Holly | Undone - The Sweater Song | Why Bother? | Only in Dreams | Surf Wax America,Yahoo! Outloud Tour,https://www.setlist.fm/setlist/weezer/2001/rimac-arena-la-jolla-ca-13d675c9.html,RIMAC Arena,Headline,2001,03,18,18/03/2001RIMAC Arena
17/03/2001,Weezer,I Do | My Name Is Jonas | El Scorcho | You Gave Your Love to Me Softly | The Good Life | The Christmas Song | Island in the Sun | Don't Let Go | Hash Pipe | In the Garage | Tired of Sex | Say It Ain't So | Buddy Holly | Undone - The Sweater Song | Why Bother? | Only in Dreams | Surf Wax America,Yahoo! Outloud Tour,https://www.setlist.fm/setlist/weezer/2001/bill-graham-civic-auditorium-san-francisco-ca-bd675ca.html,Bill Graham Civic Auditorium,Headline,2001,03,17,17/03/2001Bill Graham Civic Auditorium
16/03/2001,Weezer,I Do | My Name Is Jonas | El Scorcho | You Gave Your Love to Me Softly | The Good Life | The Christmas Song | Island in the Sun | Don't Let Go | Hash Pipe | In the Garage | Tired of Sex | Say It Ain't So | Buddy Holly | Undone - The Sweater Song | Why Bother? | Only in Dreams | Surf Wax America,Yahoo! Outloud Tour,https://www.setlist.fm/setlist/weezer/2001/hollywood-palladium-los-angeles-ca-3d675cb.html,Hollywood Palladium,Headline,2001,03,16,16/03/2001Hollywood Palladium
14/03/2001,Weezer,I Do | My Name Is Jonas | El Scorcho | You Gave Your Love to Me Softly | The Good Life | The Christmas Song | Island in the Sun | Don't Let Go | Hash Pipe | In the Garage | Tired of Sex | Say It Ain't So | Buddy Holly | Undone - The Sweater Song | Why Bother? | Only in Dreams | Surf Wax America,Yahoo! Outloud Tour,https://www.setlist.fm/setlist/weezer/2001/fillmore-auditorium-denver-co-1bd675d4.html,Fillmore Auditorium,Headline,2001,03,14,14/03/2001Fillmore Auditorium
12/03/2001,Weezer,I Do | My Name Is Jonas | El Scorcho | You Gave Your Love to Me Softly | The Good Life | The Christmas Song | Don't Let Go | Island in the Sun | Hash Pipe | In the Garage | Tired of Sex | Say It Ain't So | Buddy Holly | Undone - The Sweater Song | Why Bother? | Only in Dreams | Surf Wax America,Yahoo! Outloud Tour,https://www.setlist.fm/setlist/weezer/2001/memorial-hall-kansas-city-ks-13d675d5.html,Memorial Hall,Headline,2001,03,12,12/03/2001Memorial Hall
11/03/2001,Weezer,I Do | My Name Is Jonas | El Scorcho | You Gave Your Love to Me Softly | The Good Life | The Christmas Song | Island in the Sun | Don't Let Go | Hash Pipe | In the Garage | Tired of Sex | Say It Ain't So | Buddy Holly | Undone - The Sweater Song | Why Bother? | Only in Dreams | Surf Wax America,Yahoo! Outloud Tour,https://www.setlist.fm/setlist/weezer/2001/hearnes-center-columbia-mo-bd675d6.html,Hearnes Center,Headline,2001,03,11,11/03/2001Hearnes Center
10/03/2001,Weezer,I Do | My Name Is Jonas | El Scorcho | You Gave Your Love to Me Softly | The Good Life | The Christmas Song | Island in the Sun | Don't Let Go | Hash Pipe | In the Garage | Tired of Sex | Say It Ain't So | Buddy Holly | Undone - The Sweater Song | Why Bother? | Only in Dreams | Surf Wax America,Yahoo! Outloud Tour,https://www.setlist.fm/setlist/weezer/2001/eagles-ballroom-milwaukee-wi-3d675d7.html,Eagles Ballroom,Headline,2001,03,10,10/03/2001Eagles Ballroom
09/03/2001,Weezer,I Do | My Name Is Jonas | El Scorcho | You Gave Your Love to Me Softly | The Good Life | The Christmas Song | Island in the Sun | Don't Let Go | Hash Pipe | In the Garage | Tired of Sex | Say It Ain't So | Buddy Holly | Undone - The Sweater Song | Why Bother? | Only in Dreams | Surf Wax America,Yahoo! Outloud Tour,https://www.setlist.fm/setlist/weezer/2001/aragon-ballroom-chicago-il-1bd675d0.html,Aragon Ballroom,Headline,2001,03,09,09/03/2001Aragon Ballroom
08/03/2001,Weezer,I Do | My Name Is Jonas | El Scorcho | You Gave Your Love to Me Softly | The Good Life | The Christmas Song | Island in the Sun | Don't Let Go | Hash Pipe | In the Garage | Tired of Sex | Say It Ain't So | Buddy Holly | Undone - The Sweater Song | Why Bother? | Only in Dreams | Surf Wax America,Yahoo! Outloud Tour,https://www.setlist.fm/setlist/weezer/2001/state-theatre-detroit-mi-13d675d1.html,State Theatre,Headline,2001,03,08,08/03/2001State Theatre
06/03/2001,Weezer,I Do | My Name Is Jonas | El Scorcho | You Gave Your Love to Me Softly | The Good Life | The Christmas Song | Island in the Sun | Don't Let Go | Hash Pipe | In the Garage | Tired of Sex | Say It Ain't So | Buddy Holly | Undone - The Sweater Song | Why Bother? | Only in Dreams | Surf Wax America,Yahoo! Outloud Tour,https://www.setlist.fm/setlist/weezer/2001/recreation-and-convocation-center-albany-ny-3d675d3.html,Recreation and Convocation Center,Headline,2001,03,06,06/03/2001Recreation and Convocation Center
05/03/2001,Weezer,I Do | My Name Is Jonas | El Scorcho | You Gave Your Love to Me Softly | The Good Life | The Christmas Song | Island in the Sun | Don't Let Go | Hash Pipe | In the Garage | Tired of Sex | Say It Ain't So | Buddy Holly | Undone - The Sweater Song | Why Bother? | Only in Dreams | Surf Wax America,Yahoo! Outloud Tour,https://www.setlist.fm/setlist/weezer/2001/roseland-ballroom-new-york-ny-bd675de.html,Roseland Ballroom,Headline,2001,03,05,05/03/2001Roseland Ballroom
04/03/2001,Weezer,I Do | My Name Is Jonas | El Scorcho | You Gave Your Love to Me Softly | The Good Life | The Christmas Song | Island in the Sun | Don't Let Go | Hash Pipe | In the Garage | Tired of Sex | Say It Ain't So | Buddy Holly | Undone - The Sweater Song | Why Bother? | Only in Dreams | Surf Wax America,Yahoo! Outloud Tour,https://www.setlist.fm/setlist/weezer/2001/lowell-memorial-auditorium-lowell-ma-1bd675d8.html,Lowell Memorial Auditorium,Headline,2001,03,04,04/03/2001Lowell Memorial Auditorium
03/03/2001,Weezer,I Do | My Name Is Jonas | El Scorcho | You Gave Your Love to Me Softly | The Good Life | The Christmas Song | Island in the Sun | Don't Let Go | Hash Pipe | In the Garage | Tired of Sex | Say It Ain't So | Buddy Holly | Undone - The Sweater Song | Why Bother? | Only in Dreams | Surf Wax America,Yahoo! Outloud Tour,https://www.setlist.fm/setlist/weezer/2001/electric-factory-philadelphia-pa-bd675f6.html,Electric Factory,Headline,2001,03,03,03/03/2001Electric Factory
02/03/2001,Weezer,I Do | My Name Is Jonas | El Scorcho | You Gave Your Love to Me Softly | The Good Life | The Christmas Song | Island in the Sun | Don't Let Go | Hash Pipe | In the Garage | Tired of Sex | Say It Ain't So | Buddy Holly | Undone - The Sweater Song | Why Bother? | Only in Dreams | Surf Wax America,Yahoo! Outloud Tour,https://www.setlist.fm/setlist/weezer/2001/bender-arena-washington-dc-13d675d9.html,Bender Arena,Headline,2001,03,02,02/03/2001Bender Arena
01/03/2001,Weezer,I Do | My Name Is Jonas | El Scorcho | You Gave Your Love to Me Softly | The Good Life | The Christmas Song | Island in the Sun | Don't Let Go | Hash Pipe | In the Garage | Tired of Sex | Say It Ain't So | Buddy Holly | Undone - The Sweater Song | Why Bother? | Only in Dreams | Surf Wax America | War Pigs,Yahoo! Outloud Tour,https://www.setlist.fm/setlist/weezer/2001/grady-cole-center-charlotte-nc-3d675db.html,Grady Cole Center,Headline,2001,03,01,01/03/2001Grady Cole Center
27/02/2001,Weezer,I Do | My Name Is Jonas | El Scorcho | No One Else | The Good Life | The Christmas Song | Island in the Sun | Don't Let Go | Hash Pipe | In the Garage | You Gave Your Love to Me Softly | Say It Ain't So | Buddy Holly | Undone - The Sweater Song | Why Bother? | Only in Dreams | Surf Wax America,Yahoo! Outloud Tour,https://www.setlist.fm/setlist/weezer/2001/the-classic-center-athens-ga-1bd675e4.html,The Classic Center,Headline,2001,02,27,27/02/2001The Classic Center
26/02/2001,Weezer,I Do | My Name Is Jonas | El Scorcho | No One Else | The Good Life | The Christmas Song | Island in the Sun | Don't Let Go | Hash Pipe | In the Garage | You Gave Your Love to Me Softly | Say It Ain't So | Buddy Holly | Undone - The Sweater Song | Why Bother? | Only in Dreams | Surf Wax America,Yahoo! Outloud Tour,https://www.setlist.fm/setlist/weezer/2001/usf-sun-dome-tampa-fl-13d675e5.html,USF Sun Dome,Headline,2001,02,26,26/02/2001USF Sun Dome
25/02/2001,Weezer,I Do | My Name Is Jonas | El Scorcho | You Gave Your Love to Me Softly | The Good Life | The Christmas Song | Island in the Sun | Don't Let Go | Hash Pipe | In the Garage | Tired of Sex | Say It Ain't So | Buddy Holly | Undone - The Sweater Song | Why Bother? | Only in Dreams | Surf Wax America,Yahoo! Outloud Tour,https://www.setlist.fm/setlist/weezer/2001/sunrise-musical-theater-sunrise-fl-bd675e6.html,Sunrise Musical Theater,Headline,2001,02,25,25/02/2001Sunrise Musical Theater
22/02/2001,Weezer,I Do | My Name Is Jonas | El Scorcho | No One Else | The Good Life | The Christmas Song | Island in the Sun | Don't Let Go | Hash Pipe | In the Garage | You Gave Your Love to Me Softly | Say It Ain't So | Buddy Holly | Undone - The Sweater Song | Why Bother? | Only in Dreams | Surf Wax America | Tired of Sex,Yahoo! Outloud Tour,https://www.setlist.fm/setlist/weezer/2001/aerial-theater-at-bayou-place-houston-tx-3d675e7.html,Aerial Theater at Bayou Place,Headline,2001,02,22,22/02/2001Aerial Theater at Bayou Place
21/02/2001,Weezer,I Do | My Name Is Jonas | El Scorcho | No One Else | The Good Life | The Christmas Song | Island in the Sun | Don't Let Go | Hash Pipe | In the Garage | Buddy Holly | Say It Ain't So | You Gave Your Love to Me Softly | Undone - The Sweater Song | Why Bother? | Only in Dreams | Surf Wax America,Yahoo! Outloud Tour,https://www.setlist.fm/setlist/weezer/2001/austin-music-hall-austin-tx-1bd675e0.html,Austin Music Hall,Headline,2001,02,21,21/02/2001Austin Music Hall
31/12/2000,Weezer,My Name Is Jonas | Undone - The Sweater Song | No One Else | The Christmas Song | Hash Pipe | Christmas Celebration | In the Garage | Say It Ain't So | You Gave Your Love to Me Softly | Only in Dreams | Buddy Holly | Surf Wax America | Tired of Sex,,https://www.setlist.fm/setlist/weezer/2000/cox-arena-san-diego-ca-13da59f1.html,Cox Arena,Headline,2000,12,31,31/12/2000Cox Arena
30/12/2000,Weezer,My Name Is Jonas | Undone - The Sweater Song | No One Else | The Christmas Song | Hash Pipe | Christmas Celebration | In the Garage | Say It Ain't So | You Gave Your Love to Me Softly | Only in Dreams | Buddy Holly | Surf Wax America | Tired of Sex,,https://www.setlist.fm/setlist/weezer/2000/knitting-factory-los-angeles-ca-43d5f33b.html,Knitting Factory,Headline,2000,12,30,30/12/2000Knitting Factory
17/12/2000,Weezer,My Name Is Jonas | In the Garage | Christmas Celebration | Say It Ain't So | The Christmas Song | Undone - The Sweater Song | Buddy Holly | Surf Wax America,,https://www.setlist.fm/setlist/weezer/2000/universal-amphitheatre-universal-city-ca-73d5f2ad.html,Universal Amphitheatre,Headline,2000,12,17,17/12/2000Universal Amphitheatre
16/12/2000,Weezer,My Name Is Jonas | In the Garage | Christmas Celebration | Say It Ain't So | Undone - The Sweater Song | Buddy Holly | Surf Wax America,,https://www.setlist.fm/setlist/weezer/2000/universal-amphitheatre-universal-city-ca-53d5f345.html,Universal Amphitheatre,Headline,2000,12,16,16/12/2000Universal Amphitheatre
15/12/2000,Weezer,My Name Is Jonas | In the Garage | Christmas Celebration | Say It Ain't So | The Christmas Song | Undone - The Sweater Song | Buddy Holly | Surf Wax America,,https://www.setlist.fm/setlist/weezer/2000/troubadour-west-hollywood-ca-5bd5f344.html,Troubadour,Headline,2000,12,15,15/12/2000Troubadour
14/12/2000,Weezer,My Name Is Jonas | In the Garage | Christmas Celebration | Say It Ain't So | The Christmas Song | Undone - The Sweater Song | Buddy Holly | Surf Wax America | El Scorcho,,https://www.setlist.fm/setlist/weezer/2000/spaceland-los-angeles-ca-bda59f2.html,Spaceland,Headline,2000,12,14,14/12/2000Spaceland
17/09/2000,Weezer,My Name Is Jonas | El Scorcho | No One Else | In the Garage | Why Bother? | Mad Kow | Too Late to Try | Peace and Quiet | Superstar | No Other One | Say It Ain't So | Tired of Sex | Undone - The Sweater Song | You Gave Your Love to Me Softly | Only in Dreams | Buddy Holly | Surf Wax America,2000 East Coast Tour,https://www.setlist.fm/setlist/weezer/2000/wild-waters-fresno-ca-33dff80d.html,Wild Waters,Headline,2000,09,17,17/09/2000Wild Waters
15/09/2000,Weezer,My Name Is Jonas | El Scorcho | No One Else | In the Garage | Why Bother? | Mad Kow | Too Late to Try | Peace and Quiet | Superstar | No Other One | Say It Ain't So | Tired of Sex | Undone - The Sweater Song | You Gave Your Love to Me Softly | Only in Dreams | Buddy Holly | Surf Wax America,2000 East Coast Tour,https://www.setlist.fm/setlist/weezer/2000/ogden-theatre-denver-co-23d6b027.html,Ogden Theatre,Headline,2000,09,15,15/09/2000Ogden Theatre
14/09/2000,Weezer,My Name Is Jonas | El Scorcho | No One Else | In the Garage | Why Bother? | Mad Kow | Too Late to Try | Peace and Quiet | Superstar | No Other One | Say It Ain't So | Tired of Sex | Undone - The Sweater Song | You Gave Your Love to Me Softly | Only in Dreams | Buddy Holly | Surf Wax America,2000 East Coast Tour,https://www.setlist.fm/setlist/weezer/2000/el-rey-theater-albuquerque-nm-3da59f3.html,El Rey Theater,Headline,2000,09,14,14/09/2000El Rey Theater
12/09/2000,Weezer,My Name Is Jonas | El Scorcho | No One Else | In the Garage | Why Bother? | Mad Kow | Too Late to Try | Peace and Quiet | Superstar | No Other One | Say It Ain't So | Tired of Sex | Undone - The Sweater Song | You Gave Your Love to Me Softly | Only in Dreams | Buddy Holly | Surf Wax America,2000 East Coast Tour,https://www.setlist.fm/setlist/weezer/2000/deep-ellum-live-dallas-tx-5bd26320.html,Deep Ellum Live,Headline,2000,09,12,12/09/2000Deep Ellum Live
11/09/2000,Weezer,My Name Is Jonas | El Scorcho | No One Else | In the Garage | Why Bother? | Mad Kow | Too Late to Try | Peace and Quiet | Superstar | No Other One | Say It Ain't So | Tired of Sex | Undone - The Sweater Song | You Gave Your Love to Me Softly | Only in Dreams | Buddy Holly | Surf Wax America,2000 East Coast Tour,https://www.setlist.fm/setlist/weezer/2000/numbers-houston-tx-6bd5f2ae.html,Numbers,Headline,2000,09,11,11/09/2000Numbers
10/09/2000,Weezer,My Name Is Jonas | El Scorcho | No One Else | Undone - The Sweater Song | Too Late to Try | Mad Kow | Superstar | In the Garage | Tired of Sex | Say It Ain't So | Why Bother? | Only in Dreams | Buddy Holly | Surf Wax America,2000 East Coast Tour,https://www.setlist.fm/setlist/weezer/2000/auditorium-shores-austin-tx-63d5f2af.html,Auditorium Shores,Headline,2000,09,10,10/09/2000Auditorium Shores
09/09/2000,Weezer,My Name Is Jonas | El Scorcho | No One Else | In the Garage | Why Bother? | Mad Kow | Too Late to Try | Peace and Quiet | Superstar | No Other One | Say It Ain't So | Tired of Sex | Undone - The Sweater Song | You Gave Your Love to Me Softly | Only in Dreams | Buddy Holly | Surf Wax America,2000 East Coast Tour,https://www.setlist.fm/setlist/weezer/2000/cains-ballroom-tulsa-ok-63d5f2df.html,Cain's Ballroom,Headline,2000,09,09,09/09/2000Cain's Ballroom
08/09/2000,Weezer,My Name Is Jonas | El Scorcho | No One Else | In the Garage | Why Bother? | Mad Kow | Too Late to Try | Peace and Quiet | Superstar | No Other One | Say It Ain't So | Tired of Sex | Undone - The Sweater Song | You Gave Your Love to Me Softly | Only in Dreams | Buddy Holly | Surf Wax America,2000 East Coast Tour,https://www.setlist.fm/setlist/weezer/2000/granada-theater-lawrence-ks-1bda59fc.html,Granada Theater,Headline,2000,09,08,08/09/2000Granada Theater
07/09/2000,Weezer,My Name Is Jonas | El Scorcho | No One Else | In the Garage | Why Bother? | Mad Kow | Too Late to Try | Peace and Quiet | Superstar | No Other One | Say It Ain't So | Tired of Sex | Undone - The Sweater Song | You Gave Your Love to Me Softly | Only in Dreams | Buddy Holly | Surf Wax America,2000 East Coast Tour,https://www.setlist.fm/setlist/weezer/2000/the-blue-note-columbia-mo-7bd5f2a8.html,The Blue Note,Headline,2000,09,07,07/09/2000The Blue Note
06/09/2000,Weezer,My Name Is Jonas | El Scorcho | No One Else | In the Garage | Why Bother? | Mad Kow | Too Late to Try | Peace and Quiet | Superstar | No Other One | Say It Ain't So | Tired of Sex | Undone - The Sweater Song | You Gave Your Love to Me Softly | Only in Dreams | Buddy Holly | Surf Wax America,2000 East Coast Tour,https://www.setlist.fm/setlist/weezer/2000/first-avenue-minneapolis-mn-bda59fe.html,First Avenue,Headline,2000,09,06,06/09/2000First Avenue
05/09/2000,Weezer,My Name Is Jonas | El Scorcho | No One Else | In the Garage | Why Bother? | Mad Kow | On the Edge | Peace and Quiet | Superstar | No Other One | Say It Ain't So | Tired of Sex | Undone - The Sweater Song | You Gave Your Love to Me Softly | Only in Dreams | Buddy Holly | Surf Wax America,2000 East Coast Tour,https://www.setlist.fm/setlist/weezer/2000/the-rave-milwaukee-wi-1bda59f8.html,The Rave,Headline,2000,09,05,05/09/2000The Rave
03/09/2000,Weezer,My Name Is Jonas | El Scorcho | No One Else | In the Garage | Why Bother? | Mad Kow | Too Late to Try | Peace and Quiet | Superstar | No Other One | Say It Ain't So | Tired of Sex | Undone - The Sweater Song | You Gave Your Love to Me Softly | Only in Dreams | Buddy Holly | Surf Wax America,2000 East Coast Tour,https://www.setlist.fm/setlist/weezer/2000/metro-chicago-il-63d6b61b.html,Metro,Headline,2000,09,03,03/09/2000Metro
02/09/2000,Weezer,My Name Is Jonas | El Scorcho | No One Else | In the Garage | Why Bother? | Mad Kow | Too Late to Try | Peace and Quiet | Superstar | No Other One | Say It Ain't So | Tired of Sex | Undone - The Sweater Song | You Gave Your Love to Me Softly | Only in Dreams | Buddy Holly | Surf Wax America,2000 East Coast Tour,https://www.setlist.fm/setlist/weezer/2000/saint-andrews-hall-detroit-mi-bda59fa.html,Saint Andrew's Hall,Headline,2000,09,02,02/09/2000Saint Andrew's Hall
01/09/2000,Weezer,My Name Is Jonas | El Scorcho | No One Else | In the Garage | Why Bother? | Mad Kow | Too Late to Try | Peace and Quiet | Superstar | No Other One | Say It Ain't So | Tired of Sex | Undone - The Sweater Song | You Gave Your Love to Me Softly | Only in Dreams | Buddy Holly | Surf Wax America,2000 East Coast Tour,https://www.setlist.fm/setlist/weezer/2000/runwayz-buffalo-ny-73d5f2a9.html,Runwayz,Headline,2000,09,01,01/09/2000Runwayz
31/08/2000,Weezer,My Name Is Jonas | El Scorcho | No One Else | In the Garage | Why Bother? | Mad Kow | Too Late to Try | Ev'ry Nite | Superstar | Say It Ain't So | Tired of Sex | Undone - The Sweater Song | You Gave Your Love to Me Softly | Only in Dreams | Buddy Holly | Surf Wax America,2000 East Coast Tour,https://www.setlist.fm/setlist/weezer/2000/the-phoenix-concert-theatre-toronto-on-canada-3d4691f.html,The Phoenix Concert Theatre,Headline,2000,08,31,31/08/2000The Phoenix Concert Theatre
30/08/2000,Weezer,My Name Is Jonas | El Scorcho | No One Else | In the Garage | Why Bother? | Mad Kow | Too Late to Try | Dope Nose | Superstar | No Other One | Say It Ain't So | Tired of Sex | Undone - The Sweater Song | You Gave Your Love to Me Softly | Only in Dreams | Buddy Holly | Surf Wax America,2000 East Coast Tour,https://www.setlist.fm/setlist/weezer/2000/the-odeon-cleveland-oh-63d5f2ab.html,The Odeon,Headline,2000,08,30,30/08/2000The Odeon
29/08/2000,Weezer,My Name Is Jonas | El Scorcho | No One Else | In the Garage | Why Bother? | Mad Kow | Too Late to Try | O-Girl | Superstar | No Other One | Say It Ain't So | Tired of Sex | Undone - The Sweater Song | You Gave Your Love to Me Softly | Only in Dreams | Buddy Holly | Surf Wax America,2000 East Coast Tour,https://www.setlist.fm/setlist/weezer/2000/the-theatre-of-living-arts-philadelphia-pa-73d5f2b5.html,The Theatre of Living Arts,Headline,2000,08,29,29/08/2000The Theatre of Living Arts
28/08/2000,Weezer,My Name Is Jonas | El Scorcho | No One Else | In the Garage | Why Bother? | Mad Kow | Too Late to Try | Preacher's Son | Superstar | No Other One | Say It Ain't So | Tired of Sex | Undone - The Sweater Song | You Gave Your Love to Me Softly | Only in Dreams | Buddy Holly | Surf Wax America,2000 East Coast Tour,https://www.setlist.fm/setlist/weezer/2000/930-club-washington-dc-bd7d112.html,9:30 Club,Headline,2000,08,28,28/08/20009:30 Club
26/08/2000,Weezer,My Name Is Jonas | El Scorcho | No One Else | In the Garage | Why Bother? | Mad Kow | The Sister Song | O-Girl | Superstar | Holiday | Say It Ain't So | Tired of Sex | Undone - The Sweater Song | You Gave Your Love to Me Softly | Only in Dreams | Buddy Holly | Surf Wax America,2000 East Coast Tour,https://www.setlist.fm/setlist/weezer/2000/lupos-heartbreak-hotel-providence-ri-63d5f2b7.html,Lupo's Heartbreak Hotel,Headline,2000,08,26,26/08/2000Lupo's Heartbreak Hotel
25/08/2000,Weezer,My Name Is Jonas | El Scorcho | In the Garage | Holiday | No One Else | The Sister Song | Too Late to Try | Slob | Superstar | Tired of Sex | Why Bother? | You Gave Your Love to Me Softly | Undone - The Sweater Song | Only in Dreams | Buddy Holly | Surf Wax America,2000 East Coast Tour,https://www.setlist.fm/setlist/weezer/2000/axis-boston-ma-7bd5f2b0.html,Axis,Headline,2000,08,25,25/08/2000Axis
24/08/2000,Weezer,My Name Is Jonas | El Scorcho | In the Garage | Susanne | No One Else | The Sister Song | Too Late to Try | Slob | Superstar | Tired of Sex | Why Bother? | Say It Ain't So | You Gave Your Love to Me Softly | Only in Dreams | Buddy Holly | Surf Wax America,2000 East Coast Tour,https://www.setlist.fm/setlist/weezer/2000/the-stone-pony-asbury-park-nj-53d6b739.html,The Stone Pony,Headline,2000,08,24,24/08/2000The Stone Pony
23/08/2000,Weezer,My Name Is Jonas | El Scorcho | In the Garage | Susanne | No One Else | The Sister Song | Too Late to Try | Slob | Superstar | Tired of Sex | Say It Ain't So | Why Bother? | You Gave Your Love to Me Softly | Undone - The Sweater Song | Holiday | Buddy Holly | Surf Wax America,2000 East Coast Tour,https://www.setlist.fm/setlist/weezer/2000/irving-plaza-new-york-ny-43d76b73.html,Irving Plaza,Headline,2000,08,23,23/08/2000Irving Plaza
10/08/2000,Weezer,My Name Is Jonas | El Scorcho | No One Else | You Gave Your Love to Me Softly | No Other One | Mad Kow | Superstar | Why Bother? | Say It Ain't So | Too Late to Try | The Sister Song | Tired of Sex | Susanne | Undone - The Sweater Song | Holiday | Buddy Holly | Surf Wax America,2000 Japan Tour,https://www.setlist.fm/setlist/weezer/2000/shibuya-club-quattro-tokyo-japan-73dcc2d1.html,Shibuya CLUB QUATTRO,Headline,2000,08,10,10/08/2000Shibuya CLUB QUATTRO
06/08/2000,Weezer,My Name Is Jonas | El Scorcho | No One Else | You Gave Your Love to Me Softly | Too Late to Try | Slob | Superstar | In the Garage | Why Bother? | Say It Ain't So | Tired of Sex | Undone - The Sweater Song | Buddy Holly | Surf Wax America,2000 Japan Tour,https://www.setlist.fm/setlist/weezer/2000/conifer-forest-fuji-yoshida-japan-73dcc2dd.html,Conifer Forest,Headline,2000,08,06,06/08/2000Conifer Forest
05/08/2000,Weezer,My Name Is Jonas | El Scorcho | No One Else | You Gave Your Love to Me Softly | Mad Kow | Superstar | Why Bother? | Say It Ain't So | Too Late to Try | The Sister Song | Tired of Sex | Susanne | Undone - The Sweater Song | Holiday | Buddy Holly | Surf Wax America,2000 Japan Tour,https://www.setlist.fm/setlist/weezer/2000/wtc-open-air-stadium-osaka-japan-73d89ae1.html,WTC Open Air Stadium,Headline,2000,08,05,05/08/2000WTC Open Air Stadium
30/07/2000,Weezer,My Name Is Jonas | El Scorcho | No One Else | You Gave Your Love to Me Softly | The Sister Song | Superstar | In the Garage | Why Bother? | Say It Ain't So | Too Late to Try | Slob | Tired of Sex | Susanne | Undone - The Sweater Song | Holiday | Buddy Holly | Surf Wax America,2000 West Coast Tour,https://www.setlist.fm/setlist/weezer/2000/troubadour-west-hollywood-ca-3bd6b854.html,Troubadour,Headline,2000,07,30,30/07/2000Troubadour
29/07/2000,Weezer,My Name Is Jonas | El Scorcho | No One Else | You Gave Your Love to Me Softly | The Sister Song | In the Garage | Why Bother? | Say It Ain't So | Too Late to Try | Slob | Tired of Sex | Susanne | Undone - The Sweater Song | Holiday | Buddy Holly | Surf Wax America,2000 West Coast Tour,https://www.setlist.fm/setlist/weezer/2000/whisky-a-go-go-west-hollywood-ca-63d89ae3.html,Whisky A Go Go,Headline,2000,07,29,29/07/2000Whisky A Go Go
28/07/2000,Weezer,My Name Is Jonas | El Scorcho | No One Else | You Gave Your Love to Me Softly | The Sister Song | In the Garage | Why Bother? | Say It Ain't So | Too Late to Try | Slob | Tired of Sex | Susanne | Undone - The Sweater Song | Holiday | Buddy Holly | Surf Wax America,2000 West Coast Tour,https://www.setlist.fm/setlist/weezer/2000/crest-theatre-sacramento-ca-7bd5aea4.html,Crest Theatre,Headline,2000,07,28,28/07/2000Crest Theatre
26/07/2000,Weezer,My Name Is Jonas | El Scorcho | No One Else | You Gave Your Love to Me Softly | Mad Kow | Superstar | In the Garage | Why Bother? | Say It Ain't So | Too Late to Try | Slob | Tired of Sex | Susanne | Undone - The Sweater Song | Holiday | Buddy Holly | Surf Wax America,2000 West Coast Tour,https://www.setlist.fm/setlist/weezer/2000/cactus-club-san-jose-ca-13d6557d.html,Cactus Club,Headline,2000,07,26,26/07/2000Cactus Club
25/07/2000,Weezer,My Name Is Jonas | El Scorcho | No One Else | You Gave Your Love to Me Softly | Mad Kow | In the Garage | Why Bother? | Say It Ain't So | Too Late to Try | Slob | Tired of Sex | Susanne | Undone - The Sweater Song | Holiday | Buddy Holly | Surf Wax America,2000 West Coast Tour,https://www.setlist.fm/setlist/weezer/2000/slims-san-francisco-ca-23dec8df.html,Slim's,Headline,2000,07,25,25/07/2000Slim's
23/07/2000,Weezer,My Name Is Jonas | El Scorcho | No One Else | You Gave Your Love to Me Softly | Mad Kow | Modern Dukes | In the Garage | Why Bother? | Say It Ain't So | Too Late to Try | Slob | Tired of Sex | Susanne | Undone - The Sweater Song | Holiday | Buddy Holly | Surf Wax America,2000 West Coast Tour,https://www.setlist.fm/setlist/weezer/2000/showbox-comedy-and-supper-club-seattle-wa-43d4ffdf.html,Showbox Comedy and Supper Club,Headline,2000,07,23,23/07/2000Showbox Comedy and Supper Club
22/07/2000,Weezer,My Name Is Jonas | El Scorcho | No One Else | You Gave Your Love to Me Softly | Mad Kow | Modern Dukes | In the Garage | Why Bother? | Say It Ain't So | Too Late to Try | Slob | Tired of Sex | Susanne | Undone - The Sweater Song | Holiday | Buddy Holly | Surf Wax America,2000 West Coast Tour,https://www.setlist.fm/setlist/weezer/2000/aladdin-theater-portland-or-63d72aab.html,Aladdin Theater,Headline,2000,07,22,22/07/2000Aladdin Theater
21/07/2000,Weezer,My Name Is Jonas | Slob | No One Else | In the Garage | Tired of Sex | Hash Pipe | Preacher's Son | Susanne | You Gave Your Love to Me Softly | Why Bother? | Mad Kow | Too Late to Try | Undone - The Sweater Song | Holiday | Buddy Holly | Surf Wax America,2000 West Coast Tour,https://www.setlist.fm/setlist/weezer/2000/sixth-and-main-boise-id-1bda5978.html,Sixth & Main,Headline,2000,07,21,21/07/2000Sixth & Main
20/07/2000,Weezer,My Name Is Jonas | Slob | No One Else | In the Garage | Tired of Sex | Hash Pipe | Preacher's Son | Susanne | You Gave Your Love to Me Softly | Why Bother? | Mad Kow | Too Late to Try | Undone - The Sweater Song | Holiday | Buddy Holly | Surf Wax America,2000 West Coast Tour,https://www.setlist.fm/setlist/weezer/2000/dv8-salt-lake-city-ut-23d04c03.html,DV8,Headline,2000,07,20,20/07/2000DV8
19/07/2000,Weezer,My Name Is Jonas | El Scorcho | No One Else | In the Garage | Tired of Sex | Hash Pipe | O-Girl | Susanne | You Gave Your Love to Me Softly | Why Bother? | Ev'ry Nite | Too Late to Try | Undone - The Sweater Song | Holiday | Buddy Holly | Surf Wax America,2000 West Coast Tour,https://www.setlist.fm/setlist/weezer/2000/sanctuary-las-vegas-nv-7bdcc2d8.html,Sanctuary,Headline,2000,07,19,19/07/2000Sanctuary
18/07/2000,Weezer,My Name Is Jonas | El Scorcho | No One Else | In the Garage | Tired of Sex | Hash Pipe | O-Girl | Susanne | You Gave Your Love to Me Softly | Why Bother? | Preacher's Son | Undone - The Sweater Song | Holiday | Buddy Holly | Surf Wax America,2000 West Coast Tour,https://www.setlist.fm/setlist/weezer/2000/bostons-tempe-az-3da59fb.html,Boston's,Headline,2000,07,18,18/07/2000Boston's
17/07/2000,Weezer,My Name Is Jonas | El Scorcho | No One Else | Mad Kow | Preacher's Son | In the Garage | Why Bother? | Say It Ain't So | Hash Pipe | Slob | Tired of Sex | Susanne | You Gave Your Love to Me Softly | Undone - The Sweater Song | Holiday | Buddy Holly | Surf Wax America,2000 West Coast Tour,https://www.setlist.fm/setlist/weezer/2000/canes-bar-and-grill-san-diego-ca-5bd42778.html,Canes Bar & Grill,Headline,2000,07,17,17/07/2000Canes Bar & Grill
04/07/2000,Weezer,My Name Is Jonas | El Scorcho | No One Else | Dope Nose | My Brain Is Working Overtime | In the Garage | Getchoo | Say It Ain't So | Hash Pipe | Slob | Tired of Sex | Susanne | Undone - The Sweater Song | Holiday | Buddy Holly | Surf Wax America,,https://www.setlist.fm/setlist/weezer/2000/the-glass-house-pomona-ca-bd4691e.html,The Glass House,Headline,2000,07,04,04/07/2000The Glass House
03/07/2000,Weezer,My Name Is Jonas | El Scorcho | No One Else | Dope Nose | Why Bother? | Slob | In the Garage | Tired of Sex | Say It Ain't So | You Gave Your Love to Me Softly | Undone - The Sweater Song | Holiday | Buddy Holly | Surf Wax America,,https://www.setlist.fm/setlist/weezer/2000/the-glass-house-pomona-ca-1bd70d60.html,The Glass House,Headline,2000,07,03,03/07/2000The Glass House
02/07/2000,Weezer,My Name Is Jonas | El Scorcho | No One Else | Say It Ain't So | Undone - The Sweater Song | Buddy Holly | Surf Wax America,,https://www.setlist.fm/setlist/weezer/2000/boreal-mountain-resort-soda-springs-ca-53cb8fe1.html,Boreal Mountain Resort,Headline,2000,07,02,02/07/2000Boreal Mountain Resort
01/07/2000,Weezer,My Name Is Jonas | El Scorcho | No One Else | Say It Ain't So | In the Garage | Buddy Holly | Undone - The Sweater Song | Surf Wax America,Vans Warped Tour 2000,https://www.setlist.fm/setlist/weezer/2000/pier-3032-san-francisco-ca-bd671ae.html,Pier 30/32,Headline,2000,07,01,01/07/2000Pier 30/32
30/06/2000,Weezer,My Name Is Jonas | El Scorcho | No One Else | Undone - The Sweater Song | In the Garage | The Good Life | Buddy Holly | Surf Wax America,Vans Warped Tour 2000,https://www.setlist.fm/setlist/weezer/2000/arrowhead-pond-of-anaheim-anaheim-ca-13d675f5.html,Arrowhead Pond of Anaheim,Headline,2000,06,30,30/06/2000Arrowhead Pond of Anaheim
29/06/2000,Weezer,My Name Is Jonas | El Scorcho | No One Else | Undone - The Sweater Song | In the Garage | The Good Life | Buddy Holly | Surf Wax America,Vans Warped Tour 2000,https://www.setlist.fm/setlist/weezer/2000/arrowhead-pond-of-anaheim-anaheim-ca-1bda5904.html,Arrowhead Pond of Anaheim,Headline,2000,06,29,29/06/2000Arrowhead Pond of Anaheim
28/06/2000,Weezer,My Name Is Jonas | El Scorcho | No One Else | Say It Ain't So | In the Garage | Buddy Holly | Surf Wax America | Undone - The Sweater Song,Vans Warped Tour 2000,https://www.setlist.fm/setlist/weezer/2000/ventura-county-fairgrounds-ventura-ca-6bd5f2b2.html,Ventura County Fairgrounds,Headline,2000,06,28,28/06/2000Ventura County Fairgrounds
25/06/2000,Weezer,My Name Is Jonas | El Scorcho | No One Else | Say It Ain't So | In the Garage | Buddy Holly | Undone - The Sweater Song | Surf Wax America,Vans Warped Tour 2000,https://www.setlist.fm/setlist/weezer/2000/manzanita-speedway-phoenix-az-7bd5f2bc.html,Manzanita Speedway,Headline,2000,06,25,25/06/2000Manzanita Speedway
24/06/2000,Weezer,My Name Is Jonas | El Scorcho | No One Else | Say It Ain't So | In the Garage | Buddy Holly | Undone - The Sweater Song | Surf Wax America | Tired of Sex,Vans Warped Tour 2000,https://www.setlist.fm/setlist/weezer/2000/coors-amphitheatre-chula-vista-ca-7bd4a6ec.html,Coors Amphitheatre,Headline,2000,06,24,24/06/2000Coors Amphitheatre
23/06/2000,Weezer,My Name Is Jonas | El Scorcho | No One Else | Say It Ain't So | In the Garage | Buddy Holly | Undone - The Sweater Song | Surf Wax America,Vans Warped Tour 2000,https://www.setlist.fm/setlist/weezer/2000/fresno-state-university-amphitheater-fresno-ca-73d5f2bd.html,Fresno State University Amphitheater,Headline,2000,06,23,23/06/2000Fresno State University Amphitheater
22/06/2000,Weezer,My Name Is Jonas | El Scorcho | No One Else | Dope Nose | Preacher's Son | In the Garage | Why Bother? | Slob | Hash Pipe | Tired of Sex | Say It Ain't So | Undone - The Sweater Song | Buddy Holly | Surf Wax America,,https://www.setlist.fm/setlist/weezer/2000/spaceland-los-angeles-ca-63d5f2bf.html,Spaceland,Headline,2000,06,22,22/06/2000Spaceland
21/06/2000,Weezer,My Name Is Jonas | El Scorcho | No One Else | My Brain Is Working Overtime | Preacher's Son | In the Garage | Why Bother? | O-Girl | Dope Nose | Tired of Sex | Say It Ain't So | Undone - The Sweater Song | Buddy Holly | Surf Wax America,,https://www.setlist.fm/setlist/weezer/2000/lava-lounge-long-beach-ca-1bd5bd04.html,Lava Lounge,Headline,2000,06,21,21/06/2000Lava Lounge
20/06/2000,Weezer,My Name Is Jonas | El Scorcho | No One Else | My Brain Is Working Overtime | Preacher's Son | In the Garage | Why Bother? | O-Girl | Hash Pipe | Tired of Sex | Say It Ain't So | Undone - The Sweater Song | Buddy Holly | Surf Wax America,,https://www.setlist.fm/setlist/weezer/2000/the-casbah-san-diego-ca-73d5f2b9.html,The Casbah,Headline,2000,06,20,20/06/2000The Casbah
17/06/2000,Weezer,My Name Is Jonas | El Scorcho | No One Else | My Brain Is Working Overtime | Preacher's Son | Too Late to Try | In the Garage | Tired of Sex | Say It Ain't So | Undone - The Sweater Song | Why Bother? | Surf Wax America,,https://www.setlist.fm/setlist/weezer/2000/jerrys-pizza-and-pub-bakersfield-ca-6bd5f2ba.html,Jerry's Pizza & Pub,Headline,2000,06,17,17/06/2000Jerry's Pizza & Pub
16/06/2000,Weezer,My Name Is Jonas | El Scorcho | No One Else | My Brain Is Working Overtime | O-Girl | Dope Nose | In the Garage | Getchoo | Say It Ain't So | Undone - The Sweater Song | Why Bother? | Buddy Holly | Surf Wax America,,https://www.setlist.fm/setlist/weezer/2000/yucatan-santa-barbara-ca-3d5fd5b.html,Yucatan,Headline,2000,06,16,16/06/2000Yucatan
02/11/1998,Weezer,Rock 'n' Roll Star | Shakermaker | Live Forever | Up in the Sky | Columbia | Supersonic | Bring It On Down | Cigarettes & Alcohol | Digsy's Dinner | Slide Away | Married With Children,,https://www.setlist.fm/setlist/weezer/1998/unknown-venue-santa-barbara-ca-53d88b69.html,,Headline,1998,11,02,02/11/1998
01/11/1998,Weezer,School | Mr. Moustache | Aneurysm | Breed | Dive | Swap Meet | Blew,,https://www.setlist.fm/setlist/weezer/1998/the-garage-los-angeles-ca-63dcc2db.html,The Garage,Headline,1998,11,01,01/11/1998The Garage
15/08/1997,Weezer,Family Feud Theme Song | My Name Is Jonas | Getchoo | No One Else | No Other One | Holiday | The Good Life | Say It Ain't So | Susanne | Pink Triangle | Buddy Holly | Why Bother? | Undone - The Sweater Song | Surf Wax America | Mykel and Carli | El Scorcho | Only in Dreams,,https://www.setlist.fm/setlist/weezer/1997/the-palace-los-angeles-ca-43d3d767.html,The Palace,Headline,1997,08,15,15/08/1997The Palace
09/08/1997,Weezer,My Name Is Jonas | Getchoo | No One Else | The World Has Turned and Left Me Here | No Other One | The Good Life | Holiday | Pink Triangle | Buddy Holly | Why Bother? | Across the Sea | Say It Ain't So | Undone - The Sweater Song | Only in Dreams | El Scorcho | Surf Wax America,Pinkerton,https://www.setlist.fm/setlist/weezer/1997/nimitz-hall-honolulu-hi-2bd8b4aa.html,Nimitz Hall,Headline,1997,08,09,09/08/1997Nimitz Hall
06/08/1997,Weezer,My Name Is Jonas,Pinkerton,https://www.setlist.fm/setlist/weezer/1997/hwa-sha-auditorium-taipei-taiwan-23d8b4ab.html,Hwa Sha Auditorium,Headline,1997,08,06,06/08/1997Hwa Sha Auditorium
04/08/1997,Weezer,My Name Is Jonas | Getchoo | Tired of Sex | No One Else | Buddy Holly | Say It Ain't So | Undone - The Sweater Song | Surf Wax America,Pinkerton,https://www.setlist.fm/setlist/weezer/1997/dance-fever-bangkok-thailand-3bd8b4b0.html,Dance Fever,Headline,1997,08,04,04/08/1997Dance Fever
02/08/1997,Weezer,My Name Is Jonas | Getchoo | No One Else | No Other One | The Good Life | The World Has Turned and Left Me Here | Falling for You | Buddy Holly | Pink Triangle | Why Bother? | Across the Sea | Say It Ain't So | Undone - The Sweater Song | Only in Dreams | El Scorcho | Surf Wax America,Pinkerton,https://www.setlist.fm/setlist/weezer/1997/nagoya-club-quattro-nagoya-japan-33d8b4bd.html,Nagoya CLUB QUATTRO,Headline,1997,08,02,02/08/1997Nagoya CLUB QUATTRO
01/08/1997,Weezer,NOT_FOUND,Pinkerton,https://www.setlist.fm/setlist/weezer/1997/penny-lane-24-sapporo-japan-23d8b4bf.html,PENNY LANE 24,Headline,1997,08,01,01/08/1997PENNY LANE 24
30/07/1997,Weezer,NOT_FOUND,Pinkerton,https://www.setlist.fm/setlist/weezer/1997/drum-logos-fukuoka-japan-33d8b4b9.html,DRUM LOGOS,Headline,1997,07,30,30/07/1997DRUM LOGOS
29/07/1997,Weezer,My Name Is Jonas | Getchoo | No One Else | No Other One | The Good Life | Holiday | Buddy Holly | Pink Triangle | Susanne | Why Bother? | Across the Sea | Say It Ain't So | Undone - The Sweater Song | Only in Dreams | El Scorcho | Surf Wax America,Pinkerton,https://www.setlist.fm/setlist/weezer/1997/shinsaibashi-club-quattro-osaka-japan-3d4fd03.html,Shinsaibashi CLUB QUATTRO,Headline,1997,07,29,29/07/1997Shinsaibashi CLUB QUATTRO
20/07/1997,Weezer,Getchoo | No One Else | No Other One | The Good Life | Holiday | Buddy Holly | Pink Triangle | Susanne | Why Bother? | Across the Sea | Say It Ain't So | Surf Wax America | In the Garage,Pinkerton,https://www.setlist.fm/setlist/weezer/1997/galaxy-theatre-santa-ana-ca-4bd3d766.html,Galaxy Theatre,Headline,1997,07,20,20/07/1997Galaxy Theatre
19/07/1997,Weezer,My Name Is Jonas | Getchoo | No One Else | No Other One | The Good Life | Holiday | Buddy Holly | Pink Triangle | Susanne | Why Bother? | Across the Sea | Say It Ain't So | Undone - The Sweater Song | Only in Dreams | El Scorcho | Surf Wax America,Pinkerton,https://www.setlist.fm/setlist/weezer/1997/the-fillmore-san-francisco-ca-33d8b4c5.html,The Fillmore,Headline,1997,07,19,19/07/1997The Fillmore
18/07/1997,Weezer,NOT_FOUND,Pinkerton,https://www.setlist.fm/setlist/weezer/1997/the-edge-palo-alto-ca-23d8b4c7.html,The Edge,Headline,1997,07,18,18/07/1997The Edge
16/07/1997,Weezer,NOT_FOUND,Pinkerton,https://www.setlist.fm/setlist/weezer/1997/la-luna-portland-or-33d8b4c1.html,La Luna,Headline,1997,07,16,16/07/1997La Luna
15/07/1997,Weezer,Across the Sea | Holiday | Getchoo | No One Else | The Good Life | Why Bother? | No Other One | Buddy Holly | Pink Triangle | Theme From 'The Dukes of Hazzard' (Good Ol' Boys) | Susanne | Say It Ain't So | Undone - The Sweater Song | My Name Is Jonas | El Scorcho | Surf Wax America,Pinkerton,https://www.setlist.fm/setlist/weezer/1997/dv8-seattle-wa-33d8b4cd.html,DV8,Headline,1997,07,15,15/07/1997DV8
12/07/1997,Weezer,NOT_FOUND,Pinkerton,https://www.setlist.fm/setlist/weezer/1997/macewan-hall-university-of-calgary-calgary-ab-canada-33d8b4c9.html,"MacEwan Hall, University of Calgary",Headline,1997,07,12,"12/07/1997MacEwan Hall, University of Calgary"
11/07/1997,Weezer,NOT_FOUND,Pinkerton,https://www.setlist.fm/setlist/weezer/1997/macewan-hall-university-of-calgary-calgary-ab-canada-3bd8b4d4.html,"MacEwan Hall, University of Calgary",Headline,1997,07,11,"11/07/1997MacEwan Hall, University of Calgary"
09/07/1997,Weezer,My Name Is Jonas | Theme From 'The Dukes of Hazzard' (Good Ol' Boys) | Getchoo | No One Else | No Other One | The Good Life | Holiday | Buddy Holly | Pink Triangle | Susanne | Why Bother? | Across the Sea | Say It Ain't So | Undone - The Sweater Song,Pinkerton,https://www.setlist.fm/setlist/weezer/1997/dv8-salt-lake-city-ut-bd675e2.html,DV8,Headline,1997,07,09,09/07/1997DV8
08/07/1997,Weezer,Buddy Holly | Why Bother?,Pinkerton,https://www.setlist.fm/setlist/weezer/1997/ogden-theatre-denver-co-23d8b4d3.html,Ogden Theatre,Headline,1997,07,08,08/07/1997Ogden Theatre
06/07/1997,Weezer,NOT_FOUND,Pinkerton,https://www.setlist.fm/setlist/weezer/1997/granada-theater-lawrence-ks-2bd8b4de.html,Granada Theater,Headline,1997,07,06,06/07/1997Granada Theater
05/07/1997,Weezer,NOT_FOUND,Pinkerton,https://www.setlist.fm/setlist/weezer/1997/ranch-bowl-omaha-ne-23d8b4df.html,Ranch Bowl,Headline,1997,07,05,05/07/1997Ranch Bowl
03/07/1997,Weezer,Buddy Holly,Pinkerton,https://www.setlist.fm/setlist/weezer/1997/new-world-music-theatre-tinley-park-il-bdde51a.html,New World Music Theatre,Headline,1997,07,03,03/07/1997New World Music Theatre
02/07/1997,Weezer,My Name Is Jonas | Getchoo | No One Else | Why Bother? | The Good Life | Say It Ain't So | Buddy Holly | Pink Triangle | Theme From 'The Dukes of Hazzard' (Good Ol' Boys) | El Scorcho | Undone - The Sweater Song | Surf Wax America,Pinkerton,https://www.setlist.fm/setlist/weezer/1997/marcus-amphitheater-milwaukee-wi-33d8b4d9.html,Marcus Amphitheater,Headline,1997,07,02,02/07/1997Marcus Amphitheater
01/07/1997,Weezer,My Name Is Jonas | Getchoo | No One Else | The Good Life | Say It Ain't So | Undone - The Sweater Song | Theme From 'The Dukes of Hazzard' (Good Ol' Boys) | Pink Triangle | Buddy Holly | El Scorcho | Surf Wax America,Pinkerton,https://www.setlist.fm/setlist/weezer/1997/target-center-minneapolis-mn-3d675e3.html,Target Center,Headline,1997,07,01,01/07/1997Target Center
29/06/1997,Weezer,Say It Ain't So | Why Bother? | Buddy Holly,Pinkerton,https://www.setlist.fm/setlist/weezer/1997/the-palace-of-auburn-hills-auburn-hills-mi-33dafcbd.html,The Palace of Auburn Hills,Headline,1997,06,29,29/06/1997The Palace of Auburn Hills
28/06/1997,Weezer,My Name Is Jonas | Getchoo | No One Else | The Good Life | Say It Ain't So | Why Bother? | Undone - The Sweater Song | Pink Triangle | Theme From 'The Dukes of Hazzard' (Good Ol' Boys) | Buddy Holly | El Scorcho | Surf Wax America,Pinkerton,https://www.setlist.fm/setlist/weezer/1997/blossom-music-center-cuyahoga-falls-oh-3d4653f.html,Blossom Music Center,Headline,1997,06,28,28/06/1997Blossom Music Center
28/06/1997,Weezer,My Name Is Jonas | Buddy Holly | Pink Triangle | Undone - The Sweater Song,Pinkerton,https://www.setlist.fm/setlist/weezer/1997/north-americare-park-buffalo-ny-3bd8b4e4.html,North AmeriCare Park,Headline,1997,06,28,28/06/1997North AmeriCare Park
26/06/1997,Weezer,Tired of Sex | Getchoo | No One Else | My Name Is Jonas | Pink Triangle | Why Bother? | The Good Life | In the Garage | Say It Ain't So | Undone - The Sweater Song | Buddy Holly | Across the Sea | El Scorcho | Surf Wax America,Pinkerton,https://www.setlist.fm/setlist/weezer/1997/great-woods-center-for-the-performing-arts-mansfield-ma-2bd8b4e6.html,Great Woods Center for the Performing Arts,Headline,1997,06,26,26/06/1997Great Woods Center for the Performing Arts
25/06/1997,Weezer,Family Feud | My Name Is Jonas | Getchoo | No One Else | No Other One | The Good Life | In the Garage | Buddy Holly | Pink Triangle | Holiday | Why Bother? | Across the Sea | Say It Ain't So | Undone - The Sweater Song | Only in Dreams | El Scorcho | Surf Wax America,Pinkerton,https://www.setlist.fm/setlist/weezer/1997/roseland-ballroom-new-york-ny-2bd7648e.html,Roseland Ballroom,Headline,1997,06,25,25/06/1997Roseland Ballroom
24/06/1997,Weezer,My Name Is Jonas | No One Else | The Good Life | Buddy Holly | Pink Triangle | Theme From 'The Dukes of Hazzard' (Good Ol' Boys) | Across the Sea | Say It Ain't So | Undone - The Sweater Song | Only in Dreams | El Scorcho,Pinkerton,https://www.setlist.fm/setlist/weezer/1997/pnc-bank-arts-center-holmdel-nj-2bd8b4e2.html,PNC Bank Arts Center,Headline,1997,06,24,24/06/1997PNC Bank Arts Center
23/06/1997,Weezer,NOT_FOUND,Pinkerton,https://www.setlist.fm/setlist/weezer/1997/jones-beach-theater-wantagh-ny-23d8b4e3.html,Jones Beach Theater,Headline,1997,06,23,23/06/1997Jones Beach Theater
20/06/1997,Weezer,NOT_FOUND,Pinkerton,https://www.setlist.fm/setlist/weezer/1997/blockbuster-sony-music-entertainment-centre-camden-nj-2bc340ba.html,Blockbuster-Sony Music Entertainment Centre,Headline,1997,06,20,20/06/1997Blockbuster-Sony Music Entertainment Centre
20/06/1997,Weezer,The Good Life | Pink Triangle | Undone - The Sweater Song | Buddy Holly | El Scorcho | Theme From 'The Dukes of Hazzard' (Good Ol' Boys),,https://www.setlist.fm/setlist/weezer/1997/wrnb-fm-studios-philadelphia-pa-1bd675ec.html,WRNB-FM Studios,Headline,1997,06,20,20/06/1997WRNB-FM Studios
19/06/1997,Weezer,NOT_FOUND,Pinkerton,https://www.setlist.fm/setlist/weezer/1997/tinks-entertainment-complex-scranton-pa-33d8b4ed.html,Tink's Entertainment Complex,Headline,1997,06,19,19/06/1997Tink's Entertainment Complex
18/06/1997,Weezer,NOT_FOUND,Pinkerton,https://www.setlist.fm/setlist/weezer/1997/nissan-pavilion-bristow-va-2bd8b4ee.html,Nissan Pavilion,Headline,1997,06,18,18/06/1997Nissan Pavilion
17/06/1997,Weezer,Buddy Holly | Undone - The Sweater Song,Pinkerton,https://www.setlist.fm/setlist/weezer/1997/gte-virginia-beach-amphitheater-virginia-beach-va-33d8b4e9.html,GTE Virginia Beach Amphitheater,Headline,1997,06,17,17/06/1997GTE Virginia Beach Amphitheater
15/06/1997,Weezer,NOT_FOUND,Pinkerton,https://www.setlist.fm/setlist/weezer/1997/coca-cola-lakewood-amphitheatre-atlanta-ga-23d8b4f7.html,Coca-Cola Lakewood Amphitheatre,Headline,1997,06,15,15/06/1997Coca-Cola Lakewood Amphitheatre
14/06/1997,Weezer,NOT_FOUND,Pinkerton,https://www.setlist.fm/setlist/weezer/1997/worlds-fair-park-knoxville-tn-23dc240b.html,World's Fair Park,Headline,1997,06,14,14/06/1997World's Fair Park
13/06/1997,Weezer,Undone - The Sweater Song | Buddy Holly | Getchoo,Pinkerton,https://www.setlist.fm/setlist/weezer/1997/starwood-amphitheatre-antioch-tn-3bd8b4f0.html,Starwood Amphitheatre,Headline,1997,06,13,13/06/1997Starwood Amphitheatre
11/06/1997,Weezer,Undone - The Sweater Song | Say It Ain't So | Buddy Holly | El Scorcho,Pinkerton,https://www.setlist.fm/setlist/weezer/1997/riverport-amphitheatre-maryland-heights-mo-33d8b4f1.html,Riverport Amphitheatre,Headline,1997,06,11,11/06/1997Riverport Amphitheatre
10/06/1997,Weezer,NOT_FOUND,Pinkerton,https://www.setlist.fm/setlist/weezer/1997/sandstone-amphitheater-bonner-springs-ks-2bd8b4f2.html,Sandstone Amphitheater,Headline,1997,06,10,10/06/1997Sandstone Amphitheater
09/06/1997,Weezer,My Name Is Jonas | Getchoo | No Other One | Say It Ain't So | Pink Triangle | Butterfly | Buddy Holly | El Scorcho | Surf Wax America,Pinkerton,https://www.setlist.fm/setlist/weezer/1997/crown-bingo-arena-wichita-ks-23d8b4f3.html,Crown Bingo Arena,Headline,1997,06,09,09/06/1997Crown Bingo Arena
08/06/1997,Weezer,Buddy Holly | Say It Ain't So | Undone - The Sweater Song | Why Bother?,Pinkerton,https://www.setlist.fm/setlist/weezer/1997/westfair-amphitheater-council-bluffs-ia-3bd8b4fc.html,Westfair Amphitheater,Headline,1997,06,08,08/06/1997Westfair Amphitheater
06/06/1997,Weezer,NOT_FOUND,Pinkerton,https://www.setlist.fm/setlist/weezer/1997/red-rocks-amphitheatre-morrison-co-2bd8b4fe.html,Red Rocks Amphitheatre,Headline,1997,06,06,06/06/1997Red Rocks Amphitheatre
05/06/1997,Weezer,The Good Life,,https://www.setlist.fm/setlist/weezer/1997/kxrx-fm-studios-salt-lake-city-ut-bdb15fe.html,KXRX-FM Studios,Headline,1997,06,05,05/06/1997KXRX-FM Studios
05/06/1997,Weezer,Why Bother? | Pink Triangle | Buddy Holly,Pinkerton,https://www.setlist.fm/setlist/weezer/1997/delta-center-salt-lake-city-ut-13eb6545.html,Delta Center,Headline,1997,06,05,05/06/1997Delta Center
03/06/1997,Weezer,My Name Is Jonas | Getchoo | No One Else | The Good Life | Say It Ain't So | Why Bother? | Undone - The Sweater Song | You Gave Your Love to Me Softly | Pink Triangle | Buddy Holly | El Scorcho | Surf Wax America,Pinkerton,https://www.setlist.fm/setlist/weezer/1997/san-diego-sports-arena-san-diego-ca-33d8b4f9.html,San Diego Sports Arena,Headline,1997,06,03,03/06/1997San Diego Sports Arena
01/06/1997,Weezer,NOT_FOUND,Pinkerton,https://www.setlist.fm/setlist/weezer/1997/arrowhead-pond-of-anaheim-anaheim-ca-2bd8b4fa.html,Arrowhead Pond of Anaheim,Headline,1997,06,01,01/06/1997Arrowhead Pond of Anaheim
31/05/1997,Weezer,Undone - The Sweater Song | Pink Triangle | Buddy Holly | El Scorcho,Pinkerton,https://www.setlist.fm/setlist/weezer/1997/arrowhead-pond-of-anaheim-anaheim-ca-4392eb5f.html,Arrowhead Pond of Anaheim,Headline,1997,05,31,31/05/1997Arrowhead Pond of Anaheim
30/05/1997,Weezer,My Name Is Jonas | Getchoo | No One Else | The Good Life | Say It Ain't So | Why Bother? | Undone - The Sweater Song | Pink Triangle | Buddy Holly | El Scorcho | Surf Wax America,Pinkerton,https://www.setlist.fm/setlist/weezer/1997/shoreline-amphitheatre-mountain-view-ca-13d675ed.html,Shoreline Amphitheatre,Headline,1997,05,30,30/05/1997Shoreline Amphitheatre
29/05/1997,Weezer,NOT_FOUND,Pinkerton,https://www.setlist.fm/setlist/weezer/1997/the-catalyst-santa-cruz-ca-7bd8ba00.html,The Catalyst,Headline,1997,05,29,29/05/1997The Catalyst
27/05/1997,Weezer,NOT_FOUND,Pinkerton,https://www.setlist.fm/setlist/weezer/1997/rose-garden-arena-portland-or-6bd8ba02.html,Rose Garden Arena,Headline,1997,05,27,27/05/1997Rose Garden Arena
26/05/1997,Weezer,Undone - The Sweater Song | Pink Triangle | Buddy Holly | El Scorcho,Pinkerton,https://www.setlist.fm/setlist/weezer/1997/pacific-coliseum-vancouver-bc-canada-7bd8ba0c.html,Pacific Coliseum,Headline,1997,05,26,26/05/1997Pacific Coliseum
24/05/1997,Weezer,My Name Is Jonas | Buddy Holly | Undone - The Sweater Song | The Good Life | Why Bother? | Pink Triangle,Pinkerton,https://www.setlist.fm/setlist/weezer/1997/the-gorge-amphitheatre-george-wa-73d8ba09.html,The Gorge Amphitheatre,Headline,1997,05,24,24/05/1997The Gorge Amphitheatre
23/05/1997,Weezer,NOT_FOUND,Pinkerton,https://www.setlist.fm/setlist/weezer/1997/the-moore-theatre-seattle-wa-7ba9d2a0.html,The Moore Theatre,Headline,1997,05,23,23/05/1997The Moore Theatre
21/05/1997,Weezer,Undone - The Sweater Song | Why Bother? | El Scorcho,,https://www.setlist.fm/setlist/weezer/1997/kndd-studios-seattle-wa-bd675ee.html,KNDD Studios,Headline,1997,05,21,21/05/1997KNDD Studios
19/05/1997,Weezer,NOT_FOUND,,https://www.setlist.fm/setlist/weezer/1997/lansdowne-street-boston-ma-43b8c7df.html,Lansdowne Street,Headline,1997,05,19,19/05/1997Lansdowne Street
24/01/1997,Weezer,Tired of Sex | Getchoo | My Name Is Jonas | Pink Triangle | No One Else | Susanne | Why Bother? | Buddy Holly | Across the Sea | In the Garage | You Gave Your Love to Me Softly | Falling for You | Say It Ain't So | Undone - The Sweater Song | Butterfly | El Scorcho | The Good Life | Surf Wax America,Pinkerton,https://www.setlist.fm/setlist/weezer/1997/barrymore-theatre-madison-wi-6bd8ba12.html,Barrymore Theatre,Headline,1997,01,24,24/01/1997Barrymore Theatre
23/01/1997,Weezer,Tired of Sex | Getchoo | My Name Is Jonas | Pink Triangle | No One Else | No Other One | Why Bother? | In the Garage | Devotion | You Gave Your Love to Me Softly | Say It Ain't So | The Good Life | Undone - The Sweater Song | Butterfly | Across the Sea | El Scorcho | Buddy Holly | Surf Wax America,Pinkerton,https://www.setlist.fm/setlist/weezer/1997/the-rave-milwaukee-wi-3d675ef.html,The Rave,Headline,1997,01,23,23/01/1997The Rave
22/01/1997,Weezer,Tired of Sex | Getchoo | My Name Is Jonas | Pink Triangle | No One Else | Susanne | Why Bother? | In the Garage | Falling for You | You Gave Your Love to Me Softly | Say It Ain't So | The Good Life | Undone - The Sweater Song | Butterfly | Across the Sea | El Scorcho | Buddy Holly | Surf Wax America,Pinkerton,https://www.setlist.fm/setlist/weezer/1997/newport-music-hall-columbus-oh-1bd675e8.html,Newport Music Hall,Headline,1997,01,22,22/01/1997Newport Music Hall
21/01/1997,Weezer,Tired of Sex | Getchoo | My Name Is Jonas | Pink Triangle | No One Else | No Other One | Susanne | Why Bother? | In the Garage | You Gave Your Love to Me Softly | Falling for You | Say It Ain't So | The Good Life | Undone - The Sweater Song | Only in Dreams | El Scorcho | Buddy Holly | Surf Wax America,Pinkerton,https://www.setlist.fm/setlist/weezer/1997/the-brewery-louisville-ky-13d675e9.html,The Brewery,Headline,1997,01,21,21/01/1997The Brewery
19/01/1997,Weezer,Tired of Sex | Getchoo | My Name Is Jonas | Pink Triangle | No One Else | Why Bother? | In the Garage | Falling for You | You Gave Your Love to Me Softly | Say It Ain't So | The Good Life | Undone - The Sweater Song | Only in Dreams | El Scorcho | Buddy Holly | Surf Wax America,Pinkerton,https://www.setlist.fm/setlist/weezer/1997/tremont-music-hall-charlotte-nc-bd675ea.html,Tremont Music Hall,Headline,1997,01,19,19/01/1997Tremont Music Hall
18/01/1997,Weezer,Tired of Sex | Getchoo | My Name Is Jonas | Pink Triangle | No One Else | Why Bother? | In the Garage | Falling for You | You Gave Your Love to Me Softly | Say It Ain't So | The Good Life | Undone - The Sweater Song | Butterfly | Across the Sea | El Scorcho | Buddy Holly | Surf Wax America,Pinkerton,https://www.setlist.fm/setlist/weezer/1997/music-farm-charleston-sc-3d675eb.html,Music Farm,Headline,1997,01,18,18/01/1997Music Farm
17/01/1997,Weezer,Tired of Sex | Getchoo | My Name Is Jonas | Pink Triangle | No One Else | Why Bother? | In the Garage | Falling for You | You Gave Your Love to Me Softly | Say It Ain't So | The Good Life | Undone - The Sweater Song | Butterfly | Across the Sea | El Scorcho | Buddy Holly | Surf Wax America,Pinkerton,https://www.setlist.fm/setlist/weezer/1997/ziggys-winston-salem-nc-7bd8ba18.html,Ziggy's,Headline,1997,01,17,17/01/1997Ziggy's
15/01/1997,Weezer,Tired of Sex | Getchoo | My Name Is Jonas | Pink Triangle | No One Else | Why Bother? | In the Garage | Falling for You | You Gave Your Love to Me Softly | Say It Ain't So | The Good Life | Undone - The Sweater Song | Butterfly | Across the Sea | El Scorcho | Buddy Holly | Surf Wax America,Pinkerton,https://www.setlist.fm/setlist/weezer/1997/marrz-raleigh-nc-73d8ba19.html,Marrz,Headline,1997,01,15,15/01/1997Marrz
14/01/1997,Weezer,Tired of Sex | Getchoo | My Name Is Jonas | Pink Triangle | No One Else | Why Bother? | In the Garage | Falling for You | You Gave Your Love to Me Softly | Say It Ain't So | The Good Life | Undone - The Sweater Song | Butterfly | Across the Sea | El Scorcho | Buddy Holly | Surf Wax America,Pinkerton,https://www.setlist.fm/setlist/weezer/1997/the-boathouse-norfolk-va-33dc2c19.html,The Boathouse,Headline,1997,01,14,14/01/1997The Boathouse
13/01/1997,Weezer,Tired of Sex | Getchoo | My Name Is Jonas | Pink Triangle | No One Else | Why Bother? | In the Garage | Falling for You | You Gave Your Love to Me Softly | Say It Ain't So | The Good Life | Undone - The Sweater Song | Butterfly | Across the Sea | El Scorcho | Buddy Holly | Surf Wax America,Pinkerton,https://www.setlist.fm/setlist/weezer/1997/the-flood-zone-richmond-va-4bd8bbd2.html,The Flood Zone,Headline,1997,01,13,13/01/1997The Flood Zone
11/01/1997,Weezer,Tired of Sex | Getchoo | My Name Is Jonas | Pink Triangle | No One Else | No Other One | Why Bother? | In the Garage | Falling for You | You Gave Your Love to Me Softly | Say It Ain't So | The Good Life | Undone - The Sweater Song | Butterfly | Across the Sea | El Scorcho | Buddy Holly | Surf Wax America,Pinkerton,https://www.setlist.fm/setlist/weezer/1997/metropol-pittsburgh-pa-53d8bbdd.html,Metropol,Headline,1997,01,11,11/01/1997Metropol
10/01/1997,Weezer,Tired of Sex | Getchoo | My Name Is Jonas | Pink Triangle | No One Else | Why Bother? | In the Garage | Falling for You | You Gave Your Love to Me Softly | Say It Ain't So | The Good Life | Undone - The Sweater Song | Butterfly | Across the Sea | El Scorcho | Buddy Holly | Surf Wax America,Pinkerton,https://www.setlist.fm/setlist/weezer/1997/convention-hall-asbury-park-nj-1bd675f4.html,Convention Hall,Headline,1997,01,10,10/01/1997Convention Hall
09/01/1997,Weezer,Tired of Sex | Getchoo | My Name Is Jonas | Pink Triangle | No One Else | Why Bother? | In the Garage | Falling for You | You Gave Your Love to Me Softly | Say It Ain't So | The Good Life | Undone - The Sweater Song | Butterfly | Across the Sea | El Scorcho | Buddy Holly | Surf Wax America,Pinkerton,https://www.setlist.fm/setlist/weezer/1997/the-chameleon-club-lancaster-pa-23d2700f.html,The Chameleon Club,Headline,1997,01,09,09/01/1997The Chameleon Club
21/12/1996,Weezer,Tired of Sex | Getchoo | My Name Is Jonas | Pink Triangle | No One Else | No Other One | In the Garage | Jamie | Falling for You | Why Bother? | Say It Ain't So | The Good Life | Undone - The Sweater Song | Butterfly | Across the Sea | El Scorcho | Buddy Holly | Surf Wax America,Pinkerton,https://www.setlist.fm/setlist/weezer/1996/the-palace-los-angeles-ca-53d8bbd9.html,The Palace,Headline,1996,12,21,21/12/1996The Palace
18/12/1996,Weezer, | Tired of Sex | Getchoo | My Name Is Jonas | Pink Triangle | No One Else | No Other One | Why Bother? | In the Garage | You Gave Your Love to Me Softly | Falling for You | Say It Ain't So | The Good Life | Undone - The Sweater Song | Butterfly | Across the Sea | El Scorcho | Buddy Holly | Surf Wax America,Pinkerton,https://www.setlist.fm/setlist/weezer/1996/deep-ellum-live-dallas-tx-53d65f11.html,Deep Ellum Live,Headline,1996,12,18,18/12/1996Deep Ellum Live
17/12/1996,Weezer,Tired of Sex | Getchoo | My Name Is Jonas | Pink Triangle | No One Else | No Other One | Why Bother? | In the Garage | You Gave Your Love to Me Softly | Falling for You | Say It Ain't So | The Good Life | Undone - The Sweater Song | Butterfly | Across the Sea | El Scorcho | Buddy Holly | Surf Wax America,Pinkerton,https://www.setlist.fm/setlist/weezer/1996/liberty-lunch-austin-tx-5bd8bbe4.html,Liberty Lunch,Headline,1996,12,17,17/12/1996Liberty Lunch
16/12/1996,Weezer,Tired of Sex | Getchoo | My Name Is Jonas | Pink Triangle | No One Else | No Other One | Why Bother? | In the Garage | You Gave Your Love to Me Softly | Falling for You | Say It Ain't So | The Good Life | Undone - The Sweater Song | Butterfly | Across the Sea | El Scorcho | Buddy Holly | Surf Wax America,Pinkerton,https://www.setlist.fm/setlist/weezer/1996/numbers-houston-tx-5bd8bbe0.html,Numbers,Headline,1996,12,16,16/12/1996Numbers
15/12/1996,Weezer,Tired of Sex | Getchoo | My Name Is Jonas | Pink Triangle | No One Else | No Other One | Why Bother? | In the Garage | You Gave Your Love to Me Softly | Falling for You | Say It Ain't So | The Good Life | Undone - The Sweater Song | Butterfly | Across the Sea | El Scorcho | Buddy Holly | Surf Wax America,Pinkerton,https://www.setlist.fm/setlist/weezer/1996/house-of-blues-new-orleans-la-43d5bbcf.html,House of Blues,Headline,1996,12,15,15/12/1996House of Blues
14/12/1996,Weezer,Tired of Sex | Getchoo | My Name Is Jonas | Pink Triangle | No One Else | No Other One | Why Bother? | In the Garage | You Gave Your Love to Me Softly | Falling for You | Say It Ain't So | The Good Life | Undone - The Sweater Song | Butterfly | Across the Sea | El Scorcho | Buddy Holly | Surf Wax America,Pinkerton,https://www.setlist.fm/setlist/weezer/1996/bijou-theatre-knoxville-tn-33dc2415.html,Bijou Theatre,Headline,1996,12,14,14/12/1996Bijou Theatre
13/12/1996,Weezer,Tired of Sex | Getchoo | My Name Is Jonas | Pink Triangle | No One Else | No Other One | Why Bother? | In the Garage | You Gave Your Love to Me Softly | Falling for You | Say It Ain't So | The Good Life | Undone - The Sweater Song | Butterfly | Buddy Holly | Across the Sea | El Scorcho | Surf Wax America,Pinkerton,https://www.setlist.fm/setlist/weezer/1996/328-performance-hall-nashville-tn-4bdc073e.html,328 Performance Hall,Headline,1996,12,13,13/12/1996328 Performance Hall
12/12/1996,Weezer,Tired of Sex | Getchoo | No One Else | My Name Is Jonas | Pink Triangle | No Other One | In the Garage | You Gave Your Love to Me Softly | Falling for You | Why Bother? | Say It Ain't So | The Good Life | Undone - The Sweater Song | Butterfly | Buddy Holly | Across the Sea | El Scorcho | Surf Wax America,Pinkerton,https://www.setlist.fm/setlist/weezer/1996/heaven-atlanta-ga-13de8519.html,Heaven,Headline,1996,12,12,12/12/1996Heaven
10/12/1996,Weezer,Tired of Sex | Getchoo | No One Else | My Name Is Jonas | Pink Triangle | No Other One | In the Garage | You Gave Your Love to Me Softly | Falling for You | Why Bother? | Say It Ain't So | The Good Life | Undone - The Sweater Song | Butterfly | Buddy Holly | Across the Sea | El Scorcho | Surf Wax America,Pinkerton,https://www.setlist.fm/setlist/weezer/1996/club-firestone-orlando-fl-bd7d106.html,Club Firestone,Headline,1996,12,10,10/12/1996Club Firestone
09/12/1996,Weezer,Tired of Sex | Getchoo | My Name Is Jonas | Pink Triangle | No One Else | No Other One | Why Bother? | In the Garage | You Gave Your Love to Me Softly | Falling for You | Say It Ain't So | The Good Life | Undone - The Sweater Song | Butterfly | Across the Sea | El Scorcho | Buddy Holly | Surf Wax America,Pinkerton,https://www.setlist.fm/setlist/weezer/1996/theatre-club-fort-lauderdale-fl-43db6387.html,Theatre Club,Headline,1996,12,09,09/12/1996Theatre Club
08/12/1996,Weezer,Undone - The Sweater Song | No One Else | The Good Life | Pink Triangle | El Scorcho | Buddy Holly,Pinkerton,https://www.setlist.fm/setlist/weezer/1996/specs-music-west-palm-beach-fl-7bdcc2e0.html,Spec's Music,Headline,1996,12,08,08/12/1996Spec's Music
07/12/1996,Weezer,Tired of Sex | Getchoo | My Name Is Jonas | Pink Triangle | No One Else | No Other One | Why Bother? | In the Garage | You Gave Your Love to Me Softly | Falling for You | Say It Ain't So | The Good Life | Undone - The Sweater Song | Butterfly | Across the Sea | El Scorcho | Buddy Holly | Surf Wax America,Pinkerton,https://www.setlist.fm/setlist/weezer/1996/florida-theatre-gainesville-fl-3d3719f.html,Florida Theatre,Headline,1996,12,07,07/12/1996Florida Theatre
05/12/1996,Weezer,Tired of Sex | Getchoo | My Name Is Jonas | Pink Triangle | No One Else | No Other One | Why Bother? | In the Garage | You Gave Your Love to Me Softly | Falling for You | Say It Ain't So | The Good Life | Undone - The Sweater Song | Butterfly | Across the Sea | El Scorcho | Buddy Holly | Surf Wax America | The Trooper,Pinkerton,https://www.setlist.fm/setlist/weezer/1996/electric-factory-philadelphia-pa-6bd5f2c2.html,Electric Factory,Headline,1996,12,05,05/12/1996Electric Factory
04/12/1996,Weezer,Tired of Sex | Getchoo | My Name Is Jonas | Pink Triangle | No One Else | No Other One | Why Bother? | In the Garage | You Gave Your Love to Me Softly | Falling for You | Say It Ain't So | The Good Life | Undone - The Sweater Song | Butterfly | Across the Sea | El Scorcho | Buddy Holly | Surf Wax America,Pinkerton,https://www.setlist.fm/setlist/weezer/1996/toads-place-new-haven-ct-4bd8bbe2.html,Toad's Place,Headline,1996,12,04,04/12/1996Toad's Place
03/12/1996,Weezer,Undone - The Sweater Song | No One Else | The Good Life | El Scorcho | Pink Triangle | Buddy Holly,,https://www.setlist.fm/setlist/weezer/1996/tower-records-new-york-ny-7bdcc2ec.html,Tower Records,Headline,1996,12,03,03/12/1996Tower Records
03/12/1996,Weezer,The Good Life,,https://www.setlist.fm/setlist/weezer/1996/kroq-studios-new-york-ny-63dcc2e3.html,KROQ Studios,Headline,1996,12,03,03/12/1996KROQ Studios
03/12/1996,Weezer,Tired of Sex | Getchoo | My Name Is Jonas | Pink Triangle | No One Else | No Other One | Why Bother? | In the Garage | You Gave Your Love to Me Softly | Falling for You | Say It Ain't So | The Good Life | Undone - The Sweater Song | Butterfly | Across the Sea | El Scorcho | Buddy Holly | Surf Wax America,Pinkerton,https://www.setlist.fm/setlist/weezer/1996/roseland-ballroom-new-york-ny-63d5f2c3.html,Roseland Ballroom,Headline,1996,12,03,03/12/1996Roseland Ballroom
01/12/1996,Weezer,Tired of Sex | Getchoo | My Name Is Jonas | Pink Triangle | No One Else | No Other One | Why Bother? | In the Garage | You Gave Your Love to Me Softly | Falling for You | Say It Ain't So | The Good Life | Undone - The Sweater Song | Butterfly | Across the Sea | El Scorcho | Buddy Holly | Surf Wax America | The Trooper,Pinkerton,https://www.setlist.fm/setlist/weezer/1996/the-theatre-of-living-arts-philadelphia-pa-7bd5f2cc.html,The Theatre of Living Arts,Headline,1996,12,01,01/12/1996The Theatre of Living Arts
01/12/1996,Weezer,Buddy Holly | Undone - The Sweater Song,,https://www.setlist.fm/setlist/weezer/1996/rosemont-horizon-rosemont-il-73dd4a69.html,Rosemont Horizon,Headline,1996,12,01,01/12/1996Rosemont Horizon
30/11/1996,Weezer,Tired of Sex | Getchoo | My Name Is Jonas | Pink Triangle | No One Else | No Other One | In the Garage | Jamie | Falling for You | Why Bother? | Say It Ain't So | The Good Life | Undone - The Sweater Song | Butterfly | Across the Sea | El Scorcho | Buddy Holly | Surf Wax America,Pinkerton,https://www.setlist.fm/setlist/weezer/1996/930-club-washington-dc-bd765be.html,9:30 Club,Headline,1996,11,30,30/11/19969:30 Club
27/11/1996,Weezer,Tired of Sex | Getchoo | My Name Is Jonas | Pink Triangle | No One Else | No Other One | In the Garage | Why Bother? | Jamie | Falling for You | Say It Ain't So | The Good Life | Undone - The Sweater Song | Butterfly | Across the Sea | El Scorcho | Buddy Holly | Surf Wax America,Pinkerton,https://www.setlist.fm/setlist/weezer/1996/lupos-heartbreak-hotel-providence-ri-53d8bbed.html,Lupo's Heartbreak Hotel,Headline,1996,11,27,27/11/1996Lupo's Heartbreak Hotel
26/11/1996,Weezer,Tired of Sex | Getchoo | My Name Is Jonas | Pink Triangle | No One Else | No Other One | In the Garage | Why Bother? | Jamie | Falling for You | Say It Ain't So | The Good Life | Undone - The Sweater Song | Butterfly | Across the Sea | El Scorcho | Buddy Holly | Surf Wax America,Pinkerton,https://www.setlist.fm/setlist/weezer/1996/avalon-boston-ma-1bd4fd0c.html,Avalon,Headline,1996,11,26,26/11/1996Avalon
25/11/1996,Weezer,Tired of Sex | Getchoo | My Name Is Jonas | Pink Triangle | No One Else | No Other One | Why Bother? | In the Garage | You Gave Your Love to Me Softly | Falling for You | Say It Ain't So | The Good Life | Undone - The Sweater Song | Butterfly | Across the Sea | El Scorcho | Buddy Holly | Surf Wax America,Pinkerton,https://www.setlist.fm/setlist/weezer/1996/harro-east-ballroom-rochester-ny-3d4fdfb.html,Harro East Ballroom,Headline,1996,11,25,25/11/1996Harro East Ballroom
23/11/1996,Weezer,El Scorcho | Jamie,Pinkerton,https://www.setlist.fm/setlist/weezer/1996/metropolis-montreal-qc-canada-5bf68f30.html,Metropolis,Headline,1996,11,23,23/11/1996Metropolis
22/11/1996,Weezer,The Good Life | Pink Triangle | Butterfly,,https://www.setlist.fm/setlist/weezer/1996/cfny-fm-studios-toronto-on-canada-73dcc2ed.html,CFNY-FM Studios,Headline,1996,11,22,22/11/1996CFNY-FM Studios
22/11/1996,Weezer,Undone - The Sweater Song | Buddy Holly | Say It Ain't So | El Scorcho | The Good Life,,https://www.setlist.fm/setlist/weezer/1996/299-queen-street-west-toronto-on-canada-63dcc2ef.html,299 Queen Street West,Headline,1996,11,22,22/11/1996299 Queen Street West
22/11/1996,Weezer,Tired of Sex | Getchoo | My Name Is Jonas | Pink Triangle | No One Else | No Other One | Why Bother? | In the Garage | Jamie | Falling for You | Say It Ain't So | The Good Life | Undone - The Sweater Song | Butterfly | Across the Sea | El Scorcho | Buddy Holly | Surf Wax America,Pinkerton,https://www.setlist.fm/setlist/weezer/1996/the-phoenix-concert-theatre-toronto-on-canada-5bd8bbe8.html,The Phoenix Concert Theatre,Headline,1996,11,22,22/11/1996The Phoenix Concert Theatre
21/11/1996,Weezer,Tired of Sex | Getchoo | No One Else | No Other One | My Name Is Jonas | Pink Triangle | Why Bother? | In the Garage | You Gave Your Love to Me Softly | Falling for You | Say It Ain't So | The Good Life | Undone - The Sweater Song | Butterfly | Across the Sea | El Scorcho | Buddy Holly | Surf Wax America,Pinkerton,https://www.setlist.fm/setlist/weezer/1996/ogden-street-music-hall-buffalo-ny-43d8bbeb.html,Ogden Street Music Hall,Headline,1996,11,21,21/11/1996Ogden Street Music Hall
20/11/1996,Weezer,Tired of Sex | Getchoo | My Name Is Jonas | Pink Triangle | No One Else | No Other One | Why Bother? | In the Garage | You Gave Your Love to Me Softly | Falling for You | Say It Ain't So | The Good Life | Undone - The Sweater Song | Butterfly | Across the Sea | El Scorcho | Buddy Holly | Surf Wax America,Pinkerton,https://www.setlist.fm/setlist/weezer/1996/the-odeon-cleveland-oh-5bd8bbf4.html,The Odeon,Headline,1996,11,20,20/11/1996The Odeon
19/11/1996,Weezer,Tired of Sex | Getchoo | My Name Is Jonas | Pink Triangle | No One Else | No Other One | Why Bother? | In the Garage | You Gave Your Love to Me Softly | Falling for You | Say It Ain't So | The Good Life | Undone - The Sweater Song | Butterfly | Across the Sea | El Scorcho | Buddy Holly | Surf Wax America,Pinkerton,https://www.setlist.fm/setlist/weezer/1996/saint-andrews-hall-detroit-mi-53d8bbf5.html,Saint Andrew's Hall,Headline,1996,11,19,19/11/1996Saint Andrew's Hall
17/11/1996,Weezer,Tired of Sex | Getchoo | No One Else | No Other One | My Name Is Jonas | Pink Triangle | Why Bother? | In the Garage | You Gave Your Love to Me Softly | Falling for You | Say It Ain't So | The Good Life | Undone - The Sweater Song | Butterfly | Across the Sea | El Scorcho | Buddy Holly | Surf Wax America,Pinkerton,https://www.setlist.fm/setlist/weezer/1996/bogarts-cincinnati-oh-4bd8bbf6.html,Bogart's,Headline,1996,11,17,17/11/1996Bogart's
16/11/1996,Weezer,Tired of Sex | Getchoo | No One Else | No Other One | My Name Is Jonas | Pink Triangle | Why Bother? | In the Garage | You Gave Your Love to Me Softly | Falling for You | Say It Ain't So | The Good Life | Undone - The Sweater Song | Butterfly | Across the Sea | El Scorcho | Buddy Holly | Surf Wax America,Pinkerton,https://www.setlist.fm/setlist/weezer/1996/riviera-theatre-chicago-il-1bd4fd04.html,Riviera Theatre,Headline,1996,11,16,16/11/1996Riviera Theatre
15/11/1996,Weezer,Tired of Sex | Getchoo | No One Else | No Other One | My Name Is Jonas | Pink Triangle | Why Bother? | In the Garage | You Gave Your Love to Me Softly | Falling for You | Say It Ain't So | The Good Life | Undone - The Sweater Song | Butterfly | Across the Sea | El Scorcho | Buddy Holly | Surf Wax America,Pinkerton,https://www.setlist.fm/setlist/weezer/1996/first-avenue-minneapolis-mn-6bdb420a.html,First Avenue,Headline,1996,11,15,15/11/1996First Avenue
13/11/1996,Weezer,Tired of Sex | Getchoo | No One Else | No Other One | My Name Is Jonas | Pink Triangle | Why Bother? | In the Garage | You Gave Your Love to Me Softly | Falling for You | Say It Ain't So | The Good Life | Undone - The Sweater Song | Butterfly | Across the Sea | El Scorcho | Buddy Holly | Surf Wax America,Pinkerton,https://www.setlist.fm/setlist/weezer/1996/mississippi-nights-st-louis-mo-7bdb4214.html,Mississippi Nights,Headline,1996,11,13,13/11/1996Mississippi Nights
12/11/1996,Weezer,Tired of Sex | Getchoo | No One Else | No Other One | My Name Is Jonas | Pink Triangle | Why Bother? | In the Garage | You Gave Your Love to Me Softly | Falling for You | Say It Ain't So | The Good Life | Undone - The Sweater Song | Butterfly | Across the Sea | El Scorcho | Buddy Holly | Surf Wax America,Pinkerton,https://www.setlist.fm/setlist/weezer/1996/the-blue-note-columbia-mo-6bdb4216.html,The Blue Note,Headline,1996,11,12,12/11/1996The Blue Note
11/11/1996,Weezer,Tired of Sex | Getchoo | No One Else | No Other One | My Name Is Jonas | Pink Triangle | Why Bother? | In the Garage | You Gave Your Love to Me Softly | Falling for You | Say It Ain't So | The Good Life | Undone - The Sweater Song | Butterfly | Across the Sea | El Scorcho | Buddy Holly | Surf Wax America,Pinkerton,https://www.setlist.fm/setlist/weezer/1996/granada-theater-lawrence-ks-3de1d13.html,Granada Theater,Headline,1996,11,11,11/11/1996Granada Theater
10/11/1996,Weezer,Tired of Sex | Getchoo | My Name Is Jonas | Pink Triangle | No One Else | No Other One | Why Bother? | In the Garage | You Gave Your Love to Me Softly | Falling for You | Say It Ain't So | The Good Life | Undone - The Sweater Song | Butterfly | Across the Sea | El Scorcho | Buddy Holly | Surf Wax America,Pinkerton,https://www.setlist.fm/setlist/weezer/1996/ogden-theatre-denver-co-63db4217.html,Ogden Theatre,Headline,1996,11,10,10/11/1996Ogden Theatre
07/11/1996,Weezer,Tired of Sex | Getchoo | My Name Is Jonas | Pink Triangle | No One Else | No Other One | Why Bother? | In the Garage | You Gave Your Love to Me Softly | Falling for You | Say It Ain't So | The Good Life | Undone - The Sweater Song | Butterfly | Across the Sea | El Scorcho | Buddy Holly | Surf Wax America,Pinkerton,https://www.setlist.fm/setlist/weezer/1996/hellenic-community-centre-vancouver-bc-canada-13d675e1.html,Hellenic Community Centre,Headline,1996,11,07,07/11/1996Hellenic Community Centre
06/11/1996,Weezer,Undone - The Sweater Song | No One Else | The Good Life | El Scorcho | Pink Triangle | Buddy Holly,,https://www.setlist.fm/setlist/weezer/1996/shorecrest-high-school-cafeteria-shoreline-wa-6bdcc2ea.html,Shorecrest High School cafeteria,Headline,1996,11,06,06/11/1996Shorecrest High School cafeteria
06/11/1996,Weezer,Tired of Sex | Getchoo | My Name Is Jonas | Pink Triangle | No One Else | No Other One | Why Bother? | In the Garage | You Gave Your Love to Me Softly | The World Has Turned and Left Me Here | Say It Ain't So | The Good Life | Undone - The Sweater Song | Butterfly | Across the Sea | El Scorcho | Buddy Holly | Surf Wax America,Pinkerton,https://www.setlist.fm/setlist/weezer/1996/dv8-seattle-wa-13d4fd05.html,DV8,Headline,1996,11,06,06/11/1996DV8
05/11/1996,Weezer,Tired of Sex | Getchoo | My Name Is Jonas | Pink Triangle | No One Else | The World Has Turned and Left Me Here | Why Bother? | In the Garage | You Gave Your Love to Me Softly | Falling for You | Say It Ain't So | The Good Life | Undone - The Sweater Song | Butterfly | Across the Sea | El Scorcho | Buddy Holly | Surf Wax America,Pinkerton,https://www.setlist.fm/setlist/weezer/1996/la-luna-portland-or-73db4211.html,La Luna,Headline,1996,11,05,05/11/1996La Luna
03/11/1996,Weezer,Tired of Sex | Getchoo | My Name Is Jonas | Pink Triangle | No One Else | No Other One | Why Bother? | In the Garage | You Gave Your Love to Me Softly | Jamie | Say It Ain't So | The Good Life | Undone - The Sweater Song | Butterfly | Across the Sea | El Scorcho | Buddy Holly | Surf Wax America,Pinkerton,https://www.setlist.fm/setlist/weezer/1996/visalia-convention-center-visalia-ca-2bdff836.html,Visalia Convention Center,Headline,1996,11,03,03/11/1996Visalia Convention Center
02/11/1996,Weezer,Tired of Sex | Getchoo | My Name Is Jonas | Pink Triangle | No One Else | The World Has Turned and Left Me Here | Why Bother? | In the Garage | You Gave Your Love to Me Softly | Falling for You | Say It Ain't So | The Good Life | Undone - The Sweater Song | Butterfly | Across the Sea | El Scorcho | Buddy Holly | Surf Wax America,Pinkerton,https://www.setlist.fm/setlist/weezer/1996/the-fillmore-san-francisco-ca-3d4fd07.html,The Fillmore,Headline,1996,11,02,02/11/1996The Fillmore
01/11/1996,Weezer,Tired of Sex | Getchoo | My Name Is Jonas | Pink Triangle | No One Else | The World Has Turned and Left Me Here | Why Bother? | In the Garage | You Gave Your Love to Me Softly | Falling for You | Say It Ain't So | The Good Life | Undone - The Sweater Song | Butterfly | Across the Sea | El Scorcho | Buddy Holly | Surf Wax America,Pinkerton,https://www.setlist.fm/setlist/weezer/1996/the-majestic-ventura-theater-ventura-ca-6bdb4212.html,The Majestic Ventura Theater,Headline,1996,11,01,01/11/1996The Majestic Ventura Theater
23/10/1996,Weezer,Tired of Sex | Getchoo | My Name Is Jonas | Pink Triangle | No One Else | The World Has Turned and Left Me Here | Why Bother? | In the Garage | You Gave Your Love to Me Softly | Devotion | Say It Ain't So | The Good Life | Undone - The Sweater Song | Butterfly | Across the Sea | El Scorcho | Buddy Holly | Surf Wax America,Pinkerton,https://www.setlist.fm/setlist/weezer/1996/liquidroom-tokyo-japan-63db4213.html,LIQUIDROOM,Headline,1996,10,23,23/10/1996LIQUIDROOM
22/10/1996,Weezer,Tired of Sex | Getchoo | My Name Is Jonas | Pink Triangle | No One Else | No Other One | Why Bother? | In the Garage | You Gave Your Love to Me Softly | Jamie | Say It Ain't So | The Good Life | Undone - The Sweater Song | Butterfly | Across the Sea | El Scorcho | Buddy Holly | Surf Wax America,Pinkerton,https://www.setlist.fm/setlist/weezer/1996/liquidroom-tokyo-japan-1bdb1504.html,LIQUIDROOM,Headline,1996,10,22,22/10/1996LIQUIDROOM
21/10/1996,Weezer,My Name Is Jonas | Getchoo | No One Else | No Other One | The Good Life | Holiday | Buddy Holly | Pink Triangle | Susanne | Why Bother? | Across the Sea | Say It Ain't So | Undone - The Sweater Song | Only in Dreams | El Scorcho | Surf Wax America,Pinkerton,https://www.setlist.fm/setlist/weezer/1996/liquidroom-tokyo-japan-63dcc2eb.html,LIQUIDROOM,Headline,1996,10,21,21/10/1996LIQUIDROOM
19/10/1996,Weezer,Getchoo | My Name Is Jonas | Pink Triangle | No One Else | Jamie | Why Bother? | In the Garage | You Gave Your Love to Me Softly | Say It Ain't So | The Good Life | Undone - The Sweater Song | Butterfly | Across the Sea | Buddy Holly | El Scorcho | Surf Wax America,Pinkerton,https://www.setlist.fm/setlist/weezer/1996/shinsaibashi-club-quattro-osaka-japan-7bdcc2f4.html,Shinsaibashi CLUB QUATTRO,Headline,1996,10,19,19/10/1996Shinsaibashi CLUB QUATTRO
18/10/1996,Weezer,My Name Is Jonas | Getchoo | No One Else | No Other One | The Good Life | Holiday | Buddy Holly | Pink Triangle | Susanne | Why Bother? | Across the Sea | Say It Ain't So | Undone - The Sweater Song | Only in Dreams | El Scorcho | Surf Wax America,Pinkerton,https://www.setlist.fm/setlist/weezer/1996/nagoya-club-quattro-nagoya-japan-6bdb421e.html,Nagoya CLUB QUATTRO,Headline,1996,10,18,18/10/1996Nagoya CLUB QUATTRO
14/10/1996,Weezer,My Name Is Jonas | Getchoo | No One Else | No Other One | The Good Life | Holiday | Buddy Holly | Pink Triangle | Susanne | Why Bother? | Across the Sea | Say It Ain't So | Undone - The Sweater Song | Only in Dreams | El Scorcho | Surf Wax America,Pinkerton,https://www.setlist.fm/setlist/weezer/1996/logan-campbell-centre-auckland-new-zealand-63db421f.html,Logan Campbell Centre,Headline,1996,10,14,14/10/1996Logan Campbell Centre
12/10/1996,Weezer,My Name Is Jonas | Getchoo | No One Else | No Other One | The Good Life | Holiday | Buddy Holly | Pink Triangle | Susanne | Why Bother? | Across the Sea | Say It Ain't So | Undone - The Sweater Song | Only in Dreams | El Scorcho | Surf Wax America,Pinkerton,https://www.setlist.fm/setlist/weezer/1996/metro-theatre-sydney-australia-73db4219.html,Metro Theatre,Headline,1996,10,12,12/10/1996Metro Theatre
11/10/1996,Weezer,Tired of Sex | Getchoo | My Name Is Jonas | Pink Triangle | No One Else | No Other One | Why Bother? | In the Garage | Falling for You | You Gave Your Love to Me Softly | Say It Ain't So | The Good Life | Undone - The Sweater Song | Butterfly | Across the Sea | El Scorcho | Buddy Holly | Surf Wax America,Pinkerton,https://www.setlist.fm/setlist/weezer/1996/metro-theatre-sydney-australia-63db421b.html,Metro Theatre,Headline,1996,10,11,11/10/1996Metro Theatre
10/10/1996,Weezer,Tired of Sex | Getchoo | My Name Is Jonas | Pink Triangle | No One Else | No Other One | Why Bother? | In the Garage | Falling for You | You Gave Your Love to Me Softly | Say It Ain't So | The Good Life | Undone - The Sweater Song | Butterfly | Across the Sea | El Scorcho | Buddy Holly | Surf Wax America,Pinkerton,https://www.setlist.fm/setlist/weezer/1996/anu-bar-and-refectory-canberra-australia-6bdb96e6.html,ANU Bar & Refectory,Headline,1996,10,10,10/10/1996ANU Bar & Refectory
08/10/1996,Weezer,Tired of Sex | Getchoo | My Name Is Jonas | Pink Triangle | No One Else | No Other One | Why Bother? | In the Garage | Falling for You | You Gave Your Love to Me Softly | Say It Ain't So | The Good Life | Undone - The Sweater Song | Butterfly | Across the Sea | El Scorcho | Buddy Holly | Surf Wax America,Pinkerton,https://www.setlist.fm/setlist/weezer/1996/heaven-adelaide-australia-6bdb4226.html,Heaven,Headline,1996,10,08,08/10/1996Heaven
07/10/1996,Weezer,Tired of Sex | Getchoo | My Name Is Jonas | Pink Triangle | No One Else | No Other One | Why Bother? | In the Garage | Falling for You | You Gave Your Love to Me Softly | Say It Ain't So | The Good Life | Undone - The Sweater Song | Butterfly | Across the Sea | El Scorcho | Buddy Holly | Surf Wax America,Pinkerton,https://www.setlist.fm/setlist/weezer/1996/planet-nightclub-perth-australia-73defac5.html,Planet Nightclub,Headline,1996,10,07,07/10/1996Planet Nightclub
07/10/1996,Weezer,The Good Life | No One Else | El Scorcho | Undone - The Sweater Song | Jamie,,https://www.setlist.fm/setlist/weezer/1996/78-records-perth-australia-6bdcc2f6.html,78 Records,Headline,1996,10,07,07/10/199678 Records
05/10/1996,Weezer,Tired of Sex | Getchoo | My Name Is Jonas | Pink Triangle | No One Else | No Other One | Why Bother? | In the Garage | Falling for You | You Gave Your Love to Me Softly | Say It Ain't So | The Good Life | Undone - The Sweater Song | Butterfly | Across the Sea | El Scorcho | Buddy Holly | Surf Wax America,Pinkerton,https://www.setlist.fm/setlist/weezer/1996/davies-park-brisbane-australia-63d14a57.html,Davies Park,Headline,1996,10,05,05/10/1996Davies Park
04/10/1996,Weezer,Tired of Sex | Getchoo | My Name Is Jonas | Pink Triangle | No One Else | No Other One | Why Bother? | In the Garage | Falling for You | You Gave Your Love to Me Softly | Say It Ain't So | The Good Life | Undone - The Sweater Song | Butterfly | Across the Sea | El Scorcho | Buddy Holly | Surf Wax America,Pinkerton,https://www.setlist.fm/setlist/weezer/1996/the-palace-complex-melbourne-australia-73db4221.html,The Palace Complex,Headline,1996,10,04,04/10/1996The Palace Complex
03/10/1996,Weezer,Tired of Sex | Getchoo | My Name Is Jonas | Pink Triangle | No One Else | No Other One | Why Bother? | In the Garage | Falling for You | You Gave Your Love to Me Softly | Say It Ain't So | The Good Life | Undone - The Sweater Song | Butterfly | Across the Sea | El Scorcho | Buddy Holly | Surf Wax America,Pinkerton,https://www.setlist.fm/setlist/weezer/1996/the-lyric-geelong-australia-63db4223.html,The Lyric,Headline,1996,10,03,03/10/1996The Lyric
02/10/1996,Weezer,Tired of Sex | Getchoo | My Name Is Jonas | Pink Triangle | No One Else | No Other One | Why Bother? | In the Garage | Falling for You | You Gave Your Love to Me Softly | Say It Ain't So | The Good Life | Undone - The Sweater Song | Butterfly | Across the Sea | El Scorcho | Buddy Holly | Surf Wax America,Pinkerton,https://www.setlist.fm/setlist/weezer/1996/storey-hall-melbourne-australia-7bdb422c.html,Storey Hall,Headline,1996,10,02,02/10/1996Storey Hall
27/09/1996,Weezer,Tired of Sex | Getchoo | My Name Is Jonas | Pink Triangle | No One Else | No Other One | Why Bother? | In the Garage | Falling for You | You Gave Your Love to Me Softly | Say It Ain't So | The Good Life | Undone - The Sweater Song | Butterfly | Across the Sea | El Scorcho | Buddy Holly | Surf Wax America,,https://www.setlist.fm/setlist/weezer/1996/whisky-a-go-go-west-hollywood-ca-4bd3d75a.html,Whisky A Go Go,Headline,1996,09,27,27/09/1996Whisky A Go Go
26/09/1996,Weezer,Undone - The Sweater Song | My Name Is Jonas | Pink Triangle | No One Else | No Other One | In the Garage | Why Bother? | Buddy Holly | Falling for You | Getchoo | Say It Ain't So | The Good Life | Butterfly | Across the Sea | Tired of Sex | El Scorcho | Surf Wax America,Pinkerton,https://www.setlist.fm/setlist/weezer/1996/whisky-a-go-go-west-hollywood-ca-6bdb422e.html,Whisky A Go Go,Headline,1996,09,26,26/09/1996Whisky A Go Go
24/09/1996,Weezer,Pink Triangle | El Scorcho | The Good Life | Undone - The Sweater Song | My Name Is Jonas | Getchoo | Surf Wax America,,https://www.setlist.fm/setlist/weezer/1996/tower-records-los-angeles-ca-63db422f.html,Tower Records,Headline,1996,09,24,24/09/1996Tower Records
08/09/1996,Weezer,Undone - The Sweater Song | My Name Is Jonas | Pink Triangle | No One Else | El Scorcho | In the Garage | Why Bother? | The World Has Turned and Left Me Here | Falling for You | Getchoo | Say It Ain't So | The Good Life | Surf Wax America | Tired of Sex | Buddy Holly,Pinkerton,https://www.setlist.fm/setlist/weezer/1996/sala-ktdral-madrid-spain-73db4229.html,Sala KTDral,Headline,1996,09,08,08/09/1996Sala KTDral
07/09/1996,Weezer,NOT_FOUND,Pinkerton,https://www.setlist.fm/setlist/weezer/1996/sala-zeleste-barcelona-spain-3b841428.html,Sala Zeleste,Headline,1996,09,07,07/09/1996Sala Zeleste
05/09/1996,Weezer,Undone - The Sweater Song | My Name Is Jonas | Pink Triangle | No One Else | El Scorcho | In the Garage | The World Has Turned and Left Me Here | Getchoo | Say It Ain't So | The Good Life | Buddy Holly | Surf Wax America | Jamie,Pinkerton,https://www.setlist.fm/setlist/weezer/1996/modena-open-air-festival-modena-italy-73db4235.html,Modena Open Air Festival,Headline,1996,09,05,05/09/1996Modena Open Air Festival
02/09/1996,Weezer,Undone - The Sweater Song | My Name Is Jonas | Pink Triangle | No One Else | El Scorcho | In the Garage | Why Bother? | The World Has Turned and Left Me Here | Falling for You | Getchoo | Say It Ain't So | The Good Life | Buddy Holly | Surf Wax America | Tired of Sex | Jamie,Pinkerton,https://www.setlist.fm/setlist/weezer/1996/backstage-munich-germany-63db4237.html,Backstage,Headline,1996,09,02,02/09/1996Backstage
01/09/1996,Weezer,NOT_FOUND,Pinkerton,https://www.setlist.fm/setlist/weezer/1996/logo-hamburg-germany-33841429.html,LOGO,Headline,1996,09,01,01/09/1996LOGO
31/08/1996,Weezer,Undone - The Sweater Song | My Name Is Jonas | Pink Triangle | No One Else | El Scorcho | In the Garage | Why Bother? | The World Has Turned and Left Me Here | Falling for You | Say It Ain't So | The Good Life | Holiday | Buddy Holly | Getchoo | Surf Wax America | Only in Dreams,Pinkerton,https://www.setlist.fm/setlist/weezer/1996/den-gra-hal-copenhagen-denmark-7bdb4230.html,Den Grå Hal,Headline,1996,08,31,31/08/1996Den Grå Hal
30/08/1996,Weezer,Undone - The Sweater Song | My Name Is Jonas | Pink Triangle | No One Else | El Scorcho | In the Garage | Why Bother? | The World Has Turned and Left Me Here | Falling for You | Getchoo | Say It Ain't So | The Good Life | Buddy Holly | Surf Wax America | Tired of Sex | Jamie,Pinkerton,https://www.setlist.fm/setlist/weezer/1996/mejeriet-lund-sweden-6bdb4232.html,Mejeriet,Headline,1996,08,30,30/08/1996Mejeriet
29/08/1996,Weezer,Undone - The Sweater Song | My Name Is Jonas | Pink Triangle | No One Else | El Scorcho | In the Garage | Why Bother? | The World Has Turned and Left Me Here | Falling for You | Getchoo | Say It Ain't So | The Good Life | Buddy Holly | Surf Wax America | Tired of Sex | Jamie,Pinkerton,https://www.setlist.fm/setlist/weezer/1996/sentrum-scene-oslo-norway-63db4233.html,Sentrum Scene,Headline,1996,08,29,29/08/1996Sentrum Scene
28/08/1996,Weezer,Undone - The Sweater Song | My Name Is Jonas | Pink Triangle | No One Else | El Scorcho | In the Garage | Why Bother? | The World Has Turned and Left Me Here | Falling for You | Getchoo | Say It Ain't So | The Good Life | Buddy Holly | Surf Wax America | Tired of Sex | Jamie,Pinkerton,https://www.setlist.fm/setlist/weezer/1996/gino-stockholm-sweden-7bd51ea4.html,Gino,Headline,1996,08,28,28/08/1996Gino
25/08/1996,Weezer,Undone - The Sweater Song | My Name Is Jonas | Pink Triangle | No One Else | El Scorcho | In the Garage | Why Bother? | Getchoo | Say It Ain't So | The Good Life | Buddy Holly | Surf Wax America,Pinkerton,https://www.setlist.fm/setlist/weezer/1996/evenemententerrein-walibi-holland-biddinghuizen-netherlands-43d0d3c3.html,Evenemententerrein Walibi Holland,Headline,1996,08,25,25/08/1996Evenemententerrein Walibi Holland
24/08/1996,Weezer,Undone - The Sweater Song | My Name Is Jonas | Pink Triangle | No One Else | El Scorcho | In the Garage | Why Bother? | Getchoo | Say It Ain't So | The Good Life | Buddy Holly | Surf Wax America,Pinkerton,https://www.setlist.fm/setlist/weezer/1996/domein-kiewit-hasselt-belgium-7bdb4238.html,Domein Kiewit,Headline,1996,08,24,24/08/1996Domein Kiewit
23/08/1996,Weezer,Undone - The Sweater Song | My Name Is Jonas | Pink Triangle | No One Else | El Scorcho | In the Garage | Why Bother? | Getchoo | Say It Ain't So | The Good Life | Buddy Holly | Surf Wax America,Pinkerton,https://www.setlist.fm/setlist/weezer/1996/little-johns-farm-reading-england-73dcc2f1.html,Little John's Farm,Headline,1996,08,23,23/08/1996Little John's Farm
21/08/1996,Weezer,Undone - The Sweater Song | My Name Is Jonas | Pink Triangle | No One Else | El Scorcho | In the Garage | Why Bother? | The World Has Turned and Left Me Here | Falling for You | Getchoo | Say It Ain't So | The Good Life | Buddy Holly | Surf Wax America | The Trooper | Tired of Sex | Jamie,Pinkerton,https://www.setlist.fm/setlist/weezer/1996/the-garage-london-england-1bc3ddf4.html,The Garage,Headline,1996,08,21,21/08/1996The Garage
18/08/1996,Weezer,Undone - The Sweater Song | My Name Is Jonas | Pink Triangle | No One Else | El Scorcho | In the Garage | Why Bother? | Say It Ain't So | Buddy Holly | Surf Wax America,Pinkerton,https://www.setlist.fm/setlist/weezer/1996/fort-de-saint-pere-saint-pere-france-bd4fd02.html,Fort de Saint-Père,Headline,1996,08,18,18/08/1996Fort de Saint-Père
17/08/1996,Weezer,Undone - The Sweater Song | My Name Is Jonas | Pink Triangle | No One Else | El Scorcho | In the Garage | Why Bother? | Say It Ain't So | Buddy Holly | Surf Wax America,Pinkerton,https://www.setlist.fm/setlist/weezer/1996/butzweilerhof-cologne-germany-2bd6fc12.html,Butzweilerhof,Headline,1996,08,17,17/08/1996Butzweilerhof
16/08/1996,Weezer,Undone - The Sweater Song | My Name Is Jonas | Pink Triangle | No One Else | El Scorcho | In the Garage | Why Bother? | Say It Ain't So | Buddy Holly | Surf Wax America,Pinkerton,https://www.setlist.fm/setlist/weezer/1996/technikumplatz-winterthur-switzerland-73db4245.html,Technikumplatz,Headline,1996,08,16,16/08/1996Technikumplatz
15/08/1996,Weezer,Undone - The Sweater Song | My Name Is Jonas | Pink Triangle | No One Else | El Scorcho | In the Garage | Why Bother? | Say It Ain't So | Buddy Holly | Surf Wax America,Pinkerton,https://www.setlist.fm/setlist/weezer/1996/arena-vienna-austria-6bdb4246.html,Arena,Headline,1996,08,15,15/08/1996Arena
20/08/1995,Weezer,Jamie | No One Else | In the Garage | Undone - The Sweater Song | Susanne | The World Has Turned and Left Me Here | My Name Is Jonas | Getchoo | Holiday | Say It Ain't So | Only in Dreams | Buddy Holly | Surf Wax America,World Domination Tour,https://www.setlist.fm/setlist/weezer/1995/the-warfield-san-francisco-ca-7bdb4240.html,The Warfield,Headline,1995,08,20,20/08/1995The Warfield
18/08/1995,Weezer,Jamie | No One Else | In the Garage | Undone - The Sweater Song | Susanne | The World Has Turned and Left Me Here | My Name Is Jonas | Getchoo | Holiday | Say It Ain't So | Only in Dreams | Buddy Holly | Surf Wax America,World Domination Tour,https://www.setlist.fm/setlist/weezer/1995/universal-amphitheatre-universal-city-ca-73db4241.html,Universal Amphitheatre,Headline,1995,08,18,18/08/1995Universal Amphitheatre
18/08/1995,Weezer,NOT_FOUND,,https://www.setlist.fm/setlist/weezer/1995/kroq-fm-studios-los-angeles-ca-6bdb4242.html,KROQ-FM Studios,Headline,1995,08,18,18/08/1995KROQ-FM Studios
17/08/1995,Weezer,Jamie | No One Else | In the Garage | Undone - The Sweater Song | Susanne | The World Has Turned and Left Me Here | My Name Is Jonas | Getchoo | Holiday | Say It Ain't So | Only in Dreams | Buddy Holly | Surf Wax America,World Domination Tour,https://www.setlist.fm/setlist/weezer/1995/party-gardens-phoenix-az-7bdb424c.html,Party Gardens,Headline,1995,08,17,17/08/1995Party Gardens
15/08/1995,Weezer,Jamie | No One Else | In the Garage | Undone - The Sweater Song | Susanne | The World Has Turned and Left Me Here | My Name Is Jonas | Getchoo | Holiday | Say It Ain't So | Only in Dreams | Buddy Holly | Surf Wax America,World Domination Tour,https://www.setlist.fm/setlist/weezer/1995/mammoth-events-center-denver-co-73db424d.html,Mammoth Events Center,Headline,1995,08,15,15/08/1995Mammoth Events Center
13/08/1995,Weezer,NOT_FOUND,World Domination Tour,https://www.setlist.fm/setlist/weezer/1995/american-theater-st-louis-mo-73b6a665.html,American Theater,Headline,1995,08,13,13/08/1995American Theater
12/08/1995,Weezer,No One Else | In the Garage | You Gave Your Love to Me Softly | Undone - The Sweater Song | My Name Is Jonas | The World Has Turned and Left Me Here | Holiday | Jamie | Say It Ain't So | Why Bother? | Buddy Holly | Surf Wax America,World Domination Tour,https://www.setlist.fm/setlist/weezer/1995/deer-creek-music-center-noblesville-in-bf58dc2.html,Deer Creek Music Center,Headline,1995,08,12,12/08/1995Deer Creek Music Center
11/08/1995,Weezer,NOT_FOUND,World Domination Tour,https://www.setlist.fm/setlist/weezer/1995/meadow-brook-music-festival-rochester-hills-mi-6bfe068e.html,Meadow Brook Music Festival,Headline,1995,08,11,11/08/1995Meadow Brook Music Festival
10/08/1995,Weezer,NOT_FOUND,World Domination Tour,https://www.setlist.fm/setlist/weezer/1995/nautica-stage-cleveland-oh-63f2ce23.html,Nautica Stage,Headline,1995,08,10,10/08/1995Nautica Stage
08/08/1995,Weezer,Jamie | No One Else | In the Garage | Undone - The Sweater Song | Susanne | The World Has Turned and Left Me Here | My Name Is Jonas | Getchoo | Holiday | Say It Ain't So | Only in Dreams | Buddy Holly | Surf Wax America,World Domination Tour,https://www.setlist.fm/setlist/weezer/1995/aragon-ballroom-chicago-il-6bdb424e.html,Aragon Ballroom,Headline,1995,08,08,08/08/1995Aragon Ballroom
06/08/1995,Weezer,Battlestar Galactica Theme | Jamie | No One Else | In the Garage | Undone - The Sweater Song | Susanne | The World Has Turned and Left Me Here | My Name Is Jonas | Getchoo | Holiday | Say It Ain't So | Only in Dreams | Buddy Holly | Surf Wax America,World Domination Tour,https://www.setlist.fm/setlist/weezer/1995/the-warehouse-toronto-on-canada-3db1503.html,The Warehouse,Headline,1995,08,06,06/08/1995The Warehouse
05/08/1995,Weezer,Jamie | No One Else | In the Garage | Undone - The Sweater Song | Susanne | The World Has Turned and Left Me Here | My Name Is Jonas | Getchoo | Holiday | Say It Ain't So | Only in Dreams | Buddy Holly | Surf Wax America,World Domination Tour,https://www.setlist.fm/setlist/weezer/1995/universite-de-montreal-cepsum-montreal-qc-canada-43d66727.html,Université de Montréal CEPSUM,Headline,1995,08,05,05/08/1995Université de Montréal CEPSUM
04/08/1995,Weezer,Say It Ain't So,,https://www.setlist.fm/setlist/weezer/1995/late-show-with-david-letterman-new-york-ny-7bdcc208.html,Late Show With David Letterman,Headline,1995,08,04,04/08/1995Late Show With David Letterman
03/08/1995,Weezer,No One Else | In the Garage | My Name Is Jonas | The World Has Turned and Left Me Here | Getchoo | Undone - The Sweater Song | Holiday | Say It Ain't So | Jamie | You Gave Your Love to Me Softly | Only in Dreams | Buddy Holly | Surf Wax America,World Domination Tour,https://www.setlist.fm/setlist/weezer/1995/central-park-summerstage-new-york-ny-7bdc4e7c.html,Central Park SummerStage,Headline,1995,08,03,03/08/1995Central Park SummerStage
02/08/1995,Weezer,Jamie | No One Else | The World Has Turned and Left Me Here | In the Garage | Undone - The Sweater Song | My Name Is Jonas | Say It Ain't So | Holiday | Only in Dreams | Buddy Holly | Surf Wax America,World Domination Tour,https://www.setlist.fm/setlist/weezer/1995/avalon-boston-ma-73db4249.html,Avalon,Headline,1995,08,02,02/08/1995Avalon
30/07/1995,Weezer,Jamie | No One Else | The World Has Turned and Left Me Here | You Gave Your Love to Me Softly | In the Garage | Undone - The Sweater Song | Say It Ain't So | Susanne | My Name Is Jonas | Getchoo | Holiday | Only in Dreams | Buddy Holly | Surf Wax America,World Domination Tour,https://www.setlist.fm/setlist/weezer/1995/the-air-strip-at-blind-mellons-cheektowaga-ny-13db150d.html,The Air Strip at Blind Mellons,Headline,1995,07,30,30/07/1995The Air Strip at Blind Mellons
29/07/1995,Weezer,Jamie | No One Else | The World Has Turned and Left Me Here | In the Garage | Undone - The Sweater Song | Susanne | My Name Is Jonas | Getchoo | Holiday | Only in Dreams | Buddy Holly | Surf Wax America,World Domination Tour,https://www.setlist.fm/setlist/weezer/1995/starz-allentown-pa-33ddb42d.html,Starz,Headline,1995,07,29,29/07/1995Starz
26/07/1995,Weezer,Jamie | No One Else | The World Has Turned and Left Me Here | In the Garage | Susanne | Undone - The Sweater Song | My Name Is Jonas | Getchoo | Holiday | Say It Ain't So | Only in Dreams | Surf Wax America | Buddy Holly,World Domination Tour,https://www.setlist.fm/setlist/weezer/1995/tennessee-amphitheater-knoxville-tn-73de1ee1.html,Tennessee Amphitheater,Headline,1995,07,26,26/07/1995Tennessee Amphitheater
24/07/1995,Weezer,Jamie | No One Else | The World Has Turned and Left Me Here | In the Garage | Undone - The Sweater Song | My Name Is Jonas | Getchoo | Holiday | Say It Ain't So | Only in Dreams | Surf Wax America | Buddy Holly,World Domination Tour,https://www.setlist.fm/setlist/weezer/1995/bogarts-cincinnati-oh-63dcc20b.html,Bogart's,Headline,1995,07,24,24/07/1995Bogart's
23/07/1995,Weezer,Jamie | No One Else | The World Has Turned and Left Me Here | In the Garage | Undone - The Sweater Song | My Name Is Jonas | Getchoo | Holiday | Say It Ain't So | Only in Dreams | Surf Wax America | Buddy Holly,World Domination Tour,https://www.setlist.fm/setlist/weezer/1995/328-performance-hall-nashville-tn-63db4253.html,328 Performance Hall,Headline,1995,07,23,23/07/1995328 Performance Hall
22/07/1995,Weezer,Jamie | No One Else | The World Has Turned and Left Me Here | In the Garage | Undone - The Sweater Song | My Name Is Jonas | Getchoo | Holiday | Say It Ain't So | Only in Dreams | Surf Wax America | Buddy Holly,World Domination Tour,https://www.setlist.fm/setlist/weezer/1995/sloss-furnaces-birmingham-al-6bdb425e.html,Sloss Furnaces,Headline,1995,07,22,22/07/1995Sloss Furnaces
21/07/1995,Weezer,Jamie | No One Else | The World Has Turned and Left Me Here | In the Garage | Undone - The Sweater Song | My Name Is Jonas | Getchoo | Holiday | Say It Ain't So | Only in Dreams | Surf Wax America | Buddy Holly,World Domination Tour,https://www.setlist.fm/setlist/weezer/1995/tipitinas-new-orleans-la-6bcce612.html,Tipitina's,Headline,1995,07,21,21/07/1995Tipitina's
09/07/1995,Weezer,Jamie | No One Else | The World Has Turned and Left Me Here | You Gave Your Love to Me Softly | In the Garage | Say It Ain't So | Undone - The Sweater Song | My Name Is Jonas | Getchoo | Buddy Holly | Only in Dreams | Surf Wax America,World Domination Tour,https://www.setlist.fm/setlist/weezer/1995/gino-stockholm-sweden-63db425f.html,Gino,Headline,1995,07,09,09/07/1995Gino
08/07/1995,Weezer,Jamie | No One Else | The World Has Turned and Left Me Here | You Gave Your Love to Me Softly | In the Garage | Say It Ain't So | Undone - The Sweater Song | My Name Is Jonas | Getchoo | Buddy Holly | Only in Dreams | Surf Wax America,World Domination Tour,https://www.setlist.fm/setlist/weezer/1995/hedemora-motorstadion-hedemora-sweden-63d286c3.html,Hedemora Motorstadion,Headline,1995,07,08,08/07/1995Hedemora Motorstadion
07/07/1995,Weezer,NOT_FOUND,World Domination Tour,https://www.setlist.fm/setlist/weezer/1995/teltet-i-tresse-kristiansand-norway-6bb6a66a.html,Teltet i Tresse,Headline,1995,07,07,07/07/1995Teltet i Tresse
05/07/1995,Weezer,Jamie | No One Else | The World Has Turned and Left Me Here | You Gave Your Love to Me Softly | In the Garage | Say It Ain't So | Undone - The Sweater Song | My Name Is Jonas | Getchoo | Buddy Holly | Only in Dreams | Surf Wax America,World Domination Tour,https://www.setlist.fm/setlist/weezer/1995/markthalle-hamburg-germany-73db4259.html,Markthalle,Headline,1995,07,05,05/07/1995Markthalle
04/07/1995,Weezer,NOT_FOUND,World Domination Tour,https://www.setlist.fm/setlist/weezer/1995/hyde-park-osnabruck-germany-7bb6a674.html,Hyde Park,Headline,1995,07,04,04/07/1995Hyde Park
02/07/1995,Weezer,Jamie | No One Else | The World Has Turned and Left Me Here | You Gave Your Love to Me Softly | In the Garage | Say It Ain't So | Undone - The Sweater Song | My Name Is Jonas | Getchoo | Buddy Holly | Only in Dreams | Surf Wax America,World Domination Tour,https://www.setlist.fm/setlist/weezer/1995/dyrskuepladsen-roskilde-denmark-3d25587.html,Dyrskuepladsen,Headline,1995,07,02,02/07/1995Dyrskuepladsen
01/07/1995,Weezer,Jamie | No One Else | The World Has Turned and Left Me Here | You Gave Your Love to Me Softly | In the Garage | Say It Ain't So | Undone - The Sweater Song | My Name Is Jonas | Getchoo | Buddy Holly | Only in Dreams | Surf Wax America,World Domination Tour,https://www.setlist.fm/setlist/weezer/1995/festivalpark-werchter-belgium-63d5629b.html,Festivalpark,Headline,1995,07,01,01/07/1995Festivalpark
30/06/1995,Weezer,Jamie | No One Else | The World Has Turned and Left Me Here | You Gave Your Love to Me Softly | In the Garage | Say It Ain't So | Undone - The Sweater Song | My Name Is Jonas | Getchoo | Buddy Holly | Only in Dreams | Surf Wax America,World Domination Tour,https://www.setlist.fm/setlist/weezer/1995/voetbalterrein-dk-torhout-torhout-belgium-13dfc16d.html,Voetbalterrein DK Torhout,Headline,1995,06,30,30/06/1995Voetbalterrein DK Torhout
29/06/1995,Weezer,Jamie | No One Else | The World Has Turned and Left Me Here | You Gave Your Love to Me Softly | In the Garage | Say It Ain't So | Undone - The Sweater Song | My Name Is Jonas | Getchoo | Buddy Holly | Only in Dreams | Surf Wax America,World Domination Tour,https://www.setlist.fm/setlist/weezer/1995/batschkapp-frankfurt-germany-5bdb4314.html,Batschkapp,Headline,1995,06,29,29/06/1995Batschkapp
27/06/1995,Weezer,Jamie | No One Else | The World Has Turned and Left Me Here | You Gave Your Love to Me Softly | In the Garage | Say It Ain't So | Undone - The Sweater Song | My Name Is Jonas | Getchoo | Buddy Holly | Only in Dreams | Surf Wax America,World Domination Tour,https://www.setlist.fm/setlist/weezer/1995/le-zenith-paris-france-53db4315.html,Le Zénith,Headline,1995,06,27,27/06/1995Le Zénith
26/06/1995,Weezer,Jamie | No One Else | The World Has Turned and Left Me Here | You Gave Your Love to Me Softly | In the Garage | Say It Ain't So | Undone - The Sweater Song | My Name Is Jonas | Getchoo | Buddy Holly | Only in Dreams | Surf Wax America,World Domination Tour,https://www.setlist.fm/setlist/weezer/1995/live-music-hall-cologne-germany-4bdb4316.html,Live Music Hall,Headline,1995,06,26,26/06/1995Live Music Hall
25/06/1995,Weezer,Jamie | No One Else | The World Has Turned and Left Me Here | In the Garage | Say It Ain't So | Undone - The Sweater Song | My Name Is Jonas | Getchoo | Buddy Holly | Surf Wax America,World Domination Tour,https://www.setlist.fm/setlist/weezer/1995/tivoli-utrecht-netherlands-43db4317.html,Tivoli,Headline,1995,06,25,25/06/1995Tivoli
24/06/1995,Weezer,Jamie | No One Else | The World Has Turned and Left Me Here | Getchoo | In the Garage | Say It Ain't So | Undone - The Sweater Song | My Name Is Jonas | Buddy Holly | Surf Wax America,World Domination Tour,https://www.setlist.fm/setlist/weezer/1995/worthy-farm-pilton-england-6bdcc202.html,Worthy Farm,Headline,1995,06,24,24/06/1995Worthy Farm
22/06/1995,Weezer,Jamie | No One Else | The World Has Turned and Left Me Here | Getchoo | In the Garage | Say It Ain't So | Undone - The Sweater Song | My Name Is Jonas | Buddy Holly | Surf Wax America,World Domination Tour,https://www.setlist.fm/setlist/weezer/1995/de-montfort-university-leicester-england-5bdb4310.html,De Montfort University,Headline,1995,06,22,22/06/1995De Montfort University
21/06/1995,Weezer,Jamie | No One Else | The World Has Turned and Left Me Here | Getchoo | In the Garage | Say It Ain't So | Undone - The Sweater Song | My Name Is Jonas | Buddy Holly | Surf Wax America,World Domination Tour,https://www.setlist.fm/setlist/weezer/1995/manchester-academy-manchester-england-53db4311.html,Manchester Academy,Headline,1995,06,21,21/06/1995Manchester Academy
20/06/1995,Weezer,Jamie | No One Else | The World Has Turned and Left Me Here | Getchoo | In the Garage | Say It Ain't So | Undone - The Sweater Song | My Name Is Jonas | Buddy Holly | Surf Wax America,World Domination Tour,https://www.setlist.fm/setlist/weezer/1995/the-garage-glasgow-scotland-4bdb4312.html,The Garage,Headline,1995,06,20,20/06/1995The Garage
19/06/1995,Weezer,Jamie | No One Else | The World Has Turned and Left Me Here | Getchoo | In the Garage | Say It Ain't So | Undone - The Sweater Song | My Name Is Jonas | Buddy Holly | Surf Wax America,World Domination Tour,https://www.setlist.fm/setlist/weezer/1995/leeds-irish-centre-leeds-england-43db4313.html,Leeds Irish Centre,Headline,1995,06,19,19/06/1995Leeds Irish Centre
17/06/1995,Weezer,NOT_FOUND,World Domination Tour,https://www.setlist.fm/setlist/weezer/1995/wulfrun-hall-wolverhampton-england-6bb6a67e.html,Wulfrun Hall,Headline,1995,06,17,17/06/1995Wulfrun Hall
16/06/1995,Weezer,Jamie | No One Else | The World Has Turned and Left Me Here | Getchoo | In the Garage | Say It Ain't So | Undone - The Sweater Song | My Name Is Jonas | Buddy Holly | Surf Wax America,World Domination Tour,https://www.setlist.fm/setlist/weezer/1995/london-astoria-london-england-5bdb431c.html,London Astoria,Headline,1995,06,16,16/06/1995London Astoria
13/06/1995,Weezer,Jamie | No One Else | The World Has Turned and Left Me Here | Getchoo | In the Garage | Say It Ain't So | Undone - The Sweater Song | My Name Is Jonas | Buddy Holly | Surf Wax America,World Domination Tour,https://www.setlist.fm/setlist/weezer/1995/sala-pacha-madrid-spain-4bdb431e.html,Sala Pacha,Headline,1995,06,13,13/06/1995Sala Pacha
12/06/1995,Weezer,Jamie | No One Else | The World Has Turned and Left Me Here | Getchoo | In the Garage | Say It Ain't So | Undone - The Sweater Song | My Name Is Jonas | Buddy Holly | Surf Wax America,World Domination Tour,https://www.setlist.fm/setlist/weezer/1995/sala-zeleste-barcelona-spain-43db431f.html,Sala Zeleste,Headline,1995,06,12,12/06/1995Sala Zeleste
27/05/1995,Weezer,NOT_FOUND,,https://www.setlist.fm/setlist/weezer/1995/muchmusic-studios-toronto-on-canada-53db4319.html,MuchMusic Studios,Headline,1995,05,27,27/05/1995MuchMusic Studios
08/04/1995,Weezer,Jamie | No One Else | The World Has Turned and Left Me Here | Getchoo | In the Garage | Say It Ain't So | Undone - The Sweater Song | My Name Is Jonas | Buddy Holly | Only in Dreams | Surf Wax America | Eruption,World Domination Tour,https://www.setlist.fm/setlist/weezer/1995/hollywood-palladium-los-angeles-ca-5bdb4324.html,Hollywood Palladium,Headline,1995,04,08,08/04/1995Hollywood Palladium
07/04/1995,Weezer,Magnum P.I. Theme Song | No One Else | Holiday | Buddy Holly | My Name Is Jonas | Undone - The Sweater Song | Only in Dreams,World Domination Tour,https://www.setlist.fm/setlist/weezer/1995/soma-san-diego-ca-53db4325.html,SOMA,Headline,1995,04,07,07/04/1995SOMA
06/04/1995,Weezer,Jamie | No One Else | The World Has Turned and Left Me Here | Getchoo | In the Garage | Say It Ain't So | Undone - The Sweater Song | My Name Is Jonas | Buddy Holly | Only in Dreams | Surf Wax America,World Domination Tour,https://www.setlist.fm/setlist/weezer/1995/electric-ballroom-tempe-az-4bdb4326.html,Electric Ballroom,Headline,1995,04,06,06/04/1995Electric Ballroom
04/04/1995,Weezer,Jamie | No One Else | The World Has Turned and Left Me Here | Getchoo | In the Garage | Say It Ain't So | Undone - The Sweater Song | My Name Is Jonas | Buddy Holly | Only in Dreams | Surf Wax America,World Domination Tour,https://www.setlist.fm/setlist/weezer/1995/trees-dallas-tx-73d5f2c9.html,Trees,Headline,1995,04,04,04/04/1995Trees
03/04/1995,Weezer,Jamie | No One Else | The World Has Turned and Left Me Here | Getchoo | In the Garage | Say It Ain't So | Undone - The Sweater Song | My Name Is Jonas | Buddy Holly | Only in Dreams | Surf Wax America,World Domination Tour,https://www.setlist.fm/setlist/weezer/1995/liberty-lunch-austin-tx-53db4321.html,Liberty Lunch,Headline,1995,04,03,03/04/1995Liberty Lunch
01/04/1995,Weezer,Jamie | No One Else | The World Has Turned and Left Me Here | Getchoo | In the Garage | Say It Ain't So | Undone - The Sweater Song | My Name Is Jonas | Buddy Holly | Only in Dreams | Surf Wax America,World Domination Tour,https://www.setlist.fm/setlist/weezer/1995/heaven-atlanta-ga-6bd09a5e.html,Heaven,Headline,1995,04,01,01/04/1995Heaven
01/04/1995,Weezer,In the Garage | No One Else | Undone - The Sweater Song | Buddy Holly | Jamie,,https://www.setlist.fm/setlist/weezer/1995/cats-paw-studio-atlanta-ga-13dce1d1.html,Cat's Paw Studio,Headline,1995,04,01,01/04/1995Cat's Paw Studio
31/03/1995,Weezer,Jamie | No One Else | The World Has Turned and Left Me Here | Getchoo | In the Garage | Say It Ain't So | Undone - The Sweater Song | My Name Is Jonas | Buddy Holly | Only in Dreams | Surf Wax America,World Domination Tour,https://www.setlist.fm/setlist/weezer/1995/the-boathouse-norfolk-va-5bdb432c.html,The Boathouse,Headline,1995,03,31,31/03/1995The Boathouse
30/03/1995,Weezer,Jamie | No One Else | The World Has Turned and Left Me Here | Getchoo | In the Garage | Say It Ain't So | Undone - The Sweater Song | My Name Is Jonas | Buddy Holly | Only in Dreams | Surf Wax America,World Domination Tour,https://www.setlist.fm/setlist/weezer/1995/wust-radio-music-hall-washington-dc-53db432d.html,WUST Radio Music Hall,Headline,1995,03,30,30/03/1995WUST Radio Music Hall
29/03/1995,Weezer,Jamie | No One Else | The World Has Turned and Left Me Here | Getchoo | In the Garage | Say It Ain't So | Undone - The Sweater Song | My Name Is Jonas | Buddy Holly | Only in Dreams | Surf Wax America,World Domination Tour,https://www.setlist.fm/setlist/weezer/1995/tower-theatre-upper-darby-pa-43db432f.html,Tower Theatre,Headline,1995,03,29,29/03/1995Tower Theatre
28/03/1995,Weezer,No One Else | The World Has Turned and Left Me Here | Say It Ain't So | Getchoo,World Domination Tour,https://www.setlist.fm/setlist/weezer/1995/roseland-ballroom-new-york-ny-6bdcc216.html,Roseland Ballroom,Headline,1995,03,28,28/03/1995Roseland Ballroom
26/03/1995,Weezer,Jamie | No One Else | The World Has Turned and Left Me Here | Getchoo | In the Garage | Say It Ain't So | Undone - The Sweater Song | My Name Is Jonas | Buddy Holly | Only in Dreams | Surf Wax America,World Domination Tour,https://www.setlist.fm/setlist/weezer/1995/avalon-boston-ma-5bdb433c.html,Avalon,Headline,1995,03,26,26/03/1995Avalon
25/03/1995,Weezer,No One Else | The World Has Turned and Left Me Here | Getchoo | In the Garage | Say It Ain't So | We Will Rock You | Undone - The Sweater Song | My Name Is Jonas | Buddy Holly | Only in Dreams | Surf Wax America | Holiday,World Domination Tour,https://www.setlist.fm/setlist/weezer/1995/le-spectrum-montreal-qc-canada-53db433d.html,Le Spectrum,Headline,1995,03,25,25/03/1995Le Spectrum
24/03/1995,Weezer,Jamie | No One Else | The World Has Turned and Left Me Here | Getchoo | In the Garage | Say It Ain't So | Undone - The Sweater Song | My Name Is Jonas | Buddy Holly | Only in Dreams | Surf Wax America,World Domination Tour,https://www.setlist.fm/setlist/weezer/1995/the-warehouse-toronto-on-canada-4bdb433e.html,The Warehouse,Headline,1995,03,24,24/03/1995The Warehouse
22/03/1995,Weezer,Jamie | No One Else | The World Has Turned and Left Me Here | Getchoo | In the Garage | Say It Ain't So | Undone - The Sweater Song | My Name Is Jonas | Buddy Holly | Only in Dreams | Surf Wax America,World Domination Tour,https://www.setlist.fm/setlist/weezer/1995/state-theatre-detroit-mi-5bdb4338.html,State Theatre,Headline,1995,03,22,22/03/1995State Theatre
21/03/1995,Weezer,Jamie | No One Else | The World Has Turned and Left Me Here | Getchoo | In the Garage | Say It Ain't So | Undone - The Sweater Song | My Name Is Jonas | Buddy Holly | Only in Dreams | Surf Wax America,World Domination Tour,https://www.setlist.fm/setlist/weezer/1995/metro-chicago-il-4bdb433a.html,Metro,Headline,1995,03,21,21/03/1995Metro
20/03/1995,Weezer,Jamie | No One Else | The World Has Turned and Left Me Here | Getchoo | In the Garage | Say It Ain't So | Undone - The Sweater Song | My Name Is Jonas | Buddy Holly | Only in Dreams | Surf Wax America,World Domination Tour,https://www.setlist.fm/setlist/weezer/1995/first-avenue-minneapolis-mn-43db433b.html,First Avenue,Headline,1995,03,20,20/03/1995First Avenue
18/03/1995,Weezer,Jamie | No One Else | The World Has Turned and Left Me Here | Getchoo | In the Garage | Say It Ain't So | Undone - The Sweater Song | My Name Is Jonas | Buddy Holly | Only in Dreams | Surf Wax America,World Domination Tour,https://www.setlist.fm/setlist/weezer/1995/ogden-theatre-denver-co-4bd65f0a.html,Ogden Theatre,Headline,1995,03,18,18/03/1995Ogden Theatre
17/03/1995,Weezer,Jamie | No One Else | The World Has Turned and Left Me Here | Getchoo | In the Garage | Say It Ain't So | Undone - The Sweater Song | My Name Is Jonas | Buddy Holly | Only in Dreams | Surf Wax America,World Domination Tour,https://www.setlist.fm/setlist/weezer/1995/horticulture-building-utah-state-fairgrounds-salt-lake-city-ut-53db4345.html,"Horticulture Building, Utah State Fairgrounds",Headline,1995,03,17,"17/03/1995Horticulture Building, Utah State Fairgrounds"
15/03/1995,Weezer,In the Garage | No One Else | Undone - The Sweater Song | Buddy Holly | Jamie,,https://www.setlist.fm/setlist/weezer/1995/music-millennium-portland-or-43dcc33f.html,Music Millennium,Headline,1995,03,15,15/03/1995Music Millennium
15/03/1995,Weezer,NOT_FOUND,World Domination Tour,https://www.setlist.fm/setlist/weezer/1995/paradigm-portland-or-3858173.html,Paradigm,Headline,1995,03,15,15/03/1995Paradigm
14/03/1995,Weezer,Jamie | No One Else | The World Has Turned and Left Me Here | Getchoo | In the Garage | Say It Ain't So | Undone - The Sweater Song | My Name Is Jonas | Buddy Holly | Only in Dreams | Surf Wax America,World Domination Tour,https://www.setlist.fm/setlist/weezer/1995/dv8-seattle-wa-53db434d.html,DV8,Headline,1995,03,14,14/03/1995DV8
13/03/1995,Weezer,Jamie | No One Else | The World Has Turned and Left Me Here | Getchoo | In the Garage | Say It Ain't So | Undone - The Sweater Song | My Name Is Jonas | Buddy Holly | Only in Dreams | Surf Wax America,World Domination Tour,https://www.setlist.fm/setlist/weezer/1995/commodore-ballroom-vancouver-bc-canada-3ce7187.html,Commodore Ballroom,Headline,1995,03,13,13/03/1995Commodore Ballroom
11/03/1995,Weezer,Jamie | No One Else | The World Has Turned and Left Me Here | Holiday | Getchoo | In the Garage | Say It Ain't So | Undone - The Sweater Song | My Name Is Jonas | Buddy Holly | Only in Dreams | Surf Wax America | Tired of Sex,World Domination Tour,https://www.setlist.fm/setlist/weezer/1995/the-fillmore-san-francisco-ca-5bdb4348.html,The Fillmore,Headline,1995,03,11,11/03/1995The Fillmore
10/03/1995,Weezer,Undone - The Sweater Song | My Name Is Jonas | No One Else | In the Garage | The World Has Turned and Left Me Here | Getchoo | Say It Ain't So | Buddy Holly | Surf Wax America | Tired of Sex | Jamie,World Domination Tour,https://www.setlist.fm/setlist/weezer/1995/the-joint-at-hard-rock-hotel-las-vegas-nv-73dcc205.html,The Joint at Hard Rock Hotel,Headline,1995,03,10,10/03/1995The Joint at Hard Rock Hotel
02/03/1995,Weezer,Undone - The Sweater Song | My Name Is Jonas | No One Else | In the Garage | The World Has Turned and Left Me Here | Getchoo | Say It Ain't So | Buddy Holly | Surf Wax America | Tired of Sex | Jamie,World Domination Tour,https://www.setlist.fm/setlist/weezer/1995/estandard-club-barcelona-spain-4bdb434a.html,Estandard Club,Headline,1995,03,02,02/03/1995Estandard Club
01/03/1995,Weezer,Undone - The Sweater Song | My Name Is Jonas | No One Else | In the Garage | The World Has Turned and Left Me Here | Getchoo | Say It Ain't So | Buddy Holly | Surf Wax America | Tired of Sex | Jamie,World Domination Tour,https://www.setlist.fm/setlist/weezer/1995/el-sol-madrid-spain-43db434b.html,El Sol,Headline,1995,03,01,01/03/1995El Sol
26/02/1995,Weezer,My Name Is Jonas | No One Else | The World Has Turned and Left Me Here | Buddy Holly | In the Garage | Jamie | Say It Ain't So | Undone - The Sweater Song | Only in Dreams | Surf Wax America,World Domination Tour,https://www.setlist.fm/setlist/weezer/1995/the-underworld-london-england-33dde8c9.html,The Underworld,Headline,1995,02,26,26/02/1995The Underworld
25/02/1995,Weezer,Undone - The Sweater Song | My Name Is Jonas | No One Else | In the Garage | The World Has Turned and Left Me Here | Getchoo | Say It Ain't So | Buddy Holly | Surf Wax America | Tired of Sex | Jamie,World Domination Tour,https://www.setlist.fm/setlist/weezer/1995/the-leadmill-sheffield-england-5bdb4354.html,The Leadmill,Headline,1995,02,25,25/02/1995The Leadmill
24/02/1995,Weezer,Undone - The Sweater Song | My Name Is Jonas | No One Else | In the Garage | The World Has Turned and Left Me Here | Getchoo | Say It Ain't So | Buddy Holly | Surf Wax America | Tired of Sex | Jamie,World Domination Tour,https://www.setlist.fm/setlist/weezer/1995/king-tuts-wah-wah-hut-glasgow-scotland-53db4355.html,King Tut's Wah Wah Hut,Headline,1995,02,24,24/02/1995King Tut's Wah Wah Hut
23/02/1995,Weezer,Undone - The Sweater Song | My Name Is Jonas | No One Else | In the Garage | The World Has Turned and Left Me Here | Getchoo | Say It Ain't So | Buddy Holly | Surf Wax America | Tired of Sex | Jamie,World Domination Tour,https://www.setlist.fm/setlist/weezer/1995/boardwalk-manchester-england-4bdb4356.html,Boardwalk,Headline,1995,02,23,23/02/1995Boardwalk
22/02/1995,Weezer,Undone - The Sweater Song | My Name Is Jonas | No One Else | In the Garage | The World Has Turned and Left Me Here | Getchoo | Say It Ain't So | Buddy Holly | Surf Wax America | Tired of Sex | Jamie,World Domination Tour,https://www.setlist.fm/setlist/weezer/1995/edwards-no-8-birmingham-england-43db4357.html,Edwards No. 8,Headline,1995,02,22,22/02/1995Edwards No. 8
21/02/1995,Weezer,Buddy Holly | No One Else | The World Has Turned and Left Me Here | Say It Ain't So | Undone - The Sweater Song | Surf Wax America,World Domination Tour,https://www.setlist.fm/setlist/weezer/1995/black-session-la-maison-de-la-radio-paris-france-43d65f0b.html,Black Session @ 'La Maison de la Radio',Headline,1995,02,21,21/02/1995Black Session @ 'La Maison de la Radio'
20/02/1995,Weezer,My Name Is Jonas | No One Else | The World Has Turned and Left Me Here | Buddy Holly | In the Garage | Jamie | Say It Ain't So | Getchoo | Undone - The Sweater Song | Only in Dreams | Surf Wax America,World Domination Tour,https://www.setlist.fm/setlist/weezer/1995/larapaho-paris-france-5bdb4350.html,L'Arapaho,Headline,1995,02,20,20/02/1995L'Arapaho
18/02/1995,Weezer,"My Name Is Jonas | No One Else | The World Has Turned and Left Me Here | Buddy Holly | In the Garage | Jamie | Say It Ain't So | Getchoo | Un dì, felice, eterea | Undone - The Sweater Song | Only in Dreams | Surf Wax America",World Domination Tour,https://www.setlist.fm/setlist/weezer/1995/factory-milan-italy-5bd65f14.html,Factory,Headline,1995,02,18,18/02/1995Factory
17/02/1995,Weezer,My Name Is Jonas | No One Else | The World Has Turned and Left Me Here | Buddy Holly | In the Garage | Jamie | Say It Ain't So | Getchoo | Undone - The Sweater Song | Only in Dreams | Surf Wax America,World Domination Tour,https://www.setlist.fm/setlist/weezer/1995/feuerwehrhaus-gaufelden-germany-4bdb4352.html,Feuerwehrhaus,Headline,1995,02,17,17/02/1995Feuerwehrhaus
16/02/1995,Weezer,My Name Is Jonas | No One Else | The World Has Turned and Left Me Here | Buddy Holly | In the Garage | Jamie | Say It Ain't So | Getchoo | Undone - The Sweater Song | Only in Dreams | Surf Wax America,World Domination Tour,https://www.setlist.fm/setlist/weezer/1995/negativ-frankfurt-germany-6bd5f2ca.html,Negativ,Headline,1995,02,16,16/02/1995Negativ
15/02/1995,Weezer,My Name Is Jonas | No One Else | The World Has Turned and Left Me Here | Buddy Holly | In the Garage | Jamie | Say It Ain't So | Getchoo | Undone - The Sweater Song | Only in Dreams | Surf Wax America,World Domination Tour,https://www.setlist.fm/setlist/weezer/1995/huxleys-jr-berlin-germany-43db4353.html,Huxley's Jr.,Headline,1995,02,15,15/02/1995Huxley's Jr.
14/02/1995,Weezer,My Name Is Jonas | No One Else | The World Has Turned and Left Me Here | Buddy Holly | In the Garage | Jamie | Say It Ain't So | Getchoo | Undone - The Sweater Song | Only in Dreams | Surf Wax America,World Domination Tour,https://www.setlist.fm/setlist/weezer/1995/luxor-cologne-germany-5bdb435c.html,Luxor,Headline,1995,02,14,14/02/1995Luxor
05/02/1995,Weezer,My Name Is Jonas | No One Else | The World Has Turned and Left Me Here | Buddy Holly | In the Garage | Jamie | Say It Ain't So | Getchoo | Undone - The Sweater Song | Only in Dreams | Surf Wax America,World Domination Tour,https://www.setlist.fm/setlist/weezer/1995/vera-groningen-netherlands-5bdb4364.html,Vera,Headline,1995,02,05,05/02/1995Vera
04/02/1995,Weezer,My Name Is Jonas | No One Else | The World Has Turned and Left Me Here | Buddy Holly | In the Garage | Jamie | Say It Ain't So | Susanne | Undone - The Sweater Song | Holiday | Only in Dreams | Surf Wax America,World Domination Tour,https://www.setlist.fm/setlist/weezer/1995/melkweg-amsterdam-netherlands-53db4365.html,Melkweg,Headline,1995,02,04,04/02/1995Melkweg
03/02/1995,Weezer,My Name Is Jonas | No One Else | The World Has Turned and Left Me Here | Buddy Holly | In the Garage | Jamie | Say It Ain't So | Getchoo | Undone - The Sweater Song | Only in Dreams | Surf Wax America,World Domination Tour,https://www.setlist.fm/setlist/weezer/1995/effenaar-eindhoven-netherlands-5bdb4360.html,Effenaar,Headline,1995,02,03,03/02/1995Effenaar
02/02/1995,Weezer,My Name Is Jonas | No One Else | The World Has Turned and Left Me Here | Buddy Holly | In the Garage | You Gave Your Love to Me Softly | Say It Ain't So | Getchoo | Jamie | Holiday | Undone - The Sweater Song | Surf Wax America,World Domination Tour,https://www.setlist.fm/setlist/weezer/1995/nighttown-rotterdam-netherlands-73de66cd.html,Nighttown,Headline,1995,02,02,02/02/1995Nighttown
01/02/1995,Weezer,NOT_FOUND,World Domination Tour,https://www.setlist.fm/setlist/weezer/1995/paard-van-troje-the-hague-netherlands-4bda530a.html,Paard van Troje,Headline,1995,02,01,01/02/1995Paard van Troje
30/01/1995,Weezer,My Name Is Jonas | No One Else | The World Has Turned and Left Me Here | Buddy Holly | In the Garage | Jamie | Say It Ain't So | Getchoo | Undone - The Sweater Song | Only in Dreams | Surf Wax America | Tired of Sex,World Domination Tour,https://www.setlist.fm/setlist/weezer/1995/splash-club-london-england-7bd5f2d4.html,Splash Club,Headline,1995,01,30,30/01/1995Splash Club
27/01/1995,Weezer,Undone - The Sweater Song,,https://www.setlist.fm/setlist/weezer/1995/the-word-london-england-be101f2.html,The Word,Headline,1995,01,27,27/01/1995The Word
26/01/1995,Weezer,Surf Wax America | No One Else | My Name Is Jonas | In the Garage,,https://www.setlist.fm/setlist/weezer/1995/bbc-radio-1-studios-london-england-43c4fff7.html,BBC Radio 1 Studios,Headline,1995,01,26,26/01/1995BBC Radio 1 Studios
11/12/1994,Weezer,Buddy Holly | Jamie | No One Else | Undone - The Sweater Song | Surf Wax America,,https://www.setlist.fm/setlist/weezer/1994/universal-amphitheatre-universal-city-ca-13d4fd0d.html,Universal Amphitheatre,Headline,1994,12,11,11/12/1994Universal Amphitheatre
08/12/1994,Weezer,Undone - The Sweater Song | Buddy Holly,Blue Album,https://www.setlist.fm/setlist/weezer/1994/event-center-arena-san-jose-ca-63dc1297.html,Event Center Arena,Headline,1994,12,08,08/12/1994Event Center Arena
07/12/1994,Weezer,My Name Is Jonas,Blue Album,https://www.setlist.fm/setlist/weezer/1994/hornet-gym-sacramento-ca-43da530b.html,Hornet Gym,Headline,1994,12,07,07/12/1994Hornet Gym
06/12/1994,Weezer,My Name Is Jonas | No One Else | The World Has Turned and Left Me Here | Buddy Holly | Jamie | Say It Ain't So | Undone - The Sweater Song | Surf Wax America,Blue Album,https://www.setlist.fm/setlist/weezer/1994/mulcahys-wantagh-ny-1bd899cc.html,Mulcahy's,Headline,1994,12,06,06/12/1994Mulcahy's
05/12/1994,Weezer,My Name Is Jonas | No One Else | The World Has Turned and Left Me Here | Buddy Holly | Jamie | Say It Ain't So | Undone - The Sweater Song | Surf Wax America,Blue Album,https://www.setlist.fm/setlist/weezer/1994/madison-square-garden-new-york-ny-4bd65f16.html,Madison Square Garden,Headline,1994,12,05,05/12/1994Madison Square Garden
04/12/1994,Weezer,My Name Is Jonas | No One Else | The World Has Turned and Left Me Here | Buddy Holly | In the Garage | Say It Ain't So | Jamie | Getchoo | Only in Dreams | Undone - The Sweater Song | Surf Wax America,Blue Album,https://www.setlist.fm/setlist/weezer/1994/the-sting-new-britain-ct-5bd65f10.html,The Sting,Headline,1994,12,04,04/12/1994The Sting
03/12/1994,Weezer,My Name Is Jonas | No One Else | The World Has Turned and Left Me Here | Buddy Holly | In the Garage | Say It Ain't So | Jamie | Getchoo | Only in Dreams | Undone - The Sweater Song | Surf Wax America,Blue Album,https://www.setlist.fm/setlist/weezer/1994/the-stone-pony-asbury-park-nj-5bda5314.html,The Stone Pony,Headline,1994,12,03,03/12/1994The Stone Pony
02/12/1994,Weezer,My Name Is Jonas | No One Else | The World Has Turned and Left Me Here | Buddy Holly | In the Garage | Say It Ain't So | Jamie | Getchoo | Only in Dreams | Undone - The Sweater Song | Surf Wax America,Blue Album,https://www.setlist.fm/setlist/weezer/1994/peabodys-down-under-cleveland-oh-53da5315.html,Peabody's Down Under,Headline,1994,12,02,02/12/1994Peabody's Down Under
01/12/1994,Weezer,My Name Is Jonas | No One Else | The World Has Turned and Left Me Here | Buddy Holly | In the Garage | Say It Ain't So | Jamie | Getchoo | Only in Dreams | Undone - The Sweater Song | Surf Wax America,Blue Album,https://www.setlist.fm/setlist/weezer/1994/uic-pavilion-chicago-il-4bda5316.html,UIC Pavilion,Headline,1994,12,01,01/12/1994UIC Pavilion
29/11/1994,Weezer,My Name Is Jonas | No One Else | Buddy Holly | In the Garage | Getchoo | Tired of Sex | Say It Ain't So | The World Has Turned and Left Me Here | Undone - The Sweater Song | Only in Dreams | Surf Wax America,Blue Album,https://www.setlist.fm/setlist/weezer/1994/graffiti-pittsburgh-pa-43da5317.html,Graffiti,Headline,1994,11,29,29/11/1994Graffiti
28/11/1994,Weezer,My Name Is Jonas | No One Else | Buddy Holly | In the Garage | Getchoo | Tired of Sex | Say It Ain't So | Jamie | Undone - The Sweater Song | You Gave Your Love to Me Softly | Only in Dreams,Blue Album,https://www.setlist.fm/setlist/weezer/1994/the-opera-house-toronto-on-canada-5bda5310.html,The Opera House,Headline,1994,11,28,28/11/1994The Opera House
27/11/1994,Weezer,My Name Is Jonas | No One Else | Buddy Holly | In the Garage | Getchoo | Tired of Sex | Say It Ain't So | The World Has Turned and Left Me Here | Jamie | Undone - The Sweater Song | You Gave Your Love to Me Softly | Holiday | Only in Dreams | Surf Wax America,Blue Album,https://www.setlist.fm/setlist/weezer/1994/water-street-music-hall-rochester-ny-53da5311.html,Water Street Music Hall,Headline,1994,11,27,27/11/1994Water Street Music Hall
26/11/1994,Weezer,My Name Is Jonas | No One Else | Buddy Holly | In the Garage | Getchoo | Tired of Sex | Say It Ain't So | The World Has Turned and Left Me Here | Jamie | Undone - The Sweater Song | You Gave Your Love to Me Softly | Holiday | Only in Dreams | Surf Wax America,Blue Album,https://www.setlist.fm/setlist/weezer/1994/blind-melons-cheektowaga-ny-4bda5312.html,Blind Melon's,Headline,1994,11,26,26/11/1994Blind Melon's
23/11/1994,Weezer,My Name Is Jonas | No One Else | Buddy Holly | In the Garage | Say It Ain't So | The World Has Turned and Left Me Here | Jamie | Undone - The Sweater Song | You Gave Your Love to Me Softly | Holiday | Only in Dreams | Surf Wax America,Blue Album,https://www.setlist.fm/setlist/weezer/1994/tower-theatre-upper-darby-pa-5bda531c.html,Tower Theatre,Headline,1994,11,23,23/11/1994Tower Theatre
22/11/1994,Weezer,In the Garage | Buddy Holly,,https://www.setlist.fm/setlist/weezer/1994/wfnx-1017-boston-ma-6bdcc2fe.html,WFNX 101.7,Headline,1994,11,22,22/11/1994WFNX 101.7
22/11/1994,Weezer,My Name Is Jonas | No One Else | Buddy Holly | In the Garage | Say It Ain't So | The World Has Turned and Left Me Here | Jamie | Undone - The Sweater Song | You Gave Your Love to Me Softly | Only in Dreams | Surf Wax America,,https://www.setlist.fm/setlist/weezer/1994/orpheum-theatre-boston-ma-53da531d.html,Orpheum Theatre,Headline,1994,11,22,22/11/1994Orpheum Theatre
20/11/1994,Weezer,My Name Is Jonas | No One Else | The World Has Turned and Left Me Here | Buddy Holly | Undone - The Sweater Song | Surf Wax America | Say It Ain't So | In the Garage | Holiday | Only in Dreams,Blue Album,https://www.setlist.fm/setlist/weezer/1994/keaney-gymnasium-kingston-ri-b8665ca.html,Keaney Gymnasium,Headline,1994,11,20,20/11/1994Keaney Gymnasium
19/11/1994,Weezer,My Name Is Jonas | No One Else | Buddy Holly | In the Garage | Getchoo | Say It Ain't So | The World Has Turned and Left Me Here | Jamie | Undone - The Sweater Song | You Gave Your Love to Me Softly | Only in Dreams | Surf Wax America,Blue Album,https://www.setlist.fm/setlist/weezer/1994/the-academy-new-york-ny-4bda531e.html,The Academy,Headline,1994,11,19,19/11/1994The Academy
18/11/1994,Weezer,My Name Is Jonas | No One Else | Buddy Holly | In the Garage | Getchoo | Say It Ain't So | The World Has Turned and Left Me Here | Undone - The Sweater Song | You Gave Your Love to Me Softly | Only in Dreams | Surf Wax America,Blue Album,https://www.setlist.fm/setlist/weezer/1994/the-academy-new-york-ny-43da531f.html,The Academy,Headline,1994,11,18,18/11/1994The Academy
17/11/1994,Weezer,My Name Is Jonas | No One Else | Buddy Holly | In the Garage | Getchoo | Say It Ain't So | The World Has Turned and Left Me Here | Undone - The Sweater Song | You Gave Your Love to Me Softly | Only in Dreams | Surf Wax America,Blue Album,https://www.setlist.fm/setlist/weezer/1994/wust-radio-music-hall-washington-dc-5bda5318.html,WUST Radio Music Hall,Headline,1994,11,17,17/11/1994WUST Radio Music Hall
16/11/1994,Weezer,My Name Is Jonas | No One Else | Buddy Holly | In the Garage | Getchoo | Say It Ain't So | The World Has Turned and Left Me Here | Undone - The Sweater Song | You Gave Your Love to Me Softly | Only in Dreams | Surf Wax America,Blue Album,https://www.setlist.fm/setlist/weezer/1994/wust-radio-music-hall-washington-dc-4bda531a.html,WUST Radio Music Hall,Headline,1994,11,16,16/11/1994WUST Radio Music Hall
14/11/1994,Weezer,My Name Is Jonas | No One Else | Buddy Holly | In the Garage | Getchoo | Say It Ain't So | The World Has Turned and Left Me Here | Undone - The Sweater Song | You Gave Your Love to Me Softly | Only in Dreams | Surf Wax America,Blue Album,https://www.setlist.fm/setlist/weezer/1994/jacksonville-university-jacksonville-fl-43da531b.html,Jacksonville University,Headline,1994,11,14,14/11/1994Jacksonville University
13/11/1994,Weezer,My Name Is Jonas | No One Else | Buddy Holly | In the Garage | Getchoo | Say It Ain't So | The World Has Turned and Left Me Here | Undone - The Sweater Song | You Gave Your Love to Me Softly | Only in Dreams | Surf Wax America,Blue Album,https://www.setlist.fm/setlist/weezer/1994/alexander-memorial-coliseum-atlanta-ga-5bda5324.html,Alexander Memorial Coliseum,Headline,1994,11,13,13/11/1994Alexander Memorial Coliseum
12/11/1994,Weezer,My Name Is Jonas | No One Else | Buddy Holly | In the Garage | Say It Ain't So | The World Has Turned and Left Me Here | Undone - The Sweater Song | You Gave Your Love to Me Softly | Only in Dreams | Surf Wax America,Blue Album,https://www.setlist.fm/setlist/weezer/1994/the-ritz-raleigh-nc-53da5325.html,The Ritz,Headline,1994,11,12,12/11/1994The Ritz
10/11/1994,Weezer,My Name Is Jonas | No One Else | Buddy Holly | In the Garage | Say It Ain't So | The World Has Turned and Left Me Here | Undone - The Sweater Song | You Gave Your Love to Me Softly | Only in Dreams | Surf Wax America,Blue Album,https://www.setlist.fm/setlist/weezer/1994/foellinger-auditorium-urbana-il-4bda5326.html,Foellinger Auditorium,Headline,1994,11,10,10/11/1994Foellinger Auditorium
09/11/1994,Weezer,My Name Is Jonas | No One Else | Buddy Holly | In the Garage | Say It Ain't So | The World Has Turned and Left Me Here | Undone - The Sweater Song | Holiday | Only in Dreams | Surf Wax America,Blue Album,https://www.setlist.fm/setlist/weezer/1994/american-theater-st-louis-mo-43da5327.html,American Theater,Headline,1994,11,09,09/11/1994American Theater
07/11/1994,Weezer,My Name Is Jonas | No One Else | Buddy Holly | In the Garage | Say It Ain't So | Jamie | Getchoo | Undone - The Sweater Song | Only in Dreams | Surf Wax America,Blue Album,https://www.setlist.fm/setlist/weezer/1994/bramlage-coliseum-manhattan-ks-53da5321.html,Bramlage Coliseum,Headline,1994,11,07,07/11/1994Bramlage Coliseum
06/11/1994,Weezer,My Name Is Jonas | No One Else | Buddy Holly | In the Garage | Say It Ain't So | Jamie | Getchoo | Undone - The Sweater Song | Only in Dreams | Surf Wax America,Blue Album,https://www.setlist.fm/setlist/weezer/1994/ogden-theatre-denver-co-4bda5322.html,Ogden Theatre,Headline,1994,11,06,06/11/1994Ogden Theatre
05/11/1994,Weezer,My Name Is Jonas | No One Else | Buddy Holly | In the Garage | Say It Ain't So | Jamie | Getchoo | Undone - The Sweater Song | Only in Dreams | Surf Wax America,Blue Album,https://www.setlist.fm/setlist/weezer/1994/horticulture-building-utah-state-fairgrounds-salt-lake-city-ut-43da5323.html,"Horticulture Building, Utah State Fairgrounds",Headline,1994,11,05,"05/11/1994Horticulture Building, Utah State Fairgrounds"
02/11/1994,Weezer,My Name Is Jonas | No One Else | Buddy Holly | In the Garage | Say It Ain't So | Jamie | Getchoo | Undone - The Sweater Song | Only in Dreams | Surf Wax America,Blue Album,https://www.setlist.fm/setlist/weezer/1994/roseland-theater-portland-or-6bdc267a.html,Roseland Theater,Headline,1994,11,02,02/11/1994Roseland Theater
31/10/1994,Weezer,My Name Is Jonas | No One Else | Buddy Holly | In the Garage | Say It Ain't So | Jamie | Getchoo | Tired of Sex | Undone - The Sweater Song | Only in Dreams | Surf Wax America,Blue Album,https://www.setlist.fm/setlist/weezer/1994/the-fillmore-san-francisco-ca-5bda532c.html,The Fillmore,Headline,1994,10,31,31/10/1994The Fillmore
30/10/1994,Weezer,My Name Is Jonas | No One Else | Buddy Holly | In the Garage | Say It Ain't So | Jamie | Undone - The Sweater Song | Surf Wax America,Blue Album,https://www.setlist.fm/setlist/weezer/1994/university-of-nevada-reno-reno-nv-53da532d.html,"University of Nevada, Reno",Headline,1994,10,30,"30/10/1994University of Nevada, Reno"
29/10/1994,Weezer,My Name Is Jonas | No One Else | Buddy Holly | In the Garage | Say It Ain't So | Jamie | Undone - The Sweater Song | Surf Wax America,Blue Album,https://www.setlist.fm/setlist/weezer/1994/the-majestic-ventura-theater-ventura-ca-4bda532e.html,The Majestic Ventura Theater,Headline,1994,10,29,29/10/1994The Majestic Ventura Theater
28/10/1994,Weezer,My Name Is Jonas | No One Else | Buddy Holly | In the Garage | Say It Ain't So | Jamie | Undone - The Sweater Song | Surf Wax America,Blue Album,https://www.setlist.fm/setlist/weezer/1994/blockbuster-pavilion-san-bernardino-ca-6bd5f2d6.html,Blockbuster Pavilion,Headline,1994,10,28,28/10/1994Blockbuster Pavilion
28/10/1994,Weezer,NOT_FOUND,Blue Album,https://www.setlist.fm/setlist/weezer/1994/ucsd-price-center-ballroom-la-jolla-ca-13533d69.html,UCSD Price Center Ballroom,Headline,1994,10,28,28/10/1994UCSD Price Center Ballroom
27/10/1994,Weezer,My Name Is Jonas | No One Else | The World Has Turned and Left Me Here | Buddy Holly | In the Garage | Getchoo | Say It Ain't So | Holiday | Tired of Sex | Undone - The Sweater Song | Only in Dreams | Surf Wax America,Blue Album,https://www.setlist.fm/setlist/weezer/1994/university-of-california-riverside-riverside-ca-5bda5328.html,"University of California, Riverside",Headline,1994,10,27,"27/10/1994University of California, Riverside"
26/10/1994,Weezer,My Name Is Jonas | No One Else | The World Has Turned and Left Me Here | Buddy Holly | In the Garage | Getchoo | Say It Ain't So | Holiday | Tired of Sex | Undone - The Sweater Song | Only in Dreams | Surf Wax America,Blue Album,https://www.setlist.fm/setlist/weezer/1994/the-roxy-west-hollywood-ca-4bda532a.html,The Roxy,Headline,1994,10,26,26/10/1994The Roxy
25/10/1994,Weezer,My Name Is Jonas | No One Else | The World Has Turned and Left Me Here | Buddy Holly | In the Garage | Getchoo | Say It Ain't So | Holiday | Tired of Sex | Undone - The Sweater Song | Surf Wax America,Blue Album,https://www.setlist.fm/setlist/weezer/1994/graham-central-station-phoenix-az-43da532b.html,Graham Central Station,Headline,1994,10,25,25/10/1994Graham Central Station
24/10/1994,Weezer,My Name Is Jonas | No One Else | The World Has Turned and Left Me Here | Buddy Holly | In the Garage | Getchoo | Say It Ain't So | Holiday | Tired of Sex | Undone - The Sweater Song | Surf Wax America,Blue Album,https://www.setlist.fm/setlist/weezer/1994/student-union-building-albuquerque-nm-5bda5334.html,Student Union Building,Headline,1994,10,24,24/10/1994Student Union Building
23/10/1994,Weezer,Undone - The Sweater Song | Buddy Holly,,https://www.setlist.fm/setlist/weezer/1994/the-jon-stewart-show-new-york-ny-73dcc2f9.html,The Jon Stewart Show,Headline,1994,10,23,23/10/1994The Jon Stewart Show
22/10/1994,Weezer,My Name Is Jonas | No One Else | The World Has Turned and Left Me Here | Buddy Holly | In the Garage | Getchoo | Say It Ain't So | Holiday | Tired of Sex | Undone - The Sweater Song | Surf Wax America,Blue Album,https://www.setlist.fm/setlist/weezer/1994/numbers-houston-tx-53da5335.html,Numbers,Headline,1994,10,22,22/10/1994Numbers
21/10/1994,Weezer,My Name Is Jonas | No One Else | The World Has Turned and Left Me Here | Buddy Holly | In the Garage | Getchoo | Say It Ain't So | Holiday | Tired of Sex | Undone - The Sweater Song | Surf Wax America,Blue Album,https://www.setlist.fm/setlist/weezer/1994/liberty-lunch-austin-tx-4bda5336.html,Liberty Lunch,Headline,1994,10,21,21/10/1994Liberty Lunch
21/10/1994,Weezer,NOT_FOUND,Blue Album,https://www.setlist.fm/setlist/weezer/1994/waterloo-records-austin-tx-1be45550.html,Waterloo Records,Headline,1994,10,21,21/10/1994Waterloo Records
20/10/1994,Weezer,My Name Is Jonas | No One Else | The World Has Turned and Left Me Here | Buddy Holly | In the Garage | Getchoo | Say It Ain't So | Holiday | Tired of Sex | Undone - The Sweater Song | Surf Wax America,Blue Album,https://www.setlist.fm/setlist/weezer/1994/deep-ellum-live-dallas-tx-43da5337.html,Deep Ellum Live,Headline,1994,10,20,20/10/1994Deep Ellum Live
18/10/1994,Weezer,My Name Is Jonas | No One Else | The World Has Turned and Left Me Here | Buddy Holly | In the Garage | Getchoo | Say It Ain't So | Holiday | Tired of Sex | Undone - The Sweater Song | Surf Wax America,Blue Album,https://www.setlist.fm/setlist/weezer/1994/hearnes-center-columbia-mo-5bda5330.html,Hearnes Center,Headline,1994,10,18,18/10/1994Hearnes Center
17/10/1994,Weezer,My Name Is Jonas | No One Else | The World Has Turned and Left Me Here | Buddy Holly | In the Garage | Getchoo | Say It Ain't So | Holiday | Tired of Sex | Undone - The Sweater Song | Surf Wax America,Blue Album,https://www.setlist.fm/setlist/weezer/1994/iowa-memorial-union-main-lounge-iowa-city-ia-53da5331.html,Iowa Memorial Union Main Lounge,Headline,1994,10,17,17/10/1994Iowa Memorial Union Main Lounge
16/10/1994,Weezer,My Name Is Jonas | No One Else | The World Has Turned and Left Me Here | Buddy Holly | In the Garage | Getchoo | Say It Ain't So | Holiday | Tired of Sex | Undone - The Sweater Song | Surf Wax America | Jamie,Blue Album,https://www.setlist.fm/setlist/weezer/1994/first-avenue-minneapolis-mn-4bda5332.html,First Avenue,Headline,1994,10,16,16/10/1994First Avenue
15/10/1994,Weezer,My Name Is Jonas | No One Else | The World Has Turned and Left Me Here | Buddy Holly | In the Garage | Getchoo | Say It Ain't So | Holiday | Tired of Sex | Undone - The Sweater Song | Surf Wax America,Blue Album,https://www.setlist.fm/setlist/weezer/1994/the-rave-milwaukee-wi-43da5333.html,The Rave,Headline,1994,10,15,15/10/1994The Rave
14/10/1994,Weezer,My Name Is Jonas | No One Else | The World Has Turned and Left Me Here | Buddy Holly | In the Garage | Getchoo | Say It Ain't So | Holiday | Tired of Sex | Undone - The Sweater Song | Surf Wax America,Blue Album,https://www.setlist.fm/setlist/weezer/1994/riviera-theatre-chicago-il-5bda533c.html,Riviera Theatre,Headline,1994,10,14,14/10/1994Riviera Theatre
12/10/1994,Weezer,My Name Is Jonas | No One Else | The World Has Turned and Left Me Here | Buddy Holly | In the Garage | Say It Ain't So | Holiday | Undone - The Sweater Song | Surf Wax America | Jamie | Only in Dreams,Blue Album,https://www.setlist.fm/setlist/weezer/1994/state-theatre-detroit-mi-73dc62c5.html,State Theatre,Headline,1994,10,12,12/10/1994State Theatre
11/10/1994,Weezer,My Name Is Jonas | No One Else | The World Has Turned and Left Me Here | Buddy Holly | In the Garage | Getchoo | Say It Ain't So | Holiday | Tired of Sex | Undone - The Sweater Song | Surf Wax America,Blue Album,https://www.setlist.fm/setlist/weezer/1994/agora-cleveland-oh-4bda533e.html,Agora,Headline,1994,10,11,11/10/1994Agora
10/10/1994,Weezer,My Name Is Jonas | No One Else | The World Has Turned and Left Me Here | Buddy Holly | In the Garage | Say It Ain't So | Holiday | Undone - The Sweater Song | Surf Wax America,Blue Album,https://www.setlist.fm/setlist/weezer/1994/newport-music-hall-columbus-oh-33d4404d.html,Newport Music Hall,Headline,1994,10,10,10/10/1994Newport Music Hall
09/10/1994,Weezer,My Name Is Jonas | Undone - The Sweater Song,Blue Album,https://www.setlist.fm/setlist/weezer/1994/mercer-county-waterfront-park-trenton-nj-13d899c9.html,Mercer County Waterfront Park,Headline,1994,10,09,09/10/1994Mercer County Waterfront Park
08/10/1994,Weezer,My Name Is Jonas | No One Else | The World Has Turned and Left Me Here | Buddy Holly | In the Garage | You Gave Your Love to Me Softly | Say It Ain't So | Getchoo | Holiday | Undone - The Sweater Song | Surf Wax America | Only in Dreams | Tired of Sex,Blue Album,https://www.setlist.fm/setlist/weezer/1994/reitz-arena-baltimore-md-43da533f.html,Reitz Arena,Headline,1994,10,08,08/10/1994Reitz Arena
07/10/1994,Weezer,My Name Is Jonas | No One Else | The World Has Turned and Left Me Here | Buddy Holly | In the Garage | You Gave Your Love to Me Softly | Say It Ain't So | Getchoo | Holiday | Undone - The Sweater Song | Surf Wax America | Only in Dreams,Blue Album,https://www.setlist.fm/setlist/weezer/1994/tilles-center-for-the-performing-arts-brookville-ny-5bda5338.html,Tilles Center for the Performing Arts,Headline,1994,10,07,07/10/1994Tilles Center for the Performing Arts
06/10/1994,Weezer,My Name Is Jonas | No One Else | The World Has Turned and Left Me Here | Buddy Holly | In the Garage | You Gave Your Love to Me Softly | Say It Ain't So | Getchoo | Holiday | Undone - The Sweater Song | Surf Wax America | Only in Dreams,Blue Album,https://www.setlist.fm/setlist/weezer/1994/the-sting-new-britain-ct-53da5339.html,The Sting,Headline,1994,10,06,06/10/1994The Sting
04/10/1994,Weezer,NOT_FOUND,Blue Album,https://www.setlist.fm/setlist/weezer/1994/bob-carpenter-center-newark-de-4bda533a.html,Bob Carpenter Center,Headline,1994,10,04,04/10/1994Bob Carpenter Center
02/10/1994,Weezer,My Name Is Jonas | No One Else | The World Has Turned and Left Me Here | Buddy Holly | In the Garage | You Gave Your Love to Me Softly | Jamie | Say It Ain't So | Getchoo | Holiday | Undone - The Sweater Song | Surf Wax America | Only in Dreams | Tired of Sex,Blue Album,https://www.setlist.fm/setlist/weezer/1994/arnaud-c-marts-center-wilkes-barre-pa-5bda5344.html,Arnaud C. Marts Center,Headline,1994,10,02,02/10/1994Arnaud C. Marts Center
01/10/1994,Weezer,My Name Is Jonas | No One Else | The World Has Turned and Left Me Here | Buddy Holly | In the Garage | You Gave Your Love to Me Softly | Jamie | Say It Ain't So | Getchoo | Holiday | Undone - The Sweater Song | Surf Wax America | Only in Dreams | Tired of Sex,Blue Album,https://www.setlist.fm/setlist/weezer/1994/orvis-activities-center-alfred-ny-53da5345.html,Orvis Activities Center,Headline,1994,10,01,01/10/1994Orvis Activities Center
30/09/1994,Weezer,My Name Is Jonas | No One Else | The World Has Turned and Left Me Here | Buddy Holly | In the Garage | You Gave Your Love to Me Softly | Jamie | Say It Ain't So | Getchoo | Holiday | Undone - The Sweater Song | Surf Wax America | Only in Dreams | Tired of Sex,Blue Album,https://www.setlist.fm/setlist/weezer/1994/henderson-gymnasium-shippensburg-pa-5ba727d0.html,Henderson Gymnasium,Headline,1994,09,30,30/09/1994Henderson Gymnasium
25/09/1994,Weezer,My Name Is Jonas | No One Else | The World Has Turned and Left Me Here | Buddy Holly | In the Garage | You Gave Your Love to Me Softly | Jamie | Say It Ain't So | Getchoo | Holiday | Undone - The Sweater Song | Surf Wax America | Only in Dreams | Tired of Sex,Blue Album,https://www.setlist.fm/setlist/weezer/1994/local-186-boston-ma-4bda534a.html,Local 186,Headline,1994,09,25,25/09/1994Local 186
24/09/1994,Weezer,My Name Is Jonas | No One Else | The World Has Turned and Left Me Here | Buddy Holly | In the Garage | You Gave Your Love to Me Softly | Jamie | Say It Ain't So | Getchoo | Holiday | Undone - The Sweater Song | Surf Wax America | Only in Dreams | Tired of Sex,Blue Album,https://www.setlist.fm/setlist/weezer/1994/maxwells-hoboken-nj-43da534b.html,Maxwell's,Headline,1994,09,24,24/09/1994Maxwell's
23/09/1994,Weezer,My Name Is Jonas | No One Else | The World Has Turned and Left Me Here | Buddy Holly | In the Garage | You Gave Your Love to Me Softly | Jamie | Say It Ain't So | Getchoo | Holiday | Undone - The Sweater Song | Surf Wax America | Only in Dreams | Tired of Sex,Blue Album,https://www.setlist.fm/setlist/weezer/1994/cbgb-new-york-ny-5bda5354.html,CBGB,Headline,1994,09,23,23/09/1994CBGB
22/09/1994,Weezer,My Name Is Jonas | No One Else | The World Has Turned and Left Me Here | Buddy Holly | In the Garage | You Gave Your Love to Me Softly | Jamie | Say It Ain't So | Getchoo | Holiday | Undone - The Sweater Song | Surf Wax America | Only in Dreams | Tired of Sex,Blue Album,https://www.setlist.fm/setlist/weezer/1994/unknown-venue-providence-ri-53da5355.html,,Headline,1994,09,22,22/09/1994
21/09/1994,Weezer,No One Else | The World Has Turned and Left Me Here | Buddy Holly | In the Garage | You Gave Your Love to Me Softly | Jamie | Say It Ain't So | Getchoo | Holiday | Undone - The Sweater Song | Surf Wax America | Only in Dreams | Tired of Sex,Blue Album,https://www.setlist.fm/setlist/weezer/1994/the-academy-new-york-ny-23c14c93.html,The Academy,Headline,1994,09,21,21/09/1994The Academy
20/09/1994,Weezer,Jamie | Only in Dreams,Blue Album,https://www.setlist.fm/setlist/weezer/1994/trocadero-theatre-philadelphia-pa-4bda5356.html,Trocadero Theatre,Headline,1994,09,20,20/09/1994Trocadero Theatre
19/09/1994,Weezer,No One Else | The World Has Turned and Left Me Here | Buddy Holly | In the Garage | You Gave Your Love to Me Softly | Jamie | Say It Ain't So | Getchoo | Holiday | Undone - The Sweater Song | Surf Wax America | Only in Dreams | Tired of Sex,Blue Album,https://www.setlist.fm/setlist/weezer/1994/930-club-washington-dc-5bda5350.html,9:30 Club,Headline,1994,09,19,19/09/19949:30 Club
17/09/1994,Weezer,No One Else | The World Has Turned and Left Me Here | Buddy Holly | In the Garage | You Gave Your Love to Me Softly | Jamie | Say It Ain't So | Getchoo | Holiday | Undone - The Sweater Song | Surf Wax America | Only in Dreams | Tired of Sex,Blue Album,https://www.setlist.fm/setlist/weezer/1994/usc-aiken-convocation-center-aiken-sc-53da5351.html,USC Aiken Convocation Center,Headline,1994,09,17,17/09/1994USC Aiken Convocation Center
16/09/1994,Weezer,No One Else | The World Has Turned and Left Me Here | Buddy Holly | In the Garage | You Gave Your Love to Me Softly | Jamie | Say It Ain't So | Getchoo | Holiday | Undone - The Sweater Song | Surf Wax America | Only in Dreams | Tired of Sex,Blue Album,https://www.setlist.fm/setlist/weezer/1994/the-point-atlanta-ga-43da5353.html,The Point,Headline,1994,09,16,16/09/1994The Point
15/09/1994,Weezer,No One Else | The World Has Turned and Left Me Here | Buddy Holly | In the Garage | You Gave Your Love to Me Softly | Jamie | Say It Ain't So | Getchoo | Holiday | Undone - The Sweater Song | Surf Wax America | Only in Dreams | Tired of Sex,Blue Album,https://www.setlist.fm/setlist/weezer/1994/the-nick-birmingham-al-53da535d.html,The Nick,Headline,1994,09,15,15/09/1994The Nick
14/09/1994,Weezer,No One Else | The World Has Turned and Left Me Here | Buddy Holly | In the Garage | You Gave Your Love to Me Softly | Jamie | Say It Ain't So | Getchoo | Holiday | Undone - The Sweater Song | Surf Wax America | Only in Dreams | Tired of Sex,Blue Album,https://www.setlist.fm/setlist/weezer/1994/ace-of-clubs-nashville-tn-4bda535e.html,Ace of Clubs,Headline,1994,09,14,14/09/1994Ace of Clubs
13/09/1994,Weezer,No One Else | The World Has Turned and Left Me Here | Buddy Holly | In the Garage | You Gave Your Love to Me Softly | Jamie | Say It Ain't So | Getchoo | Holiday | Undone - The Sweater Song | Surf Wax America | Only in Dreams | Tired of Sex,Blue Album,https://www.setlist.fm/setlist/weezer/1994/new-daisy-theatre-memphis-tn-43da535f.html,New Daisy Theatre,Headline,1994,09,13,13/09/1994New Daisy Theatre
11/09/1994,Weezer,No One Else | The World Has Turned and Left Me Here | Buddy Holly | In the Garage | You Gave Your Love to Me Softly | Jamie | Say It Ain't So | Getchoo | Holiday | Undone - The Sweater Song | Surf Wax America | Only in Dreams | Tired of Sex,Blue Album,https://www.setlist.fm/setlist/weezer/1994/seattle-center-arena-seattle-wa-3d899cb.html,Seattle Center Arena,Headline,1994,09,11,11/09/1994Seattle Center Arena
09/09/1994,Weezer,No One Else | The World Has Turned and Left Me Here | Buddy Holly | In the Garage | You Gave Your Love to Me Softly | Jamie | Say It Ain't So | Getchoo | Holiday | Undone - The Sweater Song | Surf Wax America | Only in Dreams | Tired of Sex,Blue Album,https://www.setlist.fm/setlist/weezer/1994/first-avenue-minneapolis-mn-4bd65f12.html,First Avenue,Headline,1994,09,09,09/09/1994First Avenue
08/09/1994,Weezer,No One Else | The World Has Turned and Left Me Here | Buddy Holly | In the Garage | Say It Ain't So | Getchoo | I Swear It's True | Holiday | Undone - The Sweater Song | Surf Wax America,Blue Album,https://www.setlist.fm/setlist/weezer/1994/metro-chicago-il-5bdcc344.html,Metro,Headline,1994,09,08,08/09/1994Metro
07/09/1994,Weezer,No One Else | The World Has Turned and Left Me Here | Buddy Holly | In the Garage | Say It Ain't So | Getchoo | Holiday | Undone - The Sweater Song | Surf Wax America,Blue Album,https://www.setlist.fm/setlist/weezer/1994/the-vogue-indianapolis-in-5bda5358.html,The Vogue,Headline,1994,09,07,07/09/1994The Vogue
06/09/1994,Weezer,No One Else | The World Has Turned and Left Me Here | Buddy Holly | In the Garage | Say It Ain't So | Getchoo | Holiday | Undone - The Sweater Song | Surf Wax America,Blue Album,https://www.setlist.fm/setlist/weezer/1994/small-planet-food-and-spirits-east-lansing-mi-53da5359.html,Small Planet Food and Spirits,Headline,1994,09,06,06/09/1994Small Planet Food and Spirits
05/09/1994,Weezer,No One Else | The World Has Turned and Left Me Here | Buddy Holly | In the Garage | Say It Ain't So | Getchoo | Holiday | Undone - The Sweater Song | Surf Wax America,Blue Album,https://www.setlist.fm/setlist/weezer/1994/phoenix-plaza-amphitheater-pontiac-mi-4bda535a.html,Phoenix Plaza Amphitheater,Headline,1994,09,05,05/09/1994Phoenix Plaza Amphitheater
01/09/1994,Weezer,No One Else | The World Has Turned and Left Me Here | Buddy Holly | In the Garage | Say It Ain't So | Getchoo | Holiday | Undone - The Sweater Song | Surf Wax America,Blue Album,https://www.setlist.fm/setlist/weezer/1994/lazer-rock-amphitheater-kansas-city-mo-43da535b.html,Lazer Rock Amphitheater,Headline,1994,09,01,01/09/1994Lazer Rock Amphitheater
31/08/1994,Weezer,No One Else | The World Has Turned and Left Me Here | Buddy Holly | In the Garage | Say It Ain't So | Getchoo | Holiday | Undone - The Sweater Song | Surf Wax America,Blue Album,https://www.setlist.fm/setlist/weezer/1994/otherworld-st-louis-mo-43d65f13.html,Otherworld,Headline,1994,08,31,31/08/1994Otherworld
30/08/1994,Weezer,My Name Is Jonas | No One Else | The World Has Turned and Left Me Here | Buddy Holly | In the Garage | Jamie | Say It Ain't So | Getchoo | Holiday | Only in Dreams | Undone - The Sweater Song | Surf Wax America,Blue Album,https://www.setlist.fm/setlist/weezer/1994/the-brewery-thunderdome-louisville-ky-1bda55ec.html,The Brewery Thunderdome,Headline,1994,08,30,30/08/1994The Brewery Thunderdome
28/08/1994,Weezer,My Name Is Jonas | No One Else | The World Has Turned and Left Me Here | Buddy Holly | In the Garage | Jamie | Say It Ain't So | Getchoo | Holiday | Only in Dreams | Undone - The Sweater Song | Surf Wax America,Blue Album,https://www.setlist.fm/setlist/weezer/1994/peppermint-beach-club-virginia-beach-va-13da55ed.html,Peppermint Beach Club,Headline,1994,08,28,28/08/1994Peppermint Beach Club
27/08/1994,Weezer,NOT_FOUND,Blue Album,https://www.setlist.fm/setlist/weezer/1994/unknown-venue-fredericksburg-va-73528eb1.html,,Headline,1994,08,27,27/08/1994
25/08/1994,Weezer,Undone - The Sweater Song,,https://www.setlist.fm/setlist/weezer/1994/late-night-with-conan-obrien-new-york-ny-63dcc2fb.html,Late Night With Conan O'Brien,Headline,1994,08,25,25/08/1994Late Night With Conan O'Brien
23/08/1994,Weezer,My Name Is Jonas | No One Else | The World Has Turned and Left Me Here | Buddy Holly | In the Garage | Jamie | Say It Ain't So | Getchoo | Holiday | Only in Dreams | Undone - The Sweater Song | Surf Wax America,Blue Album,https://www.setlist.fm/setlist/weezer/1994/fast-lane-asbury-park-nj-5bda5364.html,Fast Lane,Headline,1994,08,23,23/08/1994Fast Lane
22/08/1994,Weezer,My Name Is Jonas | No One Else | The World Has Turned and Left Me Here | Buddy Holly | In the Garage | Jamie | Say It Ain't So | Holiday | Only in Dreams | Undone - The Sweater Song | Surf Wax America,Blue Album,https://www.setlist.fm/setlist/weezer/1994/le-spectrum-montreal-qc-canada-2bd65046.html,Le Spectrum,Headline,1994,08,22,22/08/1994Le Spectrum
21/08/1994,Weezer,My Name Is Jonas | No One Else | The World Has Turned and Left Me Here | Buddy Holly | In the Garage | Jamie | Say It Ain't So | Getchoo | Holiday | Undone - The Sweater Song | Surf Wax America,Blue Album,https://www.setlist.fm/setlist/weezer/1994/the-warehouse-toronto-on-canada-4bda5762.html,The Warehouse,Headline,1994,08,21,21/08/1994The Warehouse
19/08/1994,Weezer,My Name Is Jonas | No One Else | The World Has Turned and Left Me Here | Buddy Holly | In the Garage | Jamie | Say It Ain't So | Getchoo | Holiday | Undone - The Sweater Song | Surf Wax America,Blue Album,https://www.setlist.fm/setlist/weezer/1994/rocky-point-palladium-warwick-ri-53da5365.html,Rocky Point Palladium,Headline,1994,08,19,19/08/1994Rocky Point Palladium
18/08/1994,Weezer,My Name Is Jonas | No One Else | The World Has Turned and Left Me Here | Buddy Holly | In the Garage | Jamie | Say It Ain't So | Getchoo | Holiday | Undone - The Sweater Song | Surf Wax America,Blue Album,https://www.setlist.fm/setlist/weezer/1994/the-grand-ballroom-at-manhattan-center-new-york-ny-43da5763.html,The Grand Ballroom at Manhattan Center,Headline,1994,08,18,18/08/1994The Grand Ballroom at Manhattan Center
18/08/1994,Weezer,Undone - The Sweater Song | Buddy Holly | Buddy Holly | Undone - The Sweater Song | Buddy Holly | Buddy Holly,,https://www.setlist.fm/setlist/weezer/1994/mtv-120-minutes-new-york-ny-3b4afc38.html,MTV 120 Minutes,Headline,1994,08,18,18/08/1994MTV 120 Minutes
17/08/1994,Weezer,My Name Is Jonas | No One Else | The World Has Turned and Left Me Here | Buddy Holly | In the Garage | Jamie | Say It Ain't So | Getchoo | Holiday | Undone - The Sweater Song | Surf Wax America,Blue Album,https://www.setlist.fm/setlist/weezer/1994/trocadero-theatre-philadelphia-pa-53da576d.html,Trocadero Theatre,Headline,1994,08,17,17/08/1994Trocadero Theatre
16/08/1994,Weezer,My Name Is Jonas | No One Else | The World Has Turned and Left Me Here | Buddy Holly | In the Garage | Jamie | Say It Ain't So | Getchoo | Holiday | Undone - The Sweater Song | Surf Wax America,Blue Album,https://www.setlist.fm/setlist/weezer/1994/avalon-boston-ma-5bd65f1c.html,Avalon,Headline,1994,08,16,16/08/1994Avalon
15/08/1994,Weezer,My Name Is Jonas | No One Else | The World Has Turned and Left Me Here | Buddy Holly | In the Garage | You Gave Your Love to Me Softly | Say It Ain't So | Getchoo | Jamie | Holiday | Undone - The Sweater Song | Surf Wax America,Blue Album,https://www.setlist.fm/setlist/weezer/1994/wust-radio-music-hall-washington-dc-6bdf8276.html,WUST Radio Music Hall,Headline,1994,08,15,15/08/1994WUST Radio Music Hall
13/08/1994,Weezer,My Name Is Jonas | No One Else | The World Has Turned and Left Me Here | Buddy Holly | In the Garage | You Gave Your Love to Me Softly | Say It Ain't So | Getchoo | Jamie | Holiday | Undone - The Sweater Song | Surf Wax America,Blue Album,https://www.setlist.fm/setlist/weezer/1994/variety-playhouse-atlanta-ga-5bda5768.html,Variety Playhouse,Headline,1994,08,13,13/08/1994Variety Playhouse
12/08/1994,Weezer,My Name Is Jonas | No One Else | The World Has Turned and Left Me Here | Buddy Holly | In the Garage | You Gave Your Love to Me Softly | Say It Ain't So | Getchoo | Jamie | Holiday | Undone - The Sweater Song | Surf Wax America,Blue Album,https://www.setlist.fm/setlist/weezer/1994/tipitinas-new-orleans-la-53da5769.html,Tipitina's,Headline,1994,08,12,12/08/1994Tipitina's
11/08/1994,Weezer,My Name Is Jonas | No One Else | The World Has Turned and Left Me Here | Buddy Holly | In the Garage | You Gave Your Love to Me Softly | Say It Ain't So | Getchoo | Jamie | Holiday | Undone - The Sweater Song | Surf Wax America,Blue Album,https://www.setlist.fm/setlist/weezer/1994/the-abyss-houston-tx-43da576b.html,The Abyss,Headline,1994,08,11,11/08/1994The Abyss
10/08/1994,Weezer,My Name Is Jonas | No One Else | The World Has Turned and Left Me Here | Buddy Holly | In the Garage | You Gave Your Love to Me Softly | Say It Ain't So | Getchoo | Jamie | Holiday | Undone - The Sweater Song | Surf Wax America,Blue Album,https://www.setlist.fm/setlist/weezer/1994/deep-ellum-live-dallas-tx-5bda5774.html,Deep Ellum Live,Headline,1994,08,10,10/08/1994Deep Ellum Live
08/08/1994,Weezer,My Name Is Jonas | No One Else | The World Has Turned and Left Me Here | Buddy Holly | In the Garage | You Gave Your Love to Me Softly | Say It Ain't So | Getchoo | Jamie | Holiday | Undone - The Sweater Song | Surf Wax America,Blue Album,https://www.setlist.fm/setlist/weezer/1994/glam-slam-los-angeles-ca-4bda5776.html,Glam Slam,Headline,1994,08,08,08/08/1994Glam Slam
07/08/1994,Weezer,My Name Is Jonas | No One Else | The World Has Turned and Left Me Here | Buddy Holly | In the Garage | You Gave Your Love to Me Softly | Say It Ain't So | Getchoo | Jamie | Holiday | Undone - The Sweater Song | Surf Wax America,Blue Album,https://www.setlist.fm/setlist/weezer/1994/the-fillmore-san-francisco-ca-53d65f1d.html,The Fillmore,Headline,1994,08,07,07/08/1994The Fillmore
05/08/1994,Weezer,My Name Is Jonas | No One Else | The World Has Turned and Left Me Here | Buddy Holly | In the Garage | You Gave Your Love to Me Softly | Say It Ain't So | Getchoo | Jamie | Holiday | Undone - The Sweater Song | Surf Wax America,Blue Album,https://www.setlist.fm/setlist/weezer/1994/dv8-salt-lake-city-ut-5bda5770.html,DV8,Headline,1994,08,05,05/08/1994DV8
04/08/1994,Weezer,My Name Is Jonas | No One Else | The World Has Turned and Left Me Here | Holiday | Buddy Holly | In the Garage | Jamie | You Gave Your Love to Me Softly | Say It Ain't So | Getchoo | Surf Wax America | Undone - The Sweater Song,Blue Album,https://www.setlist.fm/setlist/weezer/1994/ogden-theatre-denver-co-4bda5772.html,Ogden Theatre,Headline,1994,08,04,04/08/1994Ogden Theatre
04/08/1994,Weezer,In the Garage,Blue Album,https://www.setlist.fm/setlist/weezer/1994/mercury-cafe-denver-co-3b9a4498.html,Mercury Cafe,Headline,1994,08,04,04/08/1994Mercury Cafe
02/08/1994,Weezer,My Name Is Jonas | No One Else | The World Has Turned and Left Me Here | Buddy Holly | In the Garage | You Gave Your Love to Me Softly | Say It Ain't So | Getchoo | Surf Wax America | Undone - The Sweater Song,Blue Album,https://www.setlist.fm/setlist/weezer/1994/mississippi-nights-st-louis-mo-5bda577c.html,Mississippi Nights,Headline,1994,08,02,02/08/1994Mississippi Nights
01/08/1994,Weezer,My Name Is Jonas | No One Else | The World Has Turned and Left Me Here | Buddy Holly | In the Garage | You Gave Your Love to Me Softly | Say It Ain't So | Getchoo | Surf Wax America | Undone - The Sweater Song,Blue Album,https://www.setlist.fm/setlist/weezer/1994/first-avenue-minneapolis-mn-53da577d.html,First Avenue,Headline,1994,08,01,01/08/1994First Avenue
31/07/1994,Weezer,My Name Is Jonas | No One Else | The World Has Turned and Left Me Here | Buddy Holly | In the Garage | You Gave Your Love to Me Softly | Say It Ain't So | Getchoo | Surf Wax America | Undone - The Sweater Song,Blue Album,https://www.setlist.fm/setlist/weezer/1994/vic-theatre-chicago-il-43da577f.html,Vic Theatre,Headline,1994,07,31,31/07/1994Vic Theatre
30/07/1994,Weezer,My Name Is Jonas | No One Else | The World Has Turned and Left Me Here | Buddy Holly | In the Garage | You Gave Your Love to Me Softly | Say It Ain't So | Getchoo | Surf Wax America | Undone - The Sweater Song,Blue Album,https://www.setlist.fm/setlist/weezer/1994/saint-andrews-hall-detroit-mi-53da5779.html,Saint Andrew's Hall,Headline,1994,07,30,30/07/1994Saint Andrew's Hall
29/07/1994,Weezer,My Name Is Jonas | No One Else | The World Has Turned and Left Me Here | Buddy Holly | In the Garage | You Gave Your Love to Me Softly | Say It Ain't So | Getchoo | Surf Wax America | Undone - The Sweater Song,Blue Album,https://www.setlist.fm/setlist/weezer/1994/bogarts-cincinnati-oh-43da577b.html,Bogart's,Headline,1994,07,29,29/07/1994Bogart's
27/07/1994,Weezer,My Name Is Jonas | No One Else | The World Has Turned and Left Me Here | Buddy Holly | In the Garage | You Gave Your Love to Me Softly | Say It Ain't So | Getchoo | Undone - The Sweater Song,Blue Album,https://www.setlist.fm/setlist/weezer/1994/the-odeon-cleveland-oh-4bd65f1e.html,The Odeon,Headline,1994,07,27,27/07/1994The Odeon
26/07/1994,Weezer,My Name Is Jonas | No One Else | The World Has Turned and Left Me Here | Buddy Holly | In the Garage | You Gave Your Love to Me Softly | Say It Ain't So | Undone - The Sweater Song,Blue Album,https://www.setlist.fm/setlist/weezer/1994/newport-music-hall-columbus-oh-33da5485.html,Newport Music Hall,Headline,1994,07,26,26/07/1994Newport Music Hall
08/07/1994,Weezer,My Name Is Jonas | No One Else | The World Has Turned and Left Me Here | Buddy Holly | In the Garage | You Gave Your Love to Me Softly | Say It Ain't So | Getchoo | Jamie | Holiday | Undone - The Sweater Song | Surf Wax America,Blue Album,https://www.setlist.fm/setlist/weezer/1994/codys-visalia-ca-33da5481.html,Cody's,Headline,1994,07,08,08/07/1994Cody's
07/07/1994,Weezer,My Name Is Jonas | No One Else | The World Has Turned and Left Me Here | Jamie | Buddy Holly | In the Garage | Say It Ain't So | Surf Wax America | Undone - The Sweater Song | You Gave Your Love to Me Softly | Only in Dreams,Blue Album,https://www.setlist.fm/setlist/weezer/1994/audies-olympic-tavern-fresno-ca-23da5483.html,Audie’s Olympic Tavern,Headline,1994,07,07,07/07/1994Audie’s Olympic Tavern
06/07/1994,Weezer,My Name Is Jonas | No One Else | The World Has Turned and Left Me Here | Buddy Holly | In the Garage | Say It Ain't So | Surf Wax America | Undone - The Sweater Song | You Gave Your Love to Me Softly | Only in Dreams,Blue Album,https://www.setlist.fm/setlist/weezer/1994/club-lingerie-los-angeles-ca-3bda548c.html,Club Lingerie,Headline,1994,07,06,06/07/1994Club Lingerie
01/07/1994,Weezer,My Name Is Jonas | No One Else | The World Has Turned and Left Me Here | Buddy Holly | In the Garage | Say It Ain't So | Surf Wax America | Undone - The Sweater Song | You Gave Your Love to Me Softly | Only in Dreams,Blue Album,https://www.setlist.fm/setlist/weezer/1994/cattle-club-sacramento-ca-33da548d.html,Cattle Club,Headline,1994,07,01,01/07/1994Cattle Club
30/06/1994,Weezer,My Name Is Jonas | No One Else | The World Has Turned and Left Me Here | Buddy Holly | In the Garage | Say It Ain't So | Surf Wax America | Undone - The Sweater Song | You Gave Your Love to Me Softly | Holiday | Only in Dreams,Blue Album,https://www.setlist.fm/setlist/weezer/1994/unknown-venue-reno-nv-23da548f.html,,Headline,1994,06,30,30/06/1994
29/06/1994,Weezer,My Name Is Jonas | No One Else | The World Has Turned and Left Me Here | Buddy Holly | In the Garage | Say It Ain't So | Surf Wax America | Undone - The Sweater Song | You Gave Your Love to Me Softly | Holiday | Only in Dreams,Blue Album,https://www.setlist.fm/setlist/weezer/1994/bottom-of-the-hill-san-francisco-ca-3bda5488.html,Bottom of the Hill,Headline,1994,06,29,29/06/1994Bottom of the Hill
26/06/1994,Weezer,My Name Is Jonas | No One Else | The World Has Turned and Left Me Here | Buddy Holly | In the Garage | Say It Ain't So | Surf Wax America | Undone - The Sweater Song | Holiday | Only in Dreams,Blue Album,https://www.setlist.fm/setlist/weezer/1994/anza-club-vancouver-bc-canada-33da5489.html,Anza Club,Headline,1994,06,26,26/06/1994Anza Club
25/06/1994,Weezer,My Name Is Jonas | No One Else | The World Has Turned and Left Me Here | Jamie | Buddy Holly | In the Garage | Say It Ain't So | Undone - The Sweater Song | You Gave Your Love to Me Softly | Only in Dreams,Blue Album,https://www.setlist.fm/setlist/weezer/1994/ok-hotel-seattle-wa-2bda548a.html,OK Hotel,Headline,1994,06,25,25/06/1994OK Hotel
24/06/1994,Weezer,My Name Is Jonas | No One Else | The World Has Turned and Left Me Here | Jamie | Buddy Holly | In the Garage | Holiday | Say It Ain't So | Surf Wax America | Undone - The Sweater Song | You Gave Your Love to Me Softly | Only in Dreams,Blue Album,https://www.setlist.fm/setlist/weezer/1994/la-luna-portland-or-3bda5494.html,La Luna,Headline,1994,06,24,24/06/1994La Luna
20/06/1994,Weezer,My Name Is Jonas | No One Else | The World Has Turned and Left Me Here | Jamie | Buddy Holly | In the Garage | Holiday | Say It Ain't So | Surf Wax America | Undone - The Sweater Song | You Gave Your Love to Me Softly | Only in Dreams,Blue Album,https://www.setlist.fm/setlist/weezer/1994/the-roxy-phoenix-az-33da5495.html,The Roxy,Headline,1994,06,20,20/06/1994The Roxy
18/06/1994,Weezer,My Name Is Jonas | No One Else | The World Has Turned and Left Me Here | Jamie | Buddy Holly | In the Garage | Say It Ain't So | Surf Wax America | Undone - The Sweater Song | You Gave Your Love to Me Softly | Only in Dreams,Blue Album,https://www.setlist.fm/setlist/weezer/1994/the-casbah-san-diego-ca-2bda5496.html,The Casbah,Headline,1994,06,18,18/06/1994The Casbah
17/06/1994,Weezer,My Name Is Jonas | No One Else | The World Has Turned and Left Me Here | Jamie | Buddy Holly | In the Garage | Holiday | Say It Ain't So | Surf Wax America | Undone - The Sweater Song | You Gave Your Love to Me Softly | Only in Dreams,Blue Album,https://www.setlist.fm/setlist/weezer/1994/whisky-a-go-go-west-hollywood-ca-23da5497.html,Whisky A Go Go,Headline,1994,06,17,17/06/1994Whisky A Go Go
16/06/1994,Weezer,My Name Is Jonas | No One Else | The World Has Turned and Left Me Here | Jamie | Buddy Holly | In the Garage | Say It Ain't So | Surf Wax America | Undone - The Sweater Song | You Gave Your Love to Me Softly | Only in Dreams,Blue Album,https://www.setlist.fm/setlist/weezer/1994/the-edge-palo-alto-ca-3bda5490.html,The Edge,Headline,1994,06,16,16/06/1994The Edge
15/06/1994,Weezer,My Name Is Jonas | No One Else | The World Has Turned and Left Me Here | Jamie | Buddy Holly | In the Garage | Say It Ain't So | Surf Wax America | Undone - The Sweater Song | Holiday | Only in Dreams,Blue Album,https://www.setlist.fm/setlist/weezer/1994/slims-san-francisco-ca-33da5491.html,Slim's,Headline,1994,06,15,15/06/1994Slim's
12/06/1994,Weezer,My Name Is Jonas | No One Else | The World Has Turned and Left Me Here | Jamie | Buddy Holly | In the Garage | Say It Ain't So | Surf Wax America | Undone - The Sweater Song | Holiday | Only in Dreams,Blue Album,https://www.setlist.fm/setlist/weezer/1994/roseland-theater-portland-or-1bda590c.html,Roseland Theater,Headline,1994,06,12,12/06/1994Roseland Theater
11/06/1994,Weezer,My Name Is Jonas | No One Else | The World Has Turned and Left Me Here | Buddy Holly | In the Garage | Say It Ain't So | Surf Wax America | Undone - The Sweater Song | Holiday | Only in Dreams,Blue Album,https://www.setlist.fm/setlist/weezer/1994/moes-mo-rockin-cafe-seattle-wa-13da590d.html,Moe's Mo' Rockin' Cafe,Headline,1994,06,11,11/06/1994Moe's Mo' Rockin' Cafe
04/06/1994,Weezer,My Name Is Jonas | No One Else | The World Has Turned and Left Me Here | Buddy Holly | In the Garage | Say It Ain't So | Surf Wax America | Undone - The Sweater Song | Holiday | Only in Dreams,Blue Album,https://www.setlist.fm/setlist/weezer/1994/troubadour-west-hollywood-ca-bda590e.html,Troubadour,Headline,1994,06,04,04/06/1994Troubadour
01/06/1994,Weezer,My Name Is Jonas | No One Else | The World Has Turned and Left Me Here | Buddy Holly | In the Garage | Say It Ain't So | Surf Wax America | Undone - The Sweater Song | Holiday | Only in Dreams,Blue Album,https://www.setlist.fm/setlist/weezer/1994/bostons-tempe-az-3da590f.html,Boston's,Headline,1994,06,01,01/06/1994Boston's
31/05/1994,Weezer,My Name Is Jonas | No One Else | The World Has Turned and Left Me Here | Buddy Holly | In the Garage | Say It Ain't So | Surf Wax America | Undone - The Sweater Song | Holiday | Only in Dreams,Blue Album,https://www.setlist.fm/setlist/weezer/1994/the-rock-tucson-az-1bda5908.html,The Rock,Headline,1994,05,31,31/05/1994The Rock
29/05/1994,Weezer,My Name Is Jonas | No One Else | The World Has Turned and Left Me Here | Buddy Holly | In the Garage | Say It Ain't So | Surf Wax America | Undone - The Sweater Song | Holiday | Only in Dreams,Blue Album,https://www.setlist.fm/setlist/weezer/1994/codys-visalia-ca-13da5909.html,Cody's,Headline,1994,05,29,29/05/1994Cody's
24/05/1994,Weezer,My Name Is Jonas | No One Else | The World Has Turned and Left Me Here | Buddy Holly | In the Garage | Say It Ain't So | Surf Wax America | Undone - The Sweater Song | Only in Dreams,Blue Album,https://www.setlist.fm/setlist/weezer/1994/unknown-venue-santa-barbara-ca-bda590a.html,,Headline,1994,05,24,24/05/1994
22/05/1994,Weezer,My Name Is Jonas | No One Else | The World Has Turned and Left Me Here | Buddy Holly | In the Garage | Say It Ain't So | Surf Wax America | Undone - The Sweater Song | Only in Dreams,Blue Album,https://www.setlist.fm/setlist/weezer/1994/berkeley-square-berkeley-ca-3bda58a4.html,Berkeley Square,Headline,1994,05,22,22/05/1994Berkeley Square
20/05/1994,Weezer,My Name Is Jonas | No One Else | The World Has Turned and Left Me Here | Buddy Holly | In the Garage | Say It Ain't So | Surf Wax America | Undone - The Sweater Song | Only in Dreams,Blue Album,https://www.setlist.fm/setlist/weezer/1994/cattle-club-sacramento-ca-33da58a5.html,Cattle Club,Headline,1994,05,20,20/05/1994Cattle Club
18/05/1994,Weezer,My Name Is Jonas | No One Else | The World Has Turned and Left Me Here | Buddy Holly | In the Garage | Say It Ain't So | Surf Wax America | Undone - The Sweater Song | Only in Dreams,Blue Album,https://www.setlist.fm/setlist/weezer/1994/la-luna-portland-or-23da58a7.html,La Luna,Headline,1994,05,18,18/05/1994La Luna
17/05/1994,Weezer,My Name Is Jonas | No One Else | The World Has Turned and Left Me Here | Buddy Holly | In the Garage | Say It Ain't So | Surf Wax America | Undone - The Sweater Song | Only in Dreams,Blue Album,https://www.setlist.fm/setlist/weezer/1994/rkcndy-seattle-wa-33da58a1.html,RKCNDY,Headline,1994,05,17,17/05/1994RKCNDY
14/05/1994,Weezer,My Name Is Jonas | No One Else | The World Has Turned and Left Me Here | Buddy Holly | In the Garage | Say It Ain't So | Surf Wax America | Undone - The Sweater Song | Only in Dreams,Blue Album,https://www.setlist.fm/setlist/weezer/1994/alexs-bar-long-beach-ca-2bda58a2.html,Alex's Bar,Headline,1994,05,14,14/05/1994Alex's Bar
09/05/1994,Weezer,My Name Is Jonas | No One Else | The World Has Turned and Left Me Here | Buddy Holly | In the Garage | Say It Ain't So | Jamie | Undone - The Sweater Song | Only in Dreams,Blue Album,https://www.setlist.fm/setlist/weezer/1994/club-lingerie-los-angeles-ca-3bda58ac.html,Club Lingerie,Headline,1994,05,09,09/05/1994Club Lingerie
08/05/1994,Weezer,My Name Is Jonas | No One Else | The World Has Turned and Left Me Here | Buddy Holly | In the Garage | Say It Ain't So | Jamie | Undone - The Sweater Song | Only in Dreams,Blue Album,https://www.setlist.fm/setlist/weezer/1994/giant-sand-tempe-az-2bda58ae.html,Giant Sand,Headline,1994,05,08,08/05/1994Giant Sand
07/05/1994,Weezer,My Name Is Jonas | No One Else | The World Has Turned and Left Me Here | Buddy Holly | In the Garage | Say It Ain't So | Jamie | Undone - The Sweater Song | Only in Dreams,Blue Album,https://www.setlist.fm/setlist/weezer/1994/bobs-frolic-iii-los-angeles-ca-3bda58a8.html,Bob's Frolic III,Headline,1994,05,07,07/05/1994Bob's Frolic III
27/04/1994,Weezer,NOT_FOUND,,https://www.setlist.fm/setlist/weezer/1994/gaslight-los-angeles-ca-13da5911.html,Gaslight,Headline,1994,04,27,27/04/1994Gaslight
17/04/1994,Weezer,NOT_FOUND,,https://www.setlist.fm/setlist/weezer/1994/gaslight-los-angeles-ca-bda5912.html,Gaslight,Headline,1994,04,17,17/04/1994Gaslight
03/04/1994,Weezer,NOT_FOUND,,https://www.setlist.fm/setlist/weezer/1994/thirsty-swede-san-francisco-ca-3da5913.html,Thirsty Swede,Headline,1994,04,03,03/04/1994Thirsty Swede
02/04/1994,Weezer,NOT_FOUND,,https://www.setlist.fm/setlist/weezer/1994/berkeley-square-berkeley-ca-1bda591c.html,Berkeley Square,Headline,1994,04,02,02/04/1994Berkeley Square
01/04/1994,Weezer,NOT_FOUND,,https://www.setlist.fm/setlist/weezer/1994/brave-new-world-san-francisco-ca-13da591d.html,Brave New World,Headline,1994,04,01,01/04/1994Brave New World
28/03/1994,Weezer,NOT_FOUND,,https://www.setlist.fm/setlist/weezer/1994/club-lingerie-los-angeles-ca-3da591f.html,Club Lingerie,Headline,1994,03,28,28/03/1994Club Lingerie
09/03/1994,Weezer,NOT_FOUND,,https://www.setlist.fm/setlist/weezer/1994/roxbury-los-angeles-ca-1bda5918.html,Roxbury,Headline,1994,03,09,09/03/1994Roxbury
04/03/1994,Weezer,NOT_FOUND,,https://www.setlist.fm/setlist/weezer/1994/sunset-club-los-angeles-ca-13da5919.html,Sunset Club,Headline,1994,03,04,04/03/1994Sunset Club
20/02/1994,Weezer,NOT_FOUND,,https://www.setlist.fm/setlist/weezer/1994/gaslight-los-angeles-ca-3da591b.html,Gaslight,Headline,1994,02,20,20/02/1994Gaslight
19/02/1994,Weezer,NOT_FOUND,,https://www.setlist.fm/setlist/weezer/1994/whisky-a-go-go-west-hollywood-ca-1bda5924.html,Whisky A Go Go,Headline,1994,02,19,19/02/1994Whisky A Go Go
31/01/1994,Weezer,NOT_FOUND,,https://www.setlist.fm/setlist/weezer/1994/club-lingerie-los-angeles-ca-13da5925.html,Club Lingerie,Headline,1994,01,31,31/01/1994Club Lingerie
13/12/1993,Weezer,NOT_FOUND,,https://www.setlist.fm/setlist/weezer/1993/club-lingerie-los-angeles-ca-bda5922.html,Club Lingerie,Headline,1993,12,13,13/12/1993Club Lingerie
12/12/1993,Weezer,NOT_FOUND,,https://www.setlist.fm/setlist/weezer/1993/gaslight-los-angeles-ca-3da5923.html,Gaslight,Headline,1993,12,12,12/12/1993Gaslight
11/12/1993,Weezer,NOT_FOUND,,https://www.setlist.fm/setlist/weezer/1993/blue-saloon-los-angeles-ca-1bda592c.html,Blue Saloon,Headline,1993,12,11,11/12/1993Blue Saloon
10/12/1993,Weezer,NOT_FOUND,,https://www.setlist.fm/setlist/weezer/1993/rajis-los-angeles-ca-13da592d.html,Raji's,Headline,1993,12,10,10/12/1993Raji's
09/12/1993,Weezer,NOT_FOUND,,https://www.setlist.fm/setlist/weezer/1993/the-roxy-west-hollywood-ca-bda592e.html,The Roxy,Headline,1993,12,09,09/12/1993The Roxy
09/12/1993,Weezer,NOT_FOUND,,https://www.setlist.fm/setlist/weezer/1993/rhino-records-westwood-los-angeles-ca-3da592f.html,Rhino Records Westwood,Headline,1993,12,09,09/12/1993Rhino Records Westwood
08/12/1993,Weezer,NOT_FOUND,,https://www.setlist.fm/setlist/weezer/1993/gaslight-los-angeles-ca-1bda5928.html,Gaslight,Headline,1993,12,08,08/12/1993Gaslight
07/12/1993,Weezer,NOT_FOUND,,https://www.setlist.fm/setlist/weezer/1993/alligator-lounge-santa-monica-ca-13da5929.html,Alligator Lounge,Headline,1993,12,07,07/12/1993Alligator Lounge
04/12/1993,Weezer,NOT_FOUND,,https://www.setlist.fm/setlist/weezer/1993/anti-club-los-angeles-ca-bda592a.html,Anti-Club,Headline,1993,12,04,04/12/1993Anti-Club
02/12/1993,Weezer,NOT_FOUND,,https://www.setlist.fm/setlist/weezer/1993/the-roxy-west-hollywood-ca-3da592b.html,The Roxy,Headline,1993,12,02,02/12/1993The Roxy
01/12/1993,Weezer,NOT_FOUND,,https://www.setlist.fm/setlist/weezer/1993/gaslight-los-angeles-ca-1bda5934.html,Gaslight,Headline,1993,12,01,01/12/1993Gaslight
30/11/1993,Weezer,NOT_FOUND,,https://www.setlist.fm/setlist/weezer/1993/club-lingerie-los-angeles-ca-13da5935.html,Club Lingerie,Headline,1993,11,30,30/11/1993Club Lingerie
01/08/1993,Weezer,In the Garage | Buddy Holly,,https://www.setlist.fm/setlist/weezer/1993/the-roxy-west-hollywood-ca-13dcc5c5.html,The Roxy,Headline,1993,08,01,01/08/1993The Roxy
07/06/1993,Weezer,"No One Else | The World Has Turned and Left Me Here | My Name Is Jonas | Surf Wax America | Say It Ain't So | Jamie | Lullaby for Wayne | Undone - The Sweater Song | Only in Dreams | China Grove | Baby, You're a Rich Man",,https://www.setlist.fm/setlist/weezer/1993/club-lingerie-los-angeles-ca-43d65f1f.html,Club Lingerie,Headline,1993,06,07,07/06/1993Club Lingerie
01/06/1993,Weezer,NOT_FOUND,,https://www.setlist.fm/setlist/weezer/1993/rhino-records-westwood-los-angeles-ca-3dcc5c3.html,Rhino Records Westwood,Headline,1993,06,01,01/06/1993Rhino Records Westwood
30/05/1993,Weezer,China Grove,,https://www.setlist.fm/setlist/weezer/1993/unknown-venue-santa-monica-ca-3dcc5cf.html,,Headline,1993,05,30,30/05/1993
27/05/1993,Weezer,China Grove | ,,https://www.setlist.fm/setlist/weezer/1993/als-bar-los-angeles-ca-13dcc5d5.html,Al's Bar,Headline,1993,05,27,27/05/1993Al's Bar
24/05/1993,Weezer,NOT_FOUND,,https://www.setlist.fm/setlist/weezer/1993/jabberjaw-los-angeles-ca-13dcc5d1.html,Jabberjaw,Headline,1993,05,24,24/05/1993Jabberjaw
20/05/1993,Weezer,NOT_FOUND,,https://www.setlist.fm/setlist/weezer/1993/club-dump-los-angeles-ca-3dcc5d3.html,Club Dump,Headline,1993,05,20,20/05/1993Club Dump
10/05/1993,Weezer,No One Else | The World Has Turned and Left Me Here | Surf Wax America | Say It Ain't So | Jamie | Lullaby for Wayne | Undone - The Sweater Song | If I Fell | Only in Dreams,,https://www.setlist.fm/setlist/weezer/1993/club-lingerie-los-angeles-ca-1bdcc5dc.html,Club Lingerie,Headline,1993,05,10,10/05/1993Club Lingerie
29/04/1993,Weezer,Surf Wax America | No One Else | The World Has Turned and Left Me Here | My Name Is Jonas | Jamie | Say It Ain't So | Lullaby for Wayne | Undone - The Sweater Song | If I Fell,,https://www.setlist.fm/setlist/weezer/1993/club-dump-los-angeles-ca-53d65f19.html,Club Dump,Headline,1993,04,29,29/04/1993Club Dump
23/04/1993,Weezer,NOT_FOUND,,https://www.setlist.fm/setlist/weezer/1993/club-dump-los-angeles-ca-3da5937.html,Club Dump,Headline,1993,04,23,23/04/1993Club Dump
22/04/1993,Weezer,NOT_FOUND,,https://www.setlist.fm/setlist/weezer/1993/als-bar-los-angeles-ca-bdcc5de.html,Al's Bar,Headline,1993,04,22,22/04/1993Al's Bar
16/04/1993,Weezer,NOT_FOUND,,https://www.setlist.fm/setlist/weezer/1993/coconut-teaszer-los-angeles-ca-1bdcc5d8.html,Coconut Teaszer,Headline,1993,04,16,16/04/1993Coconut Teaszer
07/04/1993,Weezer,NOT_FOUND,,https://www.setlist.fm/setlist/weezer/1993/english-acid-los-angeles-ca-bdcc5da.html,English Acid,Headline,1993,04,07,07/04/1993English Acid
29/03/1993,Weezer,Only in Dreams | The World Has Turned and Left Me Here,,https://www.setlist.fm/setlist/weezer/1993/molly-malones-los-angeles-ca-1bdcc5e4.html,Molly Malone's,Headline,1993,03,29,29/03/1993Molly Malone's
25/03/1993,Weezer,NOT_FOUND,,https://www.setlist.fm/setlist/weezer/1993/club-dump-los-angeles-ca-1bda5930.html,Club Dump,Headline,1993,03,25,25/03/1993Club Dump
15/03/1993,Weezer,No One Else | The World Has Turned and Left Me Here | My Name Is Jonas | Surf Wax America | Say It Ain't So | Lullaby for Wayne | Undone - The Sweater Song,,https://www.setlist.fm/setlist/weezer/1993/club-lingerie-los-angeles-ca-3d6657f.html,Club Lingerie,Headline,1993,03,15,15/03/1993Club Lingerie
13/03/1993,Weezer,NOT_FOUND,,https://www.setlist.fm/setlist/weezer/1993/bogarts-long-beach-ca-3dcc5e7.html,Bogart's,Headline,1993,03,13,13/03/1993Bogart's
09/03/1993,Weezer,NOT_FOUND,,https://www.setlist.fm/setlist/weezer/1993/rhino-records-westwood-los-angeles-ca-1bdcc5e0.html,Rhino Records Westwood,Headline,1993,03,09,09/03/1993Rhino Records Westwood
03/03/1993,Weezer,NOT_FOUND,,https://www.setlist.fm/setlist/weezer/1993/english-acid-los-angeles-ca-3dcc5e3.html,English Acid,Headline,1993,03,03,03/03/1993English Acid
25/02/1993,Weezer,NOT_FOUND,,https://www.setlist.fm/setlist/weezer/1993/als-bar-los-angeles-ca-1bdcc5ec.html,Al's Bar,Headline,1993,02,25,25/02/1993Al's Bar
22/02/1993,Weezer,NOT_FOUND,,https://www.setlist.fm/setlist/weezer/1993/molly-malones-los-angeles-ca-13dcc5ed.html,Molly Malone's,Headline,1993,02,22,22/02/1993Molly Malone's
20/02/1993,Weezer,NOT_FOUND,,https://www.setlist.fm/setlist/weezer/1993/music-machine-los-angeles-ca-bdcc5ee.html,Music Machine,Headline,1993,02,20,20/02/1993Music Machine
01/02/1993,Weezer,NOT_FOUND,,https://www.setlist.fm/setlist/weezer/1993/club-lingerie-los-angeles-ca-3dcc5ef.html,Club Lingerie,Headline,1993,02,01,01/02/1993Club Lingerie
29/01/1993,Weezer,Lullaby for Wayne,,https://www.setlist.fm/setlist/weezer/1993/alligator-lounge-santa-monica-ca-1bdcc5e8.html,Alligator Lounge,Headline,1993,01,29,29/01/1993Alligator Lounge
21/01/1993,Weezer,NOT_FOUND,,https://www.setlist.fm/setlist/weezer/1993/club-dump-los-angeles-ca-13dcc5e9.html,Club Dump,Headline,1993,01,21,21/01/1993Club Dump
19/01/1993,Weezer,NOT_FOUND,,https://www.setlist.fm/setlist/weezer/1993/genghis-cohen-los-angeles-ca-3dcc5eb.html,Genghis Cohen,Headline,1993,01,19,19/01/1993Genghis Cohen
11/12/1992,Weezer,NOT_FOUND,,https://www.setlist.fm/setlist/weezer/1992/club-lingerie-los-angeles-ca-1bdcc50c.html,Club Lingerie,Headline,1992,12,11,11/12/1992Club Lingerie
10/12/1992,Weezer,NOT_FOUND,,https://www.setlist.fm/setlist/weezer/1992/club-dump-los-angeles-ca-13dcc50d.html,Club Dump,Headline,1992,12,10,10/12/1992Club Dump
02/12/1992,Weezer,NOT_FOUND,,https://www.setlist.fm/setlist/weezer/1992/english-acid-los-angeles-ca-3dcc50f.html,English Acid,Headline,1992,12,02,02/12/1992English Acid
29/11/1992,Weezer,NOT_FOUND,,https://www.setlist.fm/setlist/weezer/1992/alligator-lounge-santa-monica-ca-5bda739c.html,Alligator Lounge,Headline,1992,11,29,29/11/1992Alligator Lounge
21/11/1992,Weezer,NOT_FOUND,,https://www.setlist.fm/setlist/weezer/1992/alligator-lounge-santa-monica-ca-13dcc509.html,Alligator Lounge,Headline,1992,11,21,21/11/1992Alligator Lounge
12/11/1992,Weezer,NOT_FOUND,,https://www.setlist.fm/setlist/weezer/1992/club-dump-los-angeles-ca-1bdcc514.html,Club Dump,Headline,1992,11,12,12/11/1992Club Dump
07/11/1992,Weezer,Surf Wax America | My Name Is Jonas | Only in Dreams,,https://www.setlist.fm/setlist/weezer/1992/club-5902-huntington-beach-ca-bdcc516.html,Club 5902,Headline,1992,11,07,07/11/1992Club 5902
27/10/1992,Weezer,Undone - The Sweater Song,,https://www.setlist.fm/setlist/weezer/1992/coconut-teaszer-los-angeles-ca-13dcc511.html,Coconut Teaszer,Headline,1992,10,27,27/10/1992Coconut Teaszer
24/10/1992,Weezer,Paperface,,https://www.setlist.fm/setlist/weezer/1992/lindas-doll-hut-anaheim-ca-3dcc513.html,Linda's Doll Hut,Headline,1992,10,24,24/10/1992Linda's Doll Hut
21/10/1992,Weezer,My Name Is Jonas | Paperface | The World Has Turned and Left Me Here | The Answer Man,,https://www.setlist.fm/setlist/weezer/1992/english-acid-los-angeles-ca-33d5a8c9.html,English Acid,Headline,1992,10,21,21/10/1992English Acid
15/10/1992,Weezer,No One Else | Say It Ain't So | The World Has Turned and Left Me Here | Paperface | Undone - The Sweater Song,,https://www.setlist.fm/setlist/weezer/1992/club-dump-los-angeles-ca-13dcc51d.html,Club Dump,Headline,1992,10,15,15/10/1992Club Dump
05/10/1992,Weezer,NOT_FOUND,,https://www.setlist.fm/setlist/weezer/1992/club-lingerie-los-angeles-ca-1bdcc518.html,Club Lingerie,Headline,1992,10,05,05/10/1992Club Lingerie
30/09/1992,Weezer,The World Has Turned and Left Me Here | My Name Is Jonas | Say It Ain't So | Undone - The Sweater Song,,https://www.setlist.fm/setlist/weezer/1992/genghis-cohen-los-angeles-ca-1bd66578.html,Genghis Cohen,Headline,1992,09,30,30/09/1992Genghis Cohen
28/09/1992,Weezer,NOT_FOUND,,https://www.setlist.fm/setlist/weezer/1992/coconut-teaszer-los-angeles-ca-13dcc519.html,Coconut Teaszer,Headline,1992,09,28,28/09/1992Coconut Teaszer
21/09/1992,Weezer,Conversationalist,,https://www.setlist.fm/setlist/weezer/1992/club-lingerie-los-angeles-ca-bdcc51a.html,Club Lingerie,Headline,1992,09,21,21/09/1992Club Lingerie
15/09/1992,Weezer,No One Else,,https://www.setlist.fm/setlist/weezer/1992/coconut-teaszer-los-angeles-ca-1bdcc524.html,Coconut Teaszer,Headline,1992,09,15,15/09/1992Coconut Teaszer
01/09/1992,Weezer,The Bottle of Wine Song | Paperface,,https://www.setlist.fm/setlist/weezer/1992/coconut-teaszer-los-angeles-ca-bdcc526.html,Coconut Teaszer,Headline,1992,09,01,01/09/1992Coconut Teaszer
28/08/1992,Weezer,NOT_FOUND,,https://www.setlist.fm/setlist/weezer/1992/munchies-pomona-ca-3dcc527.html,Munchies,Headline,1992,08,28,28/08/1992Munchies
26/08/1992,Weezer,NOT_FOUND,,https://www.setlist.fm/setlist/weezer/1992/club-lingerie-los-angeles-ca-13dcc521.html,Club Lingerie,Headline,1992,08,26,26/08/1992Club Lingerie
20/08/1992,Weezer,NOT_FOUND,,https://www.setlist.fm/setlist/weezer/1992/club-dump-los-angeles-ca-3dcc523.html,Club Dump,Headline,1992,08,20,20/08/1992Club Dump
16/08/1992,Weezer,Undone - The Sweater Song | Let's Sew Our Pants Together | My Name Is Jonas | Say It Ain't So | The World Has Turned and Left Me Here | Only in Dreams | Paperface | The Answer Man,,https://www.setlist.fm/setlist/weezer/1992/johnsons-beach-guerneville-ca-1bdcc52c.html,Johnson's Beach,Headline,1992,08,16,16/08/1992Johnson's Beach
15/08/1992,Weezer,Undone - The Sweater Song | Let's Sew Our Pants Together | Conversationalist | Say It Ain't So | My Name Is Jonas | Paperface | The World Has Turned and Left Me Here | The Answer Man,,https://www.setlist.fm/setlist/weezer/1992/power-station-eureka-ca-1bdcc528.html,Power Station,Headline,1992,08,15,15/08/1992Power Station
13/08/1992,Weezer,Undone - The Sweater Song | The World Has Turned and Left Me Here | Let's Sew Our Pants Together | Say It Ain't So | Paperface | My Name Is Jonas | Conversationalist | Only in Dreams,,https://www.setlist.fm/setlist/weezer/1992/marsugis-san-jose-ca-13dcc535.html,Marsugi's,Headline,1992,08,13,13/08/1992Marsugi's
12/08/1992,Weezer,"Undone - The Sweater Song | Let's Sew Our Pants Together | Conversationalist | Thief, You've Taken All That Was Me | Say It Ain't So | Paperface | My Name Is Jonas | The World Has Turned and Left Me Here | Only in Dreams",,https://www.setlist.fm/setlist/weezer/1992/coconut-teaszer-los-angeles-ca-7bd66a80.html,Coconut Teaszer,Headline,1992,08,12,12/08/1992Coconut Teaszer
27/07/1992,Weezer,"Undone - The Sweater Song | Dueling Banjos | Thief, You've Taken All That Was Me | The World Has Turned and Left Me Here | Let's Sew Our Pants Together | My Name Is Jonas | Say It Ain't So | Paperface | Only in Dreams",,https://www.setlist.fm/setlist/weezer/1992/coconut-teaszer-los-angeles-ca-1bdcc53c.html,Coconut Teaszer,Headline,1992,07,27,27/07/1992Coconut Teaszer
18/07/1992,Weezer,Let's Sew Our Pants Together | Undone - The Sweater Song | My Name Is Jonas | Paperface | Say It Ain't So | Only in Dreams | Been Gi,,https://www.setlist.fm/setlist/weezer/1992/8121-club-los-angeles-ca-73d66a81.html,8121 Club,Headline,1992,07,18,18/07/19928121 Club
09/07/1992,Weezer,The World Has Turned and Left Me Here | Let's Sew Our Pants Together | Undone - The Sweater Song | Paperface | Say It Ain't So | Only in Dreams,,https://www.setlist.fm/setlist/weezer/1992/club-dump-los-angeles-ca-bdcc546.html,Club Dump,Headline,1992,07,09,09/07/1992Club Dump
22/06/1992,Weezer,NOT_FOUND,,https://www.setlist.fm/setlist/weezer/1992/coconut-teaszer-los-angeles-ca-1bdcc540.html,Coconut Teaszer,Headline,1992,06,22,22/06/1992Coconut Teaszer
11/06/1992,Weezer,"Undone - The Sweater Song | Thief, You've Taken All That Was Me | The World Has Turned and Left Me Here | Paperface | Let's Sew Our Pants Together | My Name Is Jonas | The Biggest Animal | ",,https://www.setlist.fm/setlist/weezer/1992/8121-club-los-angeles-ca-63d66a83.html,8121 Club,Headline,1992,06,11,11/06/19928121 Club
10/06/1992,Weezer,Undone - The Sweater Song | Let's Sew Our Pants Together | The World Has Turned and Left Me Here | My Name Is Jonas,,https://www.setlist.fm/setlist/weezer/1992/english-acid-los-angeles-ca-73d66a8d.html,English Acid,Headline,1992,06,10,10/06/1992English Acid
21/05/1992,Weezer,"Only in Dreams | Spiderbitch | Undone - The Sweater Song | Thief, You've Taken All That Was Me | Let's Sew Our Pants Together | The World Has Turned and Left Me Here | My Name Is Jonas | The Biggest Animal",,https://www.setlist.fm/setlist/weezer/1992/8121-club-los-angeles-ca-6bd66a8e.html,8121 Club,Headline,1992,05,21,21/05/19928121 Club
07/05/1992,Weezer,"Only in Dreams | My Name Is Jonas | Paperface | Let's Sew Our Pants Together | Thief, You've Taken All That Was Me",,https://www.setlist.fm/setlist/weezer/1992/club-dump-los-angeles-ca-13dcc541.html,Club Dump,Headline,1992,05,07,07/05/1992Club Dump
29/04/1992,Weezer,NOT_FOUND,,https://www.setlist.fm/setlist/weezer/1992/club-dump-los-angeles-ca-3dcc507.html,Club Dump,Headline,1992,04,29,29/04/1992Club Dump
26/04/1992,Weezer,"Let's Sew Our Pants Together | Thief, You've Taken All That Was Me | The World Has Turned and Left Me Here | I Can't Forget the Way | Undone - The Sweater Song | The Biggest Animal | Spiderbitch | Colmusheen",,https://www.setlist.fm/setlist/weezer/1992/rajis-los-angeles-ca-4bda739e.html,Raji's,Headline,1992,04,26,26/04/1992Raji's
13/04/1992,Weezer,"Undone - The Sweater Song | Let's Sew Our Pants Together | Thief, You've Taken All That Was Me | The World Has Turned and Left Me Here",,https://www.setlist.fm/setlist/weezer/1992/whisky-a-go-go-west-hollywood-ca-63d66a8f.html,Whisky A Go Go,Headline,1992,04,13,13/04/1992Whisky A Go Go
07/04/1992,Weezer,"Let's Sew Our Pants Together | I Can't Forget the Way | Undone - The Sweater Song | Spiderbitch | Thief, You've Taken All That Was Me | Two to Tango | The World Has Turned and Left Me Here | Underground",,https://www.setlist.fm/setlist/weezer/1992/8121-club-los-angeles-ca-7bd66a88.html,8121 Club,Headline,1992,04,07,07/04/19928121 Club
30/03/1992,Weezer,Undone - The Sweater Song | I Can't Forget the Way | The World Has Turned and Left Me Here | The Biggest Animal,,https://www.setlist.fm/setlist/weezer/1992/whisky-a-go-go-west-hollywood-ca-6bd66a8a.html,Whisky A Go Go,Headline,1992,03,30,30/03/1992Whisky A Go Go
19/03/1992,Weezer,"I Can't Forget the Way | Thief, You've Taken All That Was Me | Undone - The Sweater Song | The World Has Turned and Left Me Here | The Biggest Animal | M.E. | Mega Man | Spiderbitch | Colmusheen",,https://www.setlist.fm/setlist/weezer/1992/rajis-los-angeles-ca-73d66a95.html,Raji's,Headline,1992,03,19,19/03/1992Raji's
